# Blender 5.1.0
# www.blender.org
mtllib left eyes.mtl
o Eye_1_R
v 0.563542 0.491411 0.699748
v 0.580597 0.469960 0.699723
v 0.582057 0.442413 0.700181
v 0.567364 0.419292 0.700947
v 0.542131 0.409429 0.701728
v 0.515995 0.416591 0.702226
v 0.498940 0.438042 0.702250
v 0.497480 0.465589 0.701792
v 0.512172 0.488709 0.701027
v 0.537406 0.498573 0.700246
v 0.598277 0.545614 0.721150
v 0.639854 0.493320 0.721090
v 0.643414 0.426167 0.722206
v 0.607596 0.369803 0.724073
v 0.546083 0.345759 0.725977
v 0.482370 0.363218 0.727191
v 0.440793 0.415511 0.727251
v 0.437233 0.482665 0.726134
v 0.473051 0.539028 0.724267
v 0.534564 0.563072 0.722363
v 0.631629 0.597237 0.762869
v 0.696386 0.515788 0.762775
v 0.701930 0.411194 0.764514
v 0.646143 0.323406 0.767422
v 0.550334 0.285955 0.770387
v 0.451098 0.313148 0.772278
v 0.386341 0.394597 0.772371
v 0.380797 0.499191 0.770632
v 0.436584 0.586979 0.767724
v 0.532393 0.624429 0.764759
v 0.656536 0.635248 0.821384
v 0.738134 0.532616 0.821266
v 0.745120 0.400820 0.823458
v 0.674824 0.290200 0.827121
v 0.554098 0.243011 0.830858
v 0.429053 0.277276 0.833240
v 0.347455 0.379907 0.833358
v 0.340469 0.511703 0.831167
v 0.410765 0.622322 0.827503
v 0.531491 0.669512 0.823766
v 0.670560 0.655926 0.890968
v 0.761013 0.542158 0.890838
v 0.768757 0.396061 0.893267
v 0.690833 0.273438 0.897328
v 0.557006 0.221128 0.901470
v 0.418394 0.259111 0.904111
v 0.327941 0.372879 0.904242
v 0.320197 0.518976 0.901812
v 0.398120 0.641599 0.897751
v 0.531947 0.693909 0.893609
v 0.672328 0.657248 0.964810
v 0.762781 0.543480 0.964679
v 0.770526 0.397382 0.967109
v 0.692602 0.274760 0.971170
v 0.558775 0.222450 0.975312
v 0.420163 0.260433 0.977953
v 0.329709 0.374200 0.978083
v 0.321966 0.520297 0.975654
v 0.399889 0.642920 0.971593
v 0.533716 0.695231 0.967451
v 0.661669 0.639083 1.035681
v 0.743268 0.536452 1.035563
v 0.750254 0.404655 1.037754
v 0.679958 0.294036 1.041418
v 0.559231 0.246846 1.045155
v 0.434187 0.281111 1.047537
v 0.352588 0.383742 1.047655
v 0.345602 0.515539 1.045463
v 0.415898 0.626158 1.041799
v 0.536625 0.673348 1.038063
v 0.639037 0.602270 1.097467
v 0.703359 0.521368 1.097375
v 0.708866 0.417477 1.099102
v 0.653453 0.330279 1.101990
v 0.558288 0.293081 1.104936
v 0.459719 0.320091 1.106813
v 0.395397 0.400992 1.106906
v 0.389890 0.504883 1.105179
v 0.445302 0.592082 1.102291
v 0.540468 0.629280 1.099345
v 0.608644 0.553517 1.145853
v 0.650358 0.501050 1.145792
v 0.653929 0.433674 1.146913
v 0.617993 0.377124 1.148786
v 0.556276 0.353001 1.150696
v 0.492352 0.370517 1.151913
v 0.450637 0.422983 1.151974
v 0.447066 0.490359 1.150854
v 0.483002 0.546909 1.148980
v 0.544719 0.571033 1.147070
v 0.589397 0.522730 1.172140
v 0.616871 0.488176 1.172100
v 0.619222 0.443803 1.172838
v 0.595555 0.406559 1.174071
v 0.554908 0.390671 1.175329
v 0.512808 0.402207 1.176131
v 0.485335 0.436762 1.176171
v 0.482983 0.481136 1.175433
v 0.506650 0.518379 1.174200
v 0.547297 0.534267 1.172942
v 0.560903 0.477531 1.191882
v 0.567621 0.469082 1.191872
v 0.568196 0.458231 1.192053
v 0.562409 0.449124 1.192355
v 0.552470 0.445239 1.192662
v 0.542175 0.448060 1.192858
v 0.535458 0.456509 1.192868
v 0.534883 0.467360 1.192687
v 0.540670 0.476466 1.192386
v 0.550609 0.480352 1.192078
v 0.539637 0.453902 0.695493
v 0.551561 0.462811 1.193277
v 0.589417 0.452312 1.187390
v 0.588106 0.477052 1.186979
v 0.572788 0.496318 1.187001
v 0.549316 0.502750 1.187449
v 0.526654 0.493891 1.188150
v 0.513458 0.473126 1.188838
v 0.514769 0.448386 1.189249
v 0.530087 0.429121 1.189227
v 0.553559 0.422689 1.188780
v 0.576221 0.431547 1.188078
v 0.574121 0.482380 0.699694
v 0.583966 0.456326 0.699925
v 0.576930 0.429383 0.700576
v 0.555700 0.411844 0.701398
v 0.528384 0.410407 0.702078
v 0.505418 0.425622 0.702356
v 0.495572 0.451677 0.702126
v 0.502608 0.478620 0.701475
v 0.523839 0.496158 0.700652
v 0.551154 0.497595 0.699972
v 0.567746 0.559417 0.721634
v 0.623064 0.522770 0.720965
v 0.646779 0.460014 0.721520
v 0.629830 0.395120 0.723087
v 0.578694 0.352874 0.725068
v 0.512901 0.349414 0.726706
v 0.457583 0.386061 0.727376
v 0.433869 0.448817 0.726820
v 0.450817 0.513712 0.725253
v 0.501954 0.555957 0.723272
v 0.584075 0.618736 0.763623
v 0.670235 0.561657 0.762580
v 0.707170 0.463912 0.763445
v 0.680773 0.362836 0.765886
v 0.601126 0.297038 0.768972
v 0.498652 0.291649 0.771523
v 0.412492 0.348728 0.772566
v 0.375556 0.446473 0.771701
v 0.401954 0.547548 0.769260
v 0.481601 0.613347 0.766174
v 0.596614 0.662338 0.822335
v 0.705182 0.590415 0.821021
v 0.751723 0.467250 0.822111
v 0.718461 0.339887 0.825187
v 0.618100 0.256976 0.829075
v 0.488975 0.250185 0.832290
v 0.380407 0.322109 0.833603
v 0.333865 0.445274 0.832514
v 0.367128 0.572637 0.829437
v 0.467489 0.655547 0.825549
v 0.604136 0.685956 0.892022
v 0.724485 0.606228 0.890566
v 0.776076 0.469698 0.891774
v 0.739204 0.328516 0.895184
v 0.627954 0.236608 0.899494
v 0.484817 0.229081 0.903057
v 0.364469 0.308809 0.904513
v 0.312877 0.445339 0.903306
v 0.349749 0.586521 0.899896
v 0.461000 0.678429 0.895586
v 0.605905 0.687278 0.965864
v 0.726254 0.607550 0.964408
v 0.777845 0.471020 0.965615
v 0.740973 0.329838 0.969025
v 0.629723 0.237930 0.973335
v 0.486586 0.230403 0.976899
v 0.366238 0.310130 0.978355
v 0.314647 0.446660 0.977147
v 0.351518 0.587843 0.973737
v 0.462769 0.679750 0.969427
v 0.601748 0.666174 1.036631
v 0.710315 0.594250 1.035318
v 0.756857 0.471084 1.036407
v 0.723595 0.343722 1.039484
v 0.623233 0.260811 1.043372
v 0.494108 0.254020 1.046586
v 0.385540 0.325944 1.047900
v 0.338999 0.449109 1.046810
v 0.372261 0.576472 1.043734
v 0.472622 0.659383 1.039846
v 0.591803 0.623625 1.098217
v 0.677383 0.566929 1.097181
v 0.714071 0.469841 1.098040
v 0.687851 0.369445 1.100465
v 0.608739 0.304089 1.103530
v 0.506953 0.298735 1.106064
v 0.421372 0.355431 1.107100
v 0.384685 0.452519 1.106241
v 0.410905 0.552915 1.103816
v 0.490017 0.618272 1.100751
v 0.633512 0.530597 1.145667
v 0.657305 0.467633 1.146224
v 0.640301 0.402525 1.147797
v 0.588995 0.360139 1.149784
v 0.522984 0.356668 1.151428
v 0.467483 0.393436 1.152099
v 0.443690 0.456400 1.151542
v 0.460695 0.521509 1.149969
v 0.512000 0.563895 1.147982
v 0.578011 0.567366 1.146339
v 0.569223 0.531852 1.172460
v 0.605776 0.507636 1.172017
v 0.621445 0.466168 1.172385
v 0.610246 0.423288 1.173420
v 0.576456 0.395373 1.174729
v 0.532982 0.393086 1.175811
v 0.496430 0.417302 1.176254
v 0.480760 0.458770 1.175887
v 0.491958 0.501651 1.174851
v 0.525748 0.529565 1.173542
v 0.556027 0.479982 1.191945
v 0.565082 0.473984 1.191836
v 0.568964 0.463711 1.191926
v 0.566189 0.453089 1.192183
v 0.557819 0.446175 1.192507
v 0.547051 0.445609 1.192775
v 0.537996 0.451607 1.192885
v 0.534115 0.461879 1.192794
v 0.536888 0.472501 1.192538
v 0.545258 0.479415 1.192213
v 0.579810 0.516833 0.707894
v 0.608382 0.480897 0.707853
v 0.610828 0.434748 0.708620
v 0.586214 0.396015 0.709903
v 0.543941 0.379492 0.711211
v 0.500157 0.391489 0.712045
v 0.471586 0.427426 0.712087
v 0.469139 0.473574 0.711319
v 0.493753 0.512308 0.710036
v 0.536026 0.528831 0.708728
v 0.615818 0.572832 0.739618
v 0.669646 0.505130 0.739540
v 0.674254 0.418189 0.740986
v 0.627882 0.345218 0.743402
v 0.548244 0.314089 0.745867
v 0.465757 0.336692 0.747439
v 0.411929 0.404394 0.747516
v 0.407321 0.491334 0.746071
v 0.453692 0.564306 0.743654
v 0.533331 0.595435 0.741189
v 0.645309 0.618206 0.790358
v 0.719396 0.525023 0.790251
v 0.725739 0.405359 0.792241
v 0.661914 0.304922 0.795567
v 0.552300 0.262076 0.798959
v 0.438767 0.293187 0.801122
v 0.364680 0.386371 0.801229
v 0.358337 0.506035 0.799240
v 0.422162 0.606471 0.795913
v 0.531775 0.649317 0.792521
v 0.665016 0.647916 0.855204
v 0.752111 0.538372 0.855078
v 0.759568 0.397698 0.857417
v 0.684537 0.279628 0.861327
v 0.555678 0.229260 0.865316
v 0.422212 0.265833 0.867858
v 0.335117 0.375377 0.867984
v 0.327661 0.516050 0.865645
v 0.402691 0.634120 0.861734
v 0.531550 0.684488 0.857746
v 0.673011 0.659053 0.927807
v 0.764588 0.543871 0.927675
v 0.772428 0.395958 0.930135
v 0.693536 0.271812 0.934247
v 0.558047 0.218852 0.938440
v 0.417711 0.257306 0.941113
v 0.326135 0.372488 0.941246
v 0.318295 0.520401 0.938786
v 0.397187 0.644547 0.934674
v 0.532676 0.697508 0.930481
v 0.668510 0.650526 1.001063
v 0.755605 0.540982 1.000937
v 0.763061 0.400309 1.003276
v 0.688031 0.282239 1.007187
v 0.559172 0.231870 1.011175
v 0.425706 0.268443 1.013717
v 0.338612 0.377987 1.013843
v 0.331155 0.518660 1.011504
v 0.406186 0.636731 1.007594
v 0.535044 0.687099 1.003605
v 0.651896 0.623078 1.067881
v 0.725940 0.529949 1.067774
v 0.732279 0.410355 1.069763
v 0.668492 0.309978 1.073087
v 0.558942 0.267157 1.076478
v 0.445476 0.298249 1.078639
v 0.371432 0.391378 1.078746
v 0.365093 0.510972 1.076758
v 0.428880 0.611349 1.073433
v 0.538429 0.654170 1.070042
v 0.476559 0.346080 1.131742
v 0.597920 0.536349 1.161212
v 0.631687 0.493878 1.161163
v 0.634578 0.439339 1.162070
v 0.605488 0.393563 1.163586
v 0.555529 0.374034 1.165132
v 0.503784 0.388214 1.166118
v 0.470017 0.430685 1.166167
v 0.467126 0.485224 1.165260
v 0.496215 0.531000 1.163744
v 0.546174 0.550528 1.162197
v 0.580831 0.509087 1.180805
v 0.602017 0.482440 1.180774
v 0.603831 0.448221 1.181343
v 0.585579 0.419500 1.182294
v 0.554234 0.407248 1.183265
v 0.521768 0.416145 1.183883
v 0.500582 0.442791 1.183914
v 0.498768 0.477011 1.183345
v 0.517019 0.505732 1.182394
v 0.548364 0.517983 1.181423
v 0.551984 0.473305 0.696270
v 0.560819 0.462194 0.696257
v 0.561575 0.447925 0.696494
v 0.553965 0.435950 0.696891
v 0.540894 0.430840 0.697295
v 0.527357 0.434550 0.697553
v 0.518523 0.445661 0.697566
v 0.517766 0.459930 0.697329
v 0.525376 0.471906 0.696932
v 0.538447 0.477015 0.696528
v 0.556707 0.470916 1.192694
v 0.560405 0.466266 1.192689
v 0.560722 0.460294 1.192788
v 0.557536 0.455281 1.192954
v 0.552066 0.453143 1.193124
v 0.546399 0.454696 1.193232
v 0.542702 0.459346 1.193237
v 0.542385 0.465318 1.193138
v 0.545571 0.470330 1.192972
v 0.551041 0.472469 1.192802
v 0.557293 0.323957 1.130203
v 0.635240 0.354425 1.127791
v 0.680626 0.425846 1.125425
v 0.676116 0.510940 1.124011
v 0.623432 0.577203 1.124087
v 0.542697 0.599326 1.125625
v 0.464751 0.568858 1.128037
v 0.419364 0.497437 1.130403
v 0.423875 0.412344 1.131818
v 0.577563 0.455633 1.190625
v 0.576663 0.472605 1.190342
v 0.590656 0.464781 1.187138
v 0.566155 0.485821 1.190358
v 0.581920 0.487902 1.186933
v 0.550054 0.490233 1.190664
v 0.561540 0.501403 1.187180
v 0.534508 0.484156 1.191145
v 0.537301 0.500128 1.187783
v 0.525456 0.469912 1.191617
v 0.518462 0.484565 1.188513
v 0.526356 0.452941 1.191900
v 0.512218 0.460657 1.189090
v 0.536863 0.439725 1.191885
v 0.520955 0.437537 1.189295
v 0.552965 0.435313 1.191578
v 0.541335 0.424036 1.189048
v 0.568511 0.441389 1.191096
v 0.565573 0.425310 1.188445
v 0.584413 0.440874 1.187715
v 0.596884 0.501169 0.707769
v 0.613192 0.458012 0.708151
v 0.601537 0.413383 0.709229
v 0.566371 0.384331 0.710591
v 0.521125 0.381952 0.711718
v 0.483083 0.407154 0.712178
v 0.466774 0.450312 0.711796
v 0.478430 0.494940 0.710718
v 0.513597 0.523992 0.709356
v 0.558842 0.526371 0.708229
v 0.647908 0.543258 0.739378
v 0.678610 0.462010 0.740097
v 0.656668 0.377994 0.742126
v 0.590464 0.323301 0.744691
v 0.505285 0.318821 0.746812
v 0.433667 0.366267 0.747678
v 0.402965 0.447514 0.746959
v 0.424907 0.531530 0.744930
v 0.491111 0.586223 0.742365
v 0.576290 0.590703 0.740245
v 0.689477 0.577500 0.790028
v 0.731734 0.465673 0.791017
v 0.701534 0.350034 0.793810
v 0.610411 0.274756 0.797341
v 0.493173 0.268590 0.800259
v 0.394599 0.333893 0.801452
v 0.352342 0.445721 0.800463
v 0.382543 0.561359 0.797670
v 0.473665 0.636637 0.794140
v 0.590904 0.642803 0.791221
v 0.716939 0.600063 0.854816
v 0.766615 0.468602 0.855979
v 0.731113 0.332661 0.859263
v 0.623992 0.244165 0.863412
v 0.486170 0.236917 0.866844
v 0.370289 0.313685 0.868246
v 0.320613 0.445147 0.867083
v 0.356116 0.581087 0.863799
v 0.463237 0.669583 0.859649
v 0.601059 0.676831 0.856218
v 0.727606 0.608737 0.927400
v 0.779839 0.470510 0.928623
v 0.742509 0.327574 0.932075
v 0.629876 0.234524 0.936439
v 0.484960 0.226903 0.940047
v 0.363116 0.307622 0.941521
v 0.310884 0.445848 0.940298
v 0.348214 0.588785 0.936846
v 0.460847 0.681835 0.932482
v 0.605762 0.689456 0.928874
v 0.720433 0.602673 1.000675
v 0.770109 0.471212 1.001838
v 0.734606 0.335271 1.005122
v 0.627486 0.246776 1.009272
v 0.489664 0.239528 1.012703
v 0.373783 0.316296 1.014105
v 0.324107 0.447757 1.012942
v 0.359610 0.583698 1.009659
v 0.466731 0.672193 1.005509
v 0.604553 0.679441 1.002077
v 0.696039 0.582396 1.067552
v 0.738271 0.470633 1.068540
v 0.708088 0.355063 1.071332
v 0.617019 0.279829 1.074860
v 0.499850 0.273667 1.077777
v 0.401334 0.338931 1.078969
v 0.359101 0.450693 1.077980
v 0.389284 0.566264 1.075189
v 0.480353 0.641498 1.071661
v 0.597523 0.647660 1.068743
v 0.654840 0.548257 1.123852
v 0.684889 0.468736 1.124556
v 0.663414 0.386505 1.126542
v 0.598616 0.332973 1.129052
v 0.515247 0.328589 1.131128
v 0.445150 0.375026 1.131976
v 0.415101 0.454548 1.131273
v 0.436577 0.536779 1.129286
v 0.501375 0.590310 1.126776
v 0.584744 0.594694 1.124701
v 0.618051 0.517796 1.161061
v 0.637310 0.466828 1.161512
v 0.623545 0.414123 1.162785
v 0.582015 0.379813 1.164394
v 0.528580 0.377004 1.165724
v 0.483653 0.406767 1.166268
v 0.464393 0.457735 1.165817
v 0.478158 0.510439 1.164544
v 0.519689 0.544749 1.162935
v 0.573124 0.547559 1.161605
v 0.593461 0.497447 1.180711
v 0.605545 0.465468 1.180993
v 0.596909 0.432401 1.181792
v 0.570851 0.410874 1.182802
v 0.537326 0.409111 1.183636
v 0.509137 0.427785 1.183977
v 0.497054 0.459763 1.183695
v 0.505690 0.492831 1.182896
v 0.531747 0.514358 1.181886
v 0.565273 0.516121 1.181052
v 0.560604 0.471220 0.696618
v 0.566599 0.455353 0.696759
v 0.562314 0.438944 0.697155
v 0.549385 0.428263 0.697656
v 0.532749 0.427388 0.698070
v 0.518762 0.436654 0.698239
v 0.512767 0.452522 0.698099
v 0.517052 0.468930 0.697703
v 0.529981 0.479611 0.697202
v 0.546617 0.480486 0.696787
v 0.560246 0.469988 1.192533
v 0.562738 0.463393 1.192591
v 0.560958 0.456573 1.192756
v 0.555584 0.452133 1.192964
v 0.548669 0.451770 1.193136
v 0.542856 0.455621 1.193206
v 0.540364 0.462216 1.193148
v 0.542145 0.469036 1.192983
v 0.547519 0.473475 1.192775
v 0.554433 0.473839 1.192603
v 0.578436 0.464189 1.190450
v 0.572438 0.480062 1.190309
v 0.558445 0.489331 1.190478
v 0.541804 0.488456 1.190893
v 0.528870 0.477771 1.191394
v 0.524583 0.461357 1.191790
v 0.530581 0.445484 1.191931
v 0.544573 0.436214 1.191761
v 0.561215 0.437089 1.191347
v 0.574149 0.447775 1.190846
v 0.657156 0.631662 1.052101
v 0.675513 0.604503 1.067648
v 0.703707 0.588760 1.051754
v 0.645865 0.613294 1.083007
v 0.659553 0.586134 1.097265
v 0.687276 0.575128 1.082698
v 0.692122 0.545170 1.097218
v 0.715327 0.525927 1.082907
v 0.713004 0.557347 1.067593
v 0.735240 0.533452 1.051989
v 0.734375 0.500791 1.068094
v 0.748243 0.470900 1.052797
v 0.710687 0.496039 1.097652
v 0.726895 0.470282 1.083626
v 0.713475 0.443434 1.098527
v 0.721274 0.413733 1.084772
v 0.737585 0.440235 1.069101
v 0.741924 0.407333 1.054086
v 0.722312 0.381752 1.070513
v 0.716414 0.349025 1.055740
v 0.700207 0.392630 1.099754
v 0.698579 0.361862 1.086244
v 0.672149 0.348477 1.101217
v 0.661433 0.319566 1.087891
v 0.690013 0.330926 1.072197
v 0.674657 0.301479 1.057592
v 0.643929 0.292854 1.073982
v 0.620376 0.269686 1.059461
v 0.632115 0.315404 1.102768
v 0.613145 0.291282 1.089554
v 0.583928 0.296569 1.104259
v 0.558662 0.279394 1.091072
v 0.588459 0.271172 1.075699
v 0.559131 0.256322 1.061167
v 0.529166 0.268054 1.077175
v 0.496814 0.263187 1.062537
v 0.532421 0.293860 1.105541
v 0.503225 0.285502 1.092291
v 0.482511 0.307536 1.106492
v 0.452216 0.308563 1.093100
v 0.471713 0.283798 1.078269
v 0.439474 0.289111 1.063447
v 0.421860 0.316824 1.078873
v 0.392923 0.332013 1.063794
v 0.439203 0.336227 1.107016
v 0.410805 0.346728 1.093409
v 0.406634 0.377191 1.107063
v 0.382754 0.395930 1.093200
v 0.384368 0.363980 1.078927
v 0.361391 0.387321 1.063560
v 0.362997 0.420536 1.078426
v 0.348387 0.449872 1.062751
v 0.388069 0.426322 1.106628
v 0.371186 0.451575 1.092481
v 0.385280 0.478926 1.105754
v 0.376807 0.508124 1.091335
v 0.359787 0.481092 1.077419
v 0.354706 0.513440 1.061462
v 0.375061 0.539575 1.076007
v 0.380217 0.571748 1.059808
v 0.398549 0.529731 1.104527
v 0.399501 0.559994 1.089862
v 0.426607 0.573883 1.103064
v 0.436648 0.602291 1.088216
v 0.407359 0.590401 1.074324
v 0.421973 0.619293 1.057957
v 0.453444 0.628473 1.072538
v 0.476254 0.651087 1.056087
v 0.466641 0.606957 1.101513
v 0.484936 0.630574 1.086553
v 0.514827 0.625792 1.100022
v 0.539419 0.642462 1.085035
v 0.508914 0.650155 1.070821
v 0.537499 0.664450 1.054381
v 0.568206 0.653273 1.069345
v 0.599817 0.657585 1.053011
v 0.566335 0.628501 1.098740
v 0.594856 0.636355 1.083816
v 0.616245 0.614824 1.097789
v 0.625660 0.637529 1.068251
v 0.631388 0.589970 1.111250
v 0.640235 0.563987 1.123921
v 0.666327 0.557770 1.110989
v 0.615679 0.564782 1.135710
v 0.621948 0.543052 1.145721
v 0.643657 0.538997 1.135501
v 0.643070 0.516486 1.145691
v 0.662609 0.505756 1.135642
v 0.666912 0.530434 1.123882
v 0.689994 0.516258 1.111165
v 0.682118 0.490193 1.124238
v 0.699754 0.469311 1.111772
v 0.655110 0.484623 1.145972
v 0.670424 0.468161 1.136128
v 0.656919 0.450508 1.146540
v 0.666627 0.429956 1.136903
v 0.684402 0.447106 1.124955
v 0.695011 0.421601 1.112739
v 0.673534 0.405494 1.125960
v 0.675864 0.377838 1.113981
v 0.648314 0.417560 1.147336
v 0.651295 0.394912 1.137897
v 0.630118 0.388926 1.148284
v 0.626198 0.366336 1.139010
v 0.650553 0.369330 1.127158
v 0.644523 0.342152 1.115371
v 0.617762 0.342241 1.128428
v 0.603783 0.318290 1.116774
v 0.604155 0.367478 1.149290
v 0.593574 0.347227 1.140133
v 0.572904 0.355263 1.150257
v 0.556764 0.339196 1.141159
v 0.578295 0.326814 1.129649
v 0.557816 0.308260 1.118054
v 0.536106 0.324595 1.130700
v 0.511044 0.313413 1.119082
v 0.539501 0.353506 1.151089
v 0.519311 0.343322 1.141982
v 0.507133 0.362375 1.151705
v 0.484848 0.358902 1.142529
v 0.495227 0.335797 1.131478
v 0.468008 0.332869 1.119765
v 0.459755 0.359296 1.131907
v 0.433069 0.365069 1.120026
v 0.479047 0.380982 1.152045
v 0.456870 0.384687 1.142738
v 0.457925 0.407548 1.152075
v 0.437918 0.417928 1.142597
v 0.433079 0.392849 1.131946
v 0.409402 0.406581 1.119850
v 0.417873 0.433090 1.131590
v 0.399643 0.453528 1.119243
v 0.445885 0.439410 1.151794
v 0.430103 0.455523 1.142111
v 0.444077 0.473526 1.151226
v 0.433900 0.493728 1.141336
v 0.415589 0.476177 1.130874
v 0.404385 0.501239 1.118276
v 0.426457 0.517789 1.129869
v 0.423532 0.545001 1.117034
v 0.452681 0.506473 1.150431
v 0.449233 0.528773 1.140342
v 0.470877 0.535107 1.149482
v 0.474330 0.557348 1.139229
v 0.449438 0.553953 1.128671
v 0.454872 0.580687 1.115644
v 0.482228 0.581042 1.127400
v 0.495613 0.604550 1.114241
v 0.496840 0.556556 1.148476
v 0.506954 0.576457 1.138106
v 0.528091 0.568771 1.147509
v 0.543763 0.584489 1.137080
v 0.521696 0.596469 1.126179
v 0.541580 0.614579 1.112961
v 0.563884 0.598688 1.125129
v 0.588352 0.609427 1.111933
v 0.561495 0.570528 1.146677
v 0.581217 0.580362 1.136257
v 0.593862 0.561658 1.146061
v 0.604764 0.587486 1.124350
v 0.612071 0.498342 1.172033
v 0.624091 0.490957 1.167025
v 0.625788 0.506373 1.161080
v 0.611759 0.512588 1.166934
v 0.640247 0.497167 1.154192
v 0.625139 0.523665 1.154080
v 0.602837 0.544219 1.154246
v 0.608690 0.527878 1.161105
v 0.593553 0.529366 1.167069
v 0.598160 0.515839 1.172053
v 0.621191 0.454889 1.172592
v 0.626705 0.441634 1.167845
v 0.636997 0.452965 1.161768
v 0.629176 0.466494 1.167341
v 0.643449 0.436744 1.155197
v 0.646477 0.467199 1.154579
v 0.635534 0.480581 1.161309
v 0.620000 0.477358 1.172219
v 0.603540 0.414332 1.173741
v 0.600397 0.400236 1.169217
v 0.615303 0.403116 1.163180
v 0.616728 0.418830 1.168492
v 0.611221 0.386030 1.156877
v 0.631227 0.408808 1.155990
v 0.630032 0.426295 1.162412
v 0.615524 0.433190 1.173116
v 0.565860 0.392161 1.175040
v 0.555217 0.382575 1.170615
v 0.568990 0.375866 1.164777
v 0.579169 0.387801 1.169948
v 0.555873 0.364395 1.158590
v 0.585216 0.370797 1.157772
v 0.594286 0.385754 1.163994
v 0.586441 0.400206 1.174403
v 0.522543 0.396845 1.175994
v 0.508420 0.395398 1.171506
v 0.515749 0.381623 1.165949
v 0.530845 0.385260 1.171151
v 0.498545 0.380104 1.159682
v 0.526017 0.367684 1.159246
v 0.541950 0.374444 1.165450
v 0.543860 0.391004 1.175588
v 0.490135 0.426596 1.176238
v 0.477882 0.433807 1.171551
v 0.475916 0.418190 1.166249
v 0.490214 0.412176 1.171642
v 0.461136 0.427156 1.159736
v 0.476243 0.400658 1.159848
v 0.493014 0.396685 1.166224
v 0.504045 0.409099 1.176218
v 0.481014 0.470049 1.175679
v 0.475268 0.483131 1.170730
v 0.464706 0.471598 1.165562
v 0.472797 0.458270 1.171234
v 0.457933 0.487579 1.158731
v 0.454906 0.457124 1.159349
v 0.466170 0.443982 1.166021
v 0.482205 0.447580 1.176052
v 0.498665 0.510606 1.174530
v 0.501575 0.524529 1.169359
v 0.486401 0.521447 1.164150
v 0.485245 0.505934 1.170083
v 0.490161 0.538294 1.157051
v 0.470155 0.515515 1.157938
v 0.471671 0.498268 1.164917
v 0.486681 0.491748 1.175155
v 0.536345 0.532777 1.173231
v 0.546756 0.542189 1.167961
v 0.532714 0.548697 1.162553
v 0.522804 0.536963 1.168628
v 0.545509 0.559928 1.155338
v 0.516167 0.553526 1.156156
v 0.507417 0.538809 1.163336
v 0.515764 0.524732 1.173868
v 0.579662 0.528093 1.172277
v 0.585955 0.542939 1.161380
v 0.571128 0.539504 1.167425
v 0.575365 0.556639 1.154682
v 0.559754 0.550119 1.161879
v 0.558345 0.533934 1.172683
v 0.585430 0.482720 1.186942
v 0.594831 0.479659 1.184223
v 0.598315 0.490280 1.180723
v 0.587501 0.492517 1.184168
v 0.609438 0.485308 1.176708
v 0.599615 0.502538 1.176635
v 0.585113 0.515902 1.176743
v 0.587588 0.503772 1.180738
v 0.576679 0.502490 1.184249
v 0.577674 0.492475 1.186953
v 0.590515 0.458493 1.187254
v 0.596385 0.450340 1.184711
v 0.605349 0.456771 1.181154
v 0.597854 0.465118 1.184411
v 0.611520 0.446020 1.177361
v 0.613488 0.465823 1.176960
v 0.604430 0.474097 1.180866
v 0.589851 0.471020 1.187045
v 0.590565 0.413045 1.178454
v 0.603573 0.427856 1.177877
v 0.591737 0.425494 1.182040
v 0.600978 0.440037 1.181558
v 0.587355 0.446395 1.187546
v 0.590455 0.436785 1.185095
v 0.580673 0.435880 1.187894
v 0.580747 0.425732 1.185526
v 0.559665 0.423519 1.188619
v 0.553891 0.415234 1.186357
v 0.562679 0.408397 1.183042
v 0.568129 0.418341 1.185960
v 0.554577 0.398977 1.179567
v 0.573655 0.403141 1.179036
v 0.578551 0.414601 1.182550
v 0.571140 0.428004 1.188263
v 0.535514 0.426131 1.189150
v 0.526074 0.422856 1.186887
v 0.529275 0.412009 1.183777
v 0.539404 0.416830 1.186675
v 0.517302 0.409192 1.180278
v 0.535164 0.401116 1.179994
v 0.545714 0.407505 1.183464
v 0.547399 0.422874 1.188924
v 0.517445 0.442718 1.189286
v 0.507922 0.445688 1.186913
v 0.504283 0.434952 1.183965
v 0.515252 0.432830 1.186968
v 0.492977 0.439786 1.180313
v 0.502800 0.422557 1.180386
v 0.515010 0.421459 1.183950
v 0.525201 0.432963 1.189275
v 0.512360 0.466945 1.188975
v 0.506368 0.475007 1.186425
v 0.497250 0.468461 1.183534
v 0.504899 0.460229 1.186725
v 0.490895 0.479074 1.179659
v 0.488926 0.459272 1.180061
v 0.498168 0.451134 1.183822
v 0.513025 0.454418 1.189183
v 0.522201 0.489558 1.188334
v 0.522005 0.499615 1.185611
v 0.510861 0.499737 1.182648
v 0.512298 0.488562 1.186041
v 0.511849 0.512049 1.178567
v 0.498842 0.497238 1.179144
v 0.501620 0.485195 1.183130
v 0.515519 0.479043 1.188682
v 0.547838 0.526117 1.177454
v 0.528759 0.521954 1.177985
v 0.539919 0.516835 1.181646
v 0.524048 0.510631 1.182137
v 0.531735 0.497434 1.187965
v 0.534624 0.507006 1.185176
v 0.543210 0.501919 1.187610
v 0.548862 0.510113 1.184779
v 0.567361 0.499307 1.187078
v 0.573323 0.513222 1.180911
v 0.563349 0.508517 1.184461
v 0.567251 0.523978 1.177027
v 0.556884 0.517727 1.181224
v 0.555475 0.502564 1.187304
v 0.552168 0.458806 0.695684
v 0.546939 0.465383 0.695691
v 0.556304 0.471534 0.696285
v 0.560013 0.466868 0.696279
v 0.557330 0.481688 0.697531
v 0.565691 0.475421 0.697520
v 0.569974 0.465786 0.697513
v 0.552616 0.450359 0.695824
v 0.563298 0.458176 0.696356
v 0.563615 0.452184 0.696456
v 0.573138 0.455715 0.697694
v 0.571056 0.445365 0.697852
v 0.548111 0.443271 0.696059
v 0.561268 0.443196 0.696673
v 0.558072 0.438167 0.696839
v 0.567816 0.435337 0.698186
v 0.560165 0.428225 0.698420
v 0.540375 0.440247 0.696298
v 0.550989 0.432316 0.697114
v 0.545501 0.430171 0.697284
v 0.551758 0.422071 0.698808
v 0.541459 0.420914 0.698999
v 0.532362 0.442443 0.696451
v 0.536389 0.429692 0.697511
v 0.530704 0.431249 0.697619
v 0.531098 0.420985 0.699323
v 0.522084 0.426223 0.699368
v 0.527133 0.449020 0.696459
v 0.523042 0.436325 0.697712
v 0.519333 0.440991 0.697717
v 0.513728 0.432492 0.699533
v 0.509441 0.442125 0.699386
v 0.526685 0.457465 0.696318
v 0.516048 0.449683 0.697640
v 0.515731 0.455674 0.697540
v 0.506281 0.452199 0.699358
v 0.508359 0.462545 0.699046
v 0.531190 0.464554 0.696083
v 0.518078 0.464662 0.697323
v 0.521274 0.469691 0.697157
v 0.511603 0.472576 0.698866
v 0.519251 0.479685 0.698479
v 0.538926 0.467578 0.695844
v 0.528356 0.475542 0.696882
v 0.533844 0.477688 0.696712
v 0.527660 0.485842 0.698244
v 0.537956 0.486997 0.697900
v 0.542957 0.478167 0.696486
v 0.548642 0.476610 0.696377
v 0.548320 0.486929 0.697730
v 0.563895 0.467628 1.192337
v 0.566527 0.471655 1.191848
v 0.562160 0.471569 1.192288
v 0.560071 0.468229 1.192640
v 0.563146 0.475907 1.191852
v 0.558737 0.474115 1.192345
v 0.558522 0.470176 1.192642
v 0.554651 0.467677 1.192968
v 0.556871 0.464885 1.192964
v 0.564337 0.459297 1.192476
v 0.568792 0.460965 1.191985
v 0.565202 0.463519 1.192360
v 0.561583 0.462079 1.192713
v 0.568503 0.466425 1.191894
v 0.561450 0.464580 1.192672
v 0.557061 0.461301 1.193024
v 0.559893 0.452305 1.192707
v 0.564468 0.450974 1.192267
v 0.563028 0.455196 1.192561
v 0.559263 0.456207 1.192874
v 0.567380 0.455557 1.192115
v 0.560597 0.458306 1.192805
v 0.555149 0.458292 1.193123
v 0.552262 0.449322 1.192943
v 0.555205 0.445499 1.192587
v 0.556469 0.449777 1.192815
v 0.553999 0.452855 1.193060
v 0.560207 0.447454 1.192432
v 0.556289 0.453750 1.192989
v 0.551865 0.457008 1.193225
v 0.544358 0.451488 1.193094
v 0.544542 0.446630 1.192822
v 0.548030 0.449333 1.193025
v 0.547801 0.453303 1.193201
v 0.549722 0.445211 1.192724
v 0.550173 0.452653 1.193156
v 0.548464 0.457940 1.193290
v 0.539200 0.457975 1.193102
v 0.536551 0.453936 1.192883
v 0.540935 0.454033 1.193111
v 0.543035 0.457382 1.193242
v 0.539932 0.449684 1.192878
v 0.544584 0.455435 1.193240
v 0.546244 0.460732 1.193293
v 0.538759 0.466306 1.192963
v 0.534286 0.464626 1.192746
v 0.537893 0.462083 1.193040
v 0.541524 0.463532 1.193168
v 0.534576 0.459165 1.192837
v 0.541656 0.461031 1.193210
v 0.546054 0.464317 1.193234
v 0.543202 0.473298 1.192731
v 0.538611 0.474616 1.192463
v 0.540067 0.470407 1.192838
v 0.543843 0.469404 1.193007
v 0.535698 0.470033 1.192615
v 0.542509 0.467306 1.193077
v 0.547967 0.467326 1.193134
v 0.550833 0.476281 1.192495
v 0.547874 0.480092 1.192144
v 0.546626 0.475826 1.192584
v 0.549107 0.472756 1.192821
v 0.542872 0.478136 1.192298
v 0.546817 0.471861 1.192892
v 0.551250 0.468609 1.193032
v 0.558537 0.478960 1.191908
v 0.555065 0.476269 1.192374
v 0.555305 0.472308 1.192681
v 0.553356 0.480380 1.192007
v 0.552933 0.472958 1.192726
v 0.572590 0.457015 1.191487
v 0.578327 0.459876 1.190530
v 0.573367 0.463935 1.191341
v 0.583157 0.454071 1.189311
v 0.584191 0.464471 1.189100
v 0.582063 0.474706 1.188967
v 0.577872 0.468466 1.190387
v 0.571863 0.470735 1.191259
v 0.574835 0.476502 1.190316
v 0.568502 0.476810 1.191227
v 0.576904 0.483755 1.188929
v 0.569288 0.490774 1.188986
v 0.569517 0.483191 1.190324
v 0.563368 0.481419 1.191271
v 0.562434 0.487884 1.190409
v 0.557153 0.484328 1.191364
v 0.559907 0.495015 1.189135
v 0.549711 0.496139 1.189359
v 0.554284 0.490117 1.190565
v 0.550351 0.484986 1.191519
v 0.539691 0.493952 1.189638
v 0.545860 0.489674 1.190774
v 0.530810 0.488750 1.189944
v 0.537991 0.486598 1.191018
v 0.537783 0.480074 1.191908
v 0.543656 0.483618 1.191700
v 0.531443 0.481189 1.191272
v 0.533165 0.474951 1.192107
v 0.523978 0.480972 1.190247
v 0.519804 0.471431 1.190517
v 0.526861 0.473979 1.191510
v 0.530465 0.468558 1.192290
v 0.524691 0.465670 1.191711
v 0.529688 0.461638 1.192428
v 0.518770 0.461031 1.190728
v 0.520897 0.450797 1.190861
v 0.525147 0.457080 1.191854
v 0.531192 0.454838 1.192518
v 0.528183 0.449044 1.191925
v 0.534553 0.448763 1.192542
v 0.526056 0.441748 1.190899
v 0.533673 0.434729 1.190842
v 0.533501 0.442355 1.191917
v 0.539687 0.444154 1.192506
v 0.540585 0.437662 1.191832
v 0.545902 0.441245 1.192405
v 0.543054 0.430487 1.190693
v 0.553250 0.429364 1.190469
v 0.548735 0.435429 1.191676
v 0.552704 0.440587 1.192258
v 0.557159 0.435872 1.191466
v 0.559399 0.441955 1.192069
v 0.563270 0.431550 1.190190
v 0.572152 0.436752 1.189884
v 0.565028 0.438947 1.191223
v 0.565272 0.445499 1.191869
v 0.571576 0.444357 1.190969
v 0.569890 0.450621 1.191662
v 0.578983 0.444531 1.189581
v 0.576157 0.451567 1.190731
v 0.569219 0.487278 0.699705
v 0.571181 0.503357 0.703194
v 0.588947 0.509680 0.707805
v 0.584742 0.491147 0.703103
v 0.588988 0.531149 0.713871
v 0.611539 0.535184 0.721019
v 0.609882 0.511894 0.713715
v 0.632591 0.508705 0.720988
v 0.624034 0.487070 0.713821
v 0.603409 0.491490 0.707784
v 0.593651 0.475095 0.703162
v 0.577806 0.476477 0.699693
v 0.582816 0.463219 0.699810
v 0.611664 0.469643 0.707977
v 0.597605 0.457106 0.703404
v 0.644591 0.476948 0.721269
v 0.629871 0.458996 0.714183
v 0.646393 0.442945 0.721835
v 0.627035 0.430465 0.714762
v 0.612903 0.446284 0.708366
v 0.595574 0.438802 0.703765
v 0.583551 0.449349 0.700040
v 0.579971 0.435639 0.700372
v 0.607002 0.423693 0.708911
v 0.588412 0.421906 0.704255
v 0.637817 0.410105 0.722628
v 0.615585 0.404295 0.715504
v 0.619681 0.381566 0.723573
v 0.596843 0.382956 0.716335
v 0.594543 0.404087 0.709561
v 0.576217 0.408341 0.704774
v 0.572573 0.423998 0.700757
v 0.561770 0.415073 0.701176
v 0.576742 0.389381 0.710250
v 0.560674 0.398991 0.705329
v 0.593804 0.360188 0.724575
v 0.572481 0.368686 0.717174
v 0.562657 0.348014 0.725539
v 0.544993 0.362688 0.717940
v 0.555345 0.381017 0.710913
v 0.542973 0.395347 0.705803
v 0.549064 0.410107 0.701569
v 0.535165 0.409376 0.701915
v 0.532440 0.379812 0.711483
v 0.524986 0.397114 0.706218
v 0.529363 0.346263 0.726368
v 0.517023 0.365769 0.718555
v 0.497102 0.355103 0.726983
v 0.491288 0.377404 0.718963
v 0.510278 0.385885 0.711905
v 0.508540 0.404782 0.706459
v 0.522006 0.412982 0.702166
v 0.510319 0.420724 0.702307
v 0.491021 0.398643 0.712138
v 0.494980 0.416993 0.706581
v 0.469109 0.373648 0.727322
v 0.470395 0.396660 0.719119
v 0.448057 0.400126 0.727352
v 0.456242 0.421483 0.719014
v 0.476558 0.416833 0.712159
v 0.486070 0.433044 0.706491
v 0.501732 0.431525 0.702320
v 0.496722 0.444783 0.702202
v 0.468303 0.438680 0.711966
v 0.482117 0.451033 0.706280
v 0.436056 0.431884 0.727071
v 0.450406 0.449558 0.718651
v 0.434254 0.465887 0.726506
v 0.453241 0.478089 0.718073
v 0.467065 0.462039 0.711577
v 0.484146 0.469336 0.705888
v 0.495986 0.458653 0.701972
v 0.499567 0.472362 0.701640
v 0.472965 0.484630 0.711032
v 0.491310 0.486233 0.705429
v 0.442830 0.498725 0.725712
v 0.464691 0.504259 0.717330
v 0.460966 0.527265 0.724767
v 0.483433 0.525598 0.716499
v 0.485424 0.504236 0.710382
v 0.503503 0.499798 0.704879
v 0.506965 0.484004 0.701255
v 0.517768 0.492929 0.700836
v 0.503225 0.518942 0.709693
v 0.519048 0.509148 0.704355
v 0.486844 0.548643 0.723765
v 0.507795 0.539868 0.715660
v 0.517991 0.560818 0.722801
v 0.535283 0.545866 0.714894
v 0.524623 0.527306 0.709030
v 0.536748 0.512792 0.703850
v 0.530473 0.497895 0.700443
v 0.544373 0.498626 0.700097
v 0.547526 0.528511 0.708460
v 0.554736 0.511025 0.703466
v 0.551284 0.562568 0.721972
v 0.563253 0.542784 0.714279
v 0.583546 0.553728 0.721357
v 0.569689 0.522438 0.708038
v 0.557532 0.495020 0.699846
v 0.607238 0.559535 0.729753
v 0.632986 0.559329 0.739448
v 0.635764 0.533244 0.729541
v 0.623966 0.585426 0.750678
v 0.652283 0.580991 0.762664
v 0.659423 0.552748 0.750413
v 0.685073 0.539750 0.762617
v 0.683441 0.510621 0.750592
v 0.660242 0.525048 0.739409
v 0.655088 0.499352 0.729684
v 0.675778 0.483934 0.739772
v 0.663056 0.461021 0.730179
v 0.703764 0.490287 0.763055
v 0.693346 0.462976 0.751207
v 0.706571 0.437326 0.763935
v 0.688533 0.414557 0.752189
v 0.678111 0.439911 0.740504
v 0.659184 0.422067 0.730969
v 0.667008 0.397396 0.741531
v 0.643551 0.386336 0.731983
v 0.693213 0.386178 0.765171
v 0.669102 0.370144 0.753449
v 0.664965 0.341727 0.766643
v 0.637296 0.333929 0.754859
v 0.643528 0.360447 0.742755
v 0.617963 0.357200 0.733118
v 0.610026 0.332770 0.744053
v 0.584699 0.337717 0.734263
v 0.624661 0.308430 0.768204
v 0.595951 0.309712 0.756283
v 0.576148 0.289467 0.769706
v 0.549301 0.299533 0.757583
v 0.569701 0.317008 0.745301
v 0.547169 0.329528 0.735309
v 0.526597 0.314741 0.746374
v 0.508981 0.333735 0.736148
v 0.524292 0.286740 0.770997
v 0.501834 0.304763 0.758626
v 0.474044 0.300509 0.771954
v 0.458159 0.324508 0.759319
v 0.484830 0.326186 0.747170
v 0.473843 0.349621 0.736706
v 0.448588 0.350195 0.747608
v 0.445317 0.375911 0.736919
v 0.430444 0.329393 0.772482
v 0.422702 0.357186 0.759584
v 0.397654 0.370635 0.772529
v 0.398683 0.399314 0.759405
v 0.421333 0.384476 0.747648
v 0.425994 0.409804 0.736775
v 0.405797 0.425591 0.747284
v 0.418026 0.448135 0.736280
v 0.378963 0.420098 0.772091
v 0.388779 0.446959 0.758790
v 0.376156 0.473059 0.771211
v 0.393592 0.495377 0.757808
v 0.403463 0.469613 0.746552
v 0.421897 0.487089 0.735490
v 0.414567 0.512128 0.745525
v 0.437531 0.522820 0.734476
v 0.389514 0.524206 0.769975
v 0.413023 0.539790 0.756548
v 0.417762 0.568658 0.768503
v 0.444829 0.576005 0.755137
v 0.438047 0.549077 0.744301
v 0.463119 0.551955 0.733341
v 0.471549 0.576754 0.743003
v 0.496382 0.571438 0.732196
v 0.458066 0.601955 0.766942
v 0.486174 0.600222 0.753713
v 0.506579 0.620918 0.765440
v 0.532824 0.610401 0.752414
v 0.511874 0.592516 0.741755
v 0.533913 0.579627 0.731150
v 0.554978 0.594783 0.740682
v 0.572100 0.575420 0.730311
v 0.558435 0.623645 0.764149
v 0.580290 0.605172 0.751370
v 0.608683 0.609876 0.763192
v 0.596745 0.583338 0.739887
v 0.638757 0.608183 0.776125
v 0.668939 0.599621 0.790124
v 0.680271 0.569922 0.775816
v 0.651248 0.627248 0.805474
v 0.682562 0.614778 0.821127
v 0.697799 0.584346 0.805127
v 0.723879 0.562810 0.821067
v 0.729332 0.529037 0.805361
v 0.706453 0.552437 0.790070
v 0.708393 0.520597 0.776025
v 0.727837 0.495848 0.790571
v 0.719989 0.464813 0.776745
v 0.747431 0.500484 0.821619
v 0.742335 0.466487 0.806169
v 0.750968 0.433749 0.822728
v 0.736017 0.402919 0.807459
v 0.731048 0.435256 0.791578
v 0.714355 0.408122 0.777895
v 0.715766 0.376739 0.792992
v 0.691603 0.356122 0.779371
v 0.734136 0.369299 0.824285
v 0.710506 0.344611 0.809113
v 0.698542 0.313287 0.826140
v 0.668749 0.297065 0.810964
v 0.683448 0.325883 0.794676
v 0.654364 0.313719 0.781022
v 0.637336 0.287789 0.796462
v 0.605955 0.285365 0.782689
v 0.647755 0.271330 0.828108
v 0.614468 0.265272 0.812834
v 0.586625 0.247436 0.830000
v 0.553223 0.251908 0.814540
v 0.581834 0.266094 0.798180
v 0.551336 0.273447 0.784211
v 0.522507 0.262974 0.799657
v 0.495759 0.279570 0.785432
v 0.521283 0.244000 0.831627
v 0.490906 0.258774 0.815910
v 0.457967 0.261349 0.832833
v 0.433566 0.284697 0.816820
v 0.465019 0.278727 0.800752
v 0.444623 0.302689 0.786244
v 0.415137 0.311773 0.801356
v 0.403108 0.340950 0.786553
v 0.403027 0.297746 0.833497
v 0.387015 0.327599 0.817167
v 0.361710 0.349713 0.833557
v 0.355483 0.382907 0.816932
v 0.377623 0.358956 0.801410
v 0.374986 0.390275 0.786344
v 0.356240 0.415545 0.800910
v 0.363389 0.446059 0.785624
v 0.338158 0.412040 0.833006
v 0.342479 0.445458 0.816124
v 0.334621 0.478774 0.831896
v 0.348798 0.509026 0.814835
v 0.353028 0.476137 0.799902
v 0.369025 0.502750 0.784474
v 0.368311 0.534654 0.798489
v 0.391776 0.554751 0.782998
v 0.351453 0.543225 0.830339
v 0.374309 0.567334 0.813181
v 0.387047 0.599237 0.828484
v 0.416065 0.614879 0.811329
v 0.400628 0.585510 0.796804
v 0.429015 0.597153 0.781347
v 0.446740 0.623604 0.795018
v 0.477424 0.625507 0.779680
v 0.437834 0.641193 0.826517
v 0.470346 0.646673 0.809460
v 0.498964 0.665088 0.824625
v 0.531591 0.660036 0.807754
v 0.502242 0.645299 0.793300
v 0.532043 0.637425 0.778158
v 0.561569 0.648419 0.791823
v 0.587619 0.631302 0.776937
v 0.564306 0.668524 0.822998
v 0.593909 0.653171 0.806384
v 0.627622 0.651174 0.821792
v 0.619057 0.632666 0.790728
v 0.661132 0.642148 0.837997
v 0.692795 0.626067 0.854929
v 0.711572 0.595662 0.837620
v 0.668166 0.652519 0.872897
v 0.699410 0.633235 0.890683
v 0.721253 0.603594 0.872501
v 0.745210 0.575629 0.890617
v 0.757214 0.540519 0.872768
v 0.736895 0.570600 0.854865
v 0.745739 0.535733 0.837874
v 0.762033 0.504075 0.855454
v 0.759829 0.467955 0.838750
v 0.771318 0.506539 0.891228
v 0.772043 0.469184 0.873690
v 0.775239 0.432563 0.892459
v 0.764838 0.396691 0.875160
v 0.765809 0.432845 0.856638
v 0.752983 0.399077 0.840147
v 0.747843 0.364054 0.858300
v 0.725341 0.335898 0.841940
v 0.756580 0.361119 0.894184
v 0.735745 0.330195 0.877047
v 0.717124 0.299030 0.896241
v 0.688124 0.275972 0.879158
v 0.709852 0.304269 0.860280
v 0.680095 0.284379 0.843946
v 0.655644 0.259487 0.862380
v 0.621279 0.249929 0.845971
v 0.660826 0.252521 0.898422
v 0.626221 0.239714 0.881290
v 0.593064 0.226033 0.900519
v 0.556376 0.224474 0.883236
v 0.590397 0.233983 0.864399
v 0.554917 0.235450 0.847820
v 0.520653 0.230315 0.866136
v 0.487393 0.242888 0.849304
v 0.520631 0.222224 0.902322
v 0.485308 0.232304 0.884798
v 0.450445 0.241457 0.903659
v 0.419917 0.261867 0.885835
v 0.453073 0.248834 0.867423
v 0.425263 0.270978 0.850290
v 0.394433 0.287681 0.868133
v 0.374823 0.317464 0.850666
v 0.389544 0.281802 0.904396
v 0.366829 0.310794 0.886231
v 0.343743 0.339408 0.904462
v 0.330869 0.373868 0.885964
v 0.350333 0.343149 0.868196
v 0.340656 0.377393 0.850412
v 0.325195 0.409674 0.867608
v 0.326566 0.445170 0.849537
v 0.317636 0.408498 0.903851
v 0.316039 0.445203 0.885042
v 0.313715 0.482474 0.902621
v 0.323245 0.517696 0.883572
v 0.321419 0.480903 0.866424
v 0.333413 0.514048 0.848140
v 0.339385 0.549694 0.864762
v 0.361055 0.577229 0.846347
v 0.332373 0.553918 0.900895
v 0.352338 0.584192 0.881685
v 0.371829 0.616008 0.898839
v 0.399958 0.638414 0.879574
v 0.377377 0.609479 0.862782
v 0.406300 0.628747 0.844341
v 0.431584 0.654262 0.860682
v 0.465116 0.663197 0.842316
v 0.428127 0.662517 0.896658
v 0.461862 0.674673 0.877442
v 0.495890 0.689004 0.894561
v 0.531706 0.689912 0.875497
v 0.496831 0.679765 0.858662
v 0.531478 0.677676 0.840467
v 0.566575 0.683433 0.856926
v 0.599002 0.670237 0.838982
v 0.568323 0.692813 0.892757
v 0.602775 0.682083 0.873934
v 0.638509 0.673581 0.891420
v 0.634155 0.664914 0.855639
v 0.672176 0.658105 0.909310
v 0.702219 0.636079 0.927519
v 0.726603 0.607944 0.908904
v 0.673063 0.658768 0.946346
v 0.701179 0.634557 0.964525
v 0.727490 0.608607 0.945940
v 0.746979 0.576950 0.964459
v 0.764359 0.543940 0.946214
v 0.748589 0.577758 0.927452
v 0.763472 0.543277 0.909178
v 0.775021 0.507809 0.928071
v 0.778675 0.470141 0.910123
v 0.773086 0.507861 0.965070
v 0.779563 0.470804 0.947159
v 0.777008 0.433885 0.966300
v 0.772175 0.396481 0.948666
v 0.778991 0.432914 0.929316
v 0.771288 0.395818 0.911630
v 0.760100 0.360582 0.931063
v 0.741460 0.327643 0.913565
v 0.758349 0.362441 0.968026
v 0.742347 0.328306 0.950601
v 0.718893 0.300351 0.970082
v 0.693525 0.272715 0.952765
v 0.720154 0.297721 0.933145
v 0.692638 0.272052 0.915729
v 0.663157 0.250634 0.935353
v 0.629172 0.234879 0.917915
v 0.662595 0.253842 0.972263
v 0.630059 0.235542 0.954951
v 0.594832 0.227355 0.974360
v 0.558451 0.219917 0.956946
v 0.594552 0.223818 0.937477
v 0.557564 0.219254 0.919910
v 0.521219 0.219961 0.939302
v 0.484702 0.227281 0.921512
v 0.522400 0.223546 0.976164
v 0.485589 0.227944 0.958547
v 0.452214 0.242778 0.977501
v 0.418547 0.258254 0.959611
v 0.450161 0.239433 0.940656
v 0.417659 0.257591 0.922575
v 0.388503 0.280280 0.941402
v 0.363232 0.307752 0.922981
v 0.391313 0.283124 0.978238
v 0.364119 0.308415 0.960017
v 0.345512 0.340730 0.978304
v 0.327251 0.373082 0.959743
v 0.342133 0.338601 0.941469
v 0.326364 0.372419 0.922707
v 0.315702 0.408550 0.940850
v 0.311160 0.445554 0.921762
v 0.319404 0.409819 0.977693
v 0.312047 0.446217 0.958798
v 0.315484 0.483795 0.976463
v 0.319435 0.520541 0.957291
v 0.311732 0.483445 0.939605
v 0.318548 0.519878 0.920255
v 0.330622 0.555777 0.937858
v 0.348375 0.588053 0.918321
v 0.334142 0.555240 0.974737
v 0.349262 0.588716 0.955356
v 0.373599 0.617329 0.972680
v 0.398085 0.644307 0.953192
v 0.370569 0.618638 0.935776
v 0.397197 0.643644 0.916156
v 0.427566 0.665724 0.933568
v 0.460663 0.680817 0.913971
v 0.429896 0.663838 0.970500
v 0.461550 0.681480 0.951006
v 0.497659 0.690325 0.968402
v 0.533159 0.697104 0.949011
v 0.496171 0.692541 0.931444
v 0.532271 0.696441 0.911976
v 0.569503 0.696397 0.929619
v 0.605133 0.688415 0.910374
v 0.570091 0.694135 0.966599
v 0.606020 0.689077 0.947409
v 0.640278 0.674902 0.965262
v 0.640562 0.676926 0.928265
v 0.670805 0.654491 0.983086
v 0.696289 0.628678 1.000788
v 0.723893 0.605565 0.982690
v 0.665459 0.645381 1.018631
v 0.687695 0.618613 1.035424
v 0.715899 0.598895 1.018255
v 0.729012 0.566646 1.035364
v 0.750067 0.538966 1.018509
v 0.740389 0.573210 1.000725
v 0.759854 0.542490 0.982957
v 0.765527 0.506685 1.001313
v 0.774683 0.471156 0.983879
v 0.752564 0.504319 1.035915
v 0.764156 0.471188 1.019385
v 0.756101 0.437584 1.037025
v 0.757310 0.402310 1.020781
v 0.769303 0.435456 1.002497
v 0.767477 0.398662 0.985349
v 0.751337 0.366664 1.004159
v 0.738384 0.332166 0.987236
v 0.739269 0.373134 1.038582
v 0.729668 0.339130 1.022574
v 0.703675 0.317122 1.040437
v 0.684422 0.287612 1.024580
v 0.713346 0.306880 1.006139
v 0.690764 0.277945 0.989347
v 0.659138 0.262097 1.008239
v 0.628861 0.241686 0.991479
v 0.652888 0.275166 1.042404
v 0.625606 0.253162 1.026605
v 0.591759 0.251271 1.044296
v 0.559245 0.238683 1.028455
v 0.593891 0.236594 1.010259
v 0.559016 0.226447 0.993425
v 0.524148 0.232926 1.011995
v 0.487948 0.234276 0.994987
v 0.526416 0.247835 1.045923
v 0.491721 0.246121 1.029939
v 0.463100 0.265185 1.047129
v 0.429590 0.274211 1.030924
v 0.456567 0.251444 1.013282
v 0.422556 0.263839 0.996024
v 0.397927 0.290292 1.013992
v 0.369469 0.312765 0.996420
v 0.408161 0.301581 1.047794
v 0.379150 0.320697 1.031301
v 0.366843 0.353548 1.047854
v 0.344983 0.380626 1.031047
v 0.353827 0.345759 1.014056
v 0.333508 0.375840 0.996153
v 0.328689 0.412284 1.013467
v 0.318679 0.447175 0.995231
v 0.343292 0.415875 1.047302
v 0.330893 0.448403 1.030171
v 0.339755 0.482610 1.046193
v 0.337740 0.517281 1.028774
v 0.324913 0.483514 1.012283
v 0.325885 0.519668 0.993761
v 0.342879 0.552305 1.010621
v 0.354978 0.586164 0.991874
v 0.356586 0.547060 1.044636
v 0.365382 0.580462 1.026981
v 0.392181 0.603072 1.042781
v 0.410627 0.631979 1.024975
v 0.380871 0.612090 1.008641
v 0.402598 0.640387 0.989763
v 0.435078 0.656872 1.006541
v 0.464501 0.676644 0.987631
v 0.442967 0.645028 1.040813
v 0.469443 0.666429 1.022950
v 0.504097 0.668923 1.038921
v 0.535805 0.680909 1.021101
v 0.500325 0.682375 1.004521
v 0.534346 0.691884 0.985685
v 0.570069 0.686043 1.002785
v 0.605414 0.684055 0.984123
v 0.569440 0.672359 1.037294
v 0.603328 0.673470 1.019617
v 0.632756 0.655009 1.036088
v 0.637649 0.667525 1.001498
v 0.578443 0.497778 0.703128
v 0.600166 0.522357 0.713761
v 0.617912 0.500038 0.713735
v 0.589801 0.483492 0.703111
v 0.596321 0.466237 0.703264
v 0.628027 0.473270 0.713972
v 0.629546 0.444608 0.714448
v 0.597294 0.447892 0.703569
v 0.592634 0.430049 0.704000
v 0.622317 0.416927 0.715117
v 0.607030 0.392871 0.715914
v 0.582849 0.414651 0.704510
v 0.568789 0.403035 0.705055
v 0.585217 0.374851 0.716759
v 0.558963 0.364588 0.717571
v 0.551984 0.396466 0.705575
v 0.533894 0.395515 0.706025
v 0.530899 0.363113 0.718270
v 0.503706 0.370564 0.718788
v 0.516488 0.400285 0.706357
v 0.501278 0.410361 0.706541
v 0.480110 0.386196 0.719074
v 0.462364 0.408515 0.719099
v 0.489920 0.424647 0.706557
v 0.483400 0.441902 0.706405
v 0.452249 0.435284 0.718862
v 0.450730 0.463946 0.718386
v 0.482427 0.460248 0.706100
v 0.487087 0.478091 0.705668
v 0.457959 0.491626 0.717717
v 0.473246 0.515683 0.716920
v 0.496872 0.493488 0.705158
v 0.510933 0.505104 0.704614
v 0.495059 0.533702 0.716075
v 0.521313 0.543965 0.715263
v 0.527737 0.511672 0.704094
v 0.545827 0.512624 0.703643
v 0.549377 0.545441 0.714564
v 0.576570 0.537989 0.714046
v 0.563233 0.507854 0.703312
v 0.622500 0.547531 0.729603
v 0.642935 0.570506 0.750490
v 0.673051 0.532628 0.750447
v 0.646728 0.517057 0.729568
v 0.660539 0.480509 0.729891
v 0.690217 0.487200 0.750849
v 0.692795 0.438558 0.751657
v 0.662613 0.441376 0.730542
v 0.652743 0.403583 0.731454
v 0.680527 0.391582 0.752792
v 0.654583 0.350756 0.754144
v 0.631870 0.370738 0.732542
v 0.602089 0.346135 0.733696
v 0.617566 0.320175 0.755578
v 0.573009 0.302759 0.756957
v 0.566243 0.332123 0.734805
v 0.527927 0.330108 0.735759
v 0.525383 0.300254 0.758143
v 0.479233 0.312900 0.759022
v 0.490798 0.340282 0.736467
v 0.458582 0.361624 0.736857
v 0.439189 0.339429 0.759507
v 0.409074 0.377306 0.759550
v 0.434354 0.392098 0.736892
v 0.420543 0.428646 0.736568
v 0.391907 0.422735 0.759148
v 0.389329 0.471376 0.758339
v 0.418468 0.467779 0.735917
v 0.428339 0.505572 0.735005
v 0.401598 0.518353 0.757205
v 0.427542 0.559179 0.755853
v 0.449211 0.538418 0.733917
v 0.478992 0.563021 0.732763
v 0.464559 0.589760 0.754419
v 0.509115 0.607176 0.753040
v 0.514838 0.577033 0.731654
v 0.553155 0.579048 0.730700
v 0.556742 0.609681 0.751854
v 0.602891 0.597034 0.750975
v 0.590283 0.568874 0.729992
v 0.660967 0.590714 0.775906
v 0.676153 0.607659 0.805228
v 0.715690 0.557931 0.805171
v 0.696227 0.546365 0.775855
v 0.716326 0.493175 0.776326
v 0.738227 0.498289 0.805699
v 0.741612 0.434430 0.806761
v 0.719345 0.436224 0.777273
v 0.704980 0.381222 0.778601
v 0.725505 0.372756 0.808250
v 0.691445 0.319157 0.810025
v 0.674604 0.333421 0.780184
v 0.631263 0.297615 0.781863
v 0.642846 0.279008 0.811908
v 0.584350 0.256143 0.813719
v 0.579095 0.277224 0.783478
v 0.523331 0.274291 0.784866
v 0.521822 0.252855 0.815275
v 0.461234 0.269457 0.816430
v 0.469298 0.289098 0.785896
v 0.422412 0.320159 0.786463
v 0.408661 0.304285 0.817066
v 0.369124 0.354014 0.817123
v 0.387152 0.364507 0.786514
v 0.367053 0.417697 0.786043
v 0.346587 0.413655 0.816595
v 0.343202 0.477515 0.815533
v 0.364034 0.474648 0.785096
v 0.378399 0.529651 0.783768
v 0.359309 0.539189 0.814044
v 0.393370 0.592788 0.812268
v 0.408775 0.577451 0.782185
v 0.452116 0.613256 0.780506
v 0.441968 0.632936 0.810386
v 0.500464 0.655802 0.808575
v 0.504284 0.633648 0.778891
v 0.560048 0.636581 0.777503
v 0.562992 0.659090 0.807019
v 0.623580 0.642488 0.805864
v 0.614081 0.621774 0.776473
v 0.688118 0.620923 0.837730
v 0.696568 0.630180 0.872616
v 0.741657 0.573469 0.872551
v 0.730958 0.567040 0.837668
v 0.755378 0.502416 0.838240
v 0.767359 0.505453 0.873153
v 0.771219 0.432626 0.874364
v 0.759046 0.433221 0.839390
v 0.741593 0.366394 0.841005
v 0.752850 0.362291 0.876063
v 0.714007 0.301166 0.878087
v 0.704687 0.308317 0.842928
v 0.652028 0.264813 0.844968
v 0.658584 0.255379 0.880234
v 0.591874 0.229304 0.882299
v 0.588644 0.240038 0.846930
v 0.520893 0.236475 0.848617
v 0.520566 0.225553 0.884074
v 0.451470 0.244487 0.885391
v 0.455243 0.254465 0.849867
v 0.398278 0.292203 0.850556
v 0.391515 0.284206 0.886116
v 0.346426 0.340918 0.886181
v 0.355437 0.346086 0.850618
v 0.331017 0.410710 0.850047
v 0.320724 0.408934 0.885579
v 0.316864 0.481761 0.884368
v 0.327349 0.479906 0.848896
v 0.344802 0.546732 0.847282
v 0.335233 0.552095 0.882670
v 0.374076 0.613221 0.880645
v 0.381709 0.604809 0.845358
v 0.434367 0.648312 0.843318
v 0.429499 0.659007 0.878498
v 0.496209 0.685083 0.876433
v 0.497751 0.673088 0.841357
v 0.565502 0.676651 0.839670
v 0.567517 0.688833 0.874658
v 0.636613 0.669899 0.873342
v 0.631152 0.658661 0.838419
v 0.701294 0.635202 0.909023
v 0.702182 0.635865 0.946058
v 0.748409 0.577722 0.945991
v 0.747522 0.577059 0.908956
v 0.773873 0.507325 0.909573
v 0.774760 0.507988 0.946608
v 0.778717 0.433323 0.947850
v 0.777830 0.432660 0.910814
v 0.758998 0.360550 0.912556
v 0.759885 0.361213 0.949591
v 0.720061 0.298545 0.951667
v 0.719174 0.297882 0.914631
v 0.662352 0.250939 0.916833
v 0.663239 0.251603 0.953868
v 0.594844 0.224868 0.955985
v 0.593958 0.224205 0.918950
v 0.520850 0.220361 0.920770
v 0.521737 0.221023 0.957805
v 0.450897 0.240435 0.959155
v 0.450009 0.239772 0.922119
v 0.388541 0.280494 0.922863
v 0.389428 0.281157 0.959898
v 0.343200 0.339300 0.959965
v 0.342313 0.338637 0.922930
v 0.315963 0.408370 0.922313
v 0.316850 0.409033 0.959348
v 0.312892 0.483699 0.958107
v 0.312005 0.483036 0.921071
v 0.330837 0.555146 0.919330
v 0.331725 0.555808 0.956365
v 0.371549 0.618477 0.954290
v 0.370661 0.617814 0.917254
v 0.427483 0.664756 0.915053
v 0.428371 0.665419 0.952088
v 0.496765 0.692153 0.949971
v 0.495878 0.691490 0.912936
v 0.568986 0.695335 0.911116
v 0.569873 0.695998 0.948151
v 0.640713 0.676586 0.946802
v 0.639826 0.675924 0.909766
v 0.699208 0.632152 0.982805
v 0.692445 0.624156 1.018364
v 0.735285 0.570273 1.018303
v 0.744297 0.575441 0.982740
v 0.769998 0.507425 0.983342
v 0.759705 0.505648 1.018874
v 0.763373 0.436453 1.020025
v 0.773859 0.434598 0.984553
v 0.755490 0.364264 0.986251
v 0.745920 0.369627 1.021639
v 0.709014 0.311550 1.023563
v 0.716646 0.303138 0.988276
v 0.661223 0.257352 0.990423
v 0.656355 0.268046 1.025603
v 0.592971 0.243271 1.027564
v 0.594513 0.231276 0.992488
v 0.523205 0.227526 0.994263
v 0.525220 0.239708 1.029251
v 0.459570 0.257697 1.030502
v 0.454110 0.246459 0.995579
v 0.394155 0.286179 0.996305
v 0.402605 0.295436 1.031191
v 0.359764 0.349319 1.031253
v 0.349065 0.342890 0.996370
v 0.323363 0.410906 0.995768
v 0.335344 0.413943 1.030681
v 0.331676 0.483138 1.029531
v 0.319503 0.483733 0.994557
v 0.337872 0.554067 0.992858
v 0.349129 0.549965 1.027916
v 0.386036 0.608042 1.025993
v 0.376716 0.615193 0.990834
v 0.432138 0.660979 0.988687
v 0.438694 0.651545 1.023953
v 0.502078 0.676320 1.021991
v 0.498848 0.687055 0.986622
v 0.570156 0.690805 0.984847
v 0.569829 0.679883 1.020304
v 0.635480 0.661894 1.019054
v 0.639252 0.671871 0.983531
v 0.682061 0.612073 1.051855
v 0.668020 0.595868 1.082788
v 0.703192 0.551630 1.082737
v 0.721598 0.562345 1.051798
v 0.744135 0.502703 1.052326
v 0.723241 0.498573 1.083207
v 0.726252 0.441764 1.084151
v 0.747520 0.438844 1.053388
v 0.731413 0.377170 1.054877
v 0.711923 0.386899 1.085477
v 0.681623 0.339218 1.087056
v 0.697353 0.323571 1.056653
v 0.648754 0.283422 1.058535
v 0.638390 0.303502 1.088731
v 0.586352 0.283162 1.090341
v 0.590258 0.260557 1.060346
v 0.527730 0.257269 1.061903
v 0.530728 0.280236 1.091726
v 0.476830 0.295006 1.092753
v 0.467142 0.273871 1.063057
v 0.414569 0.308700 1.063693
v 0.430061 0.325989 1.093319
v 0.394889 0.370227 1.093369
v 0.375032 0.358428 1.063750
v 0.352495 0.418069 1.063222
v 0.374840 0.423283 1.092900
v 0.371829 0.480092 1.091955
v 0.349110 0.481929 1.062160
v 0.365217 0.543603 1.060671
v 0.386158 0.534957 1.090630
v 0.416458 0.582638 1.089051
v 0.399278 0.597202 1.058896
v 0.447877 0.637351 1.057013
v 0.459691 0.618354 1.087376
v 0.511729 0.638695 1.085766
v 0.506373 0.660216 1.055202
v 0.568900 0.663504 1.053646
v 0.567353 0.641620 1.084381
v 0.621251 0.626851 1.083354
v 0.629488 0.646902 1.052491
v 0.650081 0.575268 1.111065
v 0.630648 0.553009 1.135562
v 0.654410 0.523121 1.135528
v 0.679755 0.537944 1.111022
v 0.696670 0.493180 1.111418
v 0.667956 0.487275 1.135845
v 0.669990 0.448894 1.136483
v 0.699211 0.445251 1.112215
v 0.687122 0.398962 1.113333
v 0.660309 0.411827 1.137378
v 0.639838 0.379613 1.138445
v 0.661558 0.358733 1.114666
v 0.625082 0.328600 1.116079
v 0.610629 0.355483 1.139577
v 0.575472 0.341741 1.140665
v 0.581178 0.311438 1.117438
v 0.534248 0.308970 1.118606
v 0.537892 0.339764 1.141601
v 0.501477 0.349743 1.142295
v 0.488774 0.321431 1.119472
v 0.449316 0.347571 1.119950
v 0.469880 0.370675 1.142677
v 0.446117 0.400563 1.142711
v 0.419641 0.384895 1.119993
v 0.402726 0.429659 1.119597
v 0.432572 0.436409 1.142394
v 0.430537 0.474790 1.141756
v 0.400185 0.477588 1.118800
v 0.412274 0.523878 1.117682
v 0.440218 0.511857 1.140860
v 0.460689 0.544071 1.139794
v 0.437839 0.564106 1.116349
v 0.474314 0.594240 1.114936
v 0.489898 0.568201 1.138662
v 0.525055 0.581944 1.137574
v 0.518218 0.611401 1.113577
v 0.565148 0.613869 1.112409
v 0.562636 0.583920 1.136638
v 0.599050 0.573941 1.135944
v 0.610622 0.601408 1.111543
v 0.618756 0.502257 1.166951
v 0.633711 0.511010 1.154101
v 0.614769 0.534835 1.154128
v 0.603293 0.521705 1.166973
v 0.628893 0.453957 1.167572
v 0.646130 0.451840 1.154862
v 0.644508 0.482436 1.154354
v 0.627570 0.478932 1.167157
v 0.609274 0.408875 1.168849
v 0.622095 0.396613 1.156427
v 0.638414 0.422292 1.155576
v 0.622594 0.429837 1.168155
v 0.567390 0.384231 1.170293
v 0.570786 0.366423 1.158196
v 0.598812 0.377378 1.157329
v 0.590267 0.393173 1.169585
v 0.519240 0.389438 1.171354
v 0.511801 0.372802 1.159495
v 0.540829 0.364848 1.158942
v 0.542936 0.382945 1.170902
v 0.483217 0.422507 1.171625
v 0.467672 0.413313 1.159827
v 0.486614 0.389488 1.159800
v 0.498680 0.403059 1.171602
v 0.473079 0.470807 1.171003
v 0.455252 0.472483 1.159065
v 0.456874 0.441887 1.159574
v 0.474403 0.445832 1.171419
v 0.492699 0.515889 1.169726
v 0.479288 0.527710 1.157501
v 0.462969 0.502031 1.158352
v 0.479379 0.494927 1.170421
v 0.534583 0.540533 1.168282
v 0.530596 0.557900 1.155732
v 0.502571 0.546945 1.156599
v 0.511706 0.531591 1.168990
v 0.582732 0.535326 1.167222
v 0.589581 0.551521 1.154433
v 0.560553 0.559475 1.154986
v 0.559037 0.541819 1.167673
v 0.591660 0.486376 1.184179
v 0.605188 0.494309 1.176649
v 0.592872 0.509800 1.176667
v 0.582469 0.497936 1.184192
v 0.597686 0.457665 1.184548
v 0.613263 0.455836 1.177144
v 0.612209 0.475730 1.176813
v 0.596899 0.472511 1.184301
v 0.597635 0.419927 1.178161
v 0.608246 0.436624 1.177608
v 0.593942 0.443328 1.184895
v 0.586024 0.430868 1.185307
v 0.561127 0.416219 1.186166
v 0.564273 0.400297 1.179311
v 0.582496 0.407420 1.178748
v 0.574726 0.421534 1.185745
v 0.532506 0.419314 1.186796
v 0.525921 0.404444 1.180156
v 0.544795 0.399273 1.179796
v 0.546591 0.415454 1.186528
v 0.511093 0.438971 1.186957
v 0.497227 0.430785 1.180372
v 0.509543 0.415294 1.180354
v 0.520284 0.427411 1.186944
v 0.505067 0.467682 1.186588
v 0.489151 0.469258 1.179877
v 0.490206 0.449365 1.180208
v 0.505854 0.452836 1.186834
v 0.516729 0.494479 1.185829
v 0.504780 0.505168 1.178860
v 0.494169 0.488471 1.179413
v 0.508811 0.482019 1.186241
v 0.538141 0.524797 1.177709
v 0.519919 0.517675 1.178273
v 0.528027 0.503813 1.185391
v 0.541626 0.509128 1.184970
v 0.570247 0.506033 1.184340
v 0.576494 0.520650 1.176865
v 0.557620 0.525822 1.177224
v 0.556162 0.509893 1.184608
v 0.552619 0.464626 0.695753
v 0.561838 0.478807 0.697513
v 0.568143 0.470877 0.697504
v 0.556335 0.454793 0.695840
v 0.571966 0.460758 0.697593
v 0.572506 0.450575 0.697763
v 0.553679 0.444625 0.696086
v 0.569773 0.440111 0.698015
v 0.564342 0.431564 0.698298
v 0.545667 0.438006 0.696396
v 0.556097 0.424752 0.698618
v 0.546768 0.421106 0.698907
v 0.535358 0.437464 0.696653
v 0.536160 0.420548 0.699171
v 0.526498 0.423196 0.699355
v 0.526691 0.443206 0.696758
v 0.517579 0.429105 0.699463
v 0.511274 0.437035 0.699472
v 0.522975 0.453039 0.696671
v 0.507451 0.447154 0.699382
v 0.506911 0.457337 0.699213
v 0.525631 0.463207 0.696425
v 0.509643 0.467800 0.698960
v 0.515075 0.476348 0.698677
v 0.533643 0.469826 0.696115
v 0.523320 0.483159 0.698358
v 0.532648 0.486805 0.698069
v 0.543951 0.470368 0.695858
v 0.543257 0.487363 0.697805
v 0.552918 0.484716 0.697621
v 0.563154 0.469711 1.192308
v 0.560583 0.472944 1.192311
v 0.557059 0.467354 1.192868
v 0.564936 0.461424 1.192413
v 0.564716 0.465576 1.192344
v 0.558636 0.463180 1.192905
v 0.561605 0.453662 1.192632
v 0.563819 0.457147 1.192517
v 0.557509 0.458864 1.193009
v 0.554432 0.449392 1.192880
v 0.558235 0.450879 1.192763
v 0.554108 0.456055 1.193141
v 0.546157 0.450244 1.193063
v 0.550096 0.449164 1.192988
v 0.549733 0.455825 1.193250
v 0.539941 0.455892 1.193111
v 0.542512 0.452658 1.193107
v 0.546054 0.458262 1.193294
v 0.538159 0.464179 1.193005
v 0.538379 0.460027 1.193075
v 0.544477 0.462436 1.193257
v 0.541490 0.471940 1.192787
v 0.539275 0.468455 1.192902
v 0.545604 0.466751 1.193153
v 0.548663 0.476211 1.192539
v 0.544860 0.474724 1.192656
v 0.549005 0.469561 1.193022
v 0.556937 0.475359 1.192356
v 0.552998 0.476439 1.192431
v 0.553380 0.469791 1.192913
v 0.573245 0.460452 1.191408
v 0.584073 0.459226 1.189196
v 0.583519 0.469675 1.189022
v 0.572877 0.467386 1.191293
v 0.570411 0.473913 1.191235
v 0.579832 0.479433 1.188936
v 0.573363 0.487569 1.188946
v 0.566118 0.479313 1.191241
v 0.560364 0.483125 1.191311
v 0.564761 0.493267 1.189050
v 0.554848 0.495984 1.189239
v 0.553786 0.484928 1.191436
v 0.544618 0.495446 1.189493
v 0.535048 0.491705 1.189790
v 0.540590 0.482085 1.191803
v 0.546942 0.484568 1.191607
v 0.535272 0.477691 1.192009
v 0.527096 0.485136 1.190097
v 0.521524 0.476366 1.190388
v 0.531573 0.471871 1.192202
v 0.529810 0.465121 1.192365
v 0.518888 0.466276 1.190632
v 0.519442 0.455828 1.190805
v 0.530178 0.458187 1.192480
v 0.532645 0.451660 1.192538
v 0.523129 0.446070 1.190892
v 0.529598 0.437934 1.190882
v 0.536938 0.446260 1.192532
v 0.542692 0.442448 1.192462
v 0.538200 0.432235 1.190778
v 0.548113 0.429519 1.190589
v 0.549270 0.440646 1.192337
v 0.556113 0.441006 1.192166
v 0.558343 0.430057 1.190335
v 0.567914 0.433798 1.190038
v 0.562465 0.443488 1.191970
v 0.567784 0.447882 1.191764
v 0.575865 0.440367 1.189730
v 0.581438 0.449136 1.189440
v 0.571482 0.453702 1.191571
vn 0.1743 0.1396 -0.9748
vn 0.1413 0.1707 -0.9751
vn 0.1741 0.2007 -0.9641
vn 0.2083 0.1667 -0.9638
vn 0.1136 0.1891 -0.9754
vn 0.1384 0.2263 -0.9642
vn 0.1643 0.2653 -0.9501
vn 0.2071 0.2335 -0.9500
vn 0.2445 0.1954 -0.9498
vn 0.1941 0.3098 -0.9308
vn 0.2439 0.2723 -0.9308
vn 0.2300 0.3636 -0.9027
vn 0.2880 0.3197 -0.9027
vn 0.3368 0.2688 -0.9024
vn 0.2862 0.2286 -0.9305
vn 0.3770 0.2111 -0.9018
vn 0.3207 0.1787 -0.9302
vn 0.4082 0.1463 -0.9011
vn 0.3475 0.1231 -0.9296
vn 0.2971 0.1038 -0.9492
vn 0.2745 0.1516 -0.9496
vn 0.2530 0.0870 -0.9635
vn 0.2350 0.1267 -0.9637
vn 0.2109 0.0710 -0.9749
vn 0.1984 0.1014 -0.9749
vn 0.2303 -0.0040 -0.9731
vn 0.2222 0.0402 -0.9742
vn 0.2666 0.0457 -0.9627
vn 0.2739 -0.0015 -0.9618
vn 0.3127 0.0536 -0.9483
vn 0.3201 0.0012 -0.9474
vn 0.3654 0.0641 -0.9286
vn 0.4288 0.0775 -0.9000
vn 0.4381 0.0083 -0.8989
vn 0.3734 0.0044 -0.9276
vn 0.4362 -0.0615 -0.8977
vn 0.3717 -0.0559 -0.9267
vn 0.4230 -0.1321 -0.8965
vn 0.3603 -0.1164 -0.9256
vn 0.3081 -0.1033 -0.9457
vn 0.3183 -0.0516 -0.9466
vn 0.2626 -0.0917 -0.9605
vn 0.2716 -0.0492 -0.9612
vn 0.2189 -0.0806 -0.9724
vn 0.2270 -0.0488 -0.9727
vn 0.1897 -0.1526 -0.9699
vn 0.2097 -0.1122 -0.9713
vn 0.2488 -0.1330 -0.9594
vn 0.2265 -0.1756 -0.9581
vn 0.2907 -0.1530 -0.9445
vn 0.2654 -0.1998 -0.9432
vn 0.3395 -0.1746 -0.9243
vn 0.3988 -0.1998 -0.8950
vn 0.3650 -0.2615 -0.8935
vn 0.3104 -0.2277 -0.9229
vn 0.3217 -0.3172 -0.8921
vn 0.2729 -0.2757 -0.9217
vn 0.2687 -0.3670 -0.8906
vn 0.2273 -0.3183 -0.9203
vn 0.1931 -0.2778 -0.9410
vn 0.2323 -0.2417 -0.9421
vn 0.1632 -0.2423 -0.9564
vn 0.1960 -0.2130 -0.9572
vn 0.1346 -0.2082 -0.9688
vn 0.1603 -0.1871 -0.9692
vn 0.0678 -0.2498 -0.9659
vn 0.1083 -0.2285 -0.9675
vn 0.1273 -0.2679 -0.9550
vn 0.0837 -0.2895 -0.9535
vn 0.1491 -0.3081 -0.9396
vn 0.1006 -0.3315 -0.9381
vn 0.1757 -0.3536 -0.9188
vn 0.2084 -0.4081 -0.8888
vn 0.1440 -0.4385 -0.8871
vn 0.1201 -0.3799 -0.9172
vn 0.0754 -0.4586 -0.8854
vn 0.0610 -0.3971 -0.9157
vn 0.0026 -0.4682 -0.8836
vn -0.0015 -0.4051 -0.9143
vn -0.0047 -0.3528 -0.9357
vn 0.0486 -0.3463 -0.9369
vn -0.0075 -0.3070 -0.9517
vn 0.0366 -0.3022 -0.9525
vn -0.0102 -0.2631 -0.9647
vn 0.0233 -0.2607 -0.9651
vn -0.0891 -0.2581 -0.9620
vn -0.0437 -0.2643 -0.9635
vn -0.0519 -0.3069 -0.9503
vn -0.1001 -0.2992 -0.9489
vn -0.0585 -0.3519 -0.9342
vn -0.1117 -0.3427 -0.9328
vn -0.0644 -0.4037 -0.9126
vn -0.0708 -0.4663 -0.8818
vn -0.1411 -0.4535 -0.8800
vn -0.1250 -0.3928 -0.9111
vn -0.2084 -0.4300 -0.8785
vn -0.1830 -0.3724 -0.9098
vn -0.2726 -0.3954 -0.8771
vn -0.2382 -0.3428 -0.9087
vn -0.2094 -0.2989 -0.9310
vn -0.1624 -0.3245 -0.9318
vn -0.1842 -0.2605 -0.9477
vn -0.1457 -0.2822 -0.9482
vn -0.1600 -0.2238 -0.9614
vn -0.1316 -0.2412 -0.9615
vn -0.2206 -0.1742 -0.9597
vn -0.1876 -0.2054 -0.9605
vn -0.2199 -0.2349 -0.9468
vn -0.2541 -0.2009 -0.9461
vn -0.2522 -0.2672 -0.9301
vn -0.2895 -0.2290 -0.9294
vn -0.2880 -0.3052 -0.9077
vn -0.3305 -0.3515 -0.8759
vn -0.3794 -0.3006 -0.8750
vn -0.3302 -0.2614 -0.9070
vn -0.4195 -0.2429 -0.8746
vn -0.3648 -0.2116 -0.9067
vn -0.4508 -0.1780 -0.8747
vn -0.3915 -0.1559 -0.9069
vn -0.3421 -0.1374 -0.9296
vn -0.3195 -0.1852 -0.9293
vn -0.2988 -0.1212 -0.9466
vn -0.2807 -0.1608 -0.9462
vn -0.2572 -0.1056 -0.9606
vn -0.2448 -0.1360 -0.9600
vn -0.2765 -0.0306 -0.9605
vn -0.2686 -0.0748 -0.9603
vn -0.3123 -0.0799 -0.9466
vn -0.3196 -0.0327 -0.9470
vn -0.3577 -0.0872 -0.9298
vn -0.3651 -0.0348 -0.9303
vn -0.4094 -0.0969 -0.9072
vn -0.4714 -0.1093 -0.8751
vn -0.4806 -0.0400 -0.8760
vn -0.4174 -0.0372 -0.9080
vn -0.4787 0.0298 -0.8775
vn -0.4157 0.0230 -0.9092
vn -0.4655 0.1003 -0.8793
vn -0.4042 0.0835 -0.9108
vn -0.3531 0.0696 -0.9330
vn -0.3633 0.0180 -0.9315
vn -0.3083 0.0575 -0.9496
vn -0.3173 0.0150 -0.9482
vn -0.2653 0.0460 -0.9631
vn -0.2733 0.0142 -0.9618
vn -0.2361 0.1180 -0.9645
vn -0.2561 0.0775 -0.9635
vn -0.2945 0.0989 -0.9505
vn -0.2722 0.1414 -0.9518
vn -0.3357 0.1194 -0.9344
vn -0.3104 0.1662 -0.9360
vn -0.3835 0.1417 -0.9126
vn -0.4413 0.1680 -0.8815
vn -0.4075 0.2296 -0.8839
vn -0.3544 0.1948 -0.9146
vn -0.3643 0.2854 -0.8865
vn -0.3170 0.2428 -0.9168
vn -0.3114 0.3351 -0.8893
vn -0.2714 0.2854 -0.9192
vn -0.2382 0.2441 -0.9400
vn -0.2774 0.2081 -0.9380
vn -0.2090 0.2081 -0.9555
vn -0.2418 0.1788 -0.9537
vn -0.1810 0.1736 -0.9680
vn -0.2066 0.1524 -0.9665
vn -0.1142 0.2152 -0.9699
vn -0.1547 0.1939 -0.9687
vn -0.1731 0.2337 -0.9568
vn -0.1295 0.2553 -0.9581
vn -0.1942 0.2745 -0.9418
vn -0.1456 0.2978 -0.9434
vn -0.2197 0.3206 -0.9214
vn -0.2511 0.3761 -0.8919
vn -0.1866 0.4066 -0.8943
vn -0.1642 0.3469 -0.9234
vn -0.1181 0.4267 -0.8966
vn -0.1051 0.3641 -0.9254
vn -0.0453 0.4363 -0.8987
vn -0.0427 0.3722 -0.9272
vn -0.0404 0.3191 -0.9469
vn -0.0937 0.3126 -0.9453
vn -0.0383 0.2727 -0.9613
vn -0.0824 0.2680 -0.9599
vn -0.0362 0.2284 -0.9729
vn -0.0697 0.2261 -0.9716
vn 0.0427 0.2235 -0.9738
vn -0.0027 0.2296 -0.9733
vn 0.0061 0.2727 -0.9621
vn 0.0543 0.2650 -0.9627
vn 0.0134 0.3182 -0.9479
vn 0.0666 0.3090 -0.9487
vn 0.0203 0.3707 -0.9285
vn 0.0281 0.4344 -0.9003
vn 0.0984 0.4216 -0.9014
vn 0.0809 0.3598 -0.9295
vn 0.1657 0.3981 -0.9023
vn 0.1389 0.3395 -0.9303
vn 0.1174 0.2909 -0.9495
vn 0.1000 0.2480 -0.9636
vn 0.0852 0.2065 -0.9747
vn 0.3349 0.3703 -0.8665
vn 0.3909 0.3118 -0.8660
vn 0.2684 0.4208 -0.8665
vn 0.3049 0.4753 -0.8253
vn 0.3796 0.4185 -0.8251
vn 0.4424 0.3527 -0.8245
vn 0.3398 0.5271 -0.7789
vn 0.4220 0.4642 -0.7787
vn 0.3728 0.5760 -0.7274
vn 0.4623 0.5075 -0.7272
vn 0.5375 0.4282 -0.7264
vn 0.4913 0.3915 -0.7780
vn 0.5993 0.3386 -0.7254
vn 0.5481 0.3092 -0.7772
vn 0.6473 0.2382 -0.7241
vn 0.5923 0.2169 -0.7760
vn 0.5341 0.1945 -0.8227
vn 0.4941 0.2782 -0.8237
vn 0.4728 0.1710 -0.8644
vn 0.4370 0.2454 -0.8653
vn 0.4964 0.0920 -0.8632
vn 0.5070 0.0125 -0.8619
vn 0.5606 0.1059 -0.8213
vn 0.5724 0.0167 -0.8198
vn 0.6215 0.1192 -0.7743
vn 0.6789 0.1318 -0.7223
vn 0.6929 0.0247 -0.7206
vn 0.6345 0.0208 -0.7727
vn 0.6902 -0.0832 -0.7188
vn 0.6319 -0.0784 -0.7710
vn 0.6701 -0.1923 -0.7169
vn 0.6133 -0.1787 -0.7693
vn 0.5531 -0.1642 -0.8168
vn 0.5701 -0.0732 -0.8183
vn 0.4898 -0.1486 -0.8591
vn 0.5049 -0.0676 -0.8605
vn 0.4620 -0.2264 -0.8575
vn 0.4232 -0.2972 -0.8559
vn 0.5221 -0.2515 -0.8149
vn 0.4787 -0.3311 -0.8132
vn 0.5791 -0.2751 -0.7674
vn 0.6329 -0.2972 -0.7149
vn 0.5811 -0.3928 -0.7128
vn 0.5313 -0.3629 -0.7655
vn 0.5146 -0.4796 -0.7108
vn 0.4701 -0.4426 -0.7636
vn 0.4329 -0.5572 -0.7086
vn 0.3949 -0.5137 -0.7616
vn 0.3549 -0.4675 -0.8096
vn 0.4231 -0.4031 -0.8114
vn 0.3128 -0.4186 -0.8526
vn 0.3737 -0.3613 -0.8543
vn 0.2436 -0.4658 -0.8507
vn 0.1696 -0.5009 -0.8487
vn 0.2772 -0.5207 -0.8075
vn 0.1941 -0.5602 -0.8053
vn 0.3092 -0.5725 -0.7593
vn 0.3396 -0.6213 -0.7061
vn 0.2397 -0.6690 -0.7035
vn 0.2175 -0.6162 -0.7570
vn 0.1333 -0.7006 -0.7010
vn 0.1198 -0.6452 -0.7546
vn 0.0202 -0.7155 -0.6984
vn 0.0159 -0.6588 -0.7521
vn 0.0115 -0.5986 -0.8010
vn 0.1056 -0.5863 -0.8032
vn 0.0071 -0.5351 -0.8448
vn 0.0908 -0.5241 -0.8468
vn -0.0773 -0.5329 -0.8426
vn -0.1580 -0.5182 -0.8406
vn -0.0833 -0.5962 -0.7985
vn -0.1740 -0.5795 -0.7962
vn -0.0888 -0.6561 -0.7494
vn -0.0938 -0.7126 -0.6953
vn -0.2029 -0.6923 -0.6925
vn -0.1890 -0.6376 -0.7468
vn -0.3073 -0.6554 -0.6900
vn -0.2848 -0.6038 -0.7445
vn -0.4067 -0.6014 -0.6877
vn -0.3762 -0.5543 -0.7424
vn -0.3437 -0.5042 -0.7922
vn -0.2608 -0.5489 -0.7941
vn -0.3092 -0.4513 -0.8371
vn -0.2353 -0.4910 -0.8388
vn -0.3756 -0.4008 -0.8356
vn -0.4317 -0.3422 -0.8346
vn -0.4182 -0.4474 -0.7905
vn -0.4811 -0.3816 -0.7893
vn -0.4584 -0.4914 -0.7405
vn -0.4961 -0.5327 -0.6856
vn -0.5713 -0.4534 -0.6841
vn -0.5277 -0.4187 -0.7391
vn -0.6330 -0.3638 -0.6834
vn -0.5844 -0.3363 -0.7385
vn -0.6809 -0.2633 -0.6834
vn -0.6286 -0.2440 -0.7385
vn -0.5728 -0.2234 -0.7887
vn -0.5327 -0.3070 -0.7887
vn -0.5135 -0.2014 -0.8341
vn -0.4777 -0.2759 -0.8341
vn -0.5371 -0.1224 -0.8346
vn -0.5477 -0.0429 -0.8356
vn -0.5992 -0.1347 -0.7892
vn -0.6110 -0.0455 -0.7903
vn -0.6577 -0.1463 -0.7389
vn -0.7125 -0.1569 -0.6839
vn -0.7266 -0.0499 -0.6853
vn -0.6707 -0.0479 -0.7402
vn -0.7239 0.0580 -0.6875
vn -0.6681 0.0514 -0.7423
vn -0.7038 0.1671 -0.6905
vn -0.6496 0.1516 -0.7450
vn -0.5918 0.1353 -0.7947
vn -0.6087 0.0444 -0.7922
vn -0.5305 0.1182 -0.8394
vn -0.5455 0.0372 -0.8373
vn -0.5027 0.1960 -0.8420
vn -0.4640 0.2668 -0.8447
vn -0.5607 0.2227 -0.7975
vn -0.5173 0.3022 -0.8007
vn -0.6154 0.2480 -0.7482
vn -0.6667 0.2720 -0.6939
vn -0.6148 0.3676 -0.6978
vn -0.5676 0.3358 -0.7517
vn -0.5484 0.4543 -0.7020
vn -0.5065 0.4154 -0.7556
vn -0.4668 0.5319 -0.7065
vn -0.4314 0.4865 -0.7597
vn -0.3937 0.4386 -0.8079
vn -0.4618 0.3742 -0.8042
vn -0.3537 0.3881 -0.8511
vn -0.4144 0.3309 -0.8478
vn -0.2845 0.4354 -0.8541
vn -0.2104 0.4704 -0.8570
vn -0.3160 0.4917 -0.8114
vn -0.2329 0.5312 -0.8146
vn -0.3457 0.5453 -0.7636
vn -0.3736 0.5960 -0.7108
vn -0.2737 0.6436 -0.7147
vn -0.2540 0.5890 -0.7672
vn -0.1674 0.6752 -0.7184
vn -0.1563 0.6178 -0.7706
vn -0.0543 0.6901 -0.7217
vn -0.0525 0.6315 -0.7736
vn -0.0504 0.5697 -0.8203
vn -0.1444 0.5573 -0.8177
vn -0.0480 0.5046 -0.8620
vn -0.1317 0.4936 -0.8597
vn 0.0364 0.5024 -0.8638
vn 0.1172 0.4876 -0.8652
vn 0.0444 0.5672 -0.8224
vn 0.1352 0.5505 -0.8238
vn 0.0522 0.6288 -0.7758
vn 0.0598 0.6871 -0.7241
vn 0.1689 0.6669 -0.7258
vn 0.1524 0.6103 -0.7774
vn 0.2733 0.6300 -0.7269
vn 0.2483 0.5766 -0.7784
vn 0.2221 0.5200 -0.8248
vn 0.1945 0.4605 -0.8661
vn 0.4997 0.5476 -0.6711
vn 0.5805 0.4623 -0.6704
vn 0.4036 0.6215 -0.6714
vn 0.4318 0.6630 -0.6116
vn 0.5338 0.5842 -0.6114
vn 0.6197 0.4934 -0.6104
vn 0.4574 0.7004 -0.5479
vn 0.5648 0.6173 -0.5477
vn 0.4804 0.7339 -0.4802
vn 0.5925 0.6468 -0.4801
vn 0.6866 0.5465 -0.4796
vn 0.6550 0.5214 -0.5468
vn 0.7638 0.4334 -0.4784
vn 0.7289 0.4133 -0.5459
vn 0.8235 0.3070 -0.4770
vn 0.7863 0.2923 -0.5443
vn 0.7445 0.2760 -0.6079
vn 0.6899 0.3907 -0.6094
vn 0.6981 0.2579 -0.6679
vn 0.6467 0.3658 -0.6693
vn 0.7320 0.1436 -0.6660
vn 0.7471 0.0286 -0.6640
vn 0.7804 0.1544 -0.6060
vn 0.7964 0.0322 -0.6039
vn 0.8240 0.1643 -0.5422
vn 0.8628 0.1732 -0.4749
vn 0.8804 0.0388 -0.4726
vn 0.8409 0.0356 -0.5400
vn 0.8772 -0.0967 -0.4704
vn 0.8376 -0.0942 -0.5380
vn 0.8522 -0.2339 -0.4680
vn 0.8138 -0.2255 -0.5356
vn 0.7706 -0.2157 -0.5997
vn 0.7934 -0.0911 -0.6019
vn 0.7227 -0.2047 -0.6602
vn 0.7442 -0.0874 -0.6622
vn 0.6829 -0.3174 -0.6579
vn 0.6272 -0.4203 -0.6557
vn 0.7284 -0.3356 -0.5973
vn 0.6693 -0.4451 -0.5949
vn 0.7695 -0.3518 -0.5331
vn 0.8061 -0.3659 -0.4651
vn 0.7414 -0.4865 -0.4623
vn 0.7074 -0.4671 -0.5305
vn 0.6584 -0.5962 -0.4594
vn 0.6278 -0.5720 -0.5279
vn 0.5561 -0.6946 -0.4565
vn 0.5298 -0.6660 -0.5252
vn 0.5006 -0.6336 -0.5900
vn 0.5937 -0.5445 -0.5926
vn 0.4682 -0.5973 -0.6511
vn 0.5559 -0.5137 -0.6535
vn 0.3680 -0.6664 -0.6484
vn 0.2606 -0.7178 -0.6457
vn 0.3940 -0.7072 -0.5871
vn 0.2798 -0.7619 -0.5841
vn 0.4176 -0.7437 -0.5220
vn 0.4389 -0.7759 -0.4531
vn 0.3131 -0.8365 -0.4497
vn 0.2973 -0.8016 -0.5187
vn 0.1788 -0.8768 -0.4465
vn 0.1689 -0.8400 -0.5157
vn 0.0361 -0.8958 -0.4430
vn 0.0324 -0.8582 -0.5123
vn 0.0285 -0.8155 -0.5781
vn 0.1580 -0.7983 -0.5812
vn 0.0245 -0.7680 -0.6400
vn 0.1461 -0.7518 -0.6429
vn -0.0982 -0.7647 -0.6369
vn -0.2156 -0.7428 -0.6338
vn -0.1021 -0.8120 -0.5746
vn -0.2270 -0.7886 -0.5715
vn -0.1053 -0.8544 -0.5088
vn -0.1079 -0.8919 -0.4392
vn -0.2455 -0.8659 -0.4359
vn -0.2370 -0.8296 -0.5056
vn -0.3771 -0.8188 -0.4328
vn -0.3628 -0.7847 -0.5026
vn -0.5022 -0.7502 -0.4301
vn -0.4825 -0.7192 -0.4999
vn -0.4600 -0.6841 -0.5661
vn -0.3463 -0.7461 -0.5687
vn -0.4348 -0.6448 -0.6287
vn -0.3278 -0.7030 -0.6311
vn -0.5308 -0.5708 -0.6264
vn -0.6115 -0.4854 -0.6248
vn -0.5620 -0.6053 -0.5637
vn -0.6477 -0.5143 -0.5621
vn -0.5898 -0.6360 -0.4976
vn -0.6142 -0.6631 -0.4279
vn -0.7083 -0.5627 -0.4262
vn -0.6800 -0.5401 -0.4958
vn -0.7853 -0.4496 -0.4256
vn -0.7538 -0.4319 -0.4952
vn -0.8452 -0.3232 -0.4257
vn -0.8113 -0.3109 -0.4952
vn -0.7725 -0.2969 -0.5613
vn -0.7180 -0.4117 -0.5613
vn -0.7291 -0.2810 -0.6241
vn -0.6777 -0.3890 -0.6240
vn -0.7629 -0.1667 -0.6246
vn -0.7780 -0.0516 -0.6262
vn -0.8083 -0.1753 -0.5620
vn -0.8244 -0.0531 -0.5636
vn -0.8489 -0.1829 -0.4959
vn -0.8845 -0.1894 -0.4265
vn -0.9019 -0.0549 -0.4283
vn -0.8657 -0.0542 -0.4976
vn -0.8987 0.0806 -0.4311
vn -0.8626 0.0756 -0.5002
vn -0.8739 0.2177 -0.4346
vn -0.8386 0.2069 -0.5039
vn -0.7986 0.1948 -0.5694
vn -0.8213 0.0702 -0.5661
vn -0.7536 0.1815 -0.6318
vn -0.7751 0.0643 -0.6285
vn -0.7139 0.2943 -0.6354
vn -0.6583 0.3971 -0.6395
vn -0.7565 0.3147 -0.5733
vn -0.6974 0.4241 -0.5777
vn -0.7944 0.3332 -0.5078
vn -0.8278 0.3497 -0.4387
vn -0.7631 0.4703 -0.4433
vn -0.7324 0.4485 -0.5123
vn -0.6801 0.5799 -0.4486
vn -0.6529 0.5533 -0.5173
vn -0.5779 0.6783 -0.4539
vn -0.5549 0.6472 -0.5227
vn -0.5287 0.6125 -0.5876
vn -0.6218 0.5234 -0.5826
vn -0.4994 0.5740 -0.6489
vn -0.5870 0.4905 -0.6441
vn -0.3992 0.6431 -0.6535
vn -0.2918 0.6944 -0.6578
vn -0.4222 0.6861 -0.5925
vn -0.3080 0.7408 -0.5969
vn -0.4428 0.7249 -0.5277
vn -0.4607 0.7596 -0.4590
vn -0.3349 0.8201 -0.4639
vn -0.3224 0.7828 -0.5323
vn -0.2008 0.8604 -0.4685
vn -0.1941 0.8212 -0.5366
vn -0.0580 0.8795 -0.4723
vn -0.0576 0.8393 -0.5406
vn -0.0568 0.7944 -0.6048
vn -0.1863 0.7771 -0.6011
vn -0.0557 0.7446 -0.6652
vn -0.1774 0.7285 -0.6617
vn 0.0670 0.7413 -0.6678
vn 0.1844 0.7195 -0.6696
vn 0.0738 0.7909 -0.6075
vn 0.1987 0.7675 -0.6095
vn 0.0801 0.8356 -0.5435
vn 0.0860 0.8755 -0.4755
vn 0.2237 0.8495 -0.4778
vn 0.2118 0.8109 -0.5456
vn 0.3552 0.8025 -0.4794
vn 0.3376 0.7660 -0.5471
vn 0.3181 0.7250 -0.6109
vn 0.2967 0.6797 -0.6708
vn 0.6165 0.6723 -0.4097
vn 0.7139 0.5682 -0.4092
vn 0.5003 0.7628 -0.4097
vn 0.5171 0.7868 -0.3369
vn 0.6366 0.6936 -0.3372
vn 0.7368 0.5863 -0.3368
vn 0.5308 0.8060 -0.2620
vn 0.6528 0.7106 -0.2624
vn 0.5410 0.8204 -0.1851
vn 0.6653 0.7232 -0.1854
vn 0.7691 0.6116 -0.1854
vn 0.7552 0.6008 -0.2622
vn 0.8541 0.4862 -0.1849
vn 0.8390 0.4772 -0.2614
vn 0.9201 0.3460 -0.1837
vn 0.9039 0.3393 -0.2605
vn 0.8826 0.3306 -0.3344
vn 0.8187 0.4654 -0.3363
vn 0.8558 0.3198 -0.4066
vn 0.7938 0.4509 -0.4081
vn 0.8964 0.1811 -0.4046
vn 0.9146 0.0418 -0.4023
vn 0.9243 0.1879 -0.3323
vn 0.9429 0.0445 -0.3302
vn 0.9466 0.1934 -0.2580
vn 0.9631 0.1980 -0.1821
vn 0.9825 0.0491 -0.1798
vn 0.9656 0.0469 -0.2558
vn 0.9790 -0.1010 -0.1772
vn 0.9621 -0.1008 -0.2533
vn 0.9518 -0.2528 -0.1737
vn 0.9352 -0.2503 -0.2503
vn 0.9131 -0.2463 -0.3248
vn 0.9395 -0.1001 -0.3277
vn 0.8855 -0.2409 -0.3973
vn 0.9111 -0.0987 -0.4001
vn 0.8377 -0.3777 -0.3945
vn 0.7708 -0.5028 -0.3913
vn 0.8640 -0.3872 -0.3218
vn 0.7952 -0.5159 -0.3185
vn 0.8852 -0.3943 -0.2468
vn 0.9010 -0.3990 -0.1700
vn 0.8296 -0.5329 -0.1668
vn 0.8149 -0.5260 -0.2435
vn 0.7381 -0.6548 -0.1629
vn 0.7246 -0.6460 -0.2402
vn 0.6252 -0.7642 -0.1584
vn 0.6133 -0.7537 -0.2363
vn 0.5980 -0.7385 -0.3114
vn 0.7070 -0.6332 -0.3150
vn 0.5789 -0.7188 -0.3850
vn 0.6848 -0.6166 -0.3884
vn 0.4574 -0.8034 -0.3813
vn 0.3269 -0.8662 -0.3779
vn 0.4730 -0.8256 -0.3076
vn 0.3385 -0.8904 -0.3043
vn 0.4856 -0.8428 -0.2322
vn 0.4953 -0.8549 -0.1544
vn 0.3559 -0.9224 -0.1498
vn 0.3483 -0.9093 -0.2278
vn 0.2069 -0.9674 -0.1460
vn 0.2017 -0.9534 -0.2242
vn 0.0485 -0.9887 -0.1420
vn 0.0458 -0.9744 -0.2200
vn 0.0428 -0.9542 -0.2962
vn 0.1953 -0.9337 -0.3002
vn 0.0396 -0.9279 -0.3706
vn 0.1877 -0.9081 -0.3742
vn -0.1098 -0.9237 -0.3669
vn -0.2526 -0.8967 -0.3635
vn -0.1111 -0.9498 -0.2924
vn -0.2581 -0.9219 -0.2891
vn -0.1115 -0.9699 -0.2164
vn -0.1115 -0.9842 -0.1377
vn -0.2642 -0.9550 -0.1347
vn -0.2619 -0.9413 -0.2130
vn -0.4101 -0.9025 -0.1315
vn -0.4055 -0.8897 -0.2097
vn -0.5487 -0.8260 -0.1292
vn -0.5419 -0.8144 -0.2076
vn -0.5320 -0.7979 -0.2835
vn -0.3985 -0.8715 -0.2859
vn -0.5187 -0.7765 -0.3578
vn -0.3890 -0.8478 -0.3603
vn -0.6348 -0.6860 -0.3555
vn -0.7322 -0.5818 -0.3540
vn -0.6514 -0.7046 -0.2814
vn -0.7516 -0.5973 -0.2797
vn -0.6641 -0.7189 -0.2052
vn -0.6725 -0.7290 -0.1278
vn -0.7764 -0.6173 -0.1268
vn -0.7663 -0.6092 -0.2044
vn -0.8615 -0.4918 -0.1266
vn -0.8501 -0.4856 -0.2037
vn -0.9274 -0.3517 -0.1273
vn -0.9151 -0.3476 -0.2043
vn -0.8973 -0.3415 -0.2797
vn -0.8336 -0.4765 -0.2795
vn -0.8739 -0.3334 -0.3537
vn -0.8120 -0.4645 -0.3533
vn -0.9145 -0.1947 -0.3545
vn -0.9327 -0.0554 -0.3564
vn -0.9388 -0.1989 -0.2813
vn -0.9576 -0.0555 -0.2827
vn -0.9576 -0.2018 -0.2058
vn -0.9706 -0.2035 -0.1286
vn -0.9899 -0.0546 -0.1307
vn -0.9767 -0.0552 -0.2073
vn -0.9864 0.0954 -0.1336
vn -0.9732 0.0925 -0.2107
vn -0.9592 0.2472 -0.1369
vn -0.9463 0.2420 -0.2144
vn -0.9277 0.2354 -0.2898
vn -0.9542 0.0891 -0.2856
vn -0.9037 0.2273 -0.3629
vn -0.9294 0.0851 -0.3591
vn -0.8560 0.3641 -0.3670
vn -0.7890 0.4891 -0.3717
vn -0.8788 0.3762 -0.2937
vn -0.8100 0.5049 -0.2982
vn -0.8963 0.3860 -0.2182
vn -0.9085 0.3935 -0.1410
vn -0.8372 0.5272 -0.1455
vn -0.8261 0.5176 -0.2228
vn -0.7457 0.6491 -0.1504
vn -0.7360 0.6375 -0.2277
vn -0.6326 0.7586 -0.1559
vn -0.6247 0.7453 -0.2332
vn -0.6128 0.7274 -0.3089
vn -0.7218 0.6221 -0.3033
vn -0.5972 0.7050 -0.3824
vn -0.7031 0.6029 -0.3770
vn -0.4758 0.7896 -0.3875
vn -0.3453 0.8525 -0.3925
vn -0.4879 0.8145 -0.3139
vn -0.3536 0.8794 -0.3187
vn -0.4969 0.8344 -0.2384
vn -0.5029 0.8492 -0.1610
vn -0.3634 0.9168 -0.1658
vn -0.3597 0.9009 -0.2431
vn -0.2145 0.9617 -0.1704
vn -0.2130 0.9450 -0.2483
vn -0.0560 0.9830 -0.1747
vn -0.0571 0.9660 -0.2522
vn -0.0577 0.9429 -0.3279
vn -0.2103 0.9226 -0.3234
vn -0.0581 0.9142 -0.4011
vn -0.2062 0.8944 -0.3970
vn 0.0914 0.9100 -0.4044
vn 0.2342 0.8830 -0.4069
vn 0.0961 0.9386 -0.3313
vn 0.2432 0.9108 -0.3337
vn 0.1003 0.9615 -0.2557
vn 0.1038 0.9785 -0.1784
vn 0.2566 0.9494 -0.1812
vn 0.2507 0.9330 -0.2583
vn 0.4025 0.8969 -0.1835
vn 0.3943 0.8813 -0.2604
vn 0.3836 0.8603 -0.3358
vn 0.3706 0.8341 -0.4086
vn 0.6734 0.7314 -0.1075
vn 0.7780 0.6189 -0.1079
vn 0.5483 0.8295 -0.1065
vn 0.5520 0.8334 -0.0282
vn 0.6774 0.7350 -0.0294
vn 0.7823 0.6222 -0.0299
vn 0.5519 0.8324 0.0506
vn 0.6771 0.7342 0.0489
vn 0.5486 0.8260 0.1295
vn 0.6725 0.7290 0.1278
vn 0.7765 0.6173 0.1265
vn 0.7818 0.6217 0.0484
vn 0.8615 0.4918 0.1266
vn 0.8676 0.4949 0.0484
vn 0.9275 0.3516 0.1268
vn 0.9341 0.3535 0.0492
vn 0.9351 0.3532 -0.0287
vn 0.8684 0.4950 -0.0297
vn 0.9305 0.3506 -0.1062
vn 0.8638 0.4921 -0.1075
vn 0.9739 0.2012 -0.1047
vn 0.9934 0.0510 -0.1024
vn 0.9788 0.2032 -0.0271
vn 0.9983 0.0525 -0.0249
vn 0.9777 0.2040 0.0507
vn 0.9706 0.2035 0.1286
vn 0.9900 0.0546 0.1302
vn 0.9972 0.0537 0.0529
vn 0.9865 -0.0953 0.1333
vn 0.9937 -0.0977 0.0557
vn 0.9592 -0.2472 0.1369
vn 0.9662 -0.2510 0.0592
vn 0.9672 -0.2532 -0.0186
vn 0.9948 -0.0994 -0.0220
vn 0.9624 -0.2538 -0.0964
vn 0.9899 -0.1005 -0.0997
vn 0.9112 -0.4014 -0.0927
vn 0.8393 -0.5364 -0.0887
vn 0.9159 -0.4012 -0.0148
vn 0.8437 -0.5367 -0.0106
vn 0.9149 -0.3986 0.0632
vn 0.9085 -0.3935 0.1410
vn 0.8371 -0.5273 0.1458
vn 0.8430 -0.5336 0.0676
vn 0.7457 -0.6491 0.1504
vn 0.7507 -0.6567 0.0722
vn 0.6327 -0.7586 0.1556
vn 0.6367 -0.7673 0.0772
vn 0.6367 -0.7711 -0.0014
vn 0.7513 -0.6599 -0.0062
vn 0.6329 -0.7701 -0.0801
vn 0.7471 -0.6593 -0.0844
vn 0.5020 -0.8616 -0.0755
vn 0.3611 -0.9298 -0.0711
vn 0.5054 -0.8629 0.0033
vn 0.3642 -0.9313 0.0079
vn 0.5057 -0.8588 0.0822
vn 0.5030 -0.8493 0.1606
vn 0.3634 -0.9168 0.1658
vn 0.3649 -0.9270 0.0869
vn 0.2146 -0.9618 0.1701
vn 0.2148 -0.9724 0.0912
vn 0.0560 -0.9830 0.1747
vn 0.0547 -0.9939 0.0957
vn 0.0529 -0.9985 0.0166
vn 0.2134 -0.9769 0.0124
vn 0.0509 -0.9967 -0.0626
vn 0.2110 -0.9752 -0.0665
vn -0.1107 -0.9921 -0.0585
vn -0.2648 -0.9627 -0.0555
vn -0.1089 -0.9938 0.0204
vn -0.2637 -0.9643 0.0236
vn -0.1069 -0.9893 0.0992
vn -0.1038 -0.9785 0.1784
vn -0.2566 -0.9494 0.1812
vn -0.2612 -0.9599 0.1022
vn -0.4025 -0.8969 0.1835
vn -0.4082 -0.9068 0.1049
vn -0.5411 -0.8204 0.1851
vn -0.5481 -0.8296 0.1067
vn -0.5517 -0.8336 0.0281
vn -0.4114 -0.9111 0.0262
vn -0.5521 -0.8323 -0.0504
vn -0.4120 -0.9097 -0.0528
vn -0.6771 -0.7342 -0.0489
vn -0.7818 -0.6217 -0.0484
vn -0.6771 -0.7353 0.0294
vn -0.7823 -0.6222 0.0299
vn -0.6732 -0.7316 0.1077
vn -0.6650 -0.7234 0.1858
vn -0.7689 -0.6117 0.1858
vn -0.7780 -0.6189 0.1079
vn -0.8540 -0.4862 0.1852
vn -0.8638 -0.4921 0.1075
vn -0.9200 -0.3461 0.1840
vn -0.9304 -0.3507 0.1064
vn -0.9351 -0.3532 0.0287
vn -0.8684 -0.4950 0.0297
vn -0.9341 -0.3535 -0.0492
vn -0.8676 -0.4949 -0.0484
vn -0.9777 -0.2038 -0.0504
vn -0.9972 -0.0537 -0.0528
vn -0.9788 -0.2032 0.0271
vn -0.9983 -0.0525 0.0249
vn -0.9740 -0.2010 0.1044
vn -0.9631 -0.1980 0.1821
vn -0.9825 -0.0491 0.1795
vn -0.9934 -0.0510 0.1024
vn -0.9790 0.1010 0.1772
vn -0.9899 0.1005 0.0997
vn -0.9518 0.2528 0.1737
vn -0.9624 0.2538 0.0964
vn -0.9672 0.2532 0.0186
vn -0.9948 0.0994 0.0220
vn -0.9662 0.2510 -0.0592
vn -0.9937 0.0977 -0.0557
vn -0.9149 0.3986 -0.0632
vn -0.8430 0.5336 -0.0676
vn -0.9159 0.4012 0.0148
vn -0.8437 0.5367 0.0106
vn -0.9112 0.4014 0.0927
vn -0.9009 0.3991 0.1705
vn -0.8296 0.5329 0.1668
vn -0.8394 0.5362 0.0885
vn -0.7382 0.6547 0.1626
vn -0.7469 0.6595 0.0845
vn -0.6250 0.7643 0.1587
vn -0.6329 0.7701 0.0801
vn -0.6367 0.7711 0.0014
vn -0.7511 0.6602 0.0062
vn -0.6367 0.7673 -0.0772
vn -0.7507 0.6567 -0.0722
vn -0.5057 0.8588 -0.0822
vn -0.3649 0.9270 -0.0869
vn -0.5054 0.8629 -0.0033
vn -0.3642 0.9313 -0.0079
vn -0.5019 0.8616 0.0755
vn -0.4954 0.8549 0.1540
vn -0.3559 0.9224 0.1498
vn -0.3613 0.9298 0.0708
vn -0.2069 0.9674 0.1460
vn -0.2108 0.9752 0.0668
vn -0.0485 0.9887 0.1419
vn -0.0509 0.9967 0.0626
vn -0.0529 0.9985 -0.0166
vn -0.2134 0.9769 -0.0124
vn -0.0547 0.9939 -0.0957
vn -0.2146 0.9724 -0.0915
vn 0.1067 0.9893 -0.0995
vn 0.2612 0.9599 -0.1022
vn 0.1089 0.9938 -0.0204
vn 0.2637 0.9643 -0.0236
vn 0.1105 0.9921 0.0588
vn 0.1114 0.9841 0.1381
vn 0.2642 0.9550 0.1347
vn 0.2648 0.9627 0.0555
vn 0.4101 0.9025 0.1315
vn 0.4121 0.9096 0.0525
vn 0.4114 0.9111 -0.0262
vn 0.4082 0.9068 -0.1049
vn 0.6641 0.7190 0.2053
vn 0.7663 0.6092 0.2044
vn 0.5420 0.8144 0.2071
vn 0.5319 0.7979 0.2835
vn 0.6514 0.7046 0.2814
vn 0.7516 0.5973 0.2798
vn 0.5188 0.7766 0.3575
vn 0.6348 0.6860 0.3554
vn 0.5021 0.7502 0.4302
vn 0.6143 0.6631 0.4278
vn 0.7083 0.5627 0.4263
vn 0.7323 0.5818 0.3539
vn 0.7853 0.4496 0.4256
vn 0.8120 0.4645 0.3535
vn 0.8452 0.3232 0.4258
vn 0.8740 0.3334 0.3535
vn 0.8973 0.3415 0.2797
vn 0.8337 0.4765 0.2793
vn 0.9150 0.3477 0.2046
vn 0.8502 0.4856 0.2035
vn 0.9576 0.2018 0.2055
vn 0.9767 0.0552 0.2073
vn 0.9389 0.1988 0.2810
vn 0.9576 0.0555 0.2827
vn 0.9146 0.1947 0.3544
vn 0.8845 0.1894 0.4265
vn 0.9020 0.0549 0.4282
vn 0.9327 0.0554 0.3563
vn 0.8988 -0.0806 0.4309
vn 0.9294 -0.0851 0.3592
vn 0.8739 -0.2177 0.4347
vn 0.9037 -0.2273 0.3629
vn 0.9279 -0.2354 0.2892
vn 0.9542 -0.0891 0.2857
vn 0.9464 -0.2420 0.2141
vn 0.9732 -0.0925 0.2104
vn 0.8962 -0.3860 0.2186
vn 0.8261 -0.5176 0.2228
vn 0.8788 -0.3762 0.2935
vn 0.8100 -0.5049 0.2982
vn 0.8560 -0.3641 0.3670
vn 0.8278 -0.3497 0.4387
vn 0.7631 -0.4703 0.4433
vn 0.7891 -0.4891 0.3716
vn 0.6801 -0.5799 0.4486
vn 0.7032 -0.6029 0.3768
vn 0.5779 -0.6782 0.4540
vn 0.5972 -0.7050 0.3824
vn 0.6129 -0.7274 0.3087
vn 0.7217 -0.6221 0.3034
vn 0.6245 -0.7453 0.2335
vn 0.7359 -0.6375 0.2279
vn 0.4969 -0.8344 0.2384
vn 0.3596 -0.9008 0.2433
vn 0.4879 -0.8145 0.3140
vn 0.3536 -0.8793 0.3190
vn 0.4758 -0.7895 0.3877
vn 0.4607 -0.7596 0.4590
vn 0.3349 -0.8202 0.4638
vn 0.3453 -0.8525 0.3924
vn 0.2008 -0.8604 0.4683
vn 0.2062 -0.8943 0.3971
vn 0.0580 -0.8795 0.4724
vn 0.0581 -0.9142 0.4011
vn 0.0578 -0.9429 0.3279
vn 0.2103 -0.9225 0.3237
vn 0.0571 -0.9660 0.2522
vn 0.2131 -0.9450 0.2479
vn -0.1003 -0.9616 0.2556
vn -0.2506 -0.9329 0.2588
vn -0.0961 -0.9387 0.3312
vn -0.2432 -0.9107 0.3339
vn -0.0914 -0.9100 0.4044
vn -0.0860 -0.8755 0.4756
vn -0.2237 -0.8495 0.4778
vn -0.2342 -0.8830 0.4069
vn -0.3552 -0.8025 0.4794
vn -0.3706 -0.8340 0.4087
vn -0.4803 -0.7339 0.4803
vn -0.5004 -0.7628 0.4096
vn -0.5171 -0.7868 0.3370
vn -0.3836 -0.8603 0.3358
vn -0.5308 -0.8060 0.2618
vn -0.3943 -0.8813 0.2606
vn -0.6528 -0.7106 0.2624
vn -0.7551 -0.6008 0.2625
vn -0.6364 -0.6936 0.3376
vn -0.7369 -0.5863 0.3366
vn -0.6166 -0.6723 0.4096
vn -0.5925 -0.6468 0.4801
vn -0.6867 -0.5465 0.4794
vn -0.7140 -0.5682 0.4092
vn -0.7638 -0.4334 0.4784
vn -0.7938 -0.4509 0.4081
vn -0.8236 -0.3070 0.4769
vn -0.8557 -0.3198 0.4068
vn -0.8826 -0.3306 0.3343
vn -0.8189 -0.4655 0.3358
vn -0.9039 -0.3393 0.2605
vn -0.8390 -0.4772 0.2614
vn -0.9465 -0.1935 0.2582
vn -0.9656 -0.0469 0.2558
vn -0.9243 -0.1879 0.3323
vn -0.9427 -0.0445 0.3305
vn -0.8964 -0.1811 0.4046
vn -0.8628 -0.1732 0.4749
vn -0.8804 -0.0388 0.4727
vn -0.9146 -0.0418 0.4023
vn -0.8771 0.0967 0.4704
vn -0.9112 0.0987 0.3999
vn -0.8523 0.2339 0.4679
vn -0.8855 0.2409 0.3974
vn -0.9132 0.2463 0.3247
vn -0.9395 0.1000 0.3276
vn -0.9352 0.2503 0.2503
vn -0.9622 0.1008 0.2531
vn -0.8852 0.3943 0.2470
vn -0.8149 0.5260 0.2435
vn -0.8641 0.3872 0.3216
vn -0.7953 0.5159 0.3184
vn -0.8377 0.3777 0.3944
vn -0.8061 0.3659 0.4651
vn -0.7414 0.4865 0.4623
vn -0.7708 0.5028 0.3913
vn -0.6584 0.5961 0.4595
vn -0.6848 0.6166 0.3884
vn -0.5560 0.6945 0.4567
vn -0.5788 0.7188 0.3851
vn -0.5980 0.7385 0.3115
vn -0.7070 0.6332 0.3150
vn -0.6133 0.7537 0.2363
vn -0.7247 0.6459 0.2399
vn -0.4856 0.8428 0.2322
vn -0.3484 0.9093 0.2277
vn -0.4730 0.8256 0.3076
vn -0.3387 0.8905 0.3037
vn -0.4573 0.8033 0.3815
vn -0.4388 0.7759 0.4532
vn -0.3131 0.8365 0.4497
vn -0.3269 0.8662 0.3779
vn -0.1788 0.8768 0.4464
vn -0.1877 0.9082 0.3741
vn -0.0361 0.8958 0.4431
vn -0.0396 0.9279 0.3707
vn -0.0428 0.9542 0.2962
vn -0.1954 0.9337 0.3000
vn -0.0458 0.9744 0.2200
vn -0.2017 0.9534 0.2242
vn 0.1116 0.9700 0.2160
vn 0.2619 0.9413 0.2130
vn 0.1110 0.9497 0.2929
vn 0.2580 0.9218 0.2894
vn 0.1098 0.9238 0.3667
vn 0.1079 0.8919 0.4392
vn 0.2456 0.8659 0.4358
vn 0.2526 0.8967 0.3634
vn 0.3771 0.8189 0.4328
vn 0.3890 0.8479 0.3602
vn 0.3985 0.8715 0.2859
vn 0.4055 0.8897 0.2100
vn 0.5894 0.6355 0.4987
vn 0.6795 0.5397 0.4971
vn 0.4821 0.7186 0.5011
vn 0.4586 0.6819 0.5698
vn 0.5602 0.6033 0.5676
vn 0.6457 0.5127 0.5659
vn 0.4321 0.6407 0.6347
vn 0.5275 0.5672 0.6325
vn 0.4032 0.5959 0.6945
vn 0.4918 0.5280 0.6924
vn 0.5663 0.4494 0.6909
vn 0.6077 0.4824 0.6309
vn 0.6274 0.3606 0.6901
vn 0.6734 0.3866 0.6301
vn 0.6750 0.2612 0.6901
vn 0.7245 0.2794 0.6301
vn 0.7701 0.2960 0.5651
vn 0.7157 0.4104 0.5651
vn 0.8106 0.3107 0.4964
vn 0.7533 0.4316 0.4963
vn 0.8482 0.1828 0.4972
vn 0.8650 0.0541 0.4988
vn 0.8059 0.1748 0.5657
vn 0.8218 0.0530 0.5674
vn 0.7580 0.1657 0.6308
vn 0.7062 0.1557 0.6907
vn 0.7202 0.0497 0.6920
vn 0.7731 0.0515 0.6321
vn 0.7175 -0.0572 0.6942
vn 0.7702 -0.0637 0.6346
vn 0.6975 -0.1653 0.6972
vn 0.7489 -0.1802 0.6378
vn 0.7960 -0.1940 0.5733
vn 0.8188 -0.0698 0.5699
vn 0.8380 -0.2067 0.5050
vn 0.8618 -0.0755 0.5016
vn 0.7938 -0.3329 0.5090
vn 0.7317 -0.4480 0.5136
vn 0.7541 -0.3135 0.5771
vn 0.6953 -0.4226 0.5814
vn 0.7094 -0.2922 0.6414
vn 0.6608 -0.2692 0.7006
vn 0.6094 -0.3639 0.7044
vn 0.6541 -0.3943 0.6455
vn 0.5436 -0.4498 0.7086
vn 0.5833 -0.4870 0.6501
vn 0.4627 -0.5266 0.7131
vn 0.4963 -0.5700 0.6548
vn 0.5271 -0.6103 0.5913
vn 0.6199 -0.5216 0.5862
vn 0.5545 -0.6467 0.5238
vn 0.6524 -0.5528 0.5185
vn 0.4424 -0.7243 0.5288
vn 0.3222 -0.7820 0.5336
vn 0.4210 -0.6837 0.5962
vn 0.3071 -0.7382 0.6006
vn 0.3967 -0.6385 0.6594
vn 0.3704 -0.5901 0.7173
vn 0.2714 -0.6373 0.7212
vn 0.2901 -0.6895 0.6636
vn 0.1661 -0.6686 0.7249
vn 0.1764 -0.7234 0.6675
vn 0.0541 -0.6833 0.7281
vn 0.0556 -0.7394 0.6710
vn 0.0568 -0.7916 0.6084
vn 0.1858 -0.7743 0.6049
vn 0.0576 -0.8386 0.5417
vn 0.1940 -0.8204 0.5379
vn -0.0800 -0.8348 0.5448
vn -0.2116 -0.8101 0.5468
vn -0.0734 -0.7880 0.6112
vn -0.1979 -0.7648 0.6132
vn -0.0663 -0.7362 0.6735
vn -0.0589 -0.6804 0.7305
vn -0.1670 -0.6604 0.7321
vn -0.1829 -0.7145 0.6753
vn -0.2704 -0.6238 0.7333
vn -0.2944 -0.6749 0.6767
vn -0.3690 -0.5704 0.7338
vn -0.4007 -0.6172 0.6772
vn -0.4303 -0.6607 0.6151
vn -0.3169 -0.7225 0.6145
vn -0.4570 -0.6998 0.5490
vn -0.3373 -0.7653 0.5482
vn -0.5643 -0.6168 0.5488
vn -0.6544 -0.5210 0.5480
vn -0.5319 -0.5822 0.6149
vn -0.6174 -0.4916 0.6141
vn -0.4960 -0.5437 0.6770
vn -0.4577 -0.5025 0.7335
vn -0.5322 -0.4240 0.7328
vn -0.5764 -0.4590 0.6761
vn -0.5934 -0.3352 0.7318
vn -0.6422 -0.3632 0.6750
vn -0.6409 -0.2357 0.7305
vn -0.6933 -0.2560 0.6737
vn -0.7419 -0.2749 0.6116
vn -0.6875 -0.3894 0.6130
vn -0.7856 -0.2920 0.5454
vn -0.7283 -0.4129 0.5469
vn -0.8233 -0.1641 0.5434
vn -0.8401 -0.0355 0.5413
vn -0.7776 -0.1538 0.6096
vn -0.7937 -0.0320 0.6075
vn -0.7269 -0.1424 0.6718
vn -0.6722 -0.1303 0.7288
vn -0.6862 -0.0243 0.7270
vn -0.7419 -0.0282 0.6699
vn -0.6835 0.0826 0.7253
vn -0.7391 0.0870 0.6680
vn -0.6635 0.1907 0.7235
vn -0.7176 0.2035 0.6660
vn -0.7678 0.2151 0.6035
vn -0.7906 0.0909 0.6056
vn -0.8130 0.2253 0.5368
vn -0.8370 0.0941 0.5391
vn -0.7688 0.3515 0.5342
vn -0.7068 0.4668 0.5316
vn -0.7258 0.3346 0.6010
vn -0.6670 0.4437 0.5986
vn -0.6782 0.3155 0.6637
vn -0.6267 0.2947 0.7214
vn -0.5753 0.3894 0.7193
vn -0.6228 0.4177 0.6615
vn -0.5094 0.4753 0.7173
vn -0.5519 0.5104 0.6594
vn -0.4285 0.5522 0.7152
vn -0.4648 0.5935 0.6570
vn -0.4987 0.6315 0.5937
vn -0.5915 0.5427 0.5963
vn -0.5293 0.6654 0.5263
vn -0.6274 0.5716 0.5289
vn -0.4172 0.7431 0.5232
vn -0.2969 0.8009 0.5200
vn -0.3925 0.7049 0.5908
vn -0.2787 0.7595 0.5878
vn -0.3653 0.6622 0.6543
vn -0.3361 0.6157 0.7127
vn -0.2372 0.6629 0.7101
vn -0.2586 0.7131 0.6516
vn -0.1318 0.6942 0.7076
vn -0.1449 0.7470 0.6489
vn -0.0197 0.7090 0.7049
vn -0.0240 0.7630 0.6459
vn -0.0283 0.8129 0.5818
vn -0.1573 0.7957 0.5849
vn -0.0323 0.8575 0.5135
vn -0.1687 0.8393 0.5169
vn 0.1053 0.8537 0.5100
vn 0.2368 0.8290 0.5067
vn 0.1019 0.8093 0.5785
vn 0.2263 0.7860 0.5753
vn 0.0978 0.7597 0.6428
vn 0.0932 0.7060 0.7020
vn 0.2013 0.6860 0.6992
vn 0.2144 0.7379 0.6399
vn 0.3047 0.6494 0.6967
vn 0.3259 0.6984 0.6372
vn 0.3453 0.7437 0.5724
vn 0.3625 0.7841 0.5037
vn 0.4596 0.4927 0.7389
vn 0.5290 0.4197 0.7375
vn 0.3772 0.5557 0.7409
vn 0.3586 0.5272 0.7704
vn 0.4366 0.4675 0.7686
vn 0.5024 0.3985 0.7673
vn 0.3467 0.5089 0.7879
vn 0.4220 0.4515 0.7862
vn 0.3423 0.5022 0.7942
vn 0.4165 0.4456 0.7924
vn 0.4791 0.3798 0.7913
vn 0.4856 0.3851 0.7848
vn 0.5305 0.3058 0.7906
vn 0.5375 0.3097 0.7843
vn 0.5704 0.2226 0.7906
vn 0.5780 0.2253 0.7843
vn 0.5983 0.2328 0.7667
vn 0.5564 0.3204 0.7667
vn 0.6302 0.2447 0.7368
vn 0.5860 0.3372 0.7368
vn 0.6594 0.1466 0.7374
vn 0.6725 0.0479 0.7386
vn 0.6260 0.1400 0.7672
vn 0.6384 0.0466 0.7683
vn 0.6047 0.1358 0.7848
vn 0.5968 0.1343 0.7911
vn 0.6086 0.0454 0.7922
vn 0.6167 0.0458 0.7859
vn 0.6062 -0.0442 0.7940
vn 0.6143 -0.0451 0.7878
vn 0.5893 -0.1347 0.7966
vn 0.5972 -0.1368 0.7903
vn 0.6183 -0.1428 0.7729
vn 0.6359 -0.0476 0.7703
vn 0.6513 -0.1521 0.7434
vn 0.6699 -0.0516 0.7407
vn 0.6170 -0.2488 0.7466
vn 0.5691 -0.3368 0.7501
vn 0.5857 -0.2342 0.7759
vn 0.5403 -0.3175 0.7792
vn 0.5659 -0.2250 0.7932
vn 0.5585 -0.2217 0.7994
vn 0.5152 -0.3009 0.8025
vn 0.5221 -0.3053 0.7964
vn 0.4599 -0.3726 0.8060
vn 0.4660 -0.3781 0.7999
vn 0.3920 -0.4366 0.8098
vn 0.3972 -0.4430 0.8037
vn 0.4109 -0.4604 0.7869
vn 0.4823 -0.3930 0.7829
vn 0.4325 -0.4879 0.7582
vn 0.5078 -0.4166 0.7541
vn 0.3466 -0.5469 0.7621
vn 0.2546 -0.5906 0.7657
vn 0.3296 -0.5162 0.7905
vn 0.2425 -0.5575 0.7940
vn 0.3188 -0.4967 0.8073
vn 0.3147 -0.4895 0.8132
vn 0.2319 -0.5288 0.8164
vn 0.2349 -0.5366 0.8105
vn 0.1439 -0.5548 0.8195
vn 0.1455 -0.5629 0.8136
vn 0.0503 -0.5670 0.8222
vn 0.0506 -0.5754 0.8163
vn 0.0514 -0.5978 0.8000
vn 0.1499 -0.5850 0.7971
vn 0.0525 -0.6333 0.7721
vn 0.1566 -0.6196 0.7691
vn -0.0525 -0.6306 0.7743
vn -0.1530 -0.6121 0.7759
vn -0.0480 -0.5954 0.8020
vn -0.1431 -0.5778 0.8035
vn -0.0452 -0.5729 0.8184
vn -0.0441 -0.5646 0.8242
vn -0.1344 -0.5481 0.8256
vn -0.1368 -0.5561 0.8198
vn -0.2209 -0.5177 0.8266
vn -0.2245 -0.5252 0.8208
vn -0.3034 -0.4732 0.8271
vn -0.3082 -0.4801 0.8213
vn -0.3208 -0.4989 0.8051
vn -0.2340 -0.5458 0.8046
vn -0.3408 -0.5286 0.7775
vn -0.2491 -0.5782 0.7769
vn -0.4233 -0.4655 0.7772
vn -0.4927 -0.3926 0.7766
vn -0.3990 -0.4394 0.8049
vn -0.4648 -0.3704 0.8042
vn -0.3836 -0.4227 0.8211
vn -0.3778 -0.4166 0.8269
vn -0.4404 -0.3511 0.8263
vn -0.4470 -0.3563 0.8205
vn -0.4918 -0.2769 0.8255
vn -0.4991 -0.2810 0.8197
vn -0.5317 -0.1936 0.8245
vn -0.5396 -0.1966 0.8186
vn -0.5608 -0.2048 0.8022
vn -0.5187 -0.2923 0.8034
vn -0.5940 -0.2176 0.7744
vn -0.5498 -0.3101 0.7756
vn -0.6232 -0.1196 0.7729
vn -0.6363 -0.0209 0.7712
vn -0.5884 -0.1120 0.8008
vn -0.6009 -0.0186 0.7991
vn -0.5663 -0.1072 0.8172
vn -0.5581 -0.1054 0.8230
vn -0.5699 -0.0165 0.8215
vn -0.5783 -0.0171 0.8156
vn -0.5676 0.0731 0.8201
vn -0.5759 0.0737 0.8142
vn -0.5506 0.1636 0.8185
vn -0.5587 0.1655 0.8127
vn -0.5807 0.1708 0.7960
vn -0.5984 0.0756 0.7976
vn -0.6151 0.1792 0.7678
vn -0.6337 0.0786 0.7696
vn -0.5808 0.2758 0.7659
vn -0.5328 0.3639 0.7640
vn -0.5482 0.2623 0.7941
vn -0.5027 0.3457 0.7923
vn -0.5275 0.2537 0.8108
vn -0.5197 0.2506 0.8167
vn -0.4765 0.3298 0.8150
vn -0.4836 0.3341 0.8090
vn -0.4211 0.4016 0.8133
vn -0.4275 0.4068 0.8073
vn -0.3532 0.4656 0.8115
vn -0.3586 0.4718 0.8055
vn -0.3732 0.4887 0.7886
vn -0.4446 0.4212 0.7906
vn -0.3961 0.5151 0.7601
vn -0.4715 0.4437 0.7621
vn -0.3101 0.5740 0.7579
vn -0.2181 0.6178 0.7554
vn -0.2918 0.5444 0.7865
vn -0.2048 0.5859 0.7841
vn -0.2802 0.5255 0.8033
vn -0.2759 0.5185 0.8093
vn -0.1931 0.5578 0.8072
vn -0.1962 0.5654 0.8011
vn -0.1049 0.5838 0.8051
vn -0.1069 0.5918 0.7990
vn -0.0114 0.5961 0.8029
vn -0.0119 0.6042 0.7968
vn -0.0135 0.6260 0.7797
vn -0.1120 0.6132 0.7820
vn -0.0161 0.6605 0.7506
vn -0.1202 0.6469 0.7531
vn 0.0889 0.6579 0.7478
vn 0.1894 0.6393 0.7453
vn 0.0858 0.6236 0.7770
vn 0.1809 0.6061 0.7746
vn 0.0838 0.6018 0.7942
vn 0.0830 0.5937 0.8004
vn 0.1733 0.5771 0.7981
vn 0.1754 0.5849 0.7919
vn 0.2598 0.5467 0.7960
vn 0.2631 0.5541 0.7898
vn 0.2718 0.5740 0.7724
vn 0.2855 0.6053 0.7430
vn 0.4126 0.3271 0.8501
vn 0.4566 0.2639 0.8497
vn 0.4929 0.2845 0.8223
vn 0.4453 0.3531 0.8228
vn 0.4907 0.1929 0.8497
vn 0.5299 0.2075 0.8223
vn 0.5557 0.2170 0.8026
vn 0.5168 0.2980 0.8026
vn 0.4669 0.3702 0.8031
vn 0.5680 0.2216 0.7926
vn 0.5282 0.3045 0.7927
vn 0.4771 0.3784 0.7932
vn 0.4149 0.4436 0.7944
vn 0.3409 0.5000 0.7961
vn 0.3338 0.4890 0.8059
vn 0.4060 0.4339 0.8043
vn 0.3187 0.4659 0.8255
vn 0.3874 0.4136 0.8239
vn 0.2959 0.4310 0.8525
vn 0.3593 0.3829 0.8511
vn 0.5233 0.0419 0.8511
vn 0.5213 -0.0345 0.8527
vn 0.5630 -0.0392 0.8255
vn 0.5651 0.0436 0.8238
vn 0.5069 -0.1117 0.8548
vn 0.5474 -0.1229 0.8278
vn 0.5741 -0.1304 0.8084
vn 0.5904 -0.0423 0.8060
vn 0.5927 0.0448 0.8042
vn 0.5868 -0.1339 0.7986
vn 0.6035 -0.0438 0.7961
vn 0.6060 0.0453 0.7942
vn 0.5942 0.1337 0.7931
vn 0.5813 0.1312 0.8031
vn 0.5543 0.1258 0.8228
vn 0.5132 0.1176 0.8502
vn 0.4434 -0.2533 0.8598
vn 0.3962 -0.3143 0.8627
vn 0.4275 -0.3428 0.8365
vn 0.4787 -0.2765 0.8333
vn 0.3382 -0.3688 0.8658
vn 0.3647 -0.4020 0.8399
vn 0.3821 -0.4239 0.8211
vn 0.4482 -0.3617 0.8175
vn 0.5020 -0.2920 0.8141
vn 0.3904 -0.4344 0.8117
vn 0.4580 -0.3707 0.8079
vn 0.5129 -0.2993 0.8046
vn 0.5560 -0.2205 0.8014
vn 0.5440 -0.2150 0.8111
vn 0.5187 -0.2033 0.8304
vn 0.4804 -0.1858 0.8571
vn 0.2018 -0.4471 0.8714
vn 0.1267 -0.4692 0.8740
vn 0.1352 -0.5111 0.8488
vn 0.2166 -0.4871 0.8461
vn 0.0470 -0.4796 0.8762
vn 0.0487 -0.5224 0.8513
vn 0.0497 -0.5507 0.8332
vn 0.1407 -0.5388 0.8306
vn 0.2264 -0.5136 0.8276
vn 0.0502 -0.5643 0.8240
vn 0.1434 -0.5521 0.8213
vn 0.2310 -0.5262 0.8184
vn 0.3134 -0.4871 0.8152
vn 0.3069 -0.4754 0.8245
vn 0.2932 -0.4509 0.8431
vn 0.2723 -0.4138 0.8687
vn -0.1103 -0.4635 0.8792
vn -0.1840 -0.4378 0.8800
vn -0.2021 -0.4769 0.8554
vn -0.1221 -0.5049 0.8545
vn -0.2543 -0.3999 0.8805
vn -0.2784 -0.4358 0.8559
vn -0.2943 -0.4595 0.8380
vn -0.2141 -0.5028 0.8375
vn -0.1300 -0.5324 0.8365
vn -0.3019 -0.4708 0.8289
vn -0.2198 -0.5152 0.8284
vn -0.1337 -0.5454 0.8274
vn -0.0438 -0.5620 0.8260
vn -0.0421 -0.5484 0.8351
vn -0.0386 -0.5203 0.8531
vn -0.0333 -0.4776 0.8779
vn -0.3713 -0.2961 0.8800
vn -0.4152 -0.2329 0.8794
vn -0.4527 -0.2544 0.8546
vn -0.4051 -0.3230 0.8553
vn -0.4493 -0.1620 0.8786
vn -0.4897 -0.1775 0.8537
vn -0.5164 -0.1877 0.8355
vn -0.4776 -0.2687 0.8365
vn -0.4276 -0.3408 0.8373
vn -0.5292 -0.1926 0.8263
vn -0.4895 -0.2755 0.8274
vn -0.4382 -0.3493 0.8282
vn -0.3760 -0.4146 0.8287
vn -0.3667 -0.4045 0.8378
vn -0.3472 -0.3836 0.8558
vn -0.3177 -0.3518 0.8805
vn -0.4819 -0.0110 0.8762
vn -0.4799 0.0654 0.8749
vn -0.5229 0.0692 0.8496
vn -0.5250 -0.0137 0.8510
vn -0.4654 0.1426 0.8735
vn -0.5072 0.1529 0.8482
vn -0.5348 0.1597 0.8297
vn -0.5513 0.0716 0.8312
vn -0.5535 -0.0155 0.8327
vn -0.5481 0.1629 0.8204
vn -0.5649 0.0728 0.8219
vn -0.5672 -0.0164 0.8234
vn -0.5555 -0.1048 0.8249
vn -0.5420 -0.1019 0.8342
vn -0.5141 -0.0959 0.8523
vn -0.4718 -0.0867 0.8774
vn -0.4020 0.2842 0.8704
vn -0.3547 0.3453 0.8689
vn -0.3873 0.3729 0.8432
vn -0.4385 0.3066 0.8448
vn -0.2967 0.3998 0.8673
vn -0.3244 0.4321 0.8415
vn -0.3428 0.4534 0.8228
vn -0.4088 0.3911 0.8246
vn -0.4627 0.3213 0.8263
vn -0.3515 0.4635 0.8134
vn -0.4191 0.3997 0.8152
vn -0.4743 0.3283 0.8169
vn -0.5172 0.2495 0.8187
vn -0.5048 0.2443 0.8280
vn -0.4786 0.2334 0.8465
vn -0.4390 0.2168 0.8719
vn -0.1602 0.4782 0.8635
vn -0.0852 0.5003 0.8617
vn -0.0948 0.5412 0.8355
vn -0.1763 0.5172 0.8375
vn -0.0055 0.5106 0.8598
vn -0.0083 0.5526 0.8334
vn -0.0102 0.5802 0.8144
vn -0.1013 0.5684 0.8165
vn -0.1870 0.5431 0.8186
vn -0.0112 0.5935 0.8048
vn -0.1044 0.5812 0.8070
vn -0.1921 0.5554 0.8091
vn -0.2744 0.5162 0.8113
vn -0.2675 0.5049 0.8207
vn -0.2528 0.4809 0.8395
vn -0.2308 0.4448 0.8654
vn 0.1519 0.4946 0.8557
vn 0.2255 0.4688 0.8540
vn 0.2424 0.5070 0.8271
vn 0.1625 0.5351 0.8290
vn 0.2535 0.5322 0.8078
vn 0.1694 0.5618 0.8097
vn 0.2588 0.5443 0.7980
vn 0.1727 0.5746 0.8000
vn 0.0828 0.5911 0.8023
vn 0.0815 0.5780 0.8120
vn 0.0789 0.5503 0.8312
vn 0.0749 0.5087 0.8577
vn 0.2600 0.2055 0.9435
vn 0.2866 0.1674 0.9433
vn 0.3350 0.1949 0.9218
vn 0.3034 0.2401 0.9221
vn 0.3074 0.1245 0.9434
vn 0.3596 0.1440 0.9219
vn 0.4046 0.1608 0.9002
vn 0.3767 0.2186 0.9002
vn 0.3410 0.2700 0.9005
vn 0.4473 0.1767 0.8768
vn 0.4162 0.2410 0.8767
vn 0.3765 0.2983 0.8771
vn 0.3280 0.3488 0.8779
vn 0.2706 0.3923 0.8792
vn 0.2457 0.3544 0.9022
vn 0.2974 0.3153 0.9012
vn 0.2195 0.3144 0.9236
vn 0.2650 0.2800 0.9227
vn 0.1892 0.2681 0.9446
vn 0.2276 0.2392 0.9439
vn 0.3272 0.0330 0.9444
vn 0.3259 -0.0133 0.9453
vn 0.3816 -0.0192 0.9241
vn 0.3830 0.0357 0.9230
vn 0.3171 -0.0599 0.9465
vn 0.3711 -0.0745 0.9256
vn 0.4178 -0.0872 0.9044
vn 0.4296 -0.0244 0.9027
vn 0.4312 0.0379 0.9015
vn 0.4618 -0.0993 0.8814
vn 0.4750 -0.0294 0.8795
vn 0.4768 0.0399 0.8781
vn 0.4677 0.1085 0.8772
vn 0.4230 0.0995 0.9006
vn 0.3758 0.0900 0.9223
vn 0.3211 0.0790 0.9438
vn 0.2803 -0.2963 0.9130
vn 0.3090 -0.3321 0.8912
vn 0.3615 -0.2828 0.8884
vn 0.3274 -0.2520 0.9106
vn 0.4044 -0.2276 0.8858
vn 0.3660 -0.2024 0.9083
vn 0.4379 -0.1665 0.8835
vn 0.3962 -0.1476 0.9062
vn 0.3521 -0.1277 0.9272
vn 0.3010 -0.1047 0.9478
vn 0.2786 -0.1455 0.9493
vn 0.3255 -0.1760 0.9290
vn 0.2499 -0.1824 0.9509
vn 0.2915 -0.2197 0.9310
vn 0.2148 -0.2152 0.9527
vn 0.2499 -0.2587 0.9331
vn 0.1322 -0.2624 0.9559
vn 0.0868 -0.2756 0.9573
vn 0.0983 -0.3304 0.9387
vn 0.1520 -0.3146 0.9370
vn 0.0387 -0.2819 0.9587
vn 0.0412 -0.3378 0.9403
vn 0.0433 -0.3863 0.9214
vn 0.1081 -0.3778 0.9195
vn 0.1691 -0.3599 0.9175
vn 0.0452 -0.4324 0.9005
vn 0.1174 -0.4230 0.8985
vn 0.1853 -0.4030 0.8962
vn 0.2492 -0.3728 0.8938
vn 0.2265 -0.3329 0.9154
vn 0.2026 -0.2908 0.9351
vn 0.1748 -0.2423 0.9543
vn -0.0563 -0.2723 0.9606
vn -0.1009 -0.2568 0.9612
vn -0.1243 -0.3080 0.9432
vn -0.0715 -0.3263 0.9425
vn -0.1435 -0.2340 0.9616
vn -0.1748 -0.2810 0.9437
vn -0.2020 -0.3217 0.9250
vn -0.1447 -0.3524 0.9246
vn -0.0847 -0.3733 0.9238
vn -0.2279 -0.3604 0.9045
vn -0.1641 -0.3946 0.9041
vn -0.0973 -0.4179 0.9033
vn -0.0276 -0.4306 0.9021
vn -0.0221 -0.3847 0.9228
vn -0.0164 -0.3364 0.9416
vn -0.0098 -0.2807 0.9597
vn -0.2143 -0.1714 0.9616
vn -0.2410 -0.1333 0.9613
vn -0.2903 -0.1615 0.9432
vn -0.2587 -0.2067 0.9436
vn -0.2618 -0.0904 0.9609
vn -0.3149 -0.1106 0.9427
vn -0.3609 -0.1282 0.9238
vn -0.3330 -0.1859 0.9244
vn -0.2972 -0.2373 0.9249
vn -0.4046 -0.1449 0.9029
vn -0.3736 -0.2092 0.9037
vn -0.3338 -0.2664 0.9042
vn -0.2853 -0.3168 0.9046
vn -0.2536 -0.2826 0.9251
vn -0.2203 -0.2466 0.9437
vn -0.1819 -0.2051 0.9617
vn -0.2816 0.0010 0.9595
vn -0.2803 0.0473 0.9587
vn -0.3369 0.0525 0.9401
vn -0.3383 -0.0023 0.9410
vn -0.2716 0.0940 0.9578
vn -0.3265 0.1079 0.9390
vn -0.3741 0.1199 0.9196
vn -0.3859 0.0570 0.9208
vn -0.3875 -0.0052 0.9218
vn -0.4192 0.1312 0.8984
vn -0.4324 0.0612 0.8996
vn -0.4342 -0.0080 0.9008
vn -0.4251 -0.0767 0.9019
vn -0.3793 -0.0669 0.9228
vn -0.3311 -0.0567 0.9419
vn -0.2755 -0.0449 0.9603
vn -0.2329 0.1796 0.9558
vn -0.2042 0.2164 0.9547
vn -0.2468 0.2531 0.9354
vn -0.2808 0.2094 0.9366
vn -0.1691 0.2493 0.9535
vn -0.2052 0.2921 0.9341
vn -0.2365 0.3290 0.9142
vn -0.2837 0.2847 0.9156
vn -0.3223 0.2351 0.9170
vn -0.2662 0.3640 0.8925
vn -0.3188 0.3147 0.8940
vn -0.3616 0.2594 0.8955
vn -0.3952 0.1983 0.8969
vn -0.3524 0.1802 0.9183
vn -0.3074 0.1611 0.9378
vn -0.2554 0.1389 0.9568
vn 0.0006 0.4191 0.9080
vn -0.0024 0.4644 0.8856
vn -0.0746 0.4550 0.8874
vn -0.0643 0.4106 0.9096
vn -0.1426 0.4350 0.8891
vn -0.1253 0.3927 0.9111
vn -0.2064 0.4048 0.8908
vn -0.1827 0.3656 0.9127
vn -0.1578 0.3242 0.9327
vn -0.1292 0.2764 0.9523
vn -0.0865 0.2965 0.9511
vn -0.1073 0.3481 0.9313
vn -0.0411 0.3098 0.9499
vn -0.0535 0.3638 0.9299
vn 0.0070 0.3161 0.9487
vn 0.0036 0.3713 0.9285
vn 0.1020 0.3064 0.9464
vn 0.1466 0.2909 0.9455
vn 0.1691 0.3414 0.9246
vn 0.1163 0.3598 0.9257
vn 0.1885 0.3851 0.9034
vn 0.1285 0.4060 0.9048
vn 0.2068 0.4265 0.8805
vn 0.1401 0.4498 0.8821
vn 0.0704 0.4626 0.8838
vn 0.0659 0.4174 0.9063
vn 0.0611 0.3699 0.9271
vn 0.0555 0.3149 0.9475
vn 0.0921 0.0260 -0.9954
vn 0.0283 0.0019 -0.9996
vn 0.0333 0.0276 -0.9991
vn 0.0943 0.0375 -0.9948
vn -0.0239 -0.0179 -0.9996
vn 0.0064 0.0282 -0.9996
vn 0.0438 0.0843 -0.9955
vn 0.0557 0.0840 -0.9949
vn 0.0949 0.0765 -0.9925
vn 0.0836 0.1440 -0.9860
vn 0.1019 0.1371 -0.9853
vn 0.1372 0.1100 -0.9844
vn 0.1567 0.0707 -0.9851
vn 0.1597 0.0516 -0.9858
vn 0.0961 -0.0491 -0.9942
vn 0.0301 -0.0320 -0.9990
vn 0.0495 -0.0140 -0.9987
vn 0.1046 -0.0410 -0.9937
vn 0.1014 0.0189 -0.9947
vn 0.1285 -0.0097 -0.9917
vn 0.1704 0.0355 -0.9847
vn 0.1827 -0.0067 -0.9832
vn 0.1750 -0.0499 -0.9833
vn 0.1660 -0.0671 -0.9838
vn 0.0543 -0.1122 -0.9922
vn 0.0111 -0.0604 -0.9981
vn 0.0378 -0.0570 -0.9977
vn 0.0660 -0.1105 -0.9917
vn 0.0995 -0.0603 -0.9932
vn 0.1040 -0.0988 -0.9897
vn 0.1650 -0.0864 -0.9825
vn 0.1497 -0.1275 -0.9805
vn 0.1176 -0.1582 -0.9804
vn 0.1000 -0.1670 -0.9809
vn -0.0173 -0.1392 -0.9901
vn -0.0210 -0.0724 -0.9972
vn 0.0025 -0.0853 -0.9964
vn -0.0068 -0.1448 -0.9894
vn 0.0504 -0.1233 -0.9911
vn 0.0310 -0.1574 -0.9871
vn 0.0877 -0.1821 -0.9794
vn 0.0506 -0.2066 -0.9771
vn 0.0062 -0.2129 -0.9771
vn -0.0133 -0.2098 -0.9776
vn -0.0914 -0.1199 -0.9886
vn -0.0543 -0.0639 -0.9965
vn -0.0430 -0.0877 -0.9952
vn -0.0863 -0.1305 -0.9877
vn -0.0271 -0.1459 -0.9889
vn -0.0632 -0.1621 -0.9847
vn -0.0323 -0.2149 -0.9761
vn -0.0771 -0.2133 -0.9739
vn -0.1166 -0.1928 -0.9743
vn -0.1305 -0.1791 -0.9751
vn -0.1396 -0.0615 -0.9883
vn -0.0761 -0.0376 -0.9964
vn -0.0811 -0.0633 -0.9947
vn -0.1418 -0.0730 -0.9872
vn -0.1032 -0.1195 -0.9875
vn -0.1421 -0.1118 -0.9835
vn -0.1488 -0.1721 -0.9738
vn -0.1840 -0.1451 -0.9722
vn -0.2036 -0.1058 -0.9733
vn -0.2067 -0.0867 -0.9746
vn -0.1435 0.0136 -0.9895
vn -0.0779 -0.0037 -0.9970
vn -0.0973 -0.0217 -0.9950
vn -0.1521 0.0056 -0.9883
vn -0.1489 -0.0543 -0.9874
vn -0.1758 -0.0257 -0.9841
vn -0.2173 -0.0705 -0.9736
vn -0.2296 -0.0283 -0.9729
vn -0.2219 0.0148 -0.9750
vn -0.2130 0.0320 -0.9765
vn -0.1018 0.0767 -0.9918
vn -0.0589 0.0247 -0.9980
vn -0.0856 0.0213 -0.9961
vn -0.1135 0.0751 -0.9907
vn -0.1470 0.0248 -0.9888
vn -0.1515 0.0635 -0.9864
vn -0.2120 0.0513 -0.9759
vn -0.1966 0.0925 -0.9761
vn -0.1645 0.1230 -0.9787
vn -0.1470 0.1319 -0.9803
vn -0.0302 0.1036 -0.9942
vn -0.0268 0.0368 -0.9990
vn -0.0503 0.0496 -0.9975
vn -0.0407 0.1093 -0.9932
vn -0.0978 0.0878 -0.9913
vn -0.0783 0.1219 -0.9894
vn -0.1346 0.1470 -0.9799
vn -0.0975 0.1716 -0.9803
vn -0.0532 0.1778 -0.9826
vn -0.0337 0.1747 -0.9840
vn -0.0047 0.0520 -0.9986
vn 0.0388 0.0950 -0.9947
vn -0.0203 0.1104 -0.9937
vn 0.0159 0.1270 -0.9918
vn -0.0146 0.1798 -0.9836
vn 0.0302 0.1783 -0.9835
vn 0.0697 0.1577 -0.9850
vn 0.0742 0.0369 0.9966
vn 0.0970 0.0454 0.9943
vn 0.0952 0.0540 0.9940
vn 0.0740 0.0435 0.9963
vn 0.1158 0.0525 0.9919
vn 0.1108 0.0649 0.9917
vn 0.1014 0.0795 0.9917
vn 0.0878 0.0687 0.9938
vn 0.0735 0.0572 0.9956
vn 0.0888 0.0914 0.9918
vn 0.0747 0.0787 0.9941
vn 0.0776 0.0989 0.9921
vn 0.0666 0.0822 0.9944
vn 0.0533 0.0622 0.9966
vn 0.0599 0.0605 0.9964
vn 0.0406 0.0431 0.9982
vn 0.0531 0.0410 0.9978
vn 0.0239 0.0179 0.9996
vn 0.0526 0.0288 0.9982
vn 0.0760 0.0043 0.9971
vn 0.0995 -0.0019 0.9950
vn 0.1031 0.0060 0.9947
vn 0.0797 0.0097 0.9968
vn 0.1189 -0.0071 0.9929
vn 0.1222 0.0058 0.9925
vn 0.1236 0.0230 0.9921
vn 0.1060 0.0221 0.9941
vn 0.0876 0.0211 0.9959
vn 0.1204 0.0401 0.9919
vn 0.1015 0.0379 0.9941
vn 0.0785 0.0317 0.9964
vn 0.0613 0.0199 0.9979
vn 0.0536 0.0101 0.9985
vn 0.0578 -0.0231 0.9981
vn 0.0731 -0.0418 0.9964
vn 0.0809 -0.0374 0.9960
vn 0.0642 -0.0208 0.9977
vn 0.0858 -0.0572 0.9947
vn 0.0962 -0.0487 0.9942
vn 0.1076 -0.0354 0.9936
vn 0.0929 -0.0260 0.9953
vn 0.0774 -0.0162 0.9969
vn 0.1152 -0.0198 0.9931
vn 0.0986 -0.0106 0.9951
vn 0.0764 -0.0025 0.9971
vn 0.0554 -0.0021 0.9985
vn 0.0432 -0.0055 0.9991
vn 0.0267 -0.0349 0.9990
vn 0.0280 -0.0589 0.9979
vn 0.0368 -0.0597 0.9975
vn 0.0333 -0.0367 0.9988
vn 0.0290 -0.0787 0.9965
vn 0.0425 -0.0777 0.9961
vn 0.0596 -0.0737 0.9955
vn 0.0534 -0.0575 0.9969
vn 0.0467 -0.0406 0.9981
vn 0.0751 -0.0654 0.9950
vn 0.0672 -0.0484 0.9966
vn 0.0541 -0.0289 0.9981
vn 0.0374 -0.0164 0.9992
vn 0.0255 -0.0121 0.9996
vn -0.0054 -0.0265 0.9996
vn -0.0188 -0.0466 0.9987
vn -0.0122 -0.0525 0.9985
vn -0.0012 -0.0318 0.9995
vn -0.0299 -0.0632 0.9976
vn -0.0184 -0.0703 0.9974
vn -0.0021 -0.0770 0.9970
vn 0.0025 -0.0602 0.9982
vn 0.0073 -0.0427 0.9991
vn 0.0154 -0.0792 0.9967
vn 0.0192 -0.0607 0.9980
vn 0.0203 -0.0374 0.9991
vn 0.0142 -0.0177 0.9997
vn 0.0072 -0.0074 0.9999
vn -0.0264 -0.0011 0.9997
vn -0.0493 -0.0098 0.9987
vn -0.0475 -0.0183 0.9987
vn -0.0261 -0.0078 0.9996
vn -0.0681 -0.0169 0.9975
vn -0.0631 -0.0292 0.9976
vn -0.0539 -0.0439 0.9976
vn -0.0401 -0.0330 0.9987
vn -0.0257 -0.0215 0.9994
vn -0.0411 -0.0558 0.9976
vn -0.0269 -0.0430 0.9987
vn -0.0120 -0.0248 0.9996
vn -0.0052 -0.0053 1.0000
vn -0.0048 0.0070 1.0000
vn -0.0281 0.0315 0.9991
vn -0.0518 0.0376 0.9980
vn -0.0554 0.0296 0.9980
vn -0.0319 0.0259 0.9992
vn -0.0713 0.0426 0.9965
vn -0.0745 0.0298 0.9968
vn -0.0759 0.0126 0.9970
vn -0.0583 0.0135 0.9982
vn -0.0397 0.0145 0.9991
vn -0.0727 -0.0045 0.9973
vn -0.0537 -0.0022 0.9986
vn -0.0307 0.0041 0.9995
vn -0.0135 0.0159 0.9998
vn -0.0058 0.0257 0.9997
vn -0.0100 0.0589 0.9982
vn -0.0254 0.0774 0.9967
vn -0.0331 0.0731 0.9968
vn -0.0164 0.0565 0.9983
vn -0.0381 0.0928 0.9950
vn -0.0485 0.0843 0.9953
vn -0.0599 0.0711 0.9957
vn -0.0451 0.0617 0.9971
vn -0.0296 0.0518 0.9982
vn -0.0676 0.0554 0.9962
vn -0.0508 0.0463 0.9976
vn -0.0286 0.0381 0.9989
vn -0.0075 0.0378 0.9993
vn 0.0047 0.0412 0.9991
vn 0.0211 0.0706 0.9973
vn 0.0198 0.0945 0.9953
vn 0.0109 0.0954 0.9954
vn 0.0145 0.0724 0.9973
vn 0.0187 0.1143 0.9933
vn 0.0052 0.1133 0.9935
vn -0.0120 0.1092 0.9939
vn -0.0057 0.0931 0.9956
vn 0.0010 0.0763 0.9971
vn -0.0275 0.1010 0.9945
vn -0.0194 0.0840 0.9963
vn -0.0063 0.0646 0.9979
vn 0.0105 0.0522 0.9986
vn 0.0223 0.0479 0.9986
vn 0.0600 0.0882 0.9943
vn 0.0491 0.0675 0.9965
vn 0.0661 0.1059 0.9922
vn 0.0498 0.1125 0.9924
vn 0.0452 0.0958 0.9944
vn 0.0405 0.0784 0.9961
vn 0.0323 0.1147 0.9929
vn 0.0285 0.0964 0.9949
vn 0.0275 0.0731 0.9969
vn 0.0337 0.0534 0.9980
vn 0.1545 0.0036 0.9880
vn 0.1556 0.0247 0.9875
vn 0.1502 -0.0153 0.9885
vn 0.1986 -0.0282 0.9797
vn 0.2041 -0.0008 0.9789
vn 0.2052 0.0271 0.9783
vn 0.2562 -0.0435 0.9656
vn 0.2633 -0.0066 0.9647
vn 0.2643 0.0300 0.9640
vn 0.2594 0.0664 0.9635
vn 0.2484 0.1024 0.9632
vn 0.1929 0.0815 0.9778
vn 0.2011 0.0550 0.9780
vn 0.1460 0.0639 0.9872
vn 0.1522 0.0456 0.9873
vn 0.1381 0.0816 0.9870
vn 0.1265 0.0994 0.9870
vn 0.1809 0.1067 0.9777
vn 0.1650 0.1300 0.9777
vn 0.2321 0.1363 0.9631
vn 0.2110 0.1666 0.9632
vn 0.1852 0.1932 0.9635
vn 0.1549 0.2160 0.9640
vn 0.1225 0.1669 0.9783
vn 0.1452 0.1501 0.9780
vn 0.0952 0.1255 0.9875
vn 0.1112 0.1143 0.9872
vn 0.0781 0.1354 0.9877
vn 0.0580 0.1430 0.9880
vn 0.0976 0.1805 0.9787
vn 0.0708 0.1901 0.9792
vn 0.1212 0.2340 0.9646
vn 0.0860 0.2464 0.9654
vn 0.0491 0.2530 0.9662
vn 0.0107 0.2539 0.9672
vn 0.0141 0.1953 0.9806
vn 0.0425 0.1949 0.9799
vn 0.0170 0.1461 0.9891
vn 0.0367 0.1462 0.9886
vn -0.0273 0.2490 0.9681
vn -0.0141 0.1919 0.9813
vn -0.0633 0.2385 0.9691
vn -0.0416 0.1842 0.9820
vn -0.0971 0.2225 0.9701
vn -0.1286 0.2011 0.9711
vn -0.0906 0.1557 0.9836
vn -0.0673 0.1718 0.9828
vn -0.0587 0.1175 0.9913
vn -0.0428 0.1290 0.9907
vn -0.0236 0.1387 0.9900
vn -0.0028 0.1442 0.9895
vn -0.0734 0.1046 0.9918
vn -0.0871 0.0882 0.9923
vn -0.1114 0.1367 0.9843
vn -0.1290 0.1146 0.9850
vn -0.1564 0.1752 0.9720
vn -0.1792 0.1461 0.9729
vn -0.1971 0.1137 0.9738
vn -0.2097 0.0783 0.9746
vn -0.1515 0.0634 0.9864
vn -0.1424 0.0898 0.9857
vn -0.1028 0.0508 0.9934
vn -0.0968 0.0693 0.9929
vn -0.1070 0.0319 0.9937
vn -0.1082 0.0108 0.9941
vn -0.1570 0.0360 0.9869
vn -0.1581 0.0080 0.9874
vn -0.2167 0.0414 0.9754
vn -0.2178 0.0047 0.9760
vn -0.2129 -0.0317 0.9766
vn -0.2020 -0.0676 0.9771
vn -0.1457 -0.0463 0.9882
vn -0.1541 -0.0197 0.9879
vn -0.0985 -0.0284 0.9947
vn -0.1047 -0.0101 0.9945
vn -0.0907 -0.0462 0.9948
vn -0.0790 -0.0639 0.9948
vn -0.1338 -0.0716 0.9884
vn -0.1179 -0.0948 0.9885
vn -0.1856 -0.1015 0.9774
vn -0.1645 -0.1319 0.9775
vn -0.1388 -0.1585 0.9776
vn -0.1084 -0.1813 0.9774
vn -0.0754 -0.1317 0.9884
vn -0.0981 -0.1149 0.9885
vn -0.0477 -0.0901 0.9948
vn -0.0638 -0.0788 0.9949
vn -0.0306 -0.0999 0.9945
vn -0.0105 -0.1075 0.9941
vn -0.0505 -0.1453 0.9881
vn -0.0236 -0.1549 0.9876
vn -0.0747 -0.1993 0.9771
vn -0.0394 -0.2116 0.9766
vn -0.0025 -0.2183 0.9759
vn 0.0358 -0.2191 0.9750
vn 0.0330 -0.1601 0.9866
vn 0.0045 -0.1597 0.9872
vn 0.0306 -0.1106 0.9934
vn 0.0108 -0.1107 0.9938
vn 0.0502 -0.1086 0.9928
vn 0.0711 -0.1032 0.9921
vn 0.0612 -0.1567 0.9857
vn 0.0887 -0.1490 0.9848
vn 0.0738 -0.2142 0.9740
vn 0.1098 -0.2038 0.9728
vn 0.1436 -0.1878 0.9717
vn 0.1751 -0.1664 0.9704
vn 0.1377 -0.1205 0.9831
vn 0.1144 -0.1366 0.9840
vn 0.1062 -0.0820 0.9910
vn 0.0902 -0.0935 0.9915
vn 0.1210 -0.0691 0.9902
vn 0.1346 -0.0527 0.9895
vn 0.1585 -0.1015 0.9821
vn 0.1761 -0.0794 0.9812
vn 0.2029 -0.1405 0.9691
vn 0.2257 -0.1113 0.9678
vn 0.2435 -0.0790 0.9667
vn 0.1894 -0.0546 0.9804
vn 0.1442 -0.0338 0.9890
vt 0.104297 0.058594
vt 0.086458 0.056771
vt 0.106771 0.077083
vt 0.108594 0.078125
vt 0.050000 0.050000
vt 0.157031 0.076042
vt 0.193945 0.100260
vt 0.129818 0.100521
vt 0.113867 0.100781
vt 0.206250 0.125000
vt 0.137500 0.125000
vt 0.206250 0.150000
vt 0.137500 0.150000
vt 0.115625 0.150000
vt 0.115625 0.125000
vt 0.125000 0.150000
vt 0.125000 0.125000
vt 0.150000 0.150000
vt 0.150000 0.125000
vt 0.150065 0.100260
vt 0.125130 0.100521
vt 0.150260 0.076042
vt 0.125521 0.077083
vt 0.150000 0.050000
vt 0.125521 0.056771
vt 0.202344 0.058594
vt 0.178646 0.056771
vt 0.175521 0.077083
vt 0.200781 0.078125
vt 0.175130 0.100521
vt 0.200195 0.100781
vt 0.175000 0.125000
vt 0.175000 0.150000
vt 0.200000 0.150000
vt 0.200000 0.125000
vt 0.225000 0.150000
vt 0.225000 0.125000
vt 0.250000 0.150000
vt 0.250000 0.125000
vt 0.250065 0.100260
vt 0.225130 0.100521
vt 0.250260 0.076042
vt 0.225521 0.077083
vt 0.250000 0.050000
vt 0.225521 0.056771
vt 0.302344 0.058594
vt 0.278646 0.056771
vt 0.275521 0.077083
vt 0.300781 0.078125
vt 0.275130 0.100521
vt 0.300195 0.100781
vt 0.275000 0.125000
vt 0.275000 0.150000
vt 0.300000 0.150000
vt 0.300000 0.125000
vt 0.325000 0.150000
vt 0.325000 0.125000
vt 0.350000 0.150000
vt 0.350000 0.125000
vt 0.350065 0.100260
vt 0.325130 0.100521
vt 0.350260 0.076042
vt 0.325521 0.077083
vt 0.350000 0.050000
vt 0.325521 0.056771
vt 0.402344 0.058594
vt 0.378646 0.056771
vt 0.375521 0.077083
vt 0.400781 0.078125
vt 0.375130 0.100521
vt 0.400195 0.100781
vt 0.375000 0.125000
vt 0.375000 0.150000
vt 0.400000 0.150000
vt 0.400000 0.125000
vt 0.425000 0.150000
vt 0.425000 0.125000
vt 0.450000 0.150000
vt 0.450000 0.125000
vt 0.450065 0.100260
vt 0.425130 0.100521
vt 0.450260 0.076042
vt 0.425521 0.077083
vt 0.450000 0.050000
vt 0.425521 0.056771
vt 0.502344 0.058594
vt 0.478646 0.056771
vt 0.475521 0.077083
vt 0.500781 0.078125
vt 0.475130 0.100521
vt 0.500195 0.100781
vt 0.475000 0.125000
vt 0.475000 0.150000
vt 0.500000 0.150000
vt 0.500000 0.125000
vt 0.525000 0.150000
vt 0.525000 0.125000
vt 0.550000 0.150000
vt 0.550000 0.125000
vt 0.550065 0.100260
vt 0.525130 0.100521
vt 0.550260 0.076042
vt 0.525521 0.077083
vt 0.550000 0.050000
vt 0.525521 0.056771
vt 0.602344 0.058594
vt 0.578646 0.056771
vt 0.575521 0.077083
vt 0.600781 0.078125
vt 0.575130 0.100521
vt 0.600195 0.100781
vt 0.575000 0.125000
vt 0.575000 0.150000
vt 0.600000 0.150000
vt 0.600000 0.125000
vt 0.625000 0.150000
vt 0.625000 0.125000
vt 0.650000 0.150000
vt 0.650000 0.125000
vt 0.650065 0.100260
vt 0.625130 0.100521
vt 0.650261 0.076042
vt 0.625521 0.077083
vt 0.650000 0.050000
vt 0.625521 0.056771
vt 0.702344 0.058594
vt 0.678646 0.056771
vt 0.675521 0.077083
vt 0.700781 0.078125
vt 0.675130 0.100521
vt 0.700195 0.100781
vt 0.675000 0.125000
vt 0.675000 0.150000
vt 0.700000 0.150000
vt 0.700000 0.125000
vt 0.725000 0.150000
vt 0.725000 0.125000
vt 0.750000 0.150000
vt 0.750000 0.125000
vt 0.750065 0.100260
vt 0.725130 0.100521
vt 0.750261 0.076042
vt 0.725521 0.077083
vt 0.750000 0.050000
vt 0.725521 0.056771
vt 0.802344 0.058594
vt 0.778646 0.056771
vt 0.775521 0.077083
vt 0.800781 0.078125
vt 0.775130 0.100521
vt 0.800195 0.100781
vt 0.775000 0.125000
vt 0.775000 0.150000
vt 0.800000 0.150000
vt 0.800000 0.125000
vt 0.825000 0.150000
vt 0.825000 0.125000
vt 0.850000 0.150000
vt 0.850000 0.125000
vt 0.850065 0.100260
vt 0.825130 0.100521
vt 0.850261 0.076042
vt 0.825521 0.077083
vt 0.850000 0.050000
vt 0.825521 0.056771
vt 0.900391 0.058594
vt 0.878646 0.056771
vt 0.875521 0.077083
vt 0.892969 0.078125
vt 0.875130 0.100521
vt 0.886524 0.100781
vt 0.875000 0.125000
vt 0.875000 0.150000
vt 0.884375 0.150000
vt 0.884375 0.125000
vt 0.862500 0.150000
vt 0.862500 0.125000
vt 0.793750 0.150000
vt 0.793750 0.125000
vt 0.804883 0.100260
vt 0.870443 0.100521
vt 0.838281 0.076042
vt 0.894271 0.077083
vt 0.950000 0.050000
vt 0.917708 0.056771
vt 0.455469 0.058594
vt 0.663542 0.056771
vt 0.683854 0.077083
vt 0.485156 0.078125
vt 0.667839 0.100521
vt 0.496289 0.100781
vt 0.662500 0.125000
vt 0.662500 0.150000
vt 0.500000 0.150000
vt 0.337500 0.150000
vt 0.337500 0.125000
vt 0.327214 0.100521
vt 0.296354 0.077083
vt 0.257292 0.056771
vt 0.137500 0.175000
vt 0.115625 0.175000
vt 0.206250 0.175000
vt 0.206250 0.200000
vt 0.137500 0.200000
vt 0.115625 0.200000
vt 0.206250 0.225000
vt 0.137500 0.225000
vt 0.206250 0.250000
vt 0.137500 0.250000
vt 0.115625 0.250000
vt 0.115625 0.225000
vt 0.125000 0.250000
vt 0.125000 0.225000
vt 0.150000 0.250000
vt 0.150000 0.225000
vt 0.150000 0.200000
vt 0.125000 0.200000
vt 0.150000 0.175000
vt 0.125000 0.175000
vt 0.175000 0.175000
vt 0.200000 0.175000
vt 0.175000 0.200000
vt 0.200000 0.200000
vt 0.175000 0.225000
vt 0.175000 0.250000
vt 0.200000 0.250000
vt 0.200000 0.225000
vt 0.225000 0.250000
vt 0.225000 0.225000
vt 0.250000 0.250000
vt 0.250000 0.225000
vt 0.250000 0.200000
vt 0.225000 0.200000
vt 0.250000 0.175000
vt 0.225000 0.175000
vt 0.275000 0.175000
vt 0.300000 0.175000
vt 0.275000 0.200000
vt 0.300000 0.200000
vt 0.275000 0.225000
vt 0.275000 0.250000
vt 0.300000 0.250000
vt 0.300000 0.225000
vt 0.325000 0.250000
vt 0.325000 0.225000
vt 0.350000 0.250000
vt 0.350000 0.225000
vt 0.350000 0.200000
vt 0.325000 0.200000
vt 0.350000 0.175000
vt 0.325000 0.175000
vt 0.375000 0.175000
vt 0.400000 0.175000
vt 0.375000 0.200000
vt 0.400000 0.200000
vt 0.375000 0.225000
vt 0.375000 0.250000
vt 0.400000 0.250000
vt 0.400000 0.225000
vt 0.425000 0.250000
vt 0.425000 0.225000
vt 0.450000 0.250000
vt 0.450000 0.225000
vt 0.450000 0.200000
vt 0.425000 0.200000
vt 0.450000 0.175000
vt 0.425000 0.175000
vt 0.475000 0.175000
vt 0.500000 0.175000
vt 0.475000 0.200000
vt 0.500000 0.200000
vt 0.475000 0.225000
vt 0.475000 0.250000
vt 0.500000 0.250000
vt 0.500000 0.225000
vt 0.525000 0.250000
vt 0.525000 0.225000
vt 0.550000 0.250000
vt 0.550000 0.225000
vt 0.550000 0.200000
vt 0.525000 0.200000
vt 0.550000 0.175000
vt 0.525000 0.175000
vt 0.575000 0.175000
vt 0.600000 0.175000
vt 0.575000 0.200000
vt 0.600000 0.200000
vt 0.575000 0.225000
vt 0.575000 0.250000
vt 0.600000 0.250000
vt 0.600000 0.225000
vt 0.625000 0.250000
vt 0.625000 0.225000
vt 0.650000 0.250000
vt 0.650000 0.225000
vt 0.650000 0.200000
vt 0.625000 0.200000
vt 0.650000 0.175000
vt 0.625000 0.175000
vt 0.675000 0.175000
vt 0.700000 0.175000
vt 0.675000 0.200000
vt 0.700000 0.200000
vt 0.675000 0.225000
vt 0.675000 0.250000
vt 0.700000 0.250000
vt 0.700000 0.225000
vt 0.725000 0.250000
vt 0.725000 0.225000
vt 0.750000 0.250000
vt 0.750000 0.225000
vt 0.750000 0.200000
vt 0.725000 0.200000
vt 0.750000 0.175000
vt 0.725000 0.175000
vt 0.775000 0.175000
vt 0.800000 0.175000
vt 0.775000 0.200000
vt 0.800000 0.200000
vt 0.775000 0.225000
vt 0.775000 0.250000
vt 0.800000 0.250000
vt 0.800000 0.225000
vt 0.825000 0.250000
vt 0.825000 0.225000
vt 0.850000 0.250000
vt 0.850000 0.225000
vt 0.850000 0.200000
vt 0.825000 0.200000
vt 0.850000 0.175000
vt 0.825000 0.175000
vt 0.875000 0.175000
vt 0.884375 0.175000
vt 0.875000 0.200000
vt 0.884375 0.200000
vt 0.875000 0.225000
vt 0.875000 0.250000
vt 0.884375 0.250000
vt 0.884375 0.225000
vt 0.862500 0.250000
vt 0.862500 0.225000
vt 0.793750 0.250000
vt 0.793750 0.225000
vt 0.793750 0.200000
vt 0.862500 0.200000
vt 0.793750 0.175000
vt 0.862500 0.175000
vt 0.662500 0.175000
vt 0.662500 0.200000
vt 0.500000 0.200000
vt 0.662500 0.225000
vt 0.662500 0.250000
vt 0.500000 0.250000
vt 0.337500 0.250000
vt 0.337500 0.225000
vt 0.337500 0.200000
vt 0.337500 0.175000
vt 0.137500 0.275000
vt 0.115625 0.275000
vt 0.206250 0.275000
vt 0.206250 0.300000
vt 0.137500 0.300000
vt 0.115625 0.300000
vt 0.206250 0.325000
vt 0.137500 0.325000
vt 0.206250 0.350000
vt 0.137500 0.350000
vt 0.115625 0.350000
vt 0.115625 0.325000
vt 0.125000 0.350000
vt 0.125000 0.325000
vt 0.150000 0.350000
vt 0.150000 0.325000
vt 0.150000 0.300000
vt 0.125000 0.300000
vt 0.150000 0.275000
vt 0.125000 0.275000
vt 0.175000 0.275000
vt 0.200000 0.275000
vt 0.175000 0.300000
vt 0.200000 0.300000
vt 0.175000 0.325000
vt 0.175000 0.350000
vt 0.200000 0.350000
vt 0.200000 0.325000
vt 0.225000 0.350000
vt 0.225000 0.325000
vt 0.250000 0.350000
vt 0.250000 0.325000
vt 0.250000 0.300000
vt 0.225000 0.300000
vt 0.250000 0.275000
vt 0.225000 0.275000
vt 0.275000 0.275000
vt 0.300000 0.275000
vt 0.275000 0.300000
vt 0.300000 0.300000
vt 0.275000 0.325000
vt 0.275000 0.350000
vt 0.300000 0.350000
vt 0.300000 0.325000
vt 0.325000 0.350000
vt 0.325000 0.325000
vt 0.350000 0.350000
vt 0.350000 0.325000
vt 0.350000 0.300000
vt 0.325000 0.300000
vt 0.350000 0.275000
vt 0.325000 0.275000
vt 0.375000 0.275000
vt 0.400000 0.275000
vt 0.375000 0.300000
vt 0.400000 0.300000
vt 0.375000 0.325000
vt 0.375000 0.350000
vt 0.400000 0.350000
vt 0.400000 0.325000
vt 0.425000 0.350000
vt 0.425000 0.325000
vt 0.450000 0.350000
vt 0.450000 0.325000
vt 0.450000 0.300000
vt 0.425000 0.300000
vt 0.450000 0.275000
vt 0.425000 0.275000
vt 0.475000 0.275000
vt 0.500000 0.275000
vt 0.475000 0.300000
vt 0.500000 0.300000
vt 0.475000 0.325000
vt 0.475000 0.350000
vt 0.500000 0.350000
vt 0.500000 0.325000
vt 0.525000 0.350000
vt 0.525000 0.325000
vt 0.550000 0.350000
vt 0.550000 0.325000
vt 0.550000 0.300000
vt 0.525000 0.300000
vt 0.550000 0.275000
vt 0.525000 0.275000
vt 0.575000 0.275000
vt 0.600000 0.275000
vt 0.575000 0.300000
vt 0.600000 0.300000
vt 0.575000 0.325000
vt 0.575000 0.350000
vt 0.600000 0.350000
vt 0.600000 0.325000
vt 0.625000 0.350000
vt 0.625000 0.325000
vt 0.650000 0.350000
vt 0.650000 0.325000
vt 0.650000 0.300000
vt 0.625000 0.300000
vt 0.650000 0.275000
vt 0.625000 0.275000
vt 0.675000 0.275000
vt 0.700000 0.275000
vt 0.675000 0.300000
vt 0.700000 0.300000
vt 0.675000 0.325000
vt 0.675000 0.350000
vt 0.700000 0.350000
vt 0.700000 0.325000
vt 0.725000 0.350000
vt 0.725000 0.325000
vt 0.750000 0.350000
vt 0.750000 0.325000
vt 0.750000 0.300000
vt 0.725000 0.300000
vt 0.750000 0.275000
vt 0.725000 0.275000
vt 0.775000 0.275000
vt 0.800000 0.275000
vt 0.775000 0.300000
vt 0.800000 0.300000
vt 0.775000 0.325000
vt 0.775000 0.350000
vt 0.800000 0.350000
vt 0.800000 0.325000
vt 0.825000 0.350000
vt 0.825000 0.325000
vt 0.850000 0.350000
vt 0.850000 0.325000
vt 0.850000 0.300000
vt 0.825000 0.300000
vt 0.850000 0.275000
vt 0.825000 0.275000
vt 0.875000 0.275000
vt 0.884375 0.275000
vt 0.875000 0.300000
vt 0.884375 0.300000
vt 0.875000 0.325000
vt 0.875000 0.350000
vt 0.884375 0.350000
vt 0.884375 0.325000
vt 0.862500 0.350000
vt 0.862500 0.325000
vt 0.793750 0.350000
vt 0.793750 0.325000
vt 0.793750 0.300000
vt 0.862500 0.300000
vt 0.793750 0.275000
vt 0.862500 0.275000
vt 0.662500 0.275000
vt 0.662500 0.300000
vt 0.500000 0.300000
vt 0.662500 0.325000
vt 0.662500 0.350000
vt 0.500000 0.350000
vt 0.337500 0.350000
vt 0.337500 0.325000
vt 0.337500 0.300000
vt 0.337500 0.275000
vt 0.137500 0.375000
vt 0.115625 0.375000
vt 0.206250 0.375000
vt 0.206250 0.400000
vt 0.137500 0.400000
vt 0.115625 0.400000
vt 0.206250 0.425000
vt 0.137500 0.425000
vt 0.206250 0.450000
vt 0.137500 0.450000
vt 0.115625 0.450000
vt 0.115625 0.425000
vt 0.125000 0.450000
vt 0.125000 0.425000
vt 0.150000 0.450000
vt 0.150000 0.425000
vt 0.150000 0.400000
vt 0.125000 0.400000
vt 0.150000 0.375000
vt 0.125000 0.375000
vt 0.175000 0.375000
vt 0.200000 0.375000
vt 0.175000 0.400000
vt 0.200000 0.400000
vt 0.175000 0.425000
vt 0.175000 0.450000
vt 0.200000 0.450000
vt 0.200000 0.425000
vt 0.225000 0.450000
vt 0.225000 0.425000
vt 0.250000 0.450000
vt 0.250000 0.425000
vt 0.250000 0.400000
vt 0.225000 0.400000
vt 0.250000 0.375000
vt 0.225000 0.375000
vt 0.275000 0.375000
vt 0.300000 0.375000
vt 0.275000 0.400000
vt 0.300000 0.400000
vt 0.275000 0.425000
vt 0.275000 0.450000
vt 0.300000 0.450000
vt 0.300000 0.425000
vt 0.325000 0.450000
vt 0.325000 0.425000
vt 0.350000 0.450000
vt 0.350000 0.425000
vt 0.350000 0.400000
vt 0.325000 0.400000
vt 0.350000 0.375000
vt 0.325000 0.375000
vt 0.375000 0.375000
vt 0.400000 0.375000
vt 0.375000 0.400000
vt 0.400000 0.400000
vt 0.375000 0.425000
vt 0.375000 0.450000
vt 0.400000 0.450000
vt 0.400000 0.425000
vt 0.425000 0.450000
vt 0.425000 0.425000
vt 0.450000 0.450000
vt 0.450000 0.425000
vt 0.450000 0.400000
vt 0.425000 0.400000
vt 0.450000 0.375000
vt 0.425000 0.375000
vt 0.475000 0.375000
vt 0.500000 0.375000
vt 0.475000 0.400000
vt 0.500000 0.400000
vt 0.475000 0.425000
vt 0.475000 0.450000
vt 0.500000 0.450000
vt 0.500000 0.425000
vt 0.525000 0.450000
vt 0.525000 0.425000
vt 0.550000 0.450000
vt 0.550000 0.425000
vt 0.550000 0.400000
vt 0.525000 0.400000
vt 0.550000 0.375000
vt 0.525000 0.375000
vt 0.575000 0.375000
vt 0.600000 0.375000
vt 0.575000 0.400000
vt 0.600000 0.400000
vt 0.575000 0.425000
vt 0.575000 0.450000
vt 0.600000 0.450000
vt 0.600000 0.425000
vt 0.625000 0.450000
vt 0.625000 0.425000
vt 0.650000 0.450000
vt 0.650000 0.425000
vt 0.650000 0.400000
vt 0.625000 0.400000
vt 0.650000 0.375000
vt 0.625000 0.375000
vt 0.675000 0.375000
vt 0.700000 0.375000
vt 0.675000 0.400000
vt 0.700000 0.400000
vt 0.675000 0.425000
vt 0.675000 0.450000
vt 0.700000 0.450000
vt 0.700000 0.425000
vt 0.725000 0.450000
vt 0.725000 0.425000
vt 0.750000 0.450000
vt 0.750000 0.425000
vt 0.750000 0.400000
vt 0.725000 0.400000
vt 0.750000 0.375000
vt 0.725000 0.375000
vt 0.775000 0.375000
vt 0.800000 0.375000
vt 0.775000 0.400000
vt 0.800000 0.400000
vt 0.775000 0.425000
vt 0.775000 0.450000
vt 0.800000 0.450000
vt 0.800000 0.425000
vt 0.825000 0.450000
vt 0.825000 0.425000
vt 0.850000 0.450000
vt 0.850000 0.425000
vt 0.850000 0.400000
vt 0.825000 0.400000
vt 0.850000 0.375000
vt 0.825000 0.375000
vt 0.875000 0.375000
vt 0.884375 0.375000
vt 0.875000 0.400000
vt 0.884375 0.400000
vt 0.875000 0.425000
vt 0.875000 0.450000
vt 0.884375 0.450000
vt 0.884375 0.425000
vt 0.862500 0.450000
vt 0.862500 0.425000
vt 0.793750 0.450000
vt 0.793750 0.425000
vt 0.793750 0.400000
vt 0.862500 0.400000
vt 0.793750 0.375000
vt 0.862500 0.375000
vt 0.662500 0.375000
vt 0.662500 0.400000
vt 0.500000 0.400000
vt 0.662500 0.425000
vt 0.662500 0.450000
vt 0.500000 0.450000
vt 0.337500 0.450000
vt 0.337500 0.425000
vt 0.337500 0.400000
vt 0.337500 0.375000
vt 0.137500 0.475000
vt 0.115625 0.475000
vt 0.206250 0.475000
vt 0.206250 0.500000
vt 0.137500 0.500000
vt 0.115625 0.500000
vt 0.206250 0.525000
vt 0.137500 0.525000
vt 0.206250 0.550000
vt 0.137500 0.550000
vt 0.115625 0.550000
vt 0.115625 0.525000
vt 0.125000 0.550000
vt 0.125000 0.525000
vt 0.150000 0.550000
vt 0.150000 0.525000
vt 0.150000 0.500000
vt 0.125000 0.500000
vt 0.150000 0.475000
vt 0.125000 0.475000
vt 0.175000 0.475000
vt 0.200000 0.475000
vt 0.175000 0.500000
vt 0.200000 0.500000
vt 0.175000 0.525000
vt 0.175000 0.550000
vt 0.200000 0.550000
vt 0.200000 0.525000
vt 0.225000 0.550000
vt 0.225000 0.525000
vt 0.250000 0.550000
vt 0.250000 0.525000
vt 0.250000 0.500000
vt 0.225000 0.500000
vt 0.250000 0.475000
vt 0.225000 0.475000
vt 0.275000 0.475000
vt 0.300000 0.475000
vt 0.275000 0.500000
vt 0.300000 0.500000
vt 0.275000 0.525000
vt 0.275000 0.550000
vt 0.300000 0.550000
vt 0.300000 0.525000
vt 0.325000 0.550000
vt 0.325000 0.525000
vt 0.350000 0.550000
vt 0.350000 0.525000
vt 0.350000 0.500000
vt 0.325000 0.500000
vt 0.350000 0.475000
vt 0.325000 0.475000
vt 0.375000 0.475000
vt 0.400000 0.475000
vt 0.375000 0.500000
vt 0.400000 0.500000
vt 0.375000 0.525000
vt 0.375000 0.550000
vt 0.400000 0.550000
vt 0.400000 0.525000
vt 0.425000 0.550000
vt 0.425000 0.525000
vt 0.450000 0.550000
vt 0.450000 0.525000
vt 0.450000 0.500000
vt 0.425000 0.500000
vt 0.450000 0.475000
vt 0.425000 0.475000
vt 0.475000 0.475000
vt 0.500000 0.475000
vt 0.475000 0.500000
vt 0.500000 0.500000
vt 0.475000 0.525000
vt 0.475000 0.550000
vt 0.500000 0.550000
vt 0.500000 0.525000
vt 0.525000 0.550000
vt 0.525000 0.525000
vt 0.550000 0.550000
vt 0.550000 0.525000
vt 0.550000 0.500000
vt 0.525000 0.500000
vt 0.550000 0.475000
vt 0.525000 0.475000
vt 0.575000 0.475000
vt 0.600000 0.475000
vt 0.575000 0.500000
vt 0.600000 0.500000
vt 0.575000 0.525000
vt 0.575000 0.550000
vt 0.600000 0.550000
vt 0.600000 0.525000
vt 0.625000 0.550000
vt 0.625000 0.525000
vt 0.650000 0.550000
vt 0.650000 0.525000
vt 0.650000 0.500000
vt 0.625000 0.500000
vt 0.650000 0.475000
vt 0.625000 0.475000
vt 0.675000 0.475000
vt 0.700000 0.475000
vt 0.675000 0.500000
vt 0.700000 0.500000
vt 0.675000 0.525000
vt 0.675000 0.550000
vt 0.700000 0.550000
vt 0.700000 0.525000
vt 0.725000 0.550000
vt 0.725000 0.525000
vt 0.750000 0.550000
vt 0.750000 0.525000
vt 0.750000 0.500000
vt 0.725000 0.500000
vt 0.750000 0.475000
vt 0.725000 0.475000
vt 0.775000 0.475000
vt 0.800000 0.475000
vt 0.775000 0.500000
vt 0.800000 0.500000
vt 0.775000 0.525000
vt 0.775000 0.550000
vt 0.800000 0.550000
vt 0.800000 0.525000
vt 0.825000 0.550000
vt 0.825000 0.525000
vt 0.850000 0.550000
vt 0.850000 0.525000
vt 0.850000 0.500000
vt 0.825000 0.500000
vt 0.850000 0.475000
vt 0.825000 0.475000
vt 0.875000 0.475000
vt 0.884375 0.475000
vt 0.875000 0.500000
vt 0.884375 0.500000
vt 0.875000 0.525000
vt 0.875000 0.550000
vt 0.884375 0.550000
vt 0.884375 0.525000
vt 0.862500 0.550000
vt 0.862500 0.525000
vt 0.793750 0.550000
vt 0.793750 0.525000
vt 0.793750 0.500000
vt 0.862500 0.500000
vt 0.793750 0.475000
vt 0.862500 0.475000
vt 0.662500 0.475000
vt 0.662500 0.500000
vt 0.500000 0.500000
vt 0.662500 0.525000
vt 0.662500 0.550000
vt 0.500000 0.550000
vt 0.337500 0.550000
vt 0.337500 0.525000
vt 0.337500 0.500000
vt 0.337500 0.475000
vt 0.137500 0.575000
vt 0.115625 0.575000
vt 0.206250 0.575000
vt 0.206250 0.600000
vt 0.137500 0.600000
vt 0.115625 0.600000
vt 0.206250 0.625000
vt 0.137500 0.625000
vt 0.206250 0.650000
vt 0.137500 0.650000
vt 0.115625 0.650000
vt 0.115625 0.625000
vt 0.125000 0.650000
vt 0.125000 0.625000
vt 0.150000 0.650000
vt 0.150000 0.625000
vt 0.150000 0.600000
vt 0.125000 0.600000
vt 0.150000 0.575000
vt 0.125000 0.575000
vt 0.175000 0.575000
vt 0.200000 0.575000
vt 0.175000 0.600000
vt 0.200000 0.600000
vt 0.175000 0.625000
vt 0.175000 0.650000
vt 0.200000 0.650000
vt 0.200000 0.625000
vt 0.225000 0.650000
vt 0.225000 0.625000
vt 0.250000 0.650000
vt 0.250000 0.625000
vt 0.250000 0.600000
vt 0.225000 0.600000
vt 0.250000 0.575000
vt 0.225000 0.575000
vt 0.275000 0.575000
vt 0.300000 0.575000
vt 0.275000 0.600000
vt 0.300000 0.600000
vt 0.275000 0.625000
vt 0.275000 0.650000
vt 0.300000 0.650000
vt 0.300000 0.625000
vt 0.325000 0.650000
vt 0.325000 0.625000
vt 0.350000 0.650000
vt 0.350000 0.625000
vt 0.350000 0.600000
vt 0.325000 0.600000
vt 0.350000 0.575000
vt 0.325000 0.575000
vt 0.375000 0.575000
vt 0.400000 0.575000
vt 0.375000 0.600000
vt 0.400000 0.600000
vt 0.375000 0.625000
vt 0.375000 0.650000
vt 0.400000 0.650000
vt 0.400000 0.625000
vt 0.425000 0.650000
vt 0.425000 0.625000
vt 0.450000 0.650000
vt 0.450000 0.625000
vt 0.450000 0.600000
vt 0.425000 0.600000
vt 0.450000 0.575000
vt 0.425000 0.575000
vt 0.475000 0.575000
vt 0.500000 0.575000
vt 0.475000 0.600000
vt 0.500000 0.600000
vt 0.475000 0.625000
vt 0.475000 0.650000
vt 0.500000 0.650000
vt 0.500000 0.625000
vt 0.525000 0.650000
vt 0.525000 0.625000
vt 0.550000 0.650000
vt 0.550000 0.625000
vt 0.550000 0.600000
vt 0.525000 0.600000
vt 0.550000 0.575000
vt 0.525000 0.575000
vt 0.575000 0.575000
vt 0.600000 0.575000
vt 0.575000 0.600000
vt 0.600000 0.600000
vt 0.575000 0.625000
vt 0.575000 0.650000
vt 0.600000 0.650000
vt 0.600000 0.625000
vt 0.625000 0.650000
vt 0.625000 0.625000
vt 0.650000 0.650000
vt 0.650000 0.625000
vt 0.650000 0.600000
vt 0.625000 0.600000
vt 0.650000 0.575000
vt 0.625000 0.575000
vt 0.675000 0.575000
vt 0.700000 0.575000
vt 0.675000 0.600000
vt 0.700000 0.600000
vt 0.675000 0.625000
vt 0.675000 0.650000
vt 0.700000 0.650000
vt 0.700000 0.625000
vt 0.725000 0.650000
vt 0.725000 0.625000
vt 0.750000 0.650000
vt 0.750000 0.625000
vt 0.750000 0.600000
vt 0.725000 0.600000
vt 0.750000 0.575000
vt 0.725000 0.575000
vt 0.775000 0.575000
vt 0.800000 0.575000
vt 0.775000 0.600000
vt 0.800000 0.600000
vt 0.775000 0.625000
vt 0.775000 0.650000
vt 0.800000 0.650000
vt 0.800000 0.625000
vt 0.825000 0.650000
vt 0.825000 0.625000
vt 0.850000 0.650000
vt 0.850000 0.625000
vt 0.850000 0.600000
vt 0.825000 0.600000
vt 0.850000 0.575000
vt 0.825000 0.575000
vt 0.875000 0.575000
vt 0.884375 0.575000
vt 0.875000 0.600000
vt 0.884375 0.600000
vt 0.875000 0.625000
vt 0.875000 0.650000
vt 0.884375 0.650000
vt 0.884375 0.625000
vt 0.862500 0.650000
vt 0.862500 0.625000
vt 0.793750 0.650000
vt 0.793750 0.625000
vt 0.793750 0.600000
vt 0.862500 0.600000
vt 0.793750 0.575000
vt 0.862500 0.575000
vt 0.662500 0.575000
vt 0.662500 0.600000
vt 0.500000 0.600000
vt 0.662500 0.625000
vt 0.662500 0.650000
vt 0.500000 0.650000
vt 0.337500 0.650000
vt 0.337500 0.625000
vt 0.337500 0.600000
vt 0.337500 0.575000
vt 0.137500 0.675000
vt 0.115625 0.675000
vt 0.206250 0.675000
vt 0.206250 0.700000
vt 0.137500 0.700000
vt 0.115625 0.700000
vt 0.206250 0.725000
vt 0.137500 0.725000
vt 0.206250 0.750000
vt 0.137500 0.750000
vt 0.115625 0.750000
vt 0.115625 0.725000
vt 0.125000 0.750000
vt 0.125000 0.725000
vt 0.150000 0.750000
vt 0.150000 0.725000
vt 0.150000 0.700000
vt 0.125000 0.700000
vt 0.150000 0.675000
vt 0.125000 0.675000
vt 0.175000 0.675000
vt 0.200000 0.675000
vt 0.175000 0.700000
vt 0.200000 0.700000
vt 0.175000 0.725000
vt 0.175000 0.750000
vt 0.200000 0.750000
vt 0.200000 0.725000
vt 0.225000 0.750000
vt 0.225000 0.725000
vt 0.250000 0.750000
vt 0.250000 0.725000
vt 0.250000 0.700000
vt 0.225000 0.700000
vt 0.250000 0.675000
vt 0.225000 0.675000
vt 0.275000 0.675000
vt 0.300000 0.675000
vt 0.275000 0.700000
vt 0.300000 0.700000
vt 0.275000 0.725000
vt 0.275000 0.750000
vt 0.300000 0.750000
vt 0.300000 0.725000
vt 0.325000 0.750000
vt 0.325000 0.725000
vt 0.350000 0.750000
vt 0.350000 0.725000
vt 0.350000 0.700000
vt 0.325000 0.700000
vt 0.350000 0.675000
vt 0.325000 0.675000
vt 0.375000 0.675000
vt 0.400000 0.675000
vt 0.375000 0.700000
vt 0.400000 0.700000
vt 0.375000 0.725000
vt 0.375000 0.750000
vt 0.400000 0.750000
vt 0.400000 0.725000
vt 0.425000 0.750000
vt 0.425000 0.725000
vt 0.450000 0.750000
vt 0.450000 0.725000
vt 0.450000 0.700000
vt 0.425000 0.700000
vt 0.450000 0.675000
vt 0.425000 0.675000
vt 0.475000 0.675000
vt 0.500000 0.675000
vt 0.475000 0.700000
vt 0.500000 0.700000
vt 0.475000 0.725000
vt 0.475000 0.750000
vt 0.500000 0.750000
vt 0.500000 0.725000
vt 0.525000 0.750000
vt 0.525000 0.725000
vt 0.550000 0.750000
vt 0.550000 0.725000
vt 0.550000 0.700000
vt 0.525000 0.700000
vt 0.550000 0.675000
vt 0.525000 0.675000
vt 0.575000 0.675000
vt 0.600000 0.675000
vt 0.575000 0.700000
vt 0.600000 0.700000
vt 0.575000 0.725000
vt 0.575000 0.750000
vt 0.600000 0.750000
vt 0.600000 0.725000
vt 0.625000 0.750000
vt 0.625000 0.725000
vt 0.650000 0.750000
vt 0.650000 0.725000
vt 0.650000 0.700000
vt 0.625000 0.700000
vt 0.650000 0.675000
vt 0.625000 0.675000
vt 0.675000 0.675000
vt 0.700000 0.675000
vt 0.675000 0.700000
vt 0.700000 0.700000
vt 0.675000 0.725000
vt 0.675000 0.750000
vt 0.700000 0.750000
vt 0.700000 0.725000
vt 0.725000 0.750000
vt 0.725000 0.725000
vt 0.750000 0.750000
vt 0.750000 0.725000
vt 0.750000 0.700000
vt 0.725000 0.700000
vt 0.750000 0.675000
vt 0.725000 0.675000
vt 0.775000 0.675000
vt 0.800000 0.675000
vt 0.775000 0.700000
vt 0.800000 0.700000
vt 0.775000 0.725000
vt 0.775000 0.750000
vt 0.800000 0.750000
vt 0.800000 0.725000
vt 0.825000 0.750000
vt 0.825000 0.725000
vt 0.850000 0.750000
vt 0.850000 0.725000
vt 0.850000 0.700000
vt 0.825000 0.700000
vt 0.850000 0.675000
vt 0.825000 0.675000
vt 0.875000 0.675000
vt 0.884375 0.675000
vt 0.875000 0.700000
vt 0.884375 0.700000
vt 0.875000 0.725000
vt 0.875000 0.750000
vt 0.884375 0.750000
vt 0.884375 0.725000
vt 0.862500 0.750000
vt 0.862500 0.725000
vt 0.793750 0.750000
vt 0.793750 0.725000
vt 0.793750 0.700000
vt 0.862500 0.700000
vt 0.793750 0.675000
vt 0.862500 0.675000
vt 0.662500 0.675000
vt 0.662500 0.700000
vt 0.500000 0.700000
vt 0.662500 0.725000
vt 0.662500 0.750000
vt 0.500000 0.750000
vt 0.337500 0.750000
vt 0.337500 0.725000
vt 0.337500 0.700000
vt 0.337500 0.675000
vt 0.137500 0.775000
vt 0.115625 0.775000
vt 0.206250 0.775000
vt 0.206250 0.799219
vt 0.137500 0.799219
vt 0.115625 0.799219
vt 0.206250 0.821875
vt 0.137500 0.821875
vt 0.206250 0.842188
vt 0.137500 0.842188
vt 0.115625 0.842188
vt 0.115625 0.821875
vt 0.125000 0.842188
vt 0.125000 0.821875
vt 0.150000 0.842188
vt 0.150000 0.821875
vt 0.150000 0.799219
vt 0.125000 0.799219
vt 0.150000 0.775000
vt 0.125000 0.775000
vt 0.175000 0.775000
vt 0.200000 0.775000
vt 0.175000 0.799219
vt 0.200000 0.799219
vt 0.175000 0.821875
vt 0.175000 0.842188
vt 0.200000 0.842188
vt 0.200000 0.821875
vt 0.225000 0.842188
vt 0.225000 0.821875
vt 0.250000 0.842188
vt 0.250000 0.821875
vt 0.250000 0.799219
vt 0.225000 0.799219
vt 0.250000 0.775000
vt 0.225000 0.775000
vt 0.275000 0.775000
vt 0.300000 0.775000
vt 0.275000 0.799219
vt 0.300000 0.799219
vt 0.275000 0.821875
vt 0.275000 0.842188
vt 0.300000 0.842188
vt 0.300000 0.821875
vt 0.325000 0.842188
vt 0.325000 0.821875
vt 0.350000 0.842188
vt 0.350000 0.821875
vt 0.350000 0.799219
vt 0.325000 0.799219
vt 0.350000 0.775000
vt 0.325000 0.775000
vt 0.375000 0.775000
vt 0.400000 0.775000
vt 0.375000 0.799219
vt 0.400000 0.799219
vt 0.375000 0.821875
vt 0.375000 0.842188
vt 0.400000 0.842188
vt 0.400000 0.821875
vt 0.425000 0.842188
vt 0.425000 0.821875
vt 0.450000 0.842188
vt 0.450000 0.821875
vt 0.450000 0.799219
vt 0.425000 0.799219
vt 0.450000 0.775000
vt 0.425000 0.775000
vt 0.475000 0.775000
vt 0.500000 0.775000
vt 0.475000 0.799219
vt 0.500000 0.799219
vt 0.475000 0.821875
vt 0.475000 0.842188
vt 0.500000 0.842188
vt 0.500000 0.821875
vt 0.525000 0.842188
vt 0.525000 0.821875
vt 0.550000 0.842188
vt 0.550000 0.821875
vt 0.550000 0.799219
vt 0.525000 0.799219
vt 0.550000 0.775000
vt 0.525000 0.775000
vt 0.575000 0.775000
vt 0.600000 0.775000
vt 0.575000 0.799219
vt 0.600000 0.799219
vt 0.575000 0.821875
vt 0.575000 0.842188
vt 0.600000 0.842188
vt 0.600000 0.821875
vt 0.625000 0.842188
vt 0.625000 0.821875
vt 0.650000 0.842188
vt 0.650000 0.821875
vt 0.650000 0.799219
vt 0.625000 0.799219
vt 0.650000 0.775000
vt 0.625000 0.775000
vt 0.675000 0.775000
vt 0.700000 0.775000
vt 0.675000 0.799219
vt 0.700000 0.799219
vt 0.675000 0.821875
vt 0.675000 0.842188
vt 0.700000 0.842188
vt 0.700000 0.821875
vt 0.725000 0.842188
vt 0.725000 0.821875
vt 0.750000 0.842188
vt 0.750000 0.821875
vt 0.750000 0.799219
vt 0.725000 0.799219
vt 0.750000 0.775000
vt 0.725000 0.775000
vt 0.775000 0.775000
vt 0.800000 0.775000
vt 0.775000 0.799219
vt 0.800000 0.799219
vt 0.775000 0.821875
vt 0.775000 0.842188
vt 0.800000 0.842188
vt 0.800000 0.821875
vt 0.825000 0.842188
vt 0.825000 0.821875
vt 0.850000 0.842188
vt 0.850000 0.821875
vt 0.850000 0.799219
vt 0.825000 0.799219
vt 0.850000 0.775000
vt 0.825000 0.775000
vt 0.875000 0.775000
vt 0.884375 0.775000
vt 0.875000 0.799219
vt 0.884375 0.799219
vt 0.875000 0.821875
vt 0.875000 0.842188
vt 0.884375 0.842188
vt 0.884375 0.821875
vt 0.862500 0.842188
vt 0.862500 0.821875
vt 0.793750 0.842188
vt 0.793750 0.821875
vt 0.793750 0.799219
vt 0.862500 0.799219
vt 0.793750 0.775000
vt 0.862500 0.775000
vt 0.662500 0.775000
vt 0.662500 0.799219
vt 0.500000 0.799219
vt 0.662500 0.821875
vt 0.662500 0.842188
vt 0.337500 0.842188
vt 0.337500 0.821875
vt 0.337500 0.799219
vt 0.337500 0.775000
vt 0.115625 0.899674
vt 0.125000 0.899674
vt 0.125000 0.887370
vt 0.115625 0.887370
vt 0.150000 0.899674
vt 0.150000 0.887370
vt 0.150000 0.874186
vt 0.125000 0.874186
vt 0.115625 0.874186
vt 0.150000 0.859375
vt 0.125000 0.859375
vt 0.115625 0.859375
vt 0.137500 0.859375
vt 0.206250 0.859375
vt 0.206250 0.874186
vt 0.137500 0.874186
vt 0.206250 0.887370
vt 0.137500 0.887370
vt 0.206250 0.899674
vt 0.137500 0.899674
vt 0.200000 0.899674
vt 0.225000 0.899674
vt 0.225000 0.887370
vt 0.200000 0.887370
vt 0.250000 0.899674
vt 0.250000 0.887370
vt 0.250000 0.874186
vt 0.225000 0.874186
vt 0.200000 0.874186
vt 0.250000 0.859375
vt 0.225000 0.859375
vt 0.200000 0.859375
vt 0.175000 0.859375
vt 0.175000 0.874186
vt 0.175000 0.887370
vt 0.175000 0.899674
vt 0.300000 0.899674
vt 0.325000 0.899674
vt 0.325000 0.887370
vt 0.300000 0.887370
vt 0.350000 0.899674
vt 0.350000 0.887370
vt 0.350000 0.874186
vt 0.325000 0.874186
vt 0.300000 0.874186
vt 0.350000 0.859375
vt 0.325000 0.859375
vt 0.300000 0.859375
vt 0.275000 0.859375
vt 0.275000 0.874186
vt 0.275000 0.887370
vt 0.275000 0.899674
vt 0.400000 0.899674
vt 0.425000 0.899674
vt 0.425000 0.887370
vt 0.400000 0.887370
vt 0.450000 0.899674
vt 0.450000 0.887370
vt 0.450000 0.874186
vt 0.425000 0.874186
vt 0.400000 0.874186
vt 0.450000 0.859375
vt 0.425000 0.859375
vt 0.400000 0.859375
vt 0.375000 0.859375
vt 0.375000 0.874186
vt 0.375000 0.887370
vt 0.375000 0.899674
vt 0.500000 0.899674
vt 0.525000 0.899674
vt 0.525000 0.887370
vt 0.500000 0.887370
vt 0.550000 0.899674
vt 0.550000 0.887370
vt 0.550000 0.874186
vt 0.525000 0.874186
vt 0.500000 0.874186
vt 0.550000 0.859375
vt 0.525000 0.859375
vt 0.500000 0.859375
vt 0.475000 0.859375
vt 0.475000 0.874186
vt 0.475000 0.887370
vt 0.475000 0.899674
vt 0.600000 0.899674
vt 0.625000 0.899674
vt 0.625000 0.887370
vt 0.600000 0.887370
vt 0.650000 0.899674
vt 0.650000 0.887370
vt 0.650000 0.874186
vt 0.625000 0.874186
vt 0.600000 0.874186
vt 0.650000 0.859375
vt 0.625000 0.859375
vt 0.600000 0.859375
vt 0.575000 0.859375
vt 0.575000 0.874186
vt 0.575000 0.887370
vt 0.575000 0.899674
vt 0.700000 0.899674
vt 0.725000 0.899674
vt 0.725000 0.887370
vt 0.700000 0.887370
vt 0.750000 0.899674
vt 0.750000 0.887370
vt 0.750000 0.874186
vt 0.725000 0.874186
vt 0.700000 0.874186
vt 0.750000 0.859375
vt 0.725000 0.859375
vt 0.700000 0.859375
vt 0.675000 0.859375
vt 0.675000 0.874186
vt 0.675000 0.887370
vt 0.675000 0.899674
vt 0.800000 0.899674
vt 0.825000 0.899674
vt 0.825000 0.887370
vt 0.800000 0.887370
vt 0.850000 0.899674
vt 0.850000 0.887370
vt 0.850000 0.874186
vt 0.825000 0.874186
vt 0.800000 0.874186
vt 0.850000 0.859375
vt 0.825000 0.859375
vt 0.800000 0.859375
vt 0.775000 0.859375
vt 0.775000 0.874186
vt 0.775000 0.887370
vt 0.775000 0.899674
vt 0.884375 0.899674
vt 0.862500 0.899674
vt 0.862500 0.887370
vt 0.884375 0.887370
vt 0.793750 0.899674
vt 0.793750 0.887370
vt 0.793750 0.874186
vt 0.862500 0.874186
vt 0.884375 0.874186
vt 0.793750 0.859375
vt 0.862500 0.859375
vt 0.884375 0.859375
vt 0.875000 0.859375
vt 0.875000 0.874186
vt 0.875000 0.887370
vt 0.875000 0.899674
vt 0.337500 0.899674
vt 0.337500 0.887370
vt 0.337500 0.874186
vt 0.500000 0.874186
vt 0.337500 0.859375
vt 0.500000 0.859375
vt 0.662500 0.859375
vt 0.662500 0.874186
vt 0.662500 0.887370
vt 0.662500 0.899674
vt 0.115625 0.940752
vt 0.125000 0.940752
vt 0.125000 0.933070
vt 0.115625 0.933070
vt 0.150000 0.940752
vt 0.150000 0.933070
vt 0.150000 0.923208
vt 0.125000 0.923208
vt 0.115625 0.923208
vt 0.150000 0.911848
vt 0.125000 0.911848
vt 0.115625 0.911848
vt 0.137500 0.911848
vt 0.206250 0.911848
vt 0.206250 0.923208
vt 0.137500 0.923208
vt 0.206250 0.933070
vt 0.137500 0.933070
vt 0.206250 0.940752
vt 0.137500 0.940752
vt 0.200000 0.940752
vt 0.225000 0.940752
vt 0.225000 0.933070
vt 0.200000 0.933070
vt 0.250000 0.940752
vt 0.250000 0.933070
vt 0.250000 0.923208
vt 0.225000 0.923208
vt 0.200000 0.923208
vt 0.250000 0.911848
vt 0.225000 0.911848
vt 0.200000 0.911848
vt 0.175000 0.911848
vt 0.175000 0.923208
vt 0.175000 0.933070
vt 0.175000 0.940752
vt 0.350000 0.923208
vt 0.350000 0.911848
vt 0.325000 0.911848
vt 0.325000 0.923208
vt 0.300000 0.911848
vt 0.300000 0.923208
vt 0.275000 0.911848
vt 0.275000 0.923208
vt 0.275000 0.933070
vt 0.275000 0.940752
vt 0.300000 0.940752
vt 0.300000 0.933070
vt 0.325000 0.940752
vt 0.325000 0.933070
vt 0.350000 0.940752
vt 0.350000 0.933070
vt 0.400000 0.940752
vt 0.425000 0.940752
vt 0.425000 0.933070
vt 0.400000 0.933070
vt 0.450000 0.940752
vt 0.450000 0.933070
vt 0.450000 0.923208
vt 0.425000 0.923208
vt 0.400000 0.923208
vt 0.450000 0.911848
vt 0.425000 0.911848
vt 0.400000 0.911848
vt 0.375000 0.911848
vt 0.375000 0.923208
vt 0.375000 0.933070
vt 0.375000 0.940752
vt 0.500000 0.940752
vt 0.525000 0.940752
vt 0.525000 0.933070
vt 0.500000 0.933070
vt 0.550000 0.940752
vt 0.550000 0.933070
vt 0.550000 0.923208
vt 0.525000 0.923208
vt 0.500000 0.923208
vt 0.550000 0.911848
vt 0.525000 0.911848
vt 0.500000 0.911848
vt 0.475000 0.911848
vt 0.475000 0.923208
vt 0.475000 0.933070
vt 0.475000 0.940752
vt 0.600000 0.940752
vt 0.625000 0.940752
vt 0.625000 0.933070
vt 0.600000 0.933070
vt 0.650000 0.940752
vt 0.650000 0.933070
vt 0.650000 0.923208
vt 0.625000 0.923208
vt 0.600000 0.923208
vt 0.650000 0.911848
vt 0.625000 0.911848
vt 0.600000 0.911848
vt 0.575000 0.911848
vt 0.575000 0.923208
vt 0.575000 0.933070
vt 0.575000 0.940752
vt 0.700000 0.940752
vt 0.725000 0.940752
vt 0.725000 0.933070
vt 0.700000 0.933070
vt 0.750000 0.940752
vt 0.750000 0.933070
vt 0.750000 0.923208
vt 0.725000 0.923208
vt 0.700000 0.923208
vt 0.750000 0.911848
vt 0.725000 0.911848
vt 0.700000 0.911848
vt 0.675000 0.911848
vt 0.675000 0.923208
vt 0.675000 0.933070
vt 0.675000 0.940752
vt 0.800000 0.940752
vt 0.825000 0.940752
vt 0.825000 0.933070
vt 0.800000 0.933070
vt 0.850000 0.940752
vt 0.850000 0.933070
vt 0.850000 0.923208
vt 0.825000 0.923208
vt 0.800000 0.923208
vt 0.850000 0.911848
vt 0.825000 0.911848
vt 0.800000 0.911848
vt 0.775000 0.911848
vt 0.775000 0.923208
vt 0.775000 0.933070
vt 0.775000 0.940752
vt 0.793750 0.923208
vt 0.793750 0.911848
vt 0.862500 0.911848
vt 0.862500 0.923208
vt 0.884375 0.911848
vt 0.884375 0.923208
vt 0.875000 0.911848
vt 0.875000 0.923208
vt 0.875000 0.933070
vt 0.875000 0.940752
vt 0.884375 0.940752
vt 0.884375 0.933070
vt 0.862500 0.940752
vt 0.862500 0.933070
vt 0.793750 0.940752
vt 0.793750 0.933070
vt 0.337500 0.940752
vt 0.337500 0.933070
vt 0.337500 0.923208
vt 0.500000 0.923208
vt 0.337500 0.911848
vt 0.500000 0.911848
vt 0.662500 0.911848
vt 0.662500 0.923208
vt 0.662500 0.933070
vt 0.662500 0.940752
vt 0.137500 0.025000
vt 0.131250 0.012500
vt 0.114583 0.020833
vt 0.121224 0.030208
vt 0.125000 0.000000
vt 0.106250 0.012500
vt 0.087500 0.025000
vt 0.099349 0.030208
vt 0.108681 0.034722
vt 0.068750 0.037500
vt 0.086979 0.041667
vt 0.105469 0.043750
vt 0.124479 0.041667
vt 0.143750 0.037500
vt 0.237500 0.025000
vt 0.231250 0.012500
vt 0.214583 0.020833
vt 0.221224 0.030208
vt 0.225000 0.000000
vt 0.206250 0.012500
vt 0.187500 0.025000
vt 0.199349 0.030208
vt 0.208681 0.034722
vt 0.168750 0.037500
vt 0.186979 0.041667
vt 0.205469 0.043750
vt 0.224479 0.041667
vt 0.243750 0.037500
vt 0.337500 0.025000
vt 0.331250 0.012500
vt 0.314583 0.020833
vt 0.321224 0.030208
vt 0.325000 0.000000
vt 0.306250 0.012500
vt 0.287500 0.025000
vt 0.299349 0.030208
vt 0.308681 0.034722
vt 0.268750 0.037500
vt 0.286979 0.041667
vt 0.305469 0.043750
vt 0.324479 0.041667
vt 0.343750 0.037500
vt 0.437500 0.025000
vt 0.431250 0.012500
vt 0.414583 0.020833
vt 0.421224 0.030208
vt 0.425000 0.000000
vt 0.406250 0.012500
vt 0.387500 0.025000
vt 0.399349 0.030208
vt 0.408681 0.034722
vt 0.368750 0.037500
vt 0.386979 0.041667
vt 0.405469 0.043750
vt 0.424479 0.041667
vt 0.443750 0.037500
vt 0.537500 0.025000
vt 0.531250 0.012500
vt 0.514583 0.020833
vt 0.521224 0.030208
vt 0.525000 0.000000
vt 0.506250 0.012500
vt 0.487500 0.025000
vt 0.499349 0.030208
vt 0.508681 0.034722
vt 0.468750 0.037500
vt 0.486979 0.041667
vt 0.505469 0.043750
vt 0.524479 0.041667
vt 0.543750 0.037500
vt 0.637500 0.025000
vt 0.631250 0.012500
vt 0.614583 0.020833
vt 0.621224 0.030208
vt 0.625000 0.000000
vt 0.606250 0.012500
vt 0.587500 0.025000
vt 0.599349 0.030208
vt 0.608681 0.034722
vt 0.568750 0.037500
vt 0.586979 0.041667
vt 0.605469 0.043750
vt 0.624479 0.041667
vt 0.643750 0.037500
vt 0.737500 0.025000
vt 0.731250 0.012500
vt 0.714583 0.020833
vt 0.721224 0.030208
vt 0.725000 0.000000
vt 0.706250 0.012500
vt 0.687500 0.025000
vt 0.699349 0.030208
vt 0.708681 0.034722
vt 0.668750 0.037500
vt 0.686979 0.041667
vt 0.705469 0.043750
vt 0.724479 0.041667
vt 0.743750 0.037500
vt 0.837500 0.025000
vt 0.831250 0.012500
vt 0.814583 0.020833
vt 0.821224 0.030208
vt 0.825000 0.000000
vt 0.806250 0.012500
vt 0.787500 0.025000
vt 0.799349 0.030208
vt 0.808681 0.034722
vt 0.768750 0.037500
vt 0.786979 0.041667
vt 0.805469 0.043750
vt 0.824479 0.041667
vt 0.843750 0.037500
vt 0.937500 0.025000
vt 0.931250 0.012500
vt 0.914583 0.020833
vt 0.921224 0.030208
vt 0.925000 0.000000
vt 0.906250 0.012500
vt 0.887500 0.025000
vt 0.899349 0.030208
vt 0.908681 0.034722
vt 0.868750 0.037500
vt 0.886979 0.041667
vt 0.905469 0.043750
vt 0.924479 0.041667
vt 0.943750 0.037500
vt 0.037500 0.025000
vt 0.031250 0.012500
vt 0.222917 0.020833
vt 0.206120 0.030208
vt 0.025000 0.000000
vt 0.256250 0.012500
vt 0.487500 0.025000
vt 0.402995 0.030208
vt 0.335070 0.034722
vt 0.718750 0.037500
vt 0.559896 0.041667
vt 0.396094 0.043750
vt 0.222396 0.041667
vt 0.043750 0.037500
vt 0.112500 0.975000
vt 0.131250 0.962500
vt 0.113021 0.961393
vt 0.100651 0.970557
vt 0.150000 0.950000
vt 0.121354 0.953938
vt 0.099609 0.954410
vt 0.094531 0.960840
vt 0.091319 0.967318
vt 0.082292 0.953938
vt 0.075521 0.961393
vt 0.050000 0.950000
vt 0.056250 0.962500
vt 0.062500 0.975000
vt 0.078776 0.970557
vt 0.068750 0.987500
vt 0.085417 0.979167
vt 0.075000 1.000000
vt 0.093750 0.987500
vt 0.212500 0.975000
vt 0.231250 0.962500
vt 0.213021 0.961393
vt 0.200651 0.970557
vt 0.250000 0.950000
vt 0.221354 0.953938
vt 0.197656 0.954410
vt 0.194531 0.960840
vt 0.191319 0.967318
vt 0.174479 0.953938
vt 0.175521 0.961393
vt 0.156250 0.962500
vt 0.162500 0.975000
vt 0.178776 0.970557
vt 0.168750 0.987500
vt 0.185417 0.979167
vt 0.175000 1.000000
vt 0.193750 0.987500
vt 0.312500 0.975000
vt 0.331250 0.962500
vt 0.313021 0.961393
vt 0.300651 0.970557
vt 0.350000 0.950000
vt 0.321354 0.953938
vt 0.297656 0.954410
vt 0.294531 0.960840
vt 0.291319 0.967318
vt 0.274479 0.953938
vt 0.275521 0.961393
vt 0.256250 0.962500
vt 0.262500 0.975000
vt 0.278776 0.970557
vt 0.268750 0.987500
vt 0.285417 0.979167
vt 0.275000 1.000000
vt 0.293750 0.987500
vt 0.412500 0.975000
vt 0.431250 0.962500
vt 0.413021 0.961393
vt 0.400651 0.970557
vt 0.450000 0.950000
vt 0.421354 0.953938
vt 0.397656 0.954410
vt 0.394531 0.960840
vt 0.391319 0.967318
vt 0.374479 0.953938
vt 0.375521 0.961393
vt 0.356250 0.962500
vt 0.362500 0.975000
vt 0.378776 0.970557
vt 0.368750 0.987500
vt 0.385417 0.979167
vt 0.375000 1.000000
vt 0.393750 0.987500
vt 0.512500 0.975000
vt 0.531250 0.962500
vt 0.513021 0.961393
vt 0.500651 0.970557
vt 0.550000 0.950000
vt 0.521354 0.953938
vt 0.497656 0.954410
vt 0.494531 0.960840
vt 0.491319 0.967318
vt 0.474479 0.953938
vt 0.475521 0.961393
vt 0.456250 0.962500
vt 0.462500 0.975000
vt 0.478776 0.970557
vt 0.468750 0.987500
vt 0.485417 0.979167
vt 0.475000 1.000000
vt 0.493750 0.987500
vt 0.612500 0.975000
vt 0.631250 0.962500
vt 0.613021 0.961393
vt 0.600651 0.970557
vt 0.650000 0.950000
vt 0.621354 0.953938
vt 0.597656 0.954410
vt 0.594531 0.960840
vt 0.591320 0.967318
vt 0.574479 0.953938
vt 0.575521 0.961393
vt 0.556250 0.962500
vt 0.562500 0.975000
vt 0.578776 0.970557
vt 0.568750 0.987500
vt 0.585417 0.979167
vt 0.575000 1.000000
vt 0.593750 0.987500
vt 0.712500 0.975000
vt 0.731250 0.962500
vt 0.713021 0.961393
vt 0.700651 0.970557
vt 0.750000 0.950000
vt 0.721354 0.953938
vt 0.697656 0.954410
vt 0.694531 0.960840
vt 0.691320 0.967318
vt 0.674479 0.953938
vt 0.675521 0.961393
vt 0.656250 0.962500
vt 0.662500 0.975000
vt 0.678776 0.970557
vt 0.668750 0.987500
vt 0.685417 0.979167
vt 0.675000 1.000000
vt 0.693750 0.987500
vt 0.812500 0.975000
vt 0.831250 0.962500
vt 0.813021 0.961393
vt 0.800651 0.970557
vt 0.850000 0.950000
vt 0.821354 0.953938
vt 0.797656 0.954410
vt 0.794531 0.960840
vt 0.791320 0.967318
vt 0.774479 0.953938
vt 0.775521 0.961393
vt 0.756250 0.962500
vt 0.762500 0.975000
vt 0.778776 0.970557
vt 0.768750 0.987500
vt 0.785417 0.979167
vt 0.775000 1.000000
vt 0.793750 0.987500
vt 0.912500 0.975000
vt 0.931250 0.962500
vt 0.913021 0.961393
vt 0.900651 0.970557
vt 0.950000 0.950000
vt 0.913542 0.953938
vt 0.895703 0.954410
vt 0.894531 0.960840
vt 0.891320 0.967318
vt 0.874479 0.953938
vt 0.875521 0.961393
vt 0.856250 0.962500
vt 0.862500 0.975000
vt 0.878776 0.970557
vt 0.868750 0.987500
vt 0.885417 0.979167
vt 0.875000 1.000000
vt 0.893750 0.987500
vt 0.512500 0.975000
vt 0.281250 0.962500
vt 0.440104 0.961393
vt 0.597005 0.970557
vt 0.336458 0.953938
vt 0.544531 0.954410
vt 0.603906 0.960840
vt 0.664931 0.967318
vt 0.742708 0.953938
vt 0.777604 0.961393
vt 0.956250 0.962500
vt 0.962500 0.975000
vt 0.793880 0.970557
vt 0.968750 0.987500
vt 0.777083 0.979167
vt 0.975000 1.000000
vt 0.743750 0.987500
vt 0.224479 0.950455
vt 0.199219 0.950943
vt 0.249740 0.949966
vt 0.249935 0.948362
vt 0.224870 0.948484
vt 0.199805 0.948606
vt 0.250000 0.945570
vt 0.225000 0.945570
vt 0.200000 0.945570
vt 0.175000 0.945570
vt 0.150000 0.945570
vt 0.149935 0.948362
vt 0.174870 0.948484
vt 0.149740 0.949966
vt 0.174479 0.950455
vt 0.124479 0.950455
vt 0.107031 0.950943
vt 0.124870 0.948484
vt 0.113477 0.948606
vt 0.125000 0.945570
vt 0.115625 0.945570
vt 0.137500 0.945570
vt 0.206250 0.945570
vt 0.195117 0.948362
vt 0.129557 0.948484
vt 0.161719 0.949966
vt 0.105729 0.950455
vt 0.316146 0.950455
vt 0.514844 0.950943
vt 0.332161 0.948484
vt 0.503711 0.948606
vt 0.337500 0.945570
vt 0.500000 0.945570
vt 0.662500 0.945570
vt 0.793750 0.945570
vt 0.806055 0.948362
vt 0.672787 0.948484
vt 0.842969 0.949966
vt 0.703646 0.950455
vt 0.862500 0.945570
vt 0.870182 0.948484
vt 0.884375 0.945570
vt 0.886133 0.948607
vt 0.875000 0.945570
vt 0.850000 0.945570
vt 0.849935 0.948362
vt 0.874870 0.948484
vt 0.849740 0.949966
vt 0.874479 0.950455
vt 0.891406 0.950943
vt 0.893229 0.950455
vt 0.824479 0.950455
vt 0.799219 0.950943
vt 0.824870 0.948484
vt 0.799805 0.948606
vt 0.825000 0.945570
vt 0.800000 0.945570
vt 0.775000 0.945570
vt 0.750000 0.945570
vt 0.749935 0.948362
vt 0.774870 0.948484
vt 0.749740 0.949966
vt 0.774479 0.950455
vt 0.724479 0.950455
vt 0.699219 0.950943
vt 0.724870 0.948484
vt 0.699805 0.948606
vt 0.725000 0.945570
vt 0.700000 0.945570
vt 0.675000 0.945570
vt 0.650000 0.945570
vt 0.649935 0.948362
vt 0.674870 0.948484
vt 0.649740 0.949966
vt 0.674479 0.950455
vt 0.624479 0.950455
vt 0.599219 0.950943
vt 0.624870 0.948484
vt 0.599805 0.948606
vt 0.625000 0.945570
vt 0.600000 0.945570
vt 0.575000 0.945570
vt 0.550000 0.945570
vt 0.549935 0.948362
vt 0.574870 0.948484
vt 0.549740 0.949966
vt 0.574479 0.950455
vt 0.524479 0.950455
vt 0.499219 0.950943
vt 0.524870 0.948484
vt 0.499805 0.948606
vt 0.525000 0.945570
vt 0.500000 0.945570
vt 0.475000 0.945570
vt 0.450000 0.945570
vt 0.449935 0.948362
vt 0.474870 0.948484
vt 0.449740 0.949966
vt 0.474479 0.950455
vt 0.424479 0.950455
vt 0.399219 0.950943
vt 0.424870 0.948484
vt 0.399805 0.948606
vt 0.425000 0.945570
vt 0.400000 0.945570
vt 0.375000 0.945570
vt 0.350000 0.945570
vt 0.349935 0.948362
vt 0.374870 0.948484
vt 0.349740 0.949966
vt 0.374479 0.950455
vt 0.324479 0.950455
vt 0.299219 0.950943
vt 0.324870 0.948484
vt 0.299805 0.948606
vt 0.325000 0.945570
vt 0.300000 0.945570
vt 0.275000 0.945570
vt 0.274870 0.948484
vt 0.274479 0.950455
s 1
usemtl aiStandard3
f 123/1/1 1003/2/2 1503/3/3 1006/4/4
f 1003/2/2 1/5/5 1004/6/6 1503/3/3
f 1503/3/3 1004/6/6 233/7/7 1005/8/8
f 1006/4/4 1503/3/3 1005/8/8 373/9/9
f 233/7/7 1007/10/10 1504/11/11 1005/8/8
f 1007/10/10 11/12/12 1008/13/13 1504/11/11
f 1504/11/11 1008/13/13 134/14/14 1009/15/15
f 1005/8/8 1504/11/11 1009/15/15 373/9/9
f 134/14/14 1010/16/16 1505/17/17 1009/15/15
f 1010/16/16 12/18/18 1011/19/19 1505/17/17
f 1505/17/17 1011/19/19 234/20/20 1012/21/21
f 1009/15/15 1505/17/17 1012/21/21 373/9/9
f 234/20/20 1013/22/22 1506/23/23 1012/21/21
f 1013/22/22 2/24/24 1014/25/25 1506/23/23
f 1506/23/23 1014/25/25 123/1/1 1006/4/4
f 1012/21/21 1506/23/23 1006/4/4 373/9/9
f 124/26/26 1015/27/27 1507/28/28 1017/29/29
f 1015/27/27 2/24/24 1013/22/22 1507/28/28
f 1507/28/28 1013/22/22 234/20/20 1016/30/30
f 1017/29/29 1507/28/28 1016/30/30 374/31/31
f 234/20/20 1011/19/19 1508/32/32 1016/30/30
f 1011/19/19 12/18/18 1018/33/33 1508/32/32
f 1508/32/32 1018/33/33 135/34/34 1019/35/35
f 1016/30/30 1508/32/32 1019/35/35 374/31/31
f 135/34/34 1020/36/36 1509/37/37 1019/35/35
f 1020/36/36 13/38/38 1021/39/39 1509/37/37
f 1509/37/37 1021/39/39 235/40/40 1022/41/41
f 1019/35/35 1509/37/37 1022/41/41 374/31/31
f 235/40/40 1023/42/42 1510/43/43 1022/41/41
f 1023/42/42 3/44/44 1024/45/45 1510/43/43
f 1510/43/43 1024/45/45 124/26/26 1017/29/29
f 1022/41/41 1510/43/43 1017/29/29 374/31/31
f 125/46/46 1025/47/47 1511/48/48 1027/49/49
f 1025/47/47 3/44/44 1023/42/42 1511/48/48
f 1511/48/48 1023/42/42 235/40/40 1026/50/50
f 1027/49/49 1511/48/48 1026/50/50 375/51/51
f 235/40/40 1021/39/39 1512/52/52 1026/50/50
f 1021/39/39 13/38/38 1028/53/53 1512/52/52
f 1512/52/52 1028/53/53 136/54/54 1029/55/55
f 1026/50/50 1512/52/52 1029/55/55 375/51/51
f 136/54/54 1030/56/56 1513/57/57 1029/55/55
f 1030/56/56 14/58/58 1031/59/59 1513/57/57
f 1513/57/57 1031/59/59 236/60/60 1032/61/61
f 1029/55/55 1513/57/57 1032/61/61 375/51/51
f 236/60/60 1033/62/62 1514/63/63 1032/61/61
f 1033/62/62 4/64/64 1034/65/65 1514/63/63
f 1514/63/63 1034/65/65 125/46/46 1027/49/49
f 1032/61/61 1514/63/63 1027/49/49 375/51/51
f 126/66/66 1035/67/67 1515/68/68 1037/69/69
f 1035/67/67 4/64/64 1033/62/62 1515/68/68
f 1515/68/68 1033/62/62 236/60/60 1036/70/70
f 1037/69/69 1515/68/68 1036/70/70 376/71/71
f 236/60/60 1031/59/59 1516/72/72 1036/70/70
f 1031/59/59 14/58/58 1038/73/73 1516/72/72
f 1516/72/72 1038/73/73 137/74/74 1039/75/75
f 1036/70/70 1516/72/72 1039/75/75 376/71/71
f 137/74/74 1040/76/76 1517/77/77 1039/75/75
f 1040/76/76 15/78/78 1041/79/79 1517/77/77
f 1517/77/77 1041/79/79 237/80/80 1042/81/81
f 1039/75/75 1517/77/77 1042/81/81 376/71/71
f 237/80/80 1043/82/82 1518/83/83 1042/81/81
f 1043/82/82 5/84/84 1044/85/85 1518/83/83
f 1518/83/83 1044/85/85 126/66/66 1037/69/69
f 1042/81/81 1518/83/83 1037/69/69 376/71/71
f 127/86/86 1045/87/87 1519/88/88 1047/89/89
f 1045/87/87 5/84/84 1043/82/82 1519/88/88
f 1519/88/88 1043/82/82 237/80/80 1046/90/90
f 1047/89/89 1519/88/88 1046/90/90 377/91/91
f 237/80/80 1041/79/79 1520/92/92 1046/90/90
f 1041/79/79 15/78/78 1048/93/93 1520/92/92
f 1520/92/92 1048/93/93 138/94/94 1049/95/95
f 1046/90/90 1520/92/92 1049/95/95 377/91/91
f 138/94/94 1050/96/96 1521/97/97 1049/95/95
f 1050/96/96 16/98/98 1051/99/99 1521/97/97
f 1521/97/97 1051/99/99 238/100/100 1052/101/101
f 1049/95/95 1521/97/97 1052/101/101 377/91/91
f 238/100/100 1053/102/102 1522/103/103 1052/101/101
f 1053/102/102 6/104/104 1054/105/105 1522/103/103
f 1522/103/103 1054/105/105 127/86/86 1047/89/89
f 1052/101/101 1522/103/103 1047/89/89 377/91/91
f 128/106/106 1055/107/107 1523/108/108 1057/109/109
f 1055/107/107 6/104/104 1053/102/102 1523/108/108
f 1523/108/108 1053/102/102 238/100/100 1056/110/110
f 1057/109/109 1523/108/108 1056/110/110 378/111/111
f 238/100/100 1051/99/99 1524/112/112 1056/110/110
f 1051/99/99 16/98/98 1058/113/113 1524/112/112
f 1524/112/112 1058/113/113 139/114/114 1059/115/115
f 1056/110/110 1524/112/112 1059/115/115 378/111/111
f 139/114/114 1060/116/116 1525/117/117 1059/115/115
f 1060/116/116 17/118/118 1061/119/119 1525/117/117
f 1525/117/117 1061/119/119 239/120/120 1062/121/121
f 1059/115/115 1525/117/117 1062/121/121 378/111/111
f 239/120/120 1063/122/122 1526/123/123 1062/121/121
f 1063/122/122 7/124/124 1064/125/125 1526/123/123
f 1526/123/123 1064/125/125 128/106/106 1057/109/109
f 1062/121/121 1526/123/123 1057/109/109 378/111/111
f 129/126/126 1065/127/127 1527/128/128 1067/129/129
f 1065/127/127 7/124/124 1063/122/122 1527/128/128
f 1527/128/128 1063/122/122 239/120/120 1066/130/130
f 1067/129/129 1527/128/128 1066/130/130 379/131/131
f 239/120/120 1061/119/119 1528/132/132 1066/130/130
f 1061/119/119 17/118/118 1068/133/133 1528/132/132
f 1528/132/132 1068/133/133 140/134/134 1069/135/135
f 1066/130/130 1528/132/132 1069/135/135 379/131/131
f 140/134/134 1070/136/136 1529/137/137 1069/135/135
f 1070/136/136 18/138/138 1071/139/139 1529/137/137
f 1529/137/137 1071/139/139 240/140/140 1072/141/141
f 1069/135/135 1529/137/137 1072/141/141 379/131/131
f 240/140/140 1073/142/142 1530/143/143 1072/141/141
f 1073/142/142 8/144/144 1074/145/145 1530/143/143
f 1530/143/143 1074/145/145 129/126/126 1067/129/129
f 1072/141/141 1530/143/143 1067/129/129 379/131/131
f 130/146/146 1075/147/147 1531/148/148 1077/149/149
f 1075/147/147 8/144/144 1073/142/142 1531/148/148
f 1531/148/148 1073/142/142 240/140/140 1076/150/150
f 1077/149/149 1531/148/148 1076/150/150 380/151/151
f 240/140/140 1071/139/139 1532/152/152 1076/150/150
f 1071/139/139 18/138/138 1078/153/153 1532/152/152
f 1532/152/152 1078/153/153 141/154/154 1079/155/155
f 1076/150/150 1532/152/152 1079/155/155 380/151/151
f 141/154/154 1080/156/156 1533/157/157 1079/155/155
f 1080/156/156 19/158/158 1081/159/159 1533/157/157
f 1533/157/157 1081/159/159 241/160/160 1082/161/161
f 1079/155/155 1533/157/157 1082/161/161 380/151/151
f 241/160/160 1083/162/162 1534/163/163 1082/161/161
f 1083/162/162 9/164/164 1084/165/165 1534/163/163
f 1534/163/163 1084/165/165 130/146/146 1077/149/149
f 1082/161/161 1534/163/163 1077/149/149 380/151/151
f 131/166/166 1085/167/167 1535/168/168 1087/169/169
f 1085/167/167 9/164/164 1083/162/162 1535/168/168
f 1535/168/168 1083/162/162 241/160/160 1086/170/170
f 1087/169/169 1535/168/168 1086/170/170 381/171/171
f 241/160/160 1081/159/159 1536/172/172 1086/170/170
f 1081/159/159 19/158/158 1088/173/173 1536/172/172
f 1536/172/172 1088/173/173 142/174/174 1089/175/175
f 1086/170/170 1536/172/172 1089/175/175 381/171/171
f 142/174/174 1090/176/176 1537/177/177 1089/175/175
f 1090/176/176 20/178/178 1091/179/179 1537/177/177
f 1537/177/177 1091/179/179 242/180/180 1092/181/181
f 1089/175/175 1537/177/177 1092/181/181 381/171/171
f 242/180/180 1093/182/182 1538/183/183 1092/181/181
f 1093/182/182 10/184/184 1094/185/185 1538/183/183
f 1538/183/183 1094/185/185 131/166/166 1087/169/169
f 1092/181/181 1538/183/183 1087/169/169 381/171/171
f 132/186/186 1095/187/187 1539/188/188 1097/189/189
f 1095/187/187 10/184/184 1093/182/182 1539/188/188
f 1539/188/188 1093/182/182 242/180/180 1096/190/190
f 1097/189/189 1539/188/188 1096/190/190 382/191/191
f 242/180/180 1091/179/179 1540/192/192 1096/190/190
f 1091/179/179 20/178/178 1098/193/193 1540/192/192
f 1540/192/192 1098/193/193 133/194/194 1099/95/195
f 1096/190/190 1540/192/192 1099/95/195 382/191/191
f 133/194/194 1100/195/196 1541/196/197 1099/95/195
f 1100/195/196 11/12/12 1007/10/10 1541/196/197
f 1541/196/197 1007/10/10 233/7/7 1101/197/198
f 1099/95/195 1541/196/197 1101/197/198 382/191/191
f 233/7/7 1004/6/6 1542/198/199 1101/197/198
f 1004/6/6 1/5/5 1102/199/200 1542/198/199
f 1542/198/199 1102/199/200 132/186/186 1097/189/189
f 1101/197/198 1542/198/199 1097/189/189 382/191/191
f 134/14/14 1008/13/13 1543/200/201 1105/201/202
f 1008/13/13 11/12/12 1103/202/203 1543/200/201
f 1543/200/201 1103/202/203 243/203/204 1104/204/205
f 1105/201/202 1543/200/201 1104/204/205 383/205/206
f 243/203/204 1106/206/207 1544/207/208 1104/204/205
f 1106/206/207 21/208/209 1107/209/210 1544/207/208
f 1544/207/208 1107/209/210 144/210/211 1108/211/212
f 1104/204/205 1544/207/208 1108/211/212 383/205/206
f 144/210/211 1109/212/213 1545/213/214 1108/211/212
f 1109/212/213 22/214/215 1110/215/216 1545/213/214
f 1545/213/214 1110/215/216 244/216/217 1111/217/218
f 1108/211/212 1545/213/214 1111/217/218 383/205/206
f 244/216/217 1112/218/219 1546/219/220 1111/217/218
f 1112/218/219 12/18/18 1010/16/16 1546/219/220
f 1546/219/220 1010/16/16 134/14/14 1105/201/202
f 1111/217/218 1546/219/220 1105/201/202 383/205/206
f 135/34/34 1018/33/33 1547/220/221 1114/221/222
f 1018/33/33 12/18/18 1112/218/219 1547/220/221
f 1547/220/221 1112/218/219 244/216/217 1113/222/223
f 1114/221/222 1547/220/221 1113/222/223 384/223/224
f 244/216/217 1110/215/216 1548/224/225 1113/222/223
f 1110/215/216 22/214/215 1115/225/226 1548/224/225
f 1548/224/225 1115/225/226 145/226/227 1116/227/228
f 1113/222/223 1548/224/225 1116/227/228 384/223/224
f 145/226/227 1117/228/229 1549/229/230 1116/227/228
f 1117/228/229 23/230/231 1118/231/232 1549/229/230
f 1549/229/230 1118/231/232 245/232/233 1119/233/234
f 1116/227/228 1549/229/230 1119/233/234 384/223/224
f 245/232/233 1120/234/235 1550/235/236 1119/233/234
f 1120/234/235 13/38/38 1020/36/36 1550/235/236
f 1550/235/236 1020/36/36 135/34/34 1114/221/222
f 1119/233/234 1550/235/236 1114/221/222 384/223/224
f 136/54/54 1028/53/53 1551/236/237 1122/237/238
f 1028/53/53 13/38/38 1120/234/235 1551/236/237
f 1551/236/237 1120/234/235 245/232/233 1121/238/239
f 1122/237/238 1551/236/237 1121/238/239 385/239/240
f 245/232/233 1118/231/232 1552/240/241 1121/238/239
f 1118/231/232 23/230/231 1123/241/242 1552/240/241
f 1552/240/241 1123/241/242 146/242/243 1124/243/244
f 1121/238/239 1552/240/241 1124/243/244 385/239/240
f 146/242/243 1125/244/245 1553/245/246 1124/243/244
f 1125/244/245 24/246/247 1126/247/248 1553/245/246
f 1553/245/246 1126/247/248 246/248/249 1127/249/250
f 1124/243/244 1553/245/246 1127/249/250 385/239/240
f 246/248/249 1128/250/251 1554/251/252 1127/249/250
f 1128/250/251 14/58/58 1030/56/56 1554/251/252
f 1554/251/252 1030/56/56 136/54/54 1122/237/238
f 1127/249/250 1554/251/252 1122/237/238 385/239/240
f 137/74/74 1038/73/73 1555/252/253 1130/253/254
f 1038/73/73 14/58/58 1128/250/251 1555/252/253
f 1555/252/253 1128/250/251 246/248/249 1129/254/255
f 1130/253/254 1555/252/253 1129/254/255 386/255/256
f 246/248/249 1126/247/248 1556/256/257 1129/254/255
f 1126/247/248 24/246/247 1131/257/258 1556/256/257
f 1556/256/257 1131/257/258 147/258/259 1132/259/260
f 1129/254/255 1556/256/257 1132/259/260 386/255/256
f 147/258/259 1133/260/261 1557/261/262 1132/259/260
f 1133/260/261 25/262/263 1134/263/264 1557/261/262
f 1557/261/262 1134/263/264 247/264/265 1135/265/266
f 1132/259/260 1557/261/262 1135/265/266 386/255/256
f 247/264/265 1136/266/267 1558/267/268 1135/265/266
f 1136/266/267 15/78/78 1040/76/76 1558/267/268
f 1558/267/268 1040/76/76 137/74/74 1130/253/254
f 1135/265/266 1558/267/268 1130/253/254 386/255/256
f 138/94/94 1048/93/93 1559/268/269 1138/269/270
f 1048/93/93 15/78/78 1136/266/267 1559/268/269
f 1559/268/269 1136/266/267 247/264/265 1137/270/271
f 1138/269/270 1559/268/269 1137/270/271 387/271/272
f 247/264/265 1134/263/264 1560/272/273 1137/270/271
f 1134/263/264 25/262/263 1139/273/274 1560/272/273
f 1560/272/273 1139/273/274 148/274/275 1140/275/276
f 1137/270/271 1560/272/273 1140/275/276 387/271/272
f 148/274/275 1141/276/277 1561/277/278 1140/275/276
f 1141/276/277 26/278/279 1142/279/280 1561/277/278
f 1561/277/278 1142/279/280 248/280/281 1143/281/282
f 1140/275/276 1561/277/278 1143/281/282 387/271/272
f 248/280/281 1144/282/283 1562/283/284 1143/281/282
f 1144/282/283 16/98/98 1050/96/96 1562/283/284
f 1562/283/284 1050/96/96 138/94/94 1138/269/270
f 1143/281/282 1562/283/284 1138/269/270 387/271/272
f 139/114/114 1058/113/113 1563/284/285 1146/285/286
f 1058/113/113 16/98/98 1144/282/283 1563/284/285
f 1563/284/285 1144/282/283 248/280/281 1145/286/287
f 1146/285/286 1563/284/285 1145/286/287 388/287/288
f 248/280/281 1142/279/280 1564/288/289 1145/286/287
f 1142/279/280 26/278/279 1147/289/290 1564/288/289
f 1564/288/289 1147/289/290 149/290/291 1148/291/292
f 1145/286/287 1564/288/289 1148/291/292 388/287/288
f 149/290/291 1149/292/293 1565/293/294 1148/291/292
f 1149/292/293 27/294/295 1150/295/296 1565/293/294
f 1565/293/294 1150/295/296 249/296/297 1151/297/298
f 1148/291/292 1565/293/294 1151/297/298 388/287/288
f 249/296/297 1152/298/299 1566/299/300 1151/297/298
f 1152/298/299 17/118/118 1060/116/116 1566/299/300
f 1566/299/300 1060/116/116 139/114/114 1146/285/286
f 1151/297/298 1566/299/300 1146/285/286 388/287/288
f 140/134/134 1068/133/133 1567/300/301 1154/301/302
f 1068/133/133 17/118/118 1152/298/299 1567/300/301
f 1567/300/301 1152/298/299 249/296/297 1153/302/303
f 1154/301/302 1567/300/301 1153/302/303 389/303/304
f 249/296/297 1150/295/296 1568/304/305 1153/302/303
f 1150/295/296 27/294/295 1155/305/306 1568/304/305
f 1568/304/305 1155/305/306 150/306/307 1156/307/308
f 1153/302/303 1568/304/305 1156/307/308 389/303/304
f 150/306/307 1157/308/309 1569/309/310 1156/307/308
f 1157/308/309 28/310/311 1158/311/312 1569/309/310
f 1569/309/310 1158/311/312 250/312/313 1159/313/314
f 1156/307/308 1569/309/310 1159/313/314 389/303/304
f 250/312/313 1160/314/315 1570/315/316 1159/313/314
f 1160/314/315 18/138/138 1070/136/136 1570/315/316
f 1570/315/316 1070/136/136 140/134/134 1154/301/302
f 1159/313/314 1570/315/316 1154/301/302 389/303/304
f 141/154/154 1078/153/153 1571/316/317 1162/317/318
f 1078/153/153 18/138/138 1160/314/315 1571/316/317
f 1571/316/317 1160/314/315 250/312/313 1161/318/319
f 1162/317/318 1571/316/317 1161/318/319 390/319/320
f 250/312/313 1158/311/312 1572/320/321 1161/318/319
f 1158/311/312 28/310/311 1163/321/322 1572/320/321
f 1572/320/321 1163/321/322 151/322/323 1164/323/324
f 1161/318/319 1572/320/321 1164/323/324 390/319/320
f 151/322/323 1165/324/325 1573/325/326 1164/323/324
f 1165/324/325 29/326/327 1166/327/328 1573/325/326
f 1573/325/326 1166/327/328 251/328/329 1167/329/330
f 1164/323/324 1573/325/326 1167/329/330 390/319/320
f 251/328/329 1168/330/331 1574/331/332 1167/329/330
f 1168/330/331 19/158/158 1080/156/156 1574/331/332
f 1574/331/332 1080/156/156 141/154/154 1162/317/318
f 1167/329/330 1574/331/332 1162/317/318 390/319/320
f 142/174/174 1088/173/173 1575/332/333 1170/333/334
f 1088/173/173 19/158/158 1168/330/331 1575/332/333
f 1575/332/333 1168/330/331 251/328/329 1169/334/335
f 1170/333/334 1575/332/333 1169/334/335 391/335/336
f 251/328/329 1166/327/328 1576/336/337 1169/334/335
f 1166/327/328 29/326/327 1171/337/338 1576/336/337
f 1576/336/337 1171/337/338 152/338/339 1172/339/340
f 1169/334/335 1576/336/337 1172/339/340 391/335/336
f 152/338/339 1173/340/341 1577/341/342 1172/339/340
f 1173/340/341 30/342/343 1174/343/344 1577/341/342
f 1577/341/342 1174/343/344 252/344/345 1175/345/346
f 1172/339/340 1577/341/342 1175/345/346 391/335/336
f 252/344/345 1176/346/347 1578/347/348 1175/345/346
f 1176/346/347 20/178/178 1090/176/176 1578/347/348
f 1578/347/348 1090/176/176 142/174/174 1170/333/334
f 1175/345/346 1578/347/348 1170/333/334 391/335/336
f 133/194/194 1098/193/193 1579/348/349 1178/269/350
f 1098/193/193 20/178/178 1176/346/347 1579/348/349
f 1579/348/349 1176/346/347 252/344/345 1177/349/351
f 1178/269/350 1579/348/349 1177/349/351 392/350/352
f 252/344/345 1174/343/344 1580/351/353 1177/349/351
f 1174/343/344 30/342/343 1179/352/354 1580/351/353
f 1580/351/353 1179/352/354 143/353/355 1180/275/356
f 1177/349/351 1580/351/353 1180/275/356 392/350/352
f 143/353/355 1181/354/357 1581/355/358 1180/275/356
f 1181/354/357 21/208/209 1106/206/207 1581/355/358
f 1581/355/358 1106/206/207 243/203/204 1182/356/359
f 1180/275/356 1581/355/358 1182/356/359 392/350/352
f 243/203/204 1103/202/203 1582/357/360 1182/356/359
f 1103/202/203 11/12/12 1100/195/196 1582/357/360
f 1582/357/360 1100/195/196 133/194/194 1178/269/350
f 1182/356/359 1582/357/360 1178/269/350 392/350/352
f 144/210/211 1107/209/210 1583/358/361 1185/359/362
f 1107/209/210 21/208/209 1183/360/363 1583/358/361
f 1583/358/361 1183/360/363 253/361/364 1184/362/365
f 1185/359/362 1583/358/361 1184/362/365 393/363/366
f 253/361/364 1186/364/367 1584/365/368 1184/362/365
f 1186/364/367 31/366/369 1187/367/370 1584/365/368
f 1584/365/368 1187/367/370 154/368/371 1188/369/372
f 1184/362/365 1584/365/368 1188/369/372 393/363/366
f 154/368/371 1189/370/373 1585/371/374 1188/369/372
f 1189/370/373 32/372/375 1190/373/376 1585/371/374
f 1585/371/374 1190/373/376 254/374/377 1191/375/378
f 1188/369/372 1585/371/374 1191/375/378 393/363/366
f 254/374/377 1192/376/379 1586/377/380 1191/375/378
f 1192/376/379 22/214/215 1109/212/213 1586/377/380
f 1586/377/380 1109/212/213 144/210/211 1185/359/362
f 1191/375/378 1586/377/380 1185/359/362 393/363/366
f 145/226/227 1115/225/226 1587/378/381 1194/379/382
f 1115/225/226 22/214/215 1192/376/379 1587/378/381
f 1587/378/381 1192/376/379 254/374/377 1193/380/383
f 1194/379/382 1587/378/381 1193/380/383 394/381/384
f 254/374/377 1190/373/376 1588/382/385 1193/380/383
f 1190/373/376 32/372/375 1195/383/386 1588/382/385
f 1588/382/385 1195/383/386 155/384/387 1196/385/388
f 1193/380/383 1588/382/385 1196/385/388 394/381/384
f 155/384/387 1197/386/389 1589/387/390 1196/385/388
f 1197/386/389 33/388/391 1198/389/392 1589/387/390
f 1589/387/390 1198/389/392 255/390/393 1199/391/394
f 1196/385/388 1589/387/390 1199/391/394 394/381/384
f 255/390/393 1200/392/395 1590/393/396 1199/391/394
f 1200/392/395 23/230/231 1117/228/229 1590/393/396
f 1590/393/396 1117/228/229 145/226/227 1194/379/382
f 1199/391/394 1590/393/396 1194/379/382 394/381/384
f 146/242/243 1123/241/242 1591/394/397 1202/395/398
f 1123/241/242 23/230/231 1200/392/395 1591/394/397
f 1591/394/397 1200/392/395 255/390/393 1201/396/399
f 1202/395/398 1591/394/397 1201/396/399 395/397/400
f 255/390/393 1198/389/392 1592/398/401 1201/396/399
f 1198/389/392 33/388/391 1203/399/402 1592/398/401
f 1592/398/401 1203/399/402 156/400/403 1204/401/404
f 1201/396/399 1592/398/401 1204/401/404 395/397/400
f 156/400/403 1205/402/405 1593/403/406 1204/401/404
f 1205/402/405 34/404/407 1206/405/408 1593/403/406
f 1593/403/406 1206/405/408 256/406/409 1207/407/410
f 1204/401/404 1593/403/406 1207/407/410 395/397/400
f 256/406/409 1208/408/411 1594/409/412 1207/407/410
f 1208/408/411 24/246/247 1125/244/245 1594/409/412
f 1594/409/412 1125/244/245 146/242/243 1202/395/398
f 1207/407/410 1594/409/412 1202/395/398 395/397/400
f 147/258/259 1131/257/258 1595/410/413 1210/411/414
f 1131/257/258 24/246/247 1208/408/411 1595/410/413
f 1595/410/413 1208/408/411 256/406/409 1209/412/415
f 1210/411/414 1595/410/413 1209/412/415 396/413/416
f 256/406/409 1206/405/408 1596/414/417 1209/412/415
f 1206/405/408 34/404/407 1211/415/418 1596/414/417
f 1596/414/417 1211/415/418 157/416/419 1212/417/420
f 1209/412/415 1596/414/417 1212/417/420 396/413/416
f 157/416/419 1213/418/421 1597/419/422 1212/417/420
f 1213/418/421 35/420/423 1214/421/424 1597/419/422
f 1597/419/422 1214/421/424 257/422/425 1215/423/426
f 1212/417/420 1597/419/422 1215/423/426 396/413/416
f 257/422/425 1216/424/427 1598/425/428 1215/423/426
f 1216/424/427 25/262/263 1133/260/261 1598/425/428
f 1598/425/428 1133/260/261 147/258/259 1210/411/414
f 1215/423/426 1598/425/428 1210/411/414 396/413/416
f 148/274/275 1139/273/274 1599/426/429 1218/427/430
f 1139/273/274 25/262/263 1216/424/427 1599/426/429
f 1599/426/429 1216/424/427 257/422/425 1217/428/431
f 1218/427/430 1599/426/429 1217/428/431 397/429/432
f 257/422/425 1214/421/424 1600/430/433 1217/428/431
f 1214/421/424 35/420/423 1219/431/434 1600/430/433
f 1600/430/433 1219/431/434 158/432/435 1220/433/436
f 1217/428/431 1600/430/433 1220/433/436 397/429/432
f 158/432/435 1221/434/437 1601/435/438 1220/433/436
f 1221/434/437 36/436/439 1222/437/440 1601/435/438
f 1601/435/438 1222/437/440 258/438/441 1223/439/442
f 1220/433/436 1601/435/438 1223/439/442 397/429/432
f 258/438/441 1224/440/443 1602/441/444 1223/439/442
f 1224/440/443 26/278/279 1141/276/277 1602/441/444
f 1602/441/444 1141/276/277 148/274/275 1218/427/430
f 1223/439/442 1602/441/444 1218/427/430 397/429/432
f 149/290/291 1147/289/290 1603/442/445 1226/443/446
f 1147/289/290 26/278/279 1224/440/443 1603/442/445
f 1603/442/445 1224/440/443 258/438/441 1225/444/447
f 1226/443/446 1603/442/445 1225/444/447 398/445/448
f 258/438/441 1222/437/440 1604/446/449 1225/444/447
f 1222/437/440 36/436/439 1227/447/450 1604/446/449
f 1604/446/449 1227/447/450 159/448/451 1228/449/452
f 1225/444/447 1604/446/449 1228/449/452 398/445/448
f 159/448/451 1229/450/453 1605/451/454 1228/449/452
f 1229/450/453 37/452/455 1230/453/456 1605/451/454
f 1605/451/454 1230/453/456 259/454/457 1231/455/458
f 1228/449/452 1605/451/454 1231/455/458 398/445/448
f 259/454/457 1232/456/459 1606/457/460 1231/455/458
f 1232/456/459 27/294/295 1149/292/293 1606/457/460
f 1606/457/460 1149/292/293 149/290/291 1226/443/446
f 1231/455/458 1606/457/460 1226/443/446 398/445/448
f 150/306/307 1155/305/306 1607/458/461 1234/459/462
f 1155/305/306 27/294/295 1232/456/459 1607/458/461
f 1607/458/461 1232/456/459 259/454/457 1233/460/463
f 1234/459/462 1607/458/461 1233/460/463 399/461/464
f 259/454/457 1230/453/456 1608/462/465 1233/460/463
f 1230/453/456 37/452/455 1235/463/466 1608/462/465
f 1608/462/465 1235/463/466 160/464/467 1236/465/468
f 1233/460/463 1608/462/465 1236/465/468 399/461/464
f 160/464/467 1237/466/469 1609/467/470 1236/465/468
f 1237/466/469 38/468/471 1238/469/472 1609/467/470
f 1609/467/470 1238/469/472 260/470/473 1239/471/474
f 1236/465/468 1609/467/470 1239/471/474 399/461/464
f 260/470/473 1240/472/475 1610/473/476 1239/471/474
f 1240/472/475 28/310/311 1157/308/309 1610/473/476
f 1610/473/476 1157/308/309 150/306/307 1234/459/462
f 1239/471/474 1610/473/476 1234/459/462 399/461/464
f 151/322/323 1163/321/322 1611/474/477 1242/475/478
f 1163/321/322 28/310/311 1240/472/475 1611/474/477
f 1611/474/477 1240/472/475 260/470/473 1241/476/479
f 1242/475/478 1611/474/477 1241/476/479 400/477/480
f 260/470/473 1238/469/472 1612/478/481 1241/476/479
f 1238/469/472 38/468/471 1243/479/482 1612/478/481
f 1612/478/481 1243/479/482 161/480/483 1244/481/484
f 1241/476/479 1612/478/481 1244/481/484 400/477/480
f 161/480/483 1245/482/485 1613/483/486 1244/481/484
f 1245/482/485 39/484/487 1246/485/488 1613/483/486
f 1613/483/486 1246/485/488 261/486/489 1247/487/490
f 1244/481/484 1613/483/486 1247/487/490 400/477/480
f 261/486/489 1248/488/491 1614/489/492 1247/487/490
f 1248/488/491 29/326/327 1165/324/325 1614/489/492
f 1614/489/492 1165/324/325 151/322/323 1242/475/478
f 1247/487/490 1614/489/492 1242/475/478 400/477/480
f 152/338/339 1171/337/338 1615/490/493 1250/491/494
f 1171/337/338 29/326/327 1248/488/491 1615/490/493
f 1615/490/493 1248/488/491 261/486/489 1249/492/495
f 1250/491/494 1615/490/493 1249/492/495 401/493/496
f 261/486/489 1246/485/488 1616/494/497 1249/492/495
f 1246/485/488 39/484/487 1251/495/498 1616/494/497
f 1616/494/497 1251/495/498 162/496/499 1252/497/500
f 1249/492/495 1616/494/497 1252/497/500 401/493/496
f 162/496/499 1253/498/501 1617/499/502 1252/497/500
f 1253/498/501 40/500/503 1254/501/504 1617/499/502
f 1617/499/502 1254/501/504 262/502/505 1255/503/506
f 1252/497/500 1617/499/502 1255/503/506 401/493/496
f 262/502/505 1256/504/507 1618/505/508 1255/503/506
f 1256/504/507 30/342/343 1173/340/341 1618/505/508
f 1618/505/508 1173/340/341 152/338/339 1250/491/494
f 1255/503/506 1618/505/508 1250/491/494 401/493/496
f 143/353/355 1179/352/354 1619/506/509 1258/427/510
f 1179/352/354 30/342/343 1256/504/507 1619/506/509
f 1619/506/509 1256/504/507 262/502/505 1257/507/511
f 1258/427/510 1619/506/509 1257/507/511 402/508/512
f 262/502/505 1254/501/504 1620/509/513 1257/507/511
f 1254/501/504 40/500/503 1259/510/514 1620/509/513
f 1620/509/513 1259/510/514 153/511/515 1260/433/516
f 1257/507/511 1620/509/513 1260/433/516 402/508/512
f 153/511/515 1261/512/517 1621/513/518 1260/433/516
f 1261/512/517 31/366/369 1186/364/367 1621/513/518
f 1621/513/518 1186/364/367 253/361/364 1262/514/519
f 1260/433/516 1621/513/518 1262/514/519 402/508/512
f 253/361/364 1183/360/363 1622/515/520 1262/514/519
f 1183/360/363 21/208/209 1181/354/357 1622/515/520
f 1622/515/520 1181/354/357 143/353/355 1258/427/510
f 1262/514/519 1622/515/520 1258/427/510 402/508/512
f 154/368/371 1187/367/370 1623/516/521 1265/517/522
f 1187/367/370 31/366/369 1263/518/523 1623/516/521
f 1623/516/521 1263/518/523 263/519/524 1264/520/525
f 1265/517/522 1623/516/521 1264/520/525 403/521/526
f 263/519/524 1266/522/527 1624/523/528 1264/520/525
f 1266/522/527 41/524/529 1267/525/530 1624/523/528
f 1624/523/528 1267/525/530 164/526/531 1268/527/532
f 1264/520/525 1624/523/528 1268/527/532 403/521/526
f 164/526/531 1269/528/533 1625/529/534 1268/527/532
f 1269/528/533 42/530/535 1270/531/536 1625/529/534
f 1625/529/534 1270/531/536 264/532/537 1271/533/538
f 1268/527/532 1625/529/534 1271/533/538 403/521/526
f 264/532/537 1272/534/539 1626/535/540 1271/533/538
f 1272/534/539 32/372/375 1189/370/373 1626/535/540
f 1626/535/540 1189/370/373 154/368/371 1265/517/522
f 1271/533/538 1626/535/540 1265/517/522 403/521/526
f 155/384/387 1195/383/386 1627/536/541 1274/537/542
f 1195/383/386 32/372/375 1272/534/539 1627/536/541
f 1627/536/541 1272/534/539 264/532/537 1273/538/543
f 1274/537/542 1627/536/541 1273/538/543 404/539/544
f 264/532/537 1270/531/536 1628/540/545 1273/538/543
f 1270/531/536 42/530/535 1275/541/546 1628/540/545
f 1628/540/545 1275/541/546 165/542/547 1276/543/548
f 1273/538/543 1628/540/545 1276/543/548 404/539/544
f 165/542/547 1277/544/549 1629/545/550 1276/543/548
f 1277/544/549 43/546/551 1278/547/552 1629/545/550
f 1629/545/550 1278/547/552 265/548/553 1279/549/554
f 1276/543/548 1629/545/550 1279/549/554 404/539/544
f 265/548/553 1280/550/555 1630/551/556 1279/549/554
f 1280/550/555 33/388/391 1197/386/389 1630/551/556
f 1630/551/556 1197/386/389 155/384/387 1274/537/542
f 1279/549/554 1630/551/556 1274/537/542 404/539/544
f 156/400/403 1203/399/402 1631/552/557 1282/553/558
f 1203/399/402 33/388/391 1280/550/555 1631/552/557
f 1631/552/557 1280/550/555 265/548/553 1281/554/559
f 1282/553/558 1631/552/557 1281/554/559 405/555/560
f 265/548/553 1278/547/552 1632/556/561 1281/554/559
f 1278/547/552 43/546/551 1283/557/562 1632/556/561
f 1632/556/561 1283/557/562 166/558/563 1284/559/564
f 1281/554/559 1632/556/561 1284/559/564 405/555/560
f 166/558/563 1285/560/565 1633/561/566 1284/559/564
f 1285/560/565 44/562/567 1286/563/568 1633/561/566
f 1633/561/566 1286/563/568 266/564/569 1287/565/570
f 1284/559/564 1633/561/566 1287/565/570 405/555/560
f 266/564/569 1288/566/571 1634/567/572 1287/565/570
f 1288/566/571 34/404/407 1205/402/405 1634/567/572
f 1634/567/572 1205/402/405 156/400/403 1282/553/558
f 1287/565/570 1634/567/572 1282/553/558 405/555/560
f 157/416/419 1211/415/418 1635/568/573 1290/569/574
f 1211/415/418 34/404/407 1288/566/571 1635/568/573
f 1635/568/573 1288/566/571 266/564/569 1289/570/575
f 1290/569/574 1635/568/573 1289/570/575 406/571/576
f 266/564/569 1286/563/568 1636/572/577 1289/570/575
f 1286/563/568 44/562/567 1291/573/578 1636/572/577
f 1636/572/577 1291/573/578 167/574/579 1292/575/580
f 1289/570/575 1636/572/577 1292/575/580 406/571/576
f 167/574/579 1293/576/581 1637/577/582 1292/575/580
f 1293/576/581 45/578/583 1294/579/584 1637/577/582
f 1637/577/582 1294/579/584 267/580/585 1295/581/586
f 1292/575/580 1637/577/582 1295/581/586 406/571/576
f 267/580/585 1296/582/587 1638/583/588 1295/581/586
f 1296/582/587 35/420/423 1213/418/421 1638/583/588
f 1638/583/588 1213/418/421 157/416/419 1290/569/574
f 1295/581/586 1638/583/588 1290/569/574 406/571/576
f 158/432/435 1219/431/434 1639/584/589 1298/585/590
f 1219/431/434 35/420/423 1296/582/587 1639/584/589
f 1639/584/589 1296/582/587 267/580/585 1297/586/591
f 1298/585/590 1639/584/589 1297/586/591 407/587/592
f 267/580/585 1294/579/584 1640/588/593 1297/586/591
f 1294/579/584 45/578/583 1299/589/594 1640/588/593
f 1640/588/593 1299/589/594 168/590/595 1300/591/596
f 1297/586/591 1640/588/593 1300/591/596 407/587/592
f 168/590/595 1301/592/597 1641/593/598 1300/591/596
f 1301/592/597 46/594/599 1302/595/600 1641/593/598
f 1641/593/598 1302/595/600 268/596/601 1303/597/602
f 1300/591/596 1641/593/598 1303/597/602 407/587/592
f 268/596/601 1304/598/603 1642/599/604 1303/597/602
f 1304/598/603 36/436/439 1221/434/437 1642/599/604
f 1642/599/604 1221/434/437 158/432/435 1298/585/590
f 1303/597/602 1642/599/604 1298/585/590 407/587/592
f 159/448/451 1227/447/450 1643/600/605 1306/601/606
f 1227/447/450 36/436/439 1304/598/603 1643/600/605
f 1643/600/605 1304/598/603 268/596/601 1305/602/607
f 1306/601/606 1643/600/605 1305/602/607 408/603/608
f 268/596/601 1302/595/600 1644/604/609 1305/602/607
f 1302/595/600 46/594/599 1307/605/610 1644/604/609
f 1644/604/609 1307/605/610 169/606/611 1308/607/612
f 1305/602/607 1644/604/609 1308/607/612 408/603/608
f 169/606/611 1309/608/613 1645/609/614 1308/607/612
f 1309/608/613 47/610/615 1310/611/616 1645/609/614
f 1645/609/614 1310/611/616 269/612/617 1311/613/618
f 1308/607/612 1645/609/614 1311/613/618 408/603/608
f 269/612/617 1312/614/619 1646/615/620 1311/613/618
f 1312/614/619 37/452/455 1229/450/453 1646/615/620
f 1646/615/620 1229/450/453 159/448/451 1306/601/606
f 1311/613/618 1646/615/620 1306/601/606 408/603/608
f 160/464/467 1235/463/466 1647/616/621 1314/617/622
f 1235/463/466 37/452/455 1312/614/619 1647/616/621
f 1647/616/621 1312/614/619 269/612/617 1313/618/623
f 1314/617/622 1647/616/621 1313/618/623 409/619/624
f 269/612/617 1310/611/616 1648/620/625 1313/618/623
f 1310/611/616 47/610/615 1315/621/626 1648/620/625
f 1648/620/625 1315/621/626 170/622/627 1316/623/628
f 1313/618/623 1648/620/625 1316/623/628 409/619/624
f 170/622/627 1317/624/629 1649/625/630 1316/623/628
f 1317/624/629 48/626/631 1318/627/632 1649/625/630
f 1649/625/630 1318/627/632 270/628/633 1319/629/634
f 1316/623/628 1649/625/630 1319/629/634 409/619/624
f 270/628/633 1320/630/635 1650/631/636 1319/629/634
f 1320/630/635 38/468/471 1237/466/469 1650/631/636
f 1650/631/636 1237/466/469 160/464/467 1314/617/622
f 1319/629/634 1650/631/636 1314/617/622 409/619/624
f 161/480/483 1243/479/482 1651/632/637 1322/633/638
f 1243/479/482 38/468/471 1320/630/635 1651/632/637
f 1651/632/637 1320/630/635 270/628/633 1321/634/639
f 1322/633/638 1651/632/637 1321/634/639 410/635/640
f 270/628/633 1318/627/632 1652/636/641 1321/634/639
f 1318/627/632 48/626/631 1323/637/642 1652/636/641
f 1652/636/641 1323/637/642 171/638/643 1324/639/644
f 1321/634/639 1652/636/641 1324/639/644 410/635/640
f 171/638/643 1325/640/645 1653/641/646 1324/639/644
f 1325/640/645 49/642/647 1326/643/648 1653/641/646
f 1653/641/646 1326/643/648 271/644/649 1327/645/650
f 1324/639/644 1653/641/646 1327/645/650 410/635/640
f 271/644/649 1328/646/651 1654/647/652 1327/645/650
f 1328/646/651 39/484/487 1245/482/485 1654/647/652
f 1654/647/652 1245/482/485 161/480/483 1322/633/638
f 1327/645/650 1654/647/652 1322/633/638 410/635/640
f 162/496/499 1251/495/498 1655/648/653 1330/649/654
f 1251/495/498 39/484/487 1328/646/651 1655/648/653
f 1655/648/653 1328/646/651 271/644/649 1329/650/655
f 1330/649/654 1655/648/653 1329/650/655 411/651/656
f 271/644/649 1326/643/648 1656/652/657 1329/650/655
f 1326/643/648 49/642/647 1331/653/658 1656/652/657
f 1656/652/657 1331/653/658 172/654/659 1332/655/660
f 1329/650/655 1656/652/657 1332/655/660 411/651/656
f 172/654/659 1333/656/661 1657/657/662 1332/655/660
f 1333/656/661 50/658/663 1334/659/664 1657/657/662
f 1657/657/662 1334/659/664 272/660/665 1335/661/666
f 1332/655/660 1657/657/662 1335/661/666 411/651/656
f 272/660/665 1336/662/667 1658/663/668 1335/661/666
f 1336/662/667 40/500/503 1253/498/501 1658/663/668
f 1658/663/668 1253/498/501 162/496/499 1330/649/654
f 1335/661/666 1658/663/668 1330/649/654 411/651/656
f 153/511/515 1259/510/514 1659/664/669 1338/585/670
f 1259/510/514 40/500/503 1336/662/667 1659/664/669
f 1659/664/669 1336/662/667 272/660/665 1337/665/671
f 1338/585/670 1659/664/669 1337/665/671 412/666/672
f 272/660/665 1334/659/664 1660/667/673 1337/665/671
f 1334/659/664 50/658/663 1339/668/674 1660/667/673
f 1660/667/673 1339/668/674 163/669/675 1340/591/676
f 1337/665/671 1660/667/673 1340/591/676 412/666/672
f 163/669/675 1341/670/677 1661/671/678 1340/591/676
f 1341/670/677 41/524/529 1266/522/527 1661/671/678
f 1661/671/678 1266/522/527 263/519/524 1342/672/679
f 1340/591/676 1661/671/678 1342/672/679 412/666/672
f 263/519/524 1263/518/523 1662/673/680 1342/672/679
f 1263/518/523 31/366/369 1261/512/517 1662/673/680
f 1662/673/680 1261/512/517 153/511/515 1338/585/670
f 1342/672/679 1662/673/680 1338/585/670 412/666/672
f 164/526/531 1267/525/530 1663/674/681 1345/675/682
f 1267/525/530 41/524/529 1343/676/683 1663/674/681
f 1663/674/681 1343/676/683 273/677/684 1344/678/685
f 1345/675/682 1663/674/681 1344/678/685 413/679/686
f 273/677/684 1346/680/687 1664/681/688 1344/678/685
f 1346/680/687 51/682/689 1347/683/690 1664/681/688
f 1664/681/688 1347/683/690 174/684/691 1348/685/692
f 1344/678/685 1664/681/688 1348/685/692 413/679/686
f 174/684/691 1349/686/693 1665/687/694 1348/685/692
f 1349/686/693 52/688/695 1350/689/696 1665/687/694
f 1665/687/694 1350/689/696 274/690/697 1351/691/698
f 1348/685/692 1665/687/694 1351/691/698 413/679/686
f 274/690/697 1352/692/699 1666/693/700 1351/691/698
f 1352/692/699 42/530/535 1269/528/533 1666/693/700
f 1666/693/700 1269/528/533 164/526/531 1345/675/682
f 1351/691/698 1666/693/700 1345/675/682 413/679/686
f 165/542/547 1275/541/546 1667/694/701 1354/695/702
f 1275/541/546 42/530/535 1352/692/699 1667/694/701
f 1667/694/701 1352/692/699 274/690/697 1353/696/703
f 1354/695/702 1667/694/701 1353/696/703 414/697/704
f 274/690/697 1350/689/696 1668/698/705 1353/696/703
f 1350/689/696 52/688/695 1355/699/706 1668/698/705
f 1668/698/705 1355/699/706 175/700/707 1356/701/708
f 1353/696/703 1668/698/705 1356/701/708 414/697/704
f 175/700/707 1357/702/709 1669/703/710 1356/701/708
f 1357/702/709 53/704/711 1358/705/712 1669/703/710
f 1669/703/710 1358/705/712 275/706/713 1359/707/714
f 1356/701/708 1669/703/710 1359/707/714 414/697/704
f 275/706/713 1360/708/715 1670/709/716 1359/707/714
f 1360/708/715 43/546/551 1277/544/549 1670/709/716
f 1670/709/716 1277/544/549 165/542/547 1354/695/702
f 1359/707/714 1670/709/716 1354/695/702 414/697/704
f 166/558/563 1283/557/562 1671/710/717 1362/711/718
f 1283/557/562 43/546/551 1360/708/715 1671/710/717
f 1671/710/717 1360/708/715 275/706/713 1361/712/719
f 1362/711/718 1671/710/717 1361/712/719 415/713/720
f 275/706/713 1358/705/712 1672/714/721 1361/712/719
f 1358/705/712 53/704/711 1363/715/722 1672/714/721
f 1672/714/721 1363/715/722 176/716/723 1364/717/724
f 1361/712/719 1672/714/721 1364/717/724 415/713/720
f 176/716/723 1365/718/725 1673/719/726 1364/717/724
f 1365/718/725 54/720/727 1366/721/728 1673/719/726
f 1673/719/726 1366/721/728 276/722/729 1367/723/730
f 1364/717/724 1673/719/726 1367/723/730 415/713/720
f 276/722/729 1368/724/731 1674/725/732 1367/723/730
f 1368/724/731 44/562/567 1285/560/565 1674/725/732
f 1674/725/732 1285/560/565 166/558/563 1362/711/718
f 1367/723/730 1674/725/732 1362/711/718 415/713/720
f 167/574/579 1291/573/578 1675/726/733 1370/727/734
f 1291/573/578 44/562/567 1368/724/731 1675/726/733
f 1675/726/733 1368/724/731 276/722/729 1369/728/735
f 1370/727/734 1675/726/733 1369/728/735 416/729/736
f 276/722/729 1366/721/728 1676/730/737 1369/728/735
f 1366/721/728 54/720/727 1371/731/738 1676/730/737
f 1676/730/737 1371/731/738 177/732/739 1372/733/740
f 1369/728/735 1676/730/737 1372/733/740 416/729/736
f 177/732/739 1373/734/741 1677/735/742 1372/733/740
f 1373/734/741 55/736/743 1374/737/744 1677/735/742
f 1677/735/742 1374/737/744 277/738/745 1375/739/746
f 1372/733/740 1677/735/742 1375/739/746 416/729/736
f 277/738/745 1376/740/747 1678/741/748 1375/739/746
f 1376/740/747 45/578/583 1293/576/581 1678/741/748
f 1678/741/748 1293/576/581 167/574/579 1370/727/734
f 1375/739/746 1678/741/748 1370/727/734 416/729/736
f 168/590/595 1299/589/594 1679/742/749 1378/743/750
f 1299/589/594 45/578/583 1376/740/747 1679/742/749
f 1679/742/749 1376/740/747 277/738/745 1377/744/751
f 1378/743/750 1679/742/749 1377/744/751 417/745/752
f 277/738/745 1374/737/744 1680/746/753 1377/744/751
f 1374/737/744 55/736/743 1379/747/754 1680/746/753
f 1680/746/753 1379/747/754 178/748/755 1380/749/756
f 1377/744/751 1680/746/753 1380/749/756 417/745/752
f 178/748/755 1381/750/757 1681/751/758 1380/749/756
f 1381/750/757 56/752/759 1382/753/760 1681/751/758
f 1681/751/758 1382/753/760 278/754/761 1383/755/762
f 1380/749/756 1681/751/758 1383/755/762 417/745/752
f 278/754/761 1384/756/763 1682/757/764 1383/755/762
f 1384/756/763 46/594/599 1301/592/597 1682/757/764
f 1682/757/764 1301/592/597 168/590/595 1378/743/750
f 1383/755/762 1682/757/764 1378/743/750 417/745/752
f 169/606/611 1307/605/610 1683/758/765 1386/759/766
f 1307/605/610 46/594/599 1384/756/763 1683/758/765
f 1683/758/765 1384/756/763 278/754/761 1385/760/767
f 1386/759/766 1683/758/765 1385/760/767 418/761/768
f 278/754/761 1382/753/760 1684/762/769 1385/760/767
f 1382/753/760 56/752/759 1387/763/770 1684/762/769
f 1684/762/769 1387/763/770 179/764/771 1388/765/772
f 1385/760/767 1684/762/769 1388/765/772 418/761/768
f 179/764/771 1389/766/773 1685/767/774 1388/765/772
f 1389/766/773 57/768/775 1390/769/776 1685/767/774
f 1685/767/774 1390/769/776 279/770/777 1391/771/778
f 1388/765/772 1685/767/774 1391/771/778 418/761/768
f 279/770/777 1392/772/779 1686/773/780 1391/771/778
f 1392/772/779 47/610/615 1309/608/613 1686/773/780
f 1686/773/780 1309/608/613 169/606/611 1386/759/766
f 1391/771/778 1686/773/780 1386/759/766 418/761/768
f 170/622/627 1315/621/626 1687/774/781 1394/775/782
f 1315/621/626 47/610/615 1392/772/779 1687/774/781
f 1687/774/781 1392/772/779 279/770/777 1393/776/783
f 1394/775/782 1687/774/781 1393/776/783 419/777/784
f 279/770/777 1390/769/776 1688/778/785 1393/776/783
f 1390/769/776 57/768/775 1395/779/786 1688/778/785
f 1688/778/785 1395/779/786 180/780/787 1396/781/788
f 1393/776/783 1688/778/785 1396/781/788 419/777/784
f 180/780/787 1397/782/789 1689/783/790 1396/781/788
f 1397/782/789 58/784/791 1398/785/792 1689/783/790
f 1689/783/790 1398/785/792 280/786/793 1399/787/794
f 1396/781/788 1689/783/790 1399/787/794 419/777/784
f 280/786/793 1400/788/795 1690/789/796 1399/787/794
f 1400/788/795 48/626/631 1317/624/629 1690/789/796
f 1690/789/796 1317/624/629 170/622/627 1394/775/782
f 1399/787/794 1690/789/796 1394/775/782 419/777/784
f 171/638/643 1323/637/642 1691/790/797 1402/791/798
f 1323/637/642 48/626/631 1400/788/795 1691/790/797
f 1691/790/797 1400/788/795 280/786/793 1401/792/799
f 1402/791/798 1691/790/797 1401/792/799 420/793/800
f 280/786/793 1398/785/792 1692/794/801 1401/792/799
f 1398/785/792 58/784/791 1403/795/802 1692/794/801
f 1692/794/801 1403/795/802 181/796/803 1404/797/804
f 1401/792/799 1692/794/801 1404/797/804 420/793/800
f 181/796/803 1405/798/805 1693/799/806 1404/797/804
f 1405/798/805 59/800/807 1406/801/808 1693/799/806
f 1693/799/806 1406/801/808 281/802/809 1407/803/810
f 1404/797/804 1693/799/806 1407/803/810 420/793/800
f 281/802/809 1408/804/811 1694/805/812 1407/803/810
f 1408/804/811 49/642/647 1325/640/645 1694/805/812
f 1694/805/812 1325/640/645 171/638/643 1402/791/798
f 1407/803/810 1694/805/812 1402/791/798 420/793/800
f 172/654/659 1331/653/658 1695/806/813 1410/807/814
f 1331/653/658 49/642/647 1408/804/811 1695/806/813
f 1695/806/813 1408/804/811 281/802/809 1409/808/815
f 1410/807/814 1695/806/813 1409/808/815 421/809/816
f 281/802/809 1406/801/808 1696/810/817 1409/808/815
f 1406/801/808 59/800/807 1411/811/818 1696/810/817
f 1696/810/817 1411/811/818 182/812/819 1412/813/820
f 1409/808/815 1696/810/817 1412/813/820 421/809/816
f 182/812/819 1413/814/821 1697/815/822 1412/813/820
f 1413/814/821 60/816/823 1414/817/824 1697/815/822
f 1697/815/822 1414/817/824 282/818/825 1415/819/826
f 1412/813/820 1697/815/822 1415/819/826 421/809/816
f 282/818/825 1416/820/827 1698/821/828 1415/819/826
f 1416/820/827 50/658/663 1333/656/661 1698/821/828
f 1698/821/828 1333/656/661 172/654/659 1410/807/814
f 1415/819/826 1698/821/828 1410/807/814 421/809/816
f 163/669/675 1339/668/674 1699/822/829 1418/743/830
f 1339/668/674 50/658/663 1416/820/827 1699/822/829
f 1699/822/829 1416/820/827 282/818/825 1417/823/831
f 1418/743/830 1699/822/829 1417/823/831 422/824/832
f 282/818/825 1414/817/824 1700/825/833 1417/823/831
f 1414/817/824 60/816/823 1419/826/834 1700/825/833
f 1700/825/833 1419/826/834 173/827/835 1420/749/836
f 1417/823/831 1700/825/833 1420/749/836 422/824/832
f 173/827/835 1421/828/837 1701/829/838 1420/749/836
f 1421/828/837 51/682/689 1346/680/687 1701/829/838
f 1701/829/838 1346/680/687 273/677/684 1422/830/839
f 1420/749/836 1701/829/838 1422/830/839 422/824/832
f 273/677/684 1343/676/683 1702/831/840 1422/830/839
f 1343/676/683 41/524/529 1341/670/677 1702/831/840
f 1702/831/840 1341/670/677 163/669/675 1418/743/830
f 1422/830/839 1702/831/840 1418/743/830 422/824/832
f 174/684/691 1347/683/690 1703/832/841 1425/833/842
f 1347/683/690 51/682/689 1423/834/843 1703/832/841
f 1703/832/841 1423/834/843 283/835/844 1424/836/845
f 1425/833/842 1703/832/841 1424/836/845 423/837/846
f 283/835/844 1426/838/847 1704/839/848 1424/836/845
f 1426/838/847 61/840/849 1427/841/850 1704/839/848
f 1704/839/848 1427/841/850 184/842/851 1428/843/852
f 1424/836/845 1704/839/848 1428/843/852 423/837/846
f 184/842/851 1429/844/853 1705/845/854 1428/843/852
f 1429/844/853 62/846/855 1430/847/856 1705/845/854
f 1705/845/854 1430/847/856 284/848/857 1431/849/858
f 1428/843/852 1705/845/854 1431/849/858 423/837/846
f 284/848/857 1432/850/859 1706/851/860 1431/849/858
f 1432/850/859 52/688/695 1349/686/693 1706/851/860
f 1706/851/860 1349/686/693 174/684/691 1425/833/842
f 1431/849/858 1706/851/860 1425/833/842 423/837/846
f 175/700/707 1355/699/706 1707/852/861 1434/853/862
f 1355/699/706 52/688/695 1432/850/859 1707/852/861
f 1707/852/861 1432/850/859 284/848/857 1433/854/863
f 1434/853/862 1707/852/861 1433/854/863 424/855/864
f 284/848/857 1430/847/856 1708/856/865 1433/854/863
f 1430/847/856 62/846/855 1435/857/866 1708/856/865
f 1708/856/865 1435/857/866 185/858/867 1436/859/868
f 1433/854/863 1708/856/865 1436/859/868 424/855/864
f 185/858/867 1437/860/869 1709/861/870 1436/859/868
f 1437/860/869 63/862/871 1438/863/872 1709/861/870
f 1709/861/870 1438/863/872 285/864/873 1439/865/874
f 1436/859/868 1709/861/870 1439/865/874 424/855/864
f 285/864/873 1440/866/875 1710/867/876 1439/865/874
f 1440/866/875 53/704/711 1357/702/709 1710/867/876
f 1710/867/876 1357/702/709 175/700/707 1434/853/862
f 1439/865/874 1710/867/876 1434/853/862 424/855/864
f 176/716/723 1363/715/722 1711/868/877 1442/869/878
f 1363/715/722 53/704/711 1440/866/875 1711/868/877
f 1711/868/877 1440/866/875 285/864/873 1441/870/879
f 1442/869/878 1711/868/877 1441/870/879 425/871/880
f 285/864/873 1438/863/872 1712/872/881 1441/870/879
f 1438/863/872 63/862/871 1443/873/882 1712/872/881
f 1712/872/881 1443/873/882 186/874/883 1444/875/884
f 1441/870/879 1712/872/881 1444/875/884 425/871/880
f 186/874/883 1445/876/885 1713/877/886 1444/875/884
f 1445/876/885 64/878/887 1446/879/888 1713/877/886
f 1713/877/886 1446/879/888 286/880/889 1447/881/890
f 1444/875/884 1713/877/886 1447/881/890 425/871/880
f 286/880/889 1448/882/891 1714/883/892 1447/881/890
f 1448/882/891 54/720/727 1365/718/725 1714/883/892
f 1714/883/892 1365/718/725 176/716/723 1442/869/878
f 1447/881/890 1714/883/892 1442/869/878 425/871/880
f 177/732/739 1371/731/738 1715/884/893 1450/885/894
f 1371/731/738 54/720/727 1448/882/891 1715/884/893
f 1715/884/893 1448/882/891 286/880/889 1449/886/895
f 1450/885/894 1715/884/893 1449/886/895 426/887/896
f 286/880/889 1446/879/888 1716/888/897 1449/886/895
f 1446/879/888 64/878/887 1451/889/898 1716/888/897
f 1716/888/897 1451/889/898 187/890/899 1452/891/900
f 1449/886/895 1716/888/897 1452/891/900 426/887/896
f 187/890/899 1453/892/901 1717/893/902 1452/891/900
f 1453/892/901 65/894/903 1454/895/904 1717/893/902
f 1717/893/902 1454/895/904 287/896/905 1455/897/906
f 1452/891/900 1717/893/902 1455/897/906 426/887/896
f 287/896/905 1456/898/907 1718/899/908 1455/897/906
f 1456/898/907 55/736/743 1373/734/741 1718/899/908
f 1718/899/908 1373/734/741 177/732/739 1450/885/894
f 1455/897/906 1718/899/908 1450/885/894 426/887/896
f 178/748/755 1379/747/754 1719/900/909 1458/901/910
f 1379/747/754 55/736/743 1456/898/907 1719/900/909
f 1719/900/909 1456/898/907 287/896/905 1457/902/911
f 1458/901/910 1719/900/909 1457/902/911 427/903/912
f 287/896/905 1454/895/904 1720/904/913 1457/902/911
f 1454/895/904 65/894/903 1459/905/914 1720/904/913
f 1720/904/913 1459/905/914 188/906/915 1460/907/916
f 1457/902/911 1720/904/913 1460/907/916 427/903/912
f 188/906/915 1461/908/917 1721/909/918 1460/907/916
f 1461/908/917 66/910/919 1462/911/920 1721/909/918
f 1721/909/918 1462/911/920 288/912/921 1463/913/922
f 1460/907/916 1721/909/918 1463/913/922 427/903/912
f 288/912/921 1464/914/923 1722/915/924 1463/913/922
f 1464/914/923 56/752/759 1381/750/757 1722/915/924
f 1722/915/924 1381/750/757 178/748/755 1458/901/910
f 1463/913/922 1722/915/924 1458/901/910 427/903/912
f 179/764/771 1387/763/770 1723/916/925 1466/917/926
f 1387/763/770 56/752/759 1464/914/923 1723/916/925
f 1723/916/925 1464/914/923 288/912/921 1465/918/927
f 1466/917/926 1723/916/925 1465/918/927 428/919/928
f 288/912/921 1462/911/920 1724/920/929 1465/918/927
f 1462/911/920 66/910/919 1467/921/930 1724/920/929
f 1724/920/929 1467/921/930 189/922/931 1468/923/932
f 1465/918/927 1724/920/929 1468/923/932 428/919/928
f 189/922/931 1469/924/933 1725/925/934 1468/923/932
f 1469/924/933 67/926/935 1470/927/936 1725/925/934
f 1725/925/934 1470/927/936 289/928/937 1471/929/938
f 1468/923/932 1725/925/934 1471/929/938 428/919/928
f 289/928/937 1472/930/939 1726/931/940 1471/929/938
f 1472/930/939 57/768/775 1389/766/773 1726/931/940
f 1726/931/940 1389/766/773 179/764/771 1466/917/926
f 1471/929/938 1726/931/940 1466/917/926 428/919/928
f 180/780/787 1395/779/786 1727/932/941 1474/933/942
f 1395/779/786 57/768/775 1472/930/939 1727/932/941
f 1727/932/941 1472/930/939 289/928/937 1473/934/943
f 1474/933/942 1727/932/941 1473/934/943 429/935/944
f 289/928/937 1470/927/936 1728/936/945 1473/934/943
f 1470/927/936 67/926/935 1475/937/946 1728/936/945
f 1728/936/945 1475/937/946 190/938/947 1476/939/948
f 1473/934/943 1728/936/945 1476/939/948 429/935/944
f 190/938/947 1477/940/949 1729/941/950 1476/939/948
f 1477/940/949 68/942/951 1478/943/952 1729/941/950
f 1729/941/950 1478/943/952 290/944/953 1479/945/954
f 1476/939/948 1729/941/950 1479/945/954 429/935/944
f 290/944/953 1480/946/955 1730/947/956 1479/945/954
f 1480/946/955 58/784/791 1397/782/789 1730/947/956
f 1730/947/956 1397/782/789 180/780/787 1474/933/942
f 1479/945/954 1730/947/956 1474/933/942 429/935/944
f 181/796/803 1403/795/802 1731/948/957 1482/949/958
f 1403/795/802 58/784/791 1480/946/955 1731/948/957
f 1731/948/957 1480/946/955 290/944/953 1481/950/959
f 1482/949/958 1731/948/957 1481/950/959 430/951/960
f 290/944/953 1478/943/952 1732/952/961 1481/950/959
f 1478/943/952 68/942/951 1483/953/962 1732/952/961
f 1732/952/961 1483/953/962 191/954/963 1484/955/964
f 1481/950/959 1732/952/961 1484/955/964 430/951/960
f 191/954/963 1485/956/965 1733/957/966 1484/955/964
f 1485/956/965 69/958/967 1486/959/968 1733/957/966
f 1733/957/966 1486/959/968 291/960/969 1487/961/970
f 1484/955/964 1733/957/966 1487/961/970 430/951/960
f 291/960/969 1488/962/971 1734/963/972 1487/961/970
f 1488/962/971 59/800/807 1405/798/805 1734/963/972
f 1734/963/972 1405/798/805 181/796/803 1482/949/958
f 1487/961/970 1734/963/972 1482/949/958 430/951/960
f 182/812/819 1411/811/818 1735/964/973 1490/965/974
f 1411/811/818 59/800/807 1488/962/971 1735/964/973
f 1735/964/973 1488/962/971 291/960/969 1489/966/975
f 1490/965/974 1735/964/973 1489/966/975 431/967/976
f 291/960/969 1486/959/968 1736/968/977 1489/966/975
f 1486/959/968 69/958/967 1491/969/978 1736/968/977
f 1736/968/977 1491/969/978 192/970/979 1492/971/980
f 1489/966/975 1736/968/977 1492/971/980 431/967/976
f 192/970/979 1493/972/981 1737/973/982 1492/971/980
f 1493/972/981 70/974/983 1494/975/984 1737/973/982
f 1737/973/982 1494/975/984 292/976/985 1495/977/986
f 1492/971/980 1737/973/982 1495/977/986 431/967/976
f 292/976/985 1496/978/987 1738/979/988 1495/977/986
f 1496/978/987 60/816/823 1413/814/821 1738/979/988
f 1738/979/988 1413/814/821 182/812/819 1490/965/974
f 1495/977/986 1738/979/988 1490/965/974 431/967/976
f 173/827/835 1419/826/834 1739/980/989 1498/901/990
f 1419/826/834 60/816/823 1496/978/987 1739/980/989
f 1739/980/989 1496/978/987 292/976/985 1497/981/991
f 1498/901/990 1739/980/989 1497/981/991 432/982/992
f 292/976/985 1494/975/984 1740/983/993 1497/981/991
f 1494/975/984 70/974/983 1499/984/994 1740/983/993
f 1740/983/993 1499/984/994 183/985/995 1500/907/996
f 1497/981/991 1740/983/993 1500/907/996 432/982/992
f 183/985/995 1501/986/997 1741/987/998 1500/907/996
f 1501/986/997 61/840/849 1426/838/847 1741/987/998
f 1741/987/998 1426/838/847 283/835/844 1502/988/999
f 1500/907/996 1741/987/998 1502/988/999 432/982/992
f 283/835/844 1423/834/843 1742/989/1000 1502/988/999
f 1423/834/843 51/682/689 1421/828/837 1742/989/1000
f 1742/989/1000 1421/828/837 173/827/835 1498/901/990
f 1502/988/999 1742/989/1000 1498/901/990 432/982/992
f 184/842/851 1427/841/850 1743/990/1001 505/991/1002
f 1427/841/850 61/840/849 503/992/1003 1743/990/1001
f 1743/990/1001 503/992/1003 293/993/1004 504/994/1005
f 505/991/1002 1743/990/1001 504/994/1005 433/995/1006
f 293/993/1004 506/996/1007 1744/997/1008 504/994/1005
f 506/996/1007 71/998/1009 507/999/1010 1744/997/1008
f 1744/997/1008 507/999/1010 194/1000/1011 508/1001/1012
f 504/994/1005 1744/997/1008 508/1001/1012 433/995/1006
f 194/1000/1011 509/1002/1013 1745/1003/1014 508/1001/1012
f 509/1002/1013 72/1004/1015 510/1005/1016 1745/1003/1014
f 1745/1003/1014 510/1005/1016 294/1006/1017 511/1007/1018
f 508/1001/1012 1745/1003/1014 511/1007/1018 433/995/1006
f 294/1006/1017 512/1008/1019 1746/1009/1020 511/1007/1018
f 512/1008/1019 62/846/855 1429/844/853 1746/1009/1020
f 1746/1009/1020 1429/844/853 184/842/851 505/991/1002
f 511/1007/1018 1746/1009/1020 505/991/1002 433/995/1006
f 185/858/867 1435/857/866 1747/1010/1021 514/1011/1022
f 1435/857/866 62/846/855 512/1008/1019 1747/1010/1021
f 1747/1010/1021 512/1008/1019 294/1006/1017 513/1012/1023
f 514/1011/1022 1747/1010/1021 513/1012/1023 434/1013/1024
f 294/1006/1017 510/1005/1016 1748/1014/1025 513/1012/1023
f 510/1005/1016 72/1004/1015 515/1015/1026 1748/1014/1025
f 1748/1014/1025 515/1015/1026 195/1016/1027 516/1017/1028
f 513/1012/1023 1748/1014/1025 516/1017/1028 434/1013/1024
f 195/1016/1027 517/1018/1029 1749/1019/1030 516/1017/1028
f 517/1018/1029 73/1020/1031 518/1021/1032 1749/1019/1030
f 1749/1019/1030 518/1021/1032 295/1022/1033 519/1023/1034
f 516/1017/1028 1749/1019/1030 519/1023/1034 434/1013/1024
f 295/1022/1033 520/1024/1035 1750/1025/1036 519/1023/1034
f 520/1024/1035 63/862/871 1437/860/869 1750/1025/1036
f 1750/1025/1036 1437/860/869 185/858/867 514/1011/1022
f 519/1023/1034 1750/1025/1036 514/1011/1022 434/1013/1024
f 186/874/883 1443/873/882 1751/1026/1037 522/1027/1038
f 1443/873/882 63/862/871 520/1024/1035 1751/1026/1037
f 1751/1026/1037 520/1024/1035 295/1022/1033 521/1028/1039
f 522/1027/1038 1751/1026/1037 521/1028/1039 435/1029/1040
f 295/1022/1033 518/1021/1032 1752/1030/1041 521/1028/1039
f 518/1021/1032 73/1020/1031 523/1031/1042 1752/1030/1041
f 1752/1030/1041 523/1031/1042 196/1032/1043 524/1033/1044
f 521/1028/1039 1752/1030/1041 524/1033/1044 435/1029/1040
f 196/1032/1043 525/1034/1045 1753/1035/1046 524/1033/1044
f 525/1034/1045 74/1036/1047 526/1037/1048 1753/1035/1046
f 1753/1035/1046 526/1037/1048 296/1038/1049 527/1039/1050
f 524/1033/1044 1753/1035/1046 527/1039/1050 435/1029/1040
f 296/1038/1049 528/1040/1051 1754/1041/1052 527/1039/1050
f 528/1040/1051 64/878/887 1445/876/885 1754/1041/1052
f 1754/1041/1052 1445/876/885 186/874/883 522/1027/1038
f 527/1039/1050 1754/1041/1052 522/1027/1038 435/1029/1040
f 187/890/899 1451/889/898 1755/1042/1053 530/1043/1054
f 1451/889/898 64/878/887 528/1040/1051 1755/1042/1053
f 1755/1042/1053 528/1040/1051 296/1038/1049 529/1044/1055
f 530/1043/1054 1755/1042/1053 529/1044/1055 436/1045/1056
f 296/1038/1049 526/1037/1048 1756/1046/1057 529/1044/1055
f 526/1037/1048 74/1036/1047 531/1047/1058 1756/1046/1057
f 1756/1046/1057 531/1047/1058 197/1048/1059 532/1049/1060
f 529/1044/1055 1756/1046/1057 532/1049/1060 436/1045/1056
f 197/1048/1059 533/1050/1061 1757/1051/1062 532/1049/1060
f 533/1050/1061 75/1052/1063 534/1053/1064 1757/1051/1062
f 1757/1051/1062 534/1053/1064 297/1054/1065 535/1055/1066
f 532/1049/1060 1757/1051/1062 535/1055/1066 436/1045/1056
f 297/1054/1065 536/1056/1067 1758/1057/1068 535/1055/1066
f 536/1056/1067 65/894/903 1453/892/901 1758/1057/1068
f 1758/1057/1068 1453/892/901 187/890/899 530/1043/1054
f 535/1055/1066 1758/1057/1068 530/1043/1054 436/1045/1056
f 188/906/915 1459/905/914 1759/1058/1069 538/1059/1070
f 1459/905/914 65/894/903 536/1056/1067 1759/1058/1069
f 1759/1058/1069 536/1056/1067 297/1054/1065 537/1060/1071
f 538/1059/1070 1759/1058/1069 537/1060/1071 437/1061/1072
f 297/1054/1065 534/1053/1064 1760/1062/1073 537/1060/1071
f 534/1053/1064 75/1052/1063 539/1063/1074 1760/1062/1073
f 1760/1062/1073 539/1063/1074 198/1064/1075 540/1065/1076
f 537/1060/1071 1760/1062/1073 540/1065/1076 437/1061/1072
f 198/1064/1075 541/1066/1077 1761/1067/1078 540/1065/1076
f 541/1066/1077 76/1068/1079 542/1069/1080 1761/1067/1078
f 1761/1067/1078 542/1069/1080 298/1070/1081 543/1071/1082
f 540/1065/1076 1761/1067/1078 543/1071/1082 437/1061/1072
f 298/1070/1081 544/1072/1083 1762/1073/1084 543/1071/1082
f 544/1072/1083 66/910/919 1461/908/917 1762/1073/1084
f 1762/1073/1084 1461/908/917 188/906/915 538/1059/1070
f 543/1071/1082 1762/1073/1084 538/1059/1070 437/1061/1072
f 189/922/931 1467/921/930 1763/1074/1085 546/1075/1086
f 1467/921/930 66/910/919 544/1072/1083 1763/1074/1085
f 1763/1074/1085 544/1072/1083 298/1070/1081 545/1076/1087
f 546/1075/1086 1763/1074/1085 545/1076/1087 438/1077/1088
f 298/1070/1081 542/1069/1080 1764/1078/1089 545/1076/1087
f 542/1069/1080 76/1068/1079 547/1079/1090 1764/1078/1089
f 1764/1078/1089 547/1079/1090 199/1080/1091 548/1081/1092
f 545/1076/1087 1764/1078/1089 548/1081/1092 438/1077/1088
f 199/1080/1091 549/1082/1093 1765/1083/1094 548/1081/1092
f 549/1082/1093 77/1084/1095 550/1085/1096 1765/1083/1094
f 1765/1083/1094 550/1085/1096 299/1086/1097 551/1087/1098
f 548/1081/1092 1765/1083/1094 551/1087/1098 438/1077/1088
f 299/1086/1097 552/1088/1099 1766/1089/1100 551/1087/1098
f 552/1088/1099 67/926/935 1469/924/933 1766/1089/1100
f 1766/1089/1100 1469/924/933 189/922/931 546/1075/1086
f 551/1087/1098 1766/1089/1100 546/1075/1086 438/1077/1088
f 190/938/947 1475/937/946 1767/1090/1101 554/1091/1102
f 1475/937/946 67/926/935 552/1088/1099 1767/1090/1101
f 1767/1090/1101 552/1088/1099 299/1086/1097 553/1092/1103
f 554/1091/1102 1767/1090/1101 553/1092/1103 439/1093/1104
f 299/1086/1097 550/1085/1096 1768/1094/1105 553/1092/1103
f 550/1085/1096 77/1084/1095 555/1095/1106 1768/1094/1105
f 1768/1094/1105 555/1095/1106 200/1096/1107 556/1097/1108
f 553/1092/1103 1768/1094/1105 556/1097/1108 439/1093/1104
f 200/1096/1107 557/1098/1109 1769/1099/1110 556/1097/1108
f 557/1098/1109 78/1100/1111 558/1101/1112 1769/1099/1110
f 1769/1099/1110 558/1101/1112 300/1102/1113 559/1103/1114
f 556/1097/1108 1769/1099/1110 559/1103/1114 439/1093/1104
f 300/1102/1113 560/1104/1115 1770/1105/1116 559/1103/1114
f 560/1104/1115 68/942/951 1477/940/949 1770/1105/1116
f 1770/1105/1116 1477/940/949 190/938/947 554/1091/1102
f 559/1103/1114 1770/1105/1116 554/1091/1102 439/1093/1104
f 191/954/963 1483/953/962 1771/1106/1117 562/1107/1118
f 1483/953/962 68/942/951 560/1104/1115 1771/1106/1117
f 1771/1106/1117 560/1104/1115 300/1102/1113 561/1108/1119
f 562/1107/1118 1771/1106/1117 561/1108/1119 440/1109/1120
f 300/1102/1113 558/1101/1112 1772/1110/1121 561/1108/1119
f 558/1101/1112 78/1100/1111 563/1111/1122 1772/1110/1121
f 1772/1110/1121 563/1111/1122 201/1112/1123 564/1113/1124
f 561/1108/1119 1772/1110/1121 564/1113/1124 440/1109/1120
f 201/1112/1123 565/1114/1125 1773/1115/1126 564/1113/1124
f 565/1114/1125 79/1116/1127 566/1117/1128 1773/1115/1126
f 1773/1115/1126 566/1117/1128 301/1118/1129 567/1119/1130
f 564/1113/1124 1773/1115/1126 567/1119/1130 440/1109/1120
f 301/1118/1129 568/1120/1131 1774/1121/1132 567/1119/1130
f 568/1120/1131 69/958/967 1485/956/965 1774/1121/1132
f 1774/1121/1132 1485/956/965 191/954/963 562/1107/1118
f 567/1119/1130 1774/1121/1132 562/1107/1118 440/1109/1120
f 192/970/979 1491/969/978 1775/1122/1133 570/1123/1134
f 1491/969/978 69/958/967 568/1120/1131 1775/1122/1133
f 1775/1122/1133 568/1120/1131 301/1118/1129 569/1124/1135
f 570/1123/1134 1775/1122/1133 569/1124/1135 441/1125/1136
f 301/1118/1129 566/1117/1128 1776/1126/1137 569/1124/1135
f 566/1117/1128 79/1116/1127 571/1127/1138 1776/1126/1137
f 1776/1126/1137 571/1127/1138 202/1128/1139 572/1129/1140
f 569/1124/1135 1776/1126/1137 572/1129/1140 441/1125/1136
f 202/1128/1139 573/1130/1141 1777/1131/1142 572/1129/1140
f 573/1130/1141 80/1132/1143 574/1133/1144 1777/1131/1142
f 1777/1131/1142 574/1133/1144 302/1134/1145 575/1135/1146
f 572/1129/1140 1777/1131/1142 575/1135/1146 441/1125/1136
f 302/1134/1145 576/1136/1147 1778/1137/1148 575/1135/1146
f 576/1136/1147 70/974/983 1493/972/981 1778/1137/1148
f 1778/1137/1148 1493/972/981 192/970/979 570/1123/1134
f 575/1135/1146 1778/1137/1148 570/1123/1134 441/1125/1136
f 183/985/995 1499/984/994 1779/1138/1149 578/1059/1150
f 1499/984/994 70/974/983 576/1136/1147 1779/1138/1149
f 1779/1138/1149 576/1136/1147 302/1134/1145 577/1139/1151
f 578/1059/1150 1779/1138/1149 577/1139/1151 442/1140/1152
f 302/1134/1145 574/1133/1144 1780/1141/1153 577/1139/1151
f 574/1133/1144 80/1132/1143 579/1142/1154 1780/1141/1153
f 1780/1141/1153 579/1142/1154 193/1143/1155 580/1065/1156
f 577/1139/1151 1780/1141/1153 580/1065/1156 442/1140/1152
f 193/1143/1155 581/1144/1157 1781/1145/1158 580/1065/1156
f 581/1144/1157 71/998/1009 506/996/1007 1781/1145/1158
f 1781/1145/1158 506/996/1007 293/993/1004 582/1146/1159
f 580/1065/1156 1781/1145/1158 582/1146/1159 442/1140/1152
f 293/993/1004 503/992/1003 1782/1147/1160 582/1146/1159
f 503/992/1003 61/840/849 1501/986/997 1782/1147/1160
f 1782/1147/1160 1501/986/997 183/985/995 578/1059/1150
f 582/1146/1159 1782/1147/1160 578/1059/1150 442/1140/1152
f 194/1000/1011 507/999/1010 1783/1148/1161 585/1149/1162
f 507/999/1010 71/998/1009 583/1150/1163 1783/1148/1161
f 1783/1148/1161 583/1150/1163 348/1151/1164 584/1152/1165
f 585/1149/1162 1783/1148/1161 584/1152/1165 443/1153/1166
f 348/1151/1164 586/1154/1167 1784/1155/1168 584/1152/1165
f 586/1154/1167 81/1156/1169 587/1157/1170 1784/1155/1168
f 1784/1155/1168 587/1157/1170 203/1158/1171 588/1159/1172
f 584/1152/1165 1784/1155/1168 588/1159/1172 443/1153/1166
f 203/1158/1171 589/1160/1173 1785/1161/1174 588/1159/1172
f 589/1160/1173 82/1162/1175 590/1163/1176 1785/1161/1174
f 1785/1161/1174 590/1163/1176 347/1164/1177 591/1165/1178
f 588/1159/1172 1785/1161/1174 591/1165/1178 443/1153/1166
f 347/1164/1177 592/1166/1179 1786/1167/1180 591/1165/1178
f 592/1166/1179 72/1004/1015 509/1002/1013 1786/1167/1180
f 1786/1167/1180 509/1002/1013 194/1000/1011 585/1149/1162
f 591/1165/1178 1786/1167/1180 585/1149/1162 443/1153/1166
f 195/1016/1027 515/1015/1026 1787/1168/1181 594/1169/1182
f 515/1015/1026 72/1004/1015 592/1166/1179 1787/1168/1181
f 1787/1168/1181 592/1166/1179 347/1164/1177 593/1170/1183
f 594/1169/1182 1787/1168/1181 593/1170/1183 444/1171/1184
f 347/1164/1177 590/1163/1176 1788/1172/1185 593/1170/1183
f 590/1163/1176 82/1162/1175 595/1173/1186 1788/1172/1185
f 1788/1172/1185 595/1173/1186 204/1174/1187 596/1175/1188
f 593/1170/1183 1788/1172/1185 596/1175/1188 444/1171/1184
f 204/1174/1187 597/1176/1189 1789/1177/1190 596/1175/1188
f 597/1176/1189 83/1178/1191 598/1179/1192 1789/1177/1190
f 1789/1177/1190 598/1179/1192 346/1180/1193 599/1181/1194
f 596/1175/1188 1789/1177/1190 599/1181/1194 444/1171/1184
f 346/1180/1193 600/1182/1195 1790/1183/1196 599/1181/1194
f 600/1182/1195 73/1020/1031 517/1018/1029 1790/1183/1196
f 1790/1183/1196 517/1018/1029 195/1016/1027 594/1169/1182
f 599/1181/1194 1790/1183/1196 594/1169/1182 444/1171/1184
f 196/1032/1043 523/1031/1042 1791/1184/1197 602/1185/1198
f 523/1031/1042 73/1020/1031 600/1182/1195 1791/1184/1197
f 1791/1184/1197 600/1182/1195 346/1180/1193 601/1186/1199
f 602/1185/1198 1791/1184/1197 601/1186/1199 445/1187/1200
f 346/1180/1193 598/1179/1192 1792/1188/1201 601/1186/1199
f 598/1179/1192 83/1178/1191 603/1189/1202 1792/1188/1201
f 1792/1188/1201 603/1189/1202 205/1190/1203 604/1191/1204
f 601/1186/1199 1792/1188/1201 604/1191/1204 445/1187/1200
f 205/1190/1203 605/1192/1205 1793/1193/1206 604/1191/1204
f 605/1192/1205 84/1194/1207 606/1195/1208 1793/1193/1206
f 1793/1193/1206 606/1195/1208 345/1196/1209 607/1197/1210
f 604/1191/1204 1793/1193/1206 607/1197/1210 445/1187/1200
f 345/1196/1209 608/1198/1211 1794/1199/1212 607/1197/1210
f 608/1198/1211 74/1036/1047 525/1034/1045 1794/1199/1212
f 1794/1199/1212 525/1034/1045 196/1032/1043 602/1185/1198
f 607/1197/1210 1794/1199/1212 602/1185/1198 445/1187/1200
f 197/1048/1059 531/1047/1058 1795/1200/1213 610/1201/1214
f 531/1047/1058 74/1036/1047 608/1198/1211 1795/1200/1213
f 1795/1200/1213 608/1198/1211 345/1196/1209 609/1202/1215
f 610/1201/1214 1795/1200/1213 609/1202/1215 446/1203/1216
f 345/1196/1209 606/1195/1208 1796/1204/1217 609/1202/1215
f 606/1195/1208 84/1194/1207 611/1205/1218 1796/1204/1217
f 1796/1204/1217 611/1205/1218 206/1206/1219 612/1207/1220
f 609/1202/1215 1796/1204/1217 612/1207/1220 446/1203/1216
f 206/1206/1219 613/1208/1221 1797/1209/1222 612/1207/1220
f 613/1208/1221 85/1210/1223 614/1211/1224 1797/1209/1222
f 1797/1209/1222 614/1211/1224 344/1212/1225 615/1213/1226
f 612/1207/1220 1797/1209/1222 615/1213/1226 446/1203/1216
f 344/1212/1225 616/1214/1227 1798/1215/1228 615/1213/1226
f 616/1214/1227 75/1052/1063 533/1050/1061 1798/1215/1228
f 1798/1215/1228 533/1050/1061 197/1048/1059 610/1201/1214
f 615/1213/1226 1798/1215/1228 610/1201/1214 446/1203/1216
f 198/1064/1075 539/1063/1074 1799/1216/1229 618/1217/1230
f 539/1063/1074 75/1052/1063 616/1214/1227 1799/1216/1229
f 1799/1216/1229 616/1214/1227 344/1212/1225 617/1218/1231
f 618/1217/1230 1799/1216/1229 617/1218/1231 447/1219/1232
f 344/1212/1225 614/1211/1224 1800/1220/1233 617/1218/1231
f 614/1211/1224 85/1210/1223 619/1221/1234 1800/1220/1233
f 1800/1220/1233 619/1221/1234 207/1222/1235 620/1223/1236
f 617/1218/1231 1800/1220/1233 620/1223/1236 447/1219/1232
f 207/1222/1235 621/1224/1237 1801/1225/1238 620/1223/1236
f 621/1224/1237 86/1226/1239 622/1227/1240 1801/1225/1238
f 1801/1225/1238 622/1227/1240 303/1228/1241 623/1229/1242
f 620/1223/1236 1801/1225/1238 623/1229/1242 447/1219/1232
f 303/1228/1241 624/1230/1243 1802/1231/1244 623/1229/1242
f 624/1230/1243 76/1068/1079 541/1066/1077 1802/1231/1244
f 1802/1231/1244 541/1066/1077 198/1064/1075 618/1217/1230
f 623/1229/1242 1802/1231/1244 618/1217/1230 447/1219/1232
f 199/1080/1091 547/1079/1090 1803/1232/1245 626/1233/1246
f 547/1079/1090 76/1068/1079 624/1230/1243 1803/1232/1245
f 1803/1232/1245 624/1230/1243 303/1228/1241 625/1234/1247
f 626/1233/1246 1803/1232/1245 625/1234/1247 448/1235/1248
f 303/1228/1241 622/1227/1240 1804/1236/1249 625/1234/1247
f 622/1227/1240 86/1226/1239 627/1237/1250 1804/1236/1249
f 1804/1236/1249 627/1237/1250 208/1238/1251 628/1239/1252
f 625/1234/1247 1804/1236/1249 628/1239/1252 448/1235/1248
f 208/1238/1251 629/1240/1253 1805/1241/1254 628/1239/1252
f 629/1240/1253 87/1242/1255 630/1243/1256 1805/1241/1254
f 1805/1241/1254 630/1243/1256 352/1244/1257 631/1245/1258
f 628/1239/1252 1805/1241/1254 631/1245/1258 448/1235/1248
f 352/1244/1257 632/1246/1259 1806/1247/1260 631/1245/1258
f 632/1246/1259 77/1084/1095 549/1082/1093 1806/1247/1260
f 1806/1247/1260 549/1082/1093 199/1080/1091 626/1233/1246
f 631/1245/1258 1806/1247/1260 626/1233/1246 448/1235/1248
f 200/1096/1107 555/1095/1106 1807/1248/1261 634/1249/1262
f 555/1095/1106 77/1084/1095 632/1246/1259 1807/1248/1261
f 1807/1248/1261 632/1246/1259 352/1244/1257 633/1250/1263
f 634/1249/1262 1807/1248/1261 633/1250/1263 449/1251/1264
f 352/1244/1257 630/1243/1256 1808/1252/1265 633/1250/1263
f 630/1243/1256 87/1242/1255 635/1253/1266 1808/1252/1265
f 1808/1252/1265 635/1253/1266 209/1254/1267 636/1255/1268
f 633/1250/1263 1808/1252/1265 636/1255/1268 449/1251/1264
f 209/1254/1267 637/1256/1269 1809/1257/1270 636/1255/1268
f 637/1256/1269 88/1258/1271 638/1259/1272 1809/1257/1270
f 1809/1257/1270 638/1259/1272 351/1260/1273 639/1261/1274
f 636/1255/1268 1809/1257/1270 639/1261/1274 449/1251/1264
f 351/1260/1273 640/1262/1275 1810/1263/1276 639/1261/1274
f 640/1262/1275 78/1100/1111 557/1098/1109 1810/1263/1276
f 1810/1263/1276 557/1098/1109 200/1096/1107 634/1249/1262
f 639/1261/1274 1810/1263/1276 634/1249/1262 449/1251/1264
f 201/1112/1123 563/1111/1122 1811/1264/1277 642/1265/1278
f 563/1111/1122 78/1100/1111 640/1262/1275 1811/1264/1277
f 1811/1264/1277 640/1262/1275 351/1260/1273 641/1266/1279
f 642/1265/1278 1811/1264/1277 641/1266/1279 450/1267/1280
f 351/1260/1273 638/1259/1272 1812/1268/1281 641/1266/1279
f 638/1259/1272 88/1258/1271 643/1269/1282 1812/1268/1281
f 1812/1268/1281 643/1269/1282 210/1270/1283 644/1271/1284
f 641/1266/1279 1812/1268/1281 644/1271/1284 450/1267/1280
f 210/1270/1283 645/1272/1285 1813/1273/1286 644/1271/1284
f 645/1272/1285 89/1274/1287 646/1275/1288 1813/1273/1286
f 1813/1273/1286 646/1275/1288 350/1276/1289 647/1277/1290
f 644/1271/1284 1813/1273/1286 647/1277/1290 450/1267/1280
f 350/1276/1289 648/1278/1291 1814/1279/1292 647/1277/1290
f 648/1278/1291 79/1116/1127 565/1114/1125 1814/1279/1292
f 1814/1279/1292 565/1114/1125 201/1112/1123 642/1265/1278
f 647/1277/1290 1814/1279/1292 642/1265/1278 450/1267/1280
f 202/1128/1139 571/1127/1138 1815/1280/1293 650/1281/1294
f 571/1127/1138 79/1116/1127 648/1278/1291 1815/1280/1293
f 1815/1280/1293 648/1278/1291 350/1276/1289 649/1282/1295
f 650/1281/1294 1815/1280/1293 649/1282/1295 451/1283/1296
f 350/1276/1289 646/1275/1288 1816/1284/1297 649/1282/1295
f 646/1275/1288 89/1274/1287 651/1285/1298 1816/1284/1297
f 1816/1284/1297 651/1285/1298 211/1286/1299 652/1287/1300
f 649/1282/1295 1816/1284/1297 652/1287/1300 451/1283/1296
f 211/1286/1299 653/1288/1301 1817/1289/1302 652/1287/1300
f 653/1288/1301 90/1290/1303 654/1291/1304 1817/1289/1302
f 1817/1289/1302 654/1291/1304 349/1292/1305 655/1293/1306
f 652/1287/1300 1817/1289/1302 655/1293/1306 451/1283/1296
f 349/1292/1305 656/1294/1307 1818/1295/1308 655/1293/1306
f 656/1294/1307 80/1132/1143 573/1130/1141 1818/1295/1308
f 1818/1295/1308 573/1130/1141 202/1128/1139 650/1281/1294
f 655/1293/1306 1818/1295/1308 650/1281/1294 451/1283/1296
f 193/1143/1155 579/1142/1154 1819/1296/1309 658/1217/1310
f 579/1142/1154 80/1132/1143 656/1294/1307 1819/1296/1309
f 1819/1296/1309 656/1294/1307 349/1292/1305 657/1297/1311
f 658/1217/1310 1819/1296/1309 657/1297/1311 452/1298/1312
f 349/1292/1305 654/1291/1304 1820/1299/1313 657/1297/1311
f 654/1291/1304 90/1290/1303 659/1300/1314 1820/1299/1313
f 1820/1299/1313 659/1300/1314 212/1222/1315 660/1223/1316
f 657/1297/1311 1820/1299/1313 660/1223/1316 452/1298/1312
f 212/1222/1315 661/1301/1317 1821/1302/1318 660/1223/1316
f 661/1301/1317 81/1156/1169 586/1154/1167 1821/1302/1318
f 1821/1302/1318 586/1154/1167 348/1151/1164 662/1303/1319
f 660/1223/1316 1821/1302/1318 662/1303/1319 452/1298/1312
f 348/1151/1164 583/1150/1163 1822/1304/1320 662/1303/1319
f 583/1150/1163 71/998/1009 581/1144/1157 1822/1304/1320
f 1822/1304/1320 581/1144/1157 193/1143/1155 658/1217/1310
f 662/1303/1319 1822/1304/1320 658/1217/1310 452/1298/1312
f 214/1305/1321 663/1306/1322 1823/1307/1323 666/1308/1324
f 663/1306/1322 92/1309/1325 664/1310/1326 1823/1307/1323
f 1823/1307/1323 664/1310/1326 305/1311/1327 665/1312/1328
f 666/1308/1324 1823/1307/1323 665/1312/1328 453/1313/1329
f 305/1311/1327 667/1314/1330 1824/1315/1331 665/1312/1328
f 667/1314/1330 82/1162/1175 589/1160/1173 1824/1315/1331
f 1824/1315/1331 589/1160/1173 203/1158/1171 668/1316/1332
f 665/1312/1328 1824/1315/1331 668/1316/1332 453/1313/1329
f 203/1158/1171 587/1157/1170 1825/1317/1333 668/1316/1332
f 587/1157/1170 81/1156/1169 669/1318/1334 1825/1317/1333
f 1825/1317/1333 669/1318/1334 304/1319/1335 670/1320/1336
f 668/1316/1332 1825/1317/1333 670/1320/1336 453/1313/1329
f 304/1319/1335 671/1321/1337 1826/1322/1338 670/1320/1336
f 671/1321/1337 91/1323/1339 672/1324/1340 1826/1322/1338
f 1826/1322/1338 672/1324/1340 214/1305/1321 666/1308/1324
f 670/1320/1336 1826/1322/1338 666/1308/1324 453/1313/1329
f 215/1325/1341 673/1326/1342 1827/1327/1343 676/1328/1344
f 673/1326/1342 93/1329/1345 674/1330/1346 1827/1327/1343
f 1827/1327/1343 674/1330/1346 306/1331/1347 675/1332/1348
f 676/1328/1344 1827/1327/1343 675/1332/1348 454/1333/1349
f 306/1331/1347 677/1334/1350 1828/1335/1351 675/1332/1348
f 677/1334/1350 83/1178/1191 597/1176/1189 1828/1335/1351
f 1828/1335/1351 597/1176/1189 204/1174/1187 678/1336/1352
f 675/1332/1348 1828/1335/1351 678/1336/1352 454/1333/1349
f 204/1174/1187 595/1173/1186 1829/1337/1353 678/1336/1352
f 595/1173/1186 82/1162/1175 667/1314/1330 1829/1337/1353
f 1829/1337/1353 667/1314/1330 305/1311/1327 679/1338/1354
f 678/1336/1352 1829/1337/1353 679/1338/1354 454/1333/1349
f 305/1311/1327 664/1310/1326 1830/1339/1355 679/1338/1354
f 664/1310/1326 92/1309/1325 680/1340/1356 1830/1339/1355
f 1830/1339/1355 680/1340/1356 215/1325/1341 676/1328/1344
f 679/1338/1354 1830/1339/1355 676/1328/1344 454/1333/1349
f 216/1341/1357 681/1342/1358 1831/1343/1359 684/1344/1360
f 681/1342/1358 94/1345/1361 682/1346/1362 1831/1343/1359
f 1831/1343/1359 682/1346/1362 307/1347/1363 683/1348/1364
f 684/1344/1360 1831/1343/1359 683/1348/1364 455/1349/1365
f 307/1347/1363 685/1350/1366 1832/1351/1367 683/1348/1364
f 685/1350/1366 84/1194/1207 605/1192/1205 1832/1351/1367
f 1832/1351/1367 605/1192/1205 205/1190/1203 686/1352/1368
f 683/1348/1364 1832/1351/1367 686/1352/1368 455/1349/1365
f 205/1190/1203 603/1189/1202 1833/1353/1369 686/1352/1368
f 603/1189/1202 83/1178/1191 677/1334/1350 1833/1353/1369
f 1833/1353/1369 677/1334/1350 306/1331/1347 687/1354/1370
f 686/1352/1368 1833/1353/1369 687/1354/1370 455/1349/1365
f 306/1331/1347 674/1330/1346 1834/1355/1371 687/1354/1370
f 674/1330/1346 93/1329/1345 688/1356/1372 1834/1355/1371
f 1834/1355/1371 688/1356/1372 216/1341/1357 684/1344/1360
f 687/1354/1370 1834/1355/1371 684/1344/1360 455/1349/1365
f 217/1357/1373 689/1358/1374 1835/1359/1375 692/1360/1376
f 689/1358/1374 95/1361/1377 690/1362/1378 1835/1359/1375
f 1835/1359/1375 690/1362/1378 308/1363/1379 691/1364/1380
f 692/1360/1376 1835/1359/1375 691/1364/1380 456/1365/1381
f 308/1363/1379 693/1366/1382 1836/1367/1383 691/1364/1380
f 693/1366/1382 85/1210/1223 613/1208/1221 1836/1367/1383
f 1836/1367/1383 613/1208/1221 206/1206/1219 694/1368/1384
f 691/1364/1380 1836/1367/1383 694/1368/1384 456/1365/1381
f 206/1206/1219 611/1205/1218 1837/1369/1385 694/1368/1384
f 611/1205/1218 84/1194/1207 685/1350/1366 1837/1369/1385
f 1837/1369/1385 685/1350/1366 307/1347/1363 695/1370/1386
f 694/1368/1384 1837/1369/1385 695/1370/1386 456/1365/1381
f 307/1347/1363 682/1346/1362 1838/1371/1387 695/1370/1386
f 682/1346/1362 94/1345/1361 696/1372/1388 1838/1371/1387
f 1838/1371/1387 696/1372/1388 217/1357/1373 692/1360/1376
f 695/1370/1386 1838/1371/1387 692/1360/1376 456/1365/1381
f 218/1373/1389 697/1374/1390 1839/1375/1391 700/1376/1392
f 697/1374/1390 96/1377/1393 698/1378/1394 1839/1375/1391
f 1839/1375/1391 698/1378/1394 309/1379/1395 699/1380/1396
f 700/1376/1392 1839/1375/1391 699/1380/1396 457/1381/1397
f 309/1379/1395 701/1382/1398 1840/1383/1399 699/1380/1396
f 701/1382/1398 86/1226/1239 621/1224/1237 1840/1383/1399
f 1840/1383/1399 621/1224/1237 207/1222/1235 702/1384/1400
f 699/1380/1396 1840/1383/1399 702/1384/1400 457/1381/1397
f 207/1222/1235 619/1221/1234 1841/1385/1401 702/1384/1400
f 619/1221/1234 85/1210/1223 693/1366/1382 1841/1385/1401
f 1841/1385/1401 693/1366/1382 308/1363/1379 703/1386/1402
f 702/1384/1400 1841/1385/1401 703/1386/1402 457/1381/1397
f 308/1363/1379 690/1362/1378 1842/1387/1403 703/1386/1402
f 690/1362/1378 95/1361/1377 704/1388/1404 1842/1387/1403
f 1842/1387/1403 704/1388/1404 218/1373/1389 700/1376/1392
f 703/1386/1402 1842/1387/1403 700/1376/1392 457/1381/1397
f 219/1389/1405 705/1390/1406 1843/1391/1407 708/1392/1408
f 705/1390/1406 97/1393/1409 706/1394/1410 1843/1391/1407
f 1843/1391/1407 706/1394/1410 310/1395/1411 707/1396/1412
f 708/1392/1408 1843/1391/1407 707/1396/1412 458/1397/1413
f 310/1395/1411 709/1398/1414 1844/1399/1415 707/1396/1412
f 709/1398/1414 87/1242/1255 629/1240/1253 1844/1399/1415
f 1844/1399/1415 629/1240/1253 208/1238/1251 710/1400/1416
f 707/1396/1412 1844/1399/1415 710/1400/1416 458/1397/1413
f 208/1238/1251 627/1237/1250 1845/1401/1417 710/1400/1416
f 627/1237/1250 86/1226/1239 701/1382/1398 1845/1401/1417
f 1845/1401/1417 701/1382/1398 309/1379/1395 711/1402/1418
f 710/1400/1416 1845/1401/1417 711/1402/1418 458/1397/1413
f 309/1379/1395 698/1378/1394 1846/1403/1419 711/1402/1418
f 698/1378/1394 96/1377/1393 712/1404/1420 1846/1403/1419
f 1846/1403/1419 712/1404/1420 219/1389/1405 708/1392/1408
f 711/1402/1418 1846/1403/1419 708/1392/1408 458/1397/1413
f 220/1405/1421 713/1406/1422 1847/1407/1423 716/1408/1424
f 713/1406/1422 98/1409/1425 714/1410/1426 1847/1407/1423
f 1847/1407/1423 714/1410/1426 311/1411/1427 715/1412/1428
f 716/1408/1424 1847/1407/1423 715/1412/1428 459/1413/1429
f 311/1411/1427 717/1414/1430 1848/1415/1431 715/1412/1428
f 717/1414/1430 88/1258/1271 637/1256/1269 1848/1415/1431
f 1848/1415/1431 637/1256/1269 209/1254/1267 718/1416/1432
f 715/1412/1428 1848/1415/1431 718/1416/1432 459/1413/1429
f 209/1254/1267 635/1253/1266 1849/1417/1433 718/1416/1432
f 635/1253/1266 87/1242/1255 709/1398/1414 1849/1417/1433
f 1849/1417/1433 709/1398/1414 310/1395/1411 719/1418/1434
f 718/1416/1432 1849/1417/1433 719/1418/1434 459/1413/1429
f 310/1395/1411 706/1394/1410 1850/1419/1435 719/1418/1434
f 706/1394/1410 97/1393/1409 720/1420/1436 1850/1419/1435
f 1850/1419/1435 720/1420/1436 220/1405/1421 716/1408/1424
f 719/1418/1434 1850/1419/1435 716/1408/1424 459/1413/1429
f 221/1421/1437 721/1422/1438 1851/1423/1439 724/1424/1440
f 721/1422/1438 99/1425/1441 722/1426/1442 1851/1423/1439
f 1851/1423/1439 722/1426/1442 312/1427/1443 723/1428/1444
f 724/1424/1440 1851/1423/1439 723/1428/1444 460/1429/1445
f 312/1427/1443 725/1430/1446 1852/1431/1447 723/1428/1444
f 725/1430/1446 89/1274/1287 645/1272/1285 1852/1431/1447
f 1852/1431/1447 645/1272/1285 210/1270/1283 726/1432/1448
f 723/1428/1444 1852/1431/1447 726/1432/1448 460/1429/1445
f 210/1270/1283 643/1269/1282 1853/1433/1449 726/1432/1448
f 643/1269/1282 88/1258/1271 717/1414/1430 1853/1433/1449
f 1853/1433/1449 717/1414/1430 311/1411/1427 727/1434/1450
f 726/1432/1448 1853/1433/1449 727/1434/1450 460/1429/1445
f 311/1411/1427 714/1410/1426 1854/1435/1451 727/1434/1450
f 714/1410/1426 98/1409/1425 728/1436/1452 1854/1435/1451
f 1854/1435/1451 728/1436/1452 221/1421/1437 724/1424/1440
f 727/1434/1450 1854/1435/1451 724/1424/1440 460/1429/1445
f 222/1437/1453 729/1438/1454 1855/1439/1455 732/1440/1456
f 729/1438/1454 100/1441/1457 730/1442/1458 1855/1439/1455
f 1855/1439/1455 730/1442/1458 313/1443/1459 731/1444/1460
f 732/1440/1456 1855/1439/1455 731/1444/1460 461/1445/1461
f 313/1443/1459 733/1446/1462 1856/1447/1463 731/1444/1460
f 733/1446/1462 90/1290/1303 653/1288/1301 1856/1447/1463
f 1856/1447/1463 653/1288/1301 211/1286/1299 734/1448/1464
f 731/1444/1460 1856/1447/1463 734/1448/1464 461/1445/1461
f 211/1286/1299 651/1285/1298 1857/1449/1465 734/1448/1464
f 651/1285/1298 89/1274/1287 725/1430/1446 1857/1449/1465
f 1857/1449/1465 725/1430/1446 312/1427/1443 735/1450/1466
f 734/1448/1464 1857/1449/1465 735/1450/1466 461/1445/1461
f 312/1427/1443 722/1426/1442 1858/1451/1467 735/1450/1466
f 722/1426/1442 99/1425/1441 736/1452/1468 1858/1451/1467
f 1858/1451/1467 736/1452/1468 222/1437/1453 732/1440/1456
f 735/1450/1466 1858/1451/1467 732/1440/1456 461/1445/1461
f 213/1373/1469 737/1453/1470 1859/1454/1471 739/1376/1472
f 737/1453/1470 91/1323/1339 671/1321/1337 1859/1454/1471
f 1859/1454/1471 671/1321/1337 304/1319/1335 738/1455/1473
f 739/1376/1472 1859/1454/1471 738/1455/1473 462/1456/1474
f 304/1319/1335 669/1318/1334 1860/1457/1475 738/1455/1473
f 669/1318/1334 81/1156/1169 661/1301/1317 1860/1457/1475
f 1860/1457/1475 661/1301/1317 212/1222/1315 740/1458/1476
f 738/1455/1473 1860/1457/1475 740/1458/1476 462/1456/1474
f 212/1222/1315 659/1300/1314 1861/1459/1477 740/1458/1476
f 659/1300/1314 90/1290/1303 733/1446/1462 1861/1459/1477
f 1861/1459/1477 733/1446/1462 313/1443/1459 741/1460/1478
f 740/1458/1476 1861/1459/1477 741/1460/1478 462/1456/1474
f 313/1443/1459 730/1442/1458 1862/1461/1479 741/1460/1478
f 730/1442/1458 100/1441/1457 742/1462/1480 1862/1461/1479
f 1862/1461/1479 742/1462/1480 213/1373/1469 739/1376/1472
f 741/1460/1478 1862/1461/1479 739/1376/1472 462/1456/1474
f 357/1463/1481 743/1464/1482 1863/1465/1483 746/1466/1484
f 743/1464/1482 114/1467/1485 744/1468/1486 1863/1465/1483
f 1863/1465/1483 744/1468/1486 315/1469/1487 745/1470/1488
f 746/1466/1484 1863/1465/1483 745/1470/1488 463/1471/1489
f 315/1469/1487 747/1472/1490 1864/1473/1491 745/1470/1488
f 747/1472/1490 92/1309/1325 663/1306/1322 1864/1473/1491
f 1864/1473/1491 663/1306/1322 214/1305/1321 748/1474/1492
f 745/1470/1488 1864/1473/1491 748/1474/1492 463/1471/1489
f 214/1305/1321 672/1324/1340 1865/1475/1493 748/1474/1492
f 672/1324/1340 91/1323/1339 749/1476/1494 1865/1475/1493
f 1865/1475/1493 749/1476/1494 314/1477/1495 750/1478/1496
f 748/1474/1492 1865/1475/1493 750/1478/1496 463/1471/1489
f 314/1477/1495 751/1479/1497 1866/1480/1498 750/1478/1496
f 751/1479/1497 115/1481/1499 752/1482/1500 1866/1480/1498
f 1866/1480/1498 752/1482/1500 357/1463/1481 746/1466/1484
f 750/1478/1496 1866/1480/1498 746/1466/1484 463/1471/1489
f 355/1483/1501 753/1484/1502 1867/1485/1503 756/1486/1504
f 753/1484/1502 113/1487/1505 754/1488/1506 1867/1485/1503
f 1867/1485/1503 754/1488/1506 316/1489/1507 755/1490/1508
f 756/1486/1504 1867/1485/1503 755/1490/1508 464/1491/1509
f 316/1489/1507 757/1492/1510 1868/1493/1511 755/1490/1508
f 757/1492/1510 93/1329/1345 673/1326/1342 1868/1493/1511
f 1868/1493/1511 673/1326/1342 215/1325/1341 758/1494/1512
f 755/1490/1508 1868/1493/1511 758/1494/1512 464/1491/1509
f 215/1325/1341 680/1340/1356 1869/1495/1513 758/1494/1512
f 680/1340/1356 92/1309/1325 747/1472/1490 1869/1495/1513
f 1869/1495/1513 747/1472/1490 315/1469/1487 759/1496/1514
f 758/1494/1512 1869/1495/1513 759/1496/1514 464/1491/1509
f 315/1469/1487 744/1468/1486 1870/1497/1515 759/1496/1514
f 744/1468/1486 114/1467/1485 760/1498/1516 1870/1497/1515
f 1870/1497/1515 760/1498/1516 355/1483/1501 756/1486/1504
f 759/1496/1514 1870/1497/1515 756/1486/1504 464/1491/1509
f 317/1499/1517 761/1500/1518 1871/1501/1519 763/1502/1520
f 761/1500/1518 94/1345/1361 681/1342/1358 1871/1501/1519
f 1871/1501/1519 681/1342/1358 216/1341/1357 762/1503/1521
f 763/1502/1520 1871/1501/1519 762/1503/1521 465/1504/1522
f 216/1341/1357 688/1356/1372 1872/1505/1523 762/1503/1521
f 688/1356/1372 93/1329/1345 757/1492/1510 1872/1505/1523
f 1872/1505/1523 757/1492/1510 316/1489/1507 764/1506/1524
f 762/1503/1521 1872/1505/1523 764/1506/1524 465/1504/1522
f 316/1489/1507 754/1488/1506 1873/1507/1525 764/1506/1524
f 754/1488/1506 113/1487/1505 765/1508/1526 1873/1507/1525
f 1873/1507/1525 765/1508/1526 372/1509/1527 766/1510/1528
f 764/1506/1524 1873/1507/1525 766/1510/1528 465/1504/1522
f 372/1509/1527 767/1511/1529 1874/1512/1530 766/1510/1528
f 767/1511/1529 122/1513/1531 768/1514/1532 1874/1512/1530
f 1874/1512/1530 768/1514/1532 317/1499/1517 763/1502/1520
f 766/1510/1528 1874/1512/1530 763/1502/1520 465/1504/1522
f 371/1515/1533 769/1516/1534 1875/1517/1535 772/1518/1536
f 769/1516/1534 121/1519/1537 770/1520/1538 1875/1517/1535
f 1875/1517/1535 770/1520/1538 318/1521/1539 771/1522/1540
f 772/1518/1536 1875/1517/1535 771/1522/1540 466/1523/1541
f 318/1521/1539 773/1524/1542 1876/1525/1543 771/1522/1540
f 773/1524/1542 95/1361/1377 689/1358/1374 1876/1525/1543
f 1876/1525/1543 689/1358/1374 217/1357/1373 774/1526/1544
f 771/1522/1540 1876/1525/1543 774/1526/1544 466/1523/1541
f 217/1357/1373 696/1372/1388 1877/1527/1545 774/1526/1544
f 696/1372/1388 94/1345/1361 761/1500/1518 1877/1527/1545
f 1877/1527/1545 761/1500/1518 317/1499/1517 775/1528/1546
f 774/1526/1544 1877/1527/1545 775/1528/1546 466/1523/1541
f 317/1499/1517 768/1514/1532 1878/1529/1547 775/1528/1546
f 768/1514/1532 122/1513/1531 776/1530/1548 1878/1529/1547
f 1878/1529/1547 776/1530/1548 371/1515/1533 772/1518/1536
f 775/1528/1546 1878/1529/1547 772/1518/1536 466/1523/1541
f 369/1531/1549 777/1532/1550 1879/1533/1551 780/1534/1552
f 777/1532/1550 120/1535/1553 778/1536/1554 1879/1533/1551
f 1879/1533/1551 778/1536/1554 319/1537/1555 779/1538/1556
f 780/1534/1552 1879/1533/1551 779/1538/1556 467/1539/1557
f 319/1537/1555 781/1540/1558 1880/1541/1559 779/1538/1556
f 781/1540/1558 96/1377/1393 697/1374/1390 1880/1541/1559
f 1880/1541/1559 697/1374/1390 218/1373/1389 782/1542/1560
f 779/1538/1556 1880/1541/1559 782/1542/1560 467/1539/1557
f 218/1373/1389 704/1388/1404 1881/1543/1561 782/1542/1560
f 704/1388/1404 95/1361/1377 773/1524/1542 1881/1543/1561
f 1881/1543/1561 773/1524/1542 318/1521/1539 783/1544/1562
f 782/1542/1560 1881/1543/1561 783/1544/1562 467/1539/1557
f 318/1521/1539 770/1520/1538 1882/1545/1563 783/1544/1562
f 770/1520/1538 121/1519/1537 784/1546/1564 1882/1545/1563
f 1882/1545/1563 784/1546/1564 369/1531/1549 780/1534/1552
f 783/1544/1562 1882/1545/1563 780/1534/1552 467/1539/1557
f 367/1547/1565 785/1548/1566 1883/1549/1567 788/1550/1568
f 785/1548/1566 119/1551/1569 786/1552/1570 1883/1549/1567
f 1883/1549/1567 786/1552/1570 320/1553/1571 787/1554/1572
f 788/1550/1568 1883/1549/1567 787/1554/1572 468/1555/1573
f 320/1553/1571 789/1556/1574 1884/1557/1575 787/1554/1572
f 789/1556/1574 97/1393/1409 705/1390/1406 1884/1557/1575
f 1884/1557/1575 705/1390/1406 219/1389/1405 790/1558/1576
f 787/1554/1572 1884/1557/1575 790/1558/1576 468/1555/1573
f 219/1389/1405 712/1404/1420 1885/1559/1577 790/1558/1576
f 712/1404/1420 96/1377/1393 781/1540/1558 1885/1559/1577
f 1885/1559/1577 781/1540/1558 319/1537/1555 791/1560/1578
f 790/1558/1576 1885/1559/1577 791/1560/1578 468/1555/1573
f 319/1537/1555 778/1536/1554 1886/1561/1579 791/1560/1578
f 778/1536/1554 120/1535/1553 792/1562/1580 1886/1561/1579
f 1886/1561/1579 792/1562/1580 367/1547/1565 788/1550/1568
f 791/1560/1578 1886/1561/1579 788/1550/1568 468/1555/1573
f 365/1563/1581 793/1564/1582 1887/1565/1583 796/1566/1584
f 793/1564/1582 118/1567/1585 794/1568/1586 1887/1565/1583
f 1887/1565/1583 794/1568/1586 321/1569/1587 795/1570/1588
f 796/1566/1584 1887/1565/1583 795/1570/1588 469/1571/1589
f 321/1569/1587 797/1572/1590 1888/1573/1591 795/1570/1588
f 797/1572/1590 98/1409/1425 713/1406/1422 1888/1573/1591
f 1888/1573/1591 713/1406/1422 220/1405/1421 798/1574/1592
f 795/1570/1588 1888/1573/1591 798/1574/1592 469/1571/1589
f 220/1405/1421 720/1420/1436 1889/1575/1593 798/1574/1592
f 720/1420/1436 97/1393/1409 789/1556/1574 1889/1575/1593
f 1889/1575/1593 789/1556/1574 320/1553/1571 799/1576/1594
f 798/1574/1592 1889/1575/1593 799/1576/1594 469/1571/1589
f 320/1553/1571 786/1552/1570 1890/1577/1595 799/1576/1594
f 786/1552/1570 119/1551/1569 800/1578/1596 1890/1577/1595
f 1890/1577/1595 800/1578/1596 365/1563/1581 796/1566/1584
f 799/1576/1594 1890/1577/1595 796/1566/1584 469/1571/1589
f 363/1579/1597 801/1580/1598 1891/1581/1599 804/1582/1600
f 801/1580/1598 117/1583/1601 802/1584/1602 1891/1581/1599
f 1891/1581/1599 802/1584/1602 322/1585/1603 803/1586/1604
f 804/1582/1600 1891/1581/1599 803/1586/1604 470/1587/1605
f 322/1585/1603 805/1588/1606 1892/1589/1607 803/1586/1604
f 805/1588/1606 99/1425/1441 721/1422/1438 1892/1589/1607
f 1892/1589/1607 721/1422/1438 221/1421/1437 806/1590/1608
f 803/1586/1604 1892/1589/1607 806/1590/1608 470/1587/1605
f 221/1421/1437 728/1436/1452 1893/1591/1609 806/1590/1608
f 728/1436/1452 98/1409/1425 797/1572/1590 1893/1591/1609
f 1893/1591/1609 797/1572/1590 321/1569/1587 807/1592/1610
f 806/1590/1608 1893/1591/1609 807/1592/1610 470/1587/1605
f 321/1569/1587 794/1568/1586 1894/1593/1611 807/1592/1610
f 794/1568/1586 118/1567/1585 808/1594/1612 1894/1593/1611
f 1894/1593/1611 808/1594/1612 363/1579/1597 804/1582/1600
f 807/1592/1610 1894/1593/1611 804/1582/1600 470/1587/1605
f 323/1595/1613 809/1596/1614 1895/1597/1615 811/1598/1616
f 809/1596/1614 100/1441/1457 729/1438/1454 1895/1597/1615
f 1895/1597/1615 729/1438/1454 222/1437/1453 810/1599/1617
f 811/1598/1616 1895/1597/1615 810/1599/1617 471/1600/1618
f 222/1437/1453 736/1452/1468 1896/1601/1619 810/1599/1617
f 736/1452/1468 99/1425/1441 805/1588/1606 1896/1601/1619
f 1896/1601/1619 805/1588/1606 322/1585/1603 812/1602/1620
f 810/1599/1617 1896/1601/1619 812/1602/1620 471/1600/1618
f 322/1585/1603 802/1584/1602 1897/1603/1621 812/1602/1620
f 802/1584/1602 117/1583/1601 813/1604/1622 1897/1603/1621
f 1897/1603/1621 813/1604/1622 361/1605/1623 814/1606/1624
f 812/1602/1620 1897/1603/1621 814/1606/1624 471/1600/1618
f 361/1605/1623 815/1607/1625 1898/1608/1626 814/1606/1624
f 815/1607/1625 116/1609/1627 816/1610/1628 1898/1608/1626
f 1898/1608/1626 816/1610/1628 323/1595/1613 811/1598/1616
f 814/1606/1624 1898/1608/1626 811/1598/1616 471/1600/1618
f 359/1531/1629 817/1611/1630 1899/1612/1631 819/1534/1632
f 817/1611/1630 115/1481/1499 751/1479/1497 1899/1612/1631
f 1899/1612/1631 751/1479/1497 314/1477/1495 818/1613/1633
f 819/1534/1632 1899/1612/1631 818/1613/1633 472/1614/1634
f 314/1477/1495 749/1476/1494 1900/1615/1635 818/1613/1633
f 749/1476/1494 91/1323/1339 737/1453/1470 1900/1615/1635
f 1900/1615/1635 737/1453/1470 213/1373/1469 820/1616/1636
f 818/1613/1633 1900/1615/1635 820/1616/1636 472/1614/1634
f 213/1373/1469 742/1462/1480 1901/1617/1637 820/1616/1636
f 742/1462/1480 100/1441/1457 809/1596/1614 1901/1617/1637
f 1901/1617/1637 809/1596/1614 323/1595/1613 821/1618/1638
f 820/1616/1636 1901/1617/1637 821/1618/1638 472/1614/1634
f 323/1595/1613 816/1610/1628 1902/1619/1639 821/1618/1638
f 816/1610/1628 116/1609/1627 822/1620/1640 1902/1619/1639
f 1902/1619/1639 822/1620/1640 359/1531/1629 819/1534/1632
f 821/1618/1638 1902/1619/1639 819/1534/1632 472/1614/1634
f 325/1621/1641 823/1622/1642 1903/1623/1643 826/1624/1644
f 823/1622/1642 111/1625/1645 824/1626/1646 1903/1623/1643
f 1903/1623/1643 824/1626/1646 324/1627/1647 825/1628/1648
f 826/1624/1644 1903/1623/1643 825/1628/1648 473/1629/1649
f 324/1627/1647 827/1630/1650 1904/1631/1651 825/1628/1648
f 827/1630/1650 1/5/5 1003/2/2 1904/1631/1651
f 1904/1631/1651 1003/2/2 123/1/1 828/1632/1652
f 825/1628/1648 1904/1631/1651 828/1632/1652 473/1629/1649
f 123/1/1 1014/25/25 1905/1633/1653 828/1632/1652
f 1014/25/25 2/24/24 829/1634/1654 1905/1633/1653
f 1905/1633/1653 829/1634/1654 325/1621/1641 826/1624/1644
f 828/1632/1652 1905/1633/1653 826/1624/1644 473/1629/1649
f 326/1635/1655 830/1636/1656 1906/1637/1657 832/1638/1658
f 830/1636/1656 111/1639/1645 823/1640/1642 1906/1637/1657
f 1906/1637/1657 823/1640/1642 325/1641/1641 831/1642/1659
f 832/1638/1658 1906/1637/1657 831/1642/1659 474/1643/1660
f 325/1641/1641 829/1644/1654 1907/1645/1661 831/1642/1659
f 829/1644/1654 2/24/24 1015/27/27 1907/1645/1661
f 1907/1645/1661 1015/27/27 124/26/26 833/1646/1662
f 831/1642/1659 1907/1645/1661 833/1646/1662 474/1643/1660
f 124/26/26 1024/45/45 1908/1647/1663 833/1646/1662
f 1024/45/45 3/44/44 834/1648/1664 1908/1647/1663
f 1908/1647/1663 834/1648/1664 326/1635/1655 832/1638/1658
f 833/1646/1662 1908/1647/1663 832/1638/1658 474/1643/1660
f 327/1649/1665 835/1650/1666 1909/1651/1667 837/1652/1668
f 835/1650/1666 111/1653/1645 830/1654/1656 1909/1651/1667
f 1909/1651/1667 830/1654/1656 326/1655/1655 836/1656/1669
f 837/1652/1668 1909/1651/1667 836/1656/1669 475/1657/1670
f 326/1655/1655 834/1658/1664 1910/1659/1671 836/1656/1669
f 834/1658/1664 3/44/44 1025/47/47 1910/1659/1671
f 1910/1659/1671 1025/47/47 125/46/46 838/1660/1672
f 836/1656/1669 1910/1659/1671 838/1660/1672 475/1657/1670
f 125/46/46 1034/65/65 1911/1661/1673 838/1660/1672
f 1034/65/65 4/64/64 839/1662/1674 1911/1661/1673
f 1911/1661/1673 839/1662/1674 327/1649/1665 837/1652/1668
f 838/1660/1672 1911/1661/1673 837/1652/1668 475/1657/1670
f 328/1663/1675 840/1664/1676 1912/1665/1677 842/1666/1678
f 840/1664/1676 111/1667/1645 835/1668/1666 1912/1665/1677
f 1912/1665/1677 835/1668/1666 327/1669/1665 841/1670/1679
f 842/1666/1678 1912/1665/1677 841/1670/1679 476/1671/1680
f 327/1669/1665 839/1672/1674 1913/1673/1681 841/1670/1679
f 839/1672/1674 4/64/64 1035/67/67 1913/1673/1681
f 1913/1673/1681 1035/67/67 126/66/66 843/1674/1682
f 841/1670/1679 1913/1673/1681 843/1674/1682 476/1671/1680
f 126/66/66 1044/85/85 1914/1675/1683 843/1674/1682
f 1044/85/85 5/84/84 844/1676/1684 1914/1675/1683
f 1914/1675/1683 844/1676/1684 328/1663/1675 842/1666/1678
f 843/1674/1682 1914/1675/1683 842/1666/1678 476/1671/1680
f 329/1677/1685 845/1678/1686 1915/1679/1687 847/1680/1688
f 845/1678/1686 111/1681/1645 840/1682/1676 1915/1679/1687
f 1915/1679/1687 840/1682/1676 328/1683/1675 846/1684/1689
f 847/1680/1688 1915/1679/1687 846/1684/1689 477/1685/1690
f 328/1683/1675 844/1686/1684 1916/1687/1691 846/1684/1689
f 844/1686/1684 5/84/84 1045/87/87 1916/1687/1691
f 1916/1687/1691 1045/87/87 127/86/86 848/1688/1692
f 846/1684/1689 1916/1687/1691 848/1688/1692 477/1685/1690
f 127/86/86 1054/105/105 1917/1689/1693 848/1688/1692
f 1054/105/105 6/104/104 849/1690/1694 1917/1689/1693
f 1917/1689/1693 849/1690/1694 329/1677/1685 847/1680/1688
f 848/1688/1692 1917/1689/1693 847/1680/1688 477/1685/1690
f 330/1691/1695 850/1692/1696 1918/1693/1697 852/1694/1698
f 850/1692/1696 111/1695/1645 845/1696/1686 1918/1693/1697
f 1918/1693/1697 845/1696/1686 329/1697/1685 851/1698/1699
f 852/1694/1698 1918/1693/1697 851/1698/1699 478/1699/1700
f 329/1697/1685 849/1700/1694 1919/1701/1701 851/1698/1699
f 849/1700/1694 6/104/104 1055/107/107 1919/1701/1701
f 1919/1701/1701 1055/107/107 128/106/106 853/1702/1702
f 851/1698/1699 1919/1701/1701 853/1702/1702 478/1699/1700
f 128/106/106 1064/125/125 1920/1703/1703 853/1702/1702
f 1064/125/125 7/124/124 854/1704/1704 1920/1703/1703
f 1920/1703/1703 854/1704/1704 330/1691/1695 852/1694/1698
f 853/1702/1702 1920/1703/1703 852/1694/1698 478/1699/1700
f 331/1705/1705 855/1706/1706 1921/1707/1707 857/1708/1708
f 855/1706/1706 111/1709/1645 850/1710/1696 1921/1707/1707
f 1921/1707/1707 850/1710/1696 330/1711/1695 856/1712/1709
f 857/1708/1708 1921/1707/1707 856/1712/1709 479/1713/1710
f 330/1711/1695 854/1714/1704 1922/1715/1711 856/1712/1709
f 854/1714/1704 7/124/124 1065/127/127 1922/1715/1711
f 1922/1715/1711 1065/127/127 129/126/126 858/1716/1712
f 856/1712/1709 1922/1715/1711 858/1716/1712 479/1713/1710
f 129/126/126 1074/145/145 1923/1717/1713 858/1716/1712
f 1074/145/145 8/144/144 859/1718/1714 1923/1717/1713
f 1923/1717/1713 859/1718/1714 331/1705/1705 857/1708/1708
f 858/1716/1712 1923/1717/1713 857/1708/1708 479/1713/1710
f 332/1719/1715 860/1720/1716 1924/1721/1717 862/1722/1718
f 860/1720/1716 111/1723/1645 855/1724/1706 1924/1721/1717
f 1924/1721/1717 855/1724/1706 331/1725/1705 861/1726/1719
f 862/1722/1718 1924/1721/1717 861/1726/1719 480/1727/1720
f 331/1725/1705 859/1728/1714 1925/1729/1721 861/1726/1719
f 859/1728/1714 8/144/144 1075/147/147 1925/1729/1721
f 1925/1729/1721 1075/147/147 130/146/146 863/1730/1722
f 861/1726/1719 1925/1729/1721 863/1730/1722 480/1727/1720
f 130/146/146 1084/165/165 1926/1731/1723 863/1730/1722
f 1084/165/165 9/164/164 864/1732/1724 1926/1731/1723
f 1926/1731/1723 864/1732/1724 332/1719/1715 862/1722/1718
f 863/1730/1722 1926/1731/1723 862/1722/1718 480/1727/1720
f 333/1733/1725 865/1734/1726 1927/1735/1727 867/1736/1728
f 865/1734/1726 111/1737/1645 860/1738/1716 1927/1735/1727
f 1927/1735/1727 860/1738/1716 332/1739/1715 866/1740/1729
f 867/1736/1728 1927/1735/1727 866/1740/1729 481/1741/1730
f 332/1739/1715 864/1742/1724 1928/1743/1731 866/1740/1729
f 864/1742/1724 9/164/164 1085/167/167 1928/1743/1731
f 1928/1743/1731 1085/167/167 131/166/166 868/1744/1732
f 866/1740/1729 1928/1743/1731 868/1744/1732 481/1741/1730
f 131/166/166 1094/185/185 1929/1745/1733 868/1744/1732
f 1094/185/185 10/184/184 869/1746/1734 1929/1745/1733
f 1929/1745/1733 869/1746/1734 333/1733/1725 867/1736/1728
f 868/1744/1732 1929/1745/1733 867/1736/1728 481/1741/1730
f 324/1747/1647 824/1748/1646 1930/1749/1735 871/1750/1736
f 824/1748/1646 111/1751/1645 865/1752/1726 1930/1749/1735
f 1930/1749/1735 865/1752/1726 333/1753/1725 870/1754/1737
f 871/1750/1736 1930/1749/1735 870/1754/1737 482/1755/1738
f 333/1753/1725 869/1756/1734 1931/1757/1739 870/1754/1737
f 869/1756/1734 10/184/184 1095/187/187 1931/1757/1739
f 1931/1757/1739 1095/187/187 132/186/186 872/1758/1740
f 870/1754/1737 1931/1757/1739 872/1758/1740 482/1755/1738
f 132/186/186 1102/199/200 1932/1759/1741 872/1758/1740
f 1102/199/200 1/5/5 827/1760/1650 1932/1759/1741
f 1932/1759/1741 827/1760/1650 324/1747/1647 871/1750/1736
f 872/1758/1740 1932/1759/1741 871/1750/1736 482/1755/1738
f 335/1761/1742 873/1762/1743 1933/1763/1744 876/1764/1745
f 873/1762/1743 102/1765/1746 874/1766/1747 1933/1763/1744
f 1933/1763/1744 874/1766/1747 224/1767/1748 875/1768/1749
f 876/1764/1745 1933/1763/1744 875/1768/1749 483/1769/1750
f 224/1767/1748 877/1770/1751 1934/1771/1752 875/1768/1749
f 877/1770/1751 101/1772/1753 878/1773/1754 1934/1771/1752
f 1934/1771/1752 878/1773/1754 334/1774/1755 879/1775/1756
f 875/1768/1749 1934/1771/1752 879/1775/1756 483/1769/1750
f 334/1774/1755 880/1776/1757 1935/1777/1758 879/1775/1756
f 880/1776/1757 112/1778/1759 881/1779/1760 1935/1777/1758
f 1935/1777/1758 881/1779/1760 335/1761/1742 876/1764/1745
f 879/1775/1756 1935/1777/1758 876/1764/1745 483/1769/1750
f 336/1780/1761 882/1781/1762 1936/1782/1763 885/1783/1764
f 882/1781/1762 103/1784/1765 883/1785/1766 1936/1782/1763
f 1936/1782/1763 883/1785/1766 225/1786/1767 884/1787/1768
f 885/1783/1764 1936/1782/1763 884/1787/1768 484/1788/1769
f 225/1786/1767 886/1789/1770 1937/1790/1771 884/1787/1768
f 886/1789/1770 102/1765/1746 873/1791/1743 1937/1790/1771
f 1937/1790/1771 873/1791/1743 335/1792/1742 887/1793/1772
f 884/1787/1768 1937/1790/1771 887/1793/1772 484/1788/1769
f 335/1792/1742 881/1794/1760 1938/1795/1773 887/1793/1772
f 881/1794/1760 112/1796/1759 888/1797/1774 1938/1795/1773
f 1938/1795/1773 888/1797/1774 336/1780/1761 885/1783/1764
f 887/1793/1772 1938/1795/1773 885/1783/1764 484/1788/1769
f 337/1798/1775 889/1799/1776 1939/1800/1777 892/1801/1778
f 889/1799/1776 104/1802/1779 890/1803/1780 1939/1800/1777
f 1939/1800/1777 890/1803/1780 226/1804/1781 891/1805/1782
f 892/1801/1778 1939/1800/1777 891/1805/1782 485/1806/1783
f 226/1804/1781 893/1807/1784 1940/1808/1785 891/1805/1782
f 893/1807/1784 103/1784/1765 882/1809/1762 1940/1808/1785
f 1940/1808/1785 882/1809/1762 336/1810/1761 894/1811/1786
f 891/1805/1782 1940/1808/1785 894/1811/1786 485/1806/1783
f 336/1810/1761 888/1812/1774 1941/1813/1787 894/1811/1786
f 888/1812/1774 112/1814/1759 895/1815/1788 1941/1813/1787
f 1941/1813/1787 895/1815/1788 337/1798/1775 892/1801/1778
f 894/1811/1786 1941/1813/1787 892/1801/1778 485/1806/1783
f 338/1816/1789 896/1817/1790 1942/1818/1791 899/1819/1792
f 896/1817/1790 105/1820/1793 897/1821/1794 1942/1818/1791
f 1942/1818/1791 897/1821/1794 227/1822/1795 898/1823/1796
f 899/1819/1792 1942/1818/1791 898/1823/1796 486/1824/1797
f 227/1822/1795 900/1825/1798 1943/1826/1799 898/1823/1796
f 900/1825/1798 104/1802/1779 889/1827/1776 1943/1826/1799
f 1943/1826/1799 889/1827/1776 337/1828/1775 901/1829/1800
f 898/1823/1796 1943/1826/1799 901/1829/1800 486/1824/1797
f 337/1828/1775 895/1830/1788 1944/1831/1801 901/1829/1800
f 895/1830/1788 112/1832/1759 902/1833/1802 1944/1831/1801
f 1944/1831/1801 902/1833/1802 338/1816/1789 899/1819/1792
f 901/1829/1800 1944/1831/1801 899/1819/1792 486/1824/1797
f 339/1834/1803 903/1835/1804 1945/1836/1805 906/1837/1806
f 903/1835/1804 106/1838/1807 904/1839/1808 1945/1836/1805
f 1945/1836/1805 904/1839/1808 228/1840/1809 905/1841/1810
f 906/1837/1806 1945/1836/1805 905/1841/1810 487/1842/1811
f 228/1840/1809 907/1843/1812 1946/1844/1813 905/1841/1810
f 907/1843/1812 105/1820/1793 896/1845/1790 1946/1844/1813
f 1946/1844/1813 896/1845/1790 338/1846/1789 908/1847/1814
f 905/1841/1810 1946/1844/1813 908/1847/1814 487/1842/1811
f 338/1846/1789 902/1848/1802 1947/1849/1815 908/1847/1814
f 902/1848/1802 112/1850/1759 909/1851/1816 1947/1849/1815
f 1947/1849/1815 909/1851/1816 339/1834/1803 906/1837/1806
f 908/1847/1814 1947/1849/1815 906/1837/1806 487/1842/1811
f 340/1852/1817 910/1853/1818 1948/1854/1819 913/1855/1820
f 910/1853/1818 107/1856/1821 911/1857/1822 1948/1854/1819
f 1948/1854/1819 911/1857/1822 229/1858/1823 912/1859/1824
f 913/1855/1820 1948/1854/1819 912/1859/1824 488/1860/1825
f 229/1858/1823 914/1861/1826 1949/1862/1827 912/1859/1824
f 914/1861/1826 106/1838/1807 903/1863/1804 1949/1862/1827
f 1949/1862/1827 903/1863/1804 339/1864/1803 915/1865/1828
f 912/1859/1824 1949/1862/1827 915/1865/1828 488/1860/1825
f 339/1864/1803 909/1866/1816 1950/1867/1829 915/1865/1828
f 909/1866/1816 112/1868/1759 916/1869/1830 1950/1867/1829
f 1950/1867/1829 916/1869/1830 340/1852/1817 913/1855/1820
f 915/1865/1828 1950/1867/1829 913/1855/1820 488/1860/1825
f 341/1870/1831 917/1871/1832 1951/1872/1833 920/1873/1834
f 917/1871/1832 108/1874/1835 918/1875/1836 1951/1872/1833
f 1951/1872/1833 918/1875/1836 230/1876/1837 919/1877/1838
f 920/1873/1834 1951/1872/1833 919/1877/1838 489/1878/1839
f 230/1876/1837 921/1879/1840 1952/1880/1841 919/1877/1838
f 921/1879/1840 107/1856/1821 910/1881/1818 1952/1880/1841
f 1952/1880/1841 910/1881/1818 340/1882/1817 922/1883/1842
f 919/1877/1838 1952/1880/1841 922/1883/1842 489/1878/1839
f 340/1882/1817 916/1884/1830 1953/1885/1843 922/1883/1842
f 916/1884/1830 112/1886/1759 923/1887/1844 1953/1885/1843
f 1953/1885/1843 923/1887/1844 341/1870/1831 920/1873/1834
f 922/1883/1842 1953/1885/1843 920/1873/1834 489/1878/1839
f 342/1888/1845 924/1889/1846 1954/1890/1847 927/1891/1848
f 924/1889/1846 109/1892/1849 925/1893/1850 1954/1890/1847
f 1954/1890/1847 925/1893/1850 231/1894/1851 926/1895/1852
f 927/1891/1848 1954/1890/1847 926/1895/1852 490/1896/1853
f 231/1894/1851 928/1897/1854 1955/1898/1855 926/1895/1852
f 928/1897/1854 108/1874/1835 917/1899/1832 1955/1898/1855
f 1955/1898/1855 917/1899/1832 341/1900/1831 929/1901/1856
f 926/1895/1852 1955/1898/1855 929/1901/1856 490/1896/1853
f 341/1900/1831 923/1902/1844 1956/1903/1857 929/1901/1856
f 923/1902/1844 112/1904/1759 930/1905/1858 1956/1903/1857
f 1956/1903/1857 930/1905/1858 342/1888/1845 927/1891/1848
f 929/1901/1856 1956/1903/1857 927/1891/1848 490/1896/1853
f 343/1906/1859 931/1907/1860 1957/1908/1861 934/1909/1862
f 931/1907/1860 110/1910/1863 932/1911/1864 1957/1908/1861
f 1957/1908/1861 932/1911/1864 232/1912/1865 933/1913/1866
f 934/1909/1862 1957/1908/1861 933/1913/1866 491/1914/1867
f 232/1912/1865 935/1915/1868 1958/1916/1869 933/1913/1866
f 935/1915/1868 109/1892/1849 924/1917/1846 1958/1916/1869
f 1958/1916/1869 924/1917/1846 342/1918/1845 936/1919/1870
f 933/1913/1866 1958/1916/1869 936/1919/1870 491/1914/1867
f 342/1918/1845 930/1920/1858 1959/1921/1871 936/1919/1870
f 930/1920/1858 112/1922/1759 937/1923/1872 1959/1921/1871
f 1959/1921/1871 937/1923/1872 343/1906/1859 934/1909/1862
f 936/1919/1870 1959/1921/1871 934/1909/1862 491/1914/1867
f 334/1924/1755 878/1925/1754 1960/1926/1873 940/1927/1874
f 878/1925/1754 101/1772/1753 938/1928/1875 1960/1926/1873
f 1960/1926/1873 938/1928/1875 223/1929/1876 939/1930/1877
f 940/1927/1874 1960/1926/1873 939/1930/1877 492/1931/1878
f 223/1929/1876 941/1932/1879 1961/1933/1880 939/1930/1877
f 941/1932/1879 110/1910/1863 931/1934/1860 1961/1933/1880
f 1961/1933/1880 931/1934/1860 343/1935/1859 942/1936/1881
f 939/1930/1877 1961/1933/1880 942/1936/1881 492/1931/1878
f 343/1935/1859 937/1937/1872 1962/1938/1882 942/1936/1881
f 937/1937/1872 112/1939/1759 880/1940/1757 1962/1938/1882
f 1962/1938/1882 880/1940/1757 334/1924/1755 940/1927/1874
f 942/1936/1881 1962/1938/1882 940/1927/1874 492/1931/1878
f 225/1786/1767 883/1785/1766 1963/1941/1883 945/1942/1884
f 883/1785/1766 103/1784/1765 943/1943/1885 1963/1941/1883
f 1963/1941/1883 943/1943/1885 353/1944/1886 944/1945/1887
f 945/1942/1884 1963/1941/1883 944/1945/1887 493/1946/1888
f 353/1944/1886 946/1947/1889 1964/1948/1890 944/1945/1887
f 946/1947/1889 113/1487/1505 753/1484/1502 1964/1948/1890
f 1964/1948/1890 753/1484/1502 355/1483/1501 947/1949/1891
f 944/1945/1887 1964/1948/1890 947/1949/1891 493/1946/1888
f 355/1483/1501 760/1498/1516 1965/1950/1892 947/1949/1891
f 760/1498/1516 114/1467/1485 948/1951/1893 1965/1950/1892
f 1965/1950/1892 948/1951/1893 354/1952/1894 949/1953/1895
f 947/1949/1891 1965/1950/1892 949/1953/1895 493/1946/1888
f 354/1952/1894 950/1954/1896 1966/1955/1897 949/1953/1895
f 950/1954/1896 102/1765/1746 886/1789/1770 1966/1955/1897
f 1966/1955/1897 886/1789/1770 225/1786/1767 945/1942/1884
f 949/1953/1895 1966/1955/1897 945/1942/1884 493/1946/1888
f 224/1767/1748 874/1766/1747 1967/1956/1898 952/1957/1899
f 874/1766/1747 102/1765/1746 950/1954/1896 1967/1956/1898
f 1967/1956/1898 950/1954/1896 354/1952/1894 951/1958/1900
f 952/1957/1899 1967/1956/1898 951/1958/1900 494/1959/1901
f 354/1952/1894 948/1951/1893 1968/1960/1902 951/1958/1900
f 948/1951/1893 114/1467/1485 743/1464/1482 1968/1960/1902
f 1968/1960/1902 743/1464/1482 357/1463/1481 953/1961/1903
f 951/1958/1900 1968/1960/1902 953/1961/1903 494/1959/1901
f 357/1463/1481 752/1482/1500 1969/1962/1904 953/1961/1903
f 752/1482/1500 115/1481/1499 954/1963/1905 1969/1962/1904
f 1969/1962/1904 954/1963/1905 356/1964/1906 955/1965/1907
f 953/1961/1903 1969/1962/1904 955/1965/1907 494/1959/1901
f 356/1964/1906 956/1966/1908 1970/1967/1909 955/1965/1907
f 956/1966/1908 101/1772/1753 877/1770/1751 1970/1967/1909
f 1970/1967/1909 877/1770/1751 224/1767/1748 952/1957/1899
f 955/1965/1907 1970/1967/1909 952/1957/1899 494/1959/1901
f 223/1929/1876 938/1928/1875 1971/1968/1910 958/1969/1911
f 938/1928/1875 101/1772/1753 956/1966/1908 1971/1968/1910
f 1971/1968/1910 956/1966/1908 356/1964/1906 957/1970/1912
f 958/1969/1911 1971/1968/1910 957/1970/1912 495/1971/1913
f 356/1964/1906 954/1963/1905 1972/1972/1914 957/1970/1912
f 954/1963/1905 115/1481/1499 817/1611/1630 1972/1972/1914
f 1972/1972/1914 817/1611/1630 359/1531/1629 959/1973/1915
f 957/1970/1912 1972/1972/1914 959/1973/1915 495/1971/1913
f 359/1531/1629 822/1620/1640 1973/1974/1916 959/1973/1915
f 822/1620/1640 116/1609/1627 960/1975/1917 1973/1974/1916
f 1973/1974/1916 960/1975/1917 358/1976/1918 961/1977/1919
f 959/1973/1915 1973/1974/1916 961/1977/1919 495/1971/1913
f 358/1976/1918 962/1978/1920 1974/1979/1921 961/1977/1919
f 962/1978/1920 110/1910/1863 941/1932/1879 1974/1979/1921
f 1974/1979/1921 941/1932/1879 223/1929/1876 958/1969/1911
f 961/1977/1919 1974/1979/1921 958/1969/1911 495/1971/1913
f 358/1976/1918 960/1975/1917 1975/1980/1922 964/1981/1923
f 960/1975/1917 116/1609/1627 815/1607/1625 1975/1980/1922
f 1975/1980/1922 815/1607/1625 361/1605/1623 963/1982/1924
f 964/1981/1923 1975/1980/1922 963/1982/1924 496/1983/1925
f 361/1605/1623 813/1604/1622 1976/1984/1926 963/1982/1924
f 813/1604/1622 117/1583/1601 965/1985/1927 1976/1984/1926
f 1976/1984/1926 965/1985/1927 360/1986/1928 966/1987/1929
f 963/1982/1924 1976/1984/1926 966/1987/1929 496/1983/1925
f 360/1986/1928 967/1988/1930 1977/1989/1931 966/1987/1929
f 967/1988/1930 109/1892/1849 935/1915/1868 1977/1989/1931
f 1977/1989/1931 935/1915/1868 232/1912/1865 968/1990/1932
f 966/1987/1929 1977/1989/1931 968/1990/1932 496/1983/1925
f 232/1912/1865 932/1911/1864 1978/1991/1933 968/1990/1932
f 932/1911/1864 110/1910/1863 962/1978/1920 1978/1991/1933
f 1978/1991/1933 962/1978/1920 358/1976/1918 964/1981/1923
f 968/1990/1932 1978/1991/1933 964/1981/1923 496/1983/1925
f 231/1894/1851 925/1893/1850 1979/1992/1934 970/1993/1935
f 925/1893/1850 109/1892/1849 967/1988/1930 1979/1992/1934
f 1979/1992/1934 967/1988/1930 360/1986/1928 969/1994/1936
f 970/1993/1935 1979/1992/1934 969/1994/1936 497/1995/1937
f 360/1986/1928 965/1985/1927 1980/1996/1938 969/1994/1936
f 965/1985/1927 117/1583/1601 801/1580/1598 1980/1996/1938
f 1980/1996/1938 801/1580/1598 363/1579/1597 971/1997/1939
f 969/1994/1936 1980/1996/1938 971/1997/1939 497/1995/1937
f 363/1579/1597 808/1594/1612 1981/1998/1940 971/1997/1939
f 808/1594/1612 118/1567/1585 972/1999/1941 1981/1998/1940
f 1981/1998/1940 972/1999/1941 362/2000/1942 973/2001/1943
f 971/1997/1939 1981/1998/1940 973/2001/1943 497/1995/1937
f 362/2000/1942 974/2002/1944 1982/2003/1945 973/2001/1943
f 974/2002/1944 108/1874/1835 928/1897/1854 1982/2003/1945
f 1982/2003/1945 928/1897/1854 231/1894/1851 970/1993/1935
f 973/2001/1943 1982/2003/1945 970/1993/1935 497/1995/1937
f 230/1876/1837 918/1875/1836 1983/2004/1946 976/2005/1947
f 918/1875/1836 108/1874/1835 974/2002/1944 1983/2004/1946
f 1983/2004/1946 974/2002/1944 362/2000/1942 975/2006/1948
f 976/2005/1947 1983/2004/1946 975/2006/1948 498/2007/1949
f 362/2000/1942 972/1999/1941 1984/2008/1950 975/2006/1948
f 972/1999/1941 118/1567/1585 793/1564/1582 1984/2008/1950
f 1984/2008/1950 793/1564/1582 365/1563/1581 977/2009/1951
f 975/2006/1948 1984/2008/1950 977/2009/1951 498/2007/1949
f 365/1563/1581 800/1578/1596 1985/2010/1952 977/2009/1951
f 800/1578/1596 119/1551/1569 978/2011/1953 1985/2010/1952
f 1985/2010/1952 978/2011/1953 364/2012/1954 979/2013/1955
f 977/2009/1951 1985/2010/1952 979/2013/1955 498/2007/1949
f 364/2012/1954 980/2014/1956 1986/2015/1957 979/2013/1955
f 980/2014/1956 107/1856/1821 921/1879/1840 1986/2015/1957
f 1986/2015/1957 921/1879/1840 230/1876/1837 976/2005/1947
f 979/2013/1955 1986/2015/1957 976/2005/1947 498/2007/1949
f 229/1858/1823 911/1857/1822 1987/2016/1958 982/2017/1959
f 911/1857/1822 107/1856/1821 980/2014/1956 1987/2016/1958
f 1987/2016/1958 980/2014/1956 364/2012/1954 981/2018/1960
f 982/2017/1959 1987/2016/1958 981/2018/1960 499/2019/1961
f 364/2012/1954 978/2011/1953 1988/2020/1962 981/2018/1960
f 978/2011/1953 119/1551/1569 785/1548/1566 1988/2020/1962
f 1988/2020/1962 785/1548/1566 367/1547/1565 983/2021/1963
f 981/2018/1960 1988/2020/1962 983/2021/1963 499/2019/1961
f 367/1547/1565 792/1562/1580 1989/2022/1964 983/2021/1963
f 792/1562/1580 120/1535/1553 984/2023/1965 1989/2022/1964
f 1989/2022/1964 984/2023/1965 366/2024/1966 985/2025/1967
f 983/2021/1963 1989/2022/1964 985/2025/1967 499/2019/1961
f 366/2024/1966 986/2026/1968 1990/2027/1969 985/2025/1967
f 986/2026/1968 106/1838/1807 914/1861/1826 1990/2027/1969
f 1990/2027/1969 914/1861/1826 229/1858/1823 982/2017/1959
f 985/2025/1967 1990/2027/1969 982/2017/1959 499/2019/1961
f 228/1840/1809 904/1839/1808 1991/2028/1970 988/2029/1971
f 904/1839/1808 106/1838/1807 986/2026/1968 1991/2028/1970
f 1991/2028/1970 986/2026/1968 366/2024/1966 987/2030/1972
f 988/2029/1971 1991/2028/1970 987/2030/1972 500/2031/1973
f 366/2024/1966 984/2023/1965 1992/2032/1974 987/2030/1972
f 984/2023/1965 120/1535/1553 777/1532/1550 1992/2032/1974
f 1992/2032/1974 777/1532/1550 369/1531/1549 989/2033/1975
f 987/2030/1972 1992/2032/1974 989/2033/1975 500/2031/1973
f 369/1531/1549 784/1546/1564 1993/2034/1976 989/2033/1975
f 784/1546/1564 121/1519/1537 990/2035/1977 1993/2034/1976
f 1993/2034/1976 990/2035/1977 368/2036/1978 991/2037/1979
f 989/2033/1975 1993/2034/1976 991/2037/1979 500/2031/1973
f 368/2036/1978 992/2038/1980 1994/2039/1981 991/2037/1979
f 992/2038/1980 105/1820/1793 907/1843/1812 1994/2039/1981
f 1994/2039/1981 907/1843/1812 228/1840/1809 988/2029/1971
f 991/2037/1979 1994/2039/1981 988/2029/1971 500/2031/1973
f 227/1822/1795 897/1821/1794 1995/2040/1982 994/2041/1983
f 897/1821/1794 105/1820/1793 992/2038/1980 1995/2040/1982
f 1995/2040/1982 992/2038/1980 368/2036/1978 993/2042/1984
f 994/2041/1983 1995/2040/1982 993/2042/1984 501/2043/1985
f 368/2036/1978 990/2035/1977 1996/2044/1986 993/2042/1984
f 990/2035/1977 121/1519/1537 769/1516/1534 1996/2044/1986
f 1996/2044/1986 769/1516/1534 371/1515/1533 995/2045/1987
f 993/2042/1984 1996/2044/1986 995/2045/1987 501/2043/1985
f 371/1515/1533 776/1530/1548 1997/2046/1988 995/2045/1987
f 776/1530/1548 122/1513/1531 996/2047/1989 1997/2046/1988
f 1997/2046/1988 996/2047/1989 370/2048/1990 997/2049/1991
f 995/2045/1987 1997/2046/1988 997/2049/1991 501/2043/1985
f 370/2048/1990 998/2050/1992 1998/2051/1993 997/2049/1991
f 998/2050/1992 104/1802/1779 900/1825/1798 1998/2051/1993
f 1998/2051/1993 900/1825/1798 227/1822/1795 994/2041/1983
f 997/2049/1991 1998/2051/1993 994/2041/1983 501/2043/1985
f 226/1804/1781 890/1803/1780 1999/2052/1994 1000/2053/1995
f 890/1803/1780 104/1802/1779 998/2050/1992 1999/2052/1994
f 1999/2052/1994 998/2050/1992 370/2048/1990 999/2054/1996
f 1000/2053/1995 1999/2052/1994 999/2054/1996 502/2055/1997
f 370/2048/1990 996/2047/1989 2000/2056/1998 999/2054/1996
f 996/2047/1989 122/1513/1531 767/1511/1529 2000/2056/1998
f 2000/2056/1998 767/1511/1529 372/1509/1527 1001/2057/1999
f 999/2054/1996 2000/2056/1998 1001/2057/1999 502/2055/1997
f 372/1509/1527 765/1508/1526 2001/2058/2000 1001/2057/1999
f 765/1508/1526 113/1487/1505 946/1947/1889 2001/2058/2000
f 2001/2058/2000 946/1947/1889 353/1944/1886 1002/2059/2001
f 1001/2057/1999 2001/2058/2000 1002/2059/2001 502/2055/1997
f 353/1944/1886 943/1943/1885 2002/2060/2002 1002/2059/2001
f 943/1943/1885 103/1784/1765 893/1807/1784 2002/2060/2002
f 2002/2060/2002 893/1807/1784 226/1804/1781 1000/2053/1995
f 1002/2059/2001 2002/2060/2002 1000/2053/1995 502/2055/1997
o Eye_2_R
v 0.563346 0.491055 0.702198
v 0.580219 0.469833 0.702174
v 0.581664 0.442580 0.702627
v 0.567128 0.419707 0.703384
v 0.542164 0.409949 0.704157
v 0.516308 0.417034 0.704650
v 0.499435 0.438256 0.704674
v 0.497991 0.465509 0.704221
v 0.512526 0.488383 0.703463
v 0.537490 0.498141 0.702691
v 0.597712 0.544679 0.723371
v 0.638844 0.492944 0.723312
v 0.642365 0.426508 0.724417
v 0.606931 0.370747 0.726263
v 0.546074 0.346959 0.728147
v 0.483042 0.364231 0.729348
v 0.441910 0.415966 0.729407
v 0.438388 0.482402 0.728302
v 0.473823 0.538163 0.726456
v 0.534679 0.561951 0.724572
v 0.630706 0.595750 0.764644
v 0.694771 0.515171 0.764552
v 0.700256 0.411695 0.766272
v 0.645065 0.324845 0.769149
v 0.550280 0.287794 0.772083
v 0.452104 0.314697 0.773953
v 0.388039 0.395275 0.774045
v 0.382554 0.498752 0.772325
v 0.437745 0.585602 0.769448
v 0.532531 0.622652 0.766515
v 0.655347 0.633354 0.822535
v 0.736073 0.531820 0.822418
v 0.742985 0.401432 0.824586
v 0.673440 0.291994 0.828211
v 0.554003 0.245309 0.831908
v 0.430295 0.279207 0.834264
v 0.349568 0.380742 0.834381
v 0.342657 0.511130 0.832213
v 0.412202 0.620568 0.828588
v 0.531639 0.667253 0.824891
v 0.669221 0.653812 0.891375
v 0.758708 0.541260 0.891246
v 0.766369 0.396724 0.893649
v 0.689277 0.275412 0.897667
v 0.556881 0.223660 0.901765
v 0.419750 0.261237 0.904378
v 0.330263 0.373789 0.904507
v 0.322602 0.518326 0.902104
v 0.399693 0.639638 0.898086
v 0.532090 0.691389 0.893988
v 0.670971 0.655120 0.964428
v 0.760458 0.542568 0.964298
v 0.768119 0.398031 0.966702
v 0.691028 0.276719 0.970720
v 0.558631 0.224968 0.974818
v 0.421500 0.262544 0.977430
v 0.332013 0.375097 0.977559
v 0.324352 0.519633 0.975156
v 0.401443 0.640945 0.971138
v 0.533840 0.692697 0.967040
v 0.660998 0.638082 1.032957
v 0.742163 0.535996 1.032840
v 0.749111 0.404901 1.035020
v 0.679189 0.294870 1.038664
v 0.559105 0.247932 1.042381
v 0.434727 0.282014 1.044750
v 0.353562 0.384100 1.044868
v 0.346614 0.515194 1.042688
v 0.416535 0.625225 1.039043
v 0.536620 0.672164 1.035327
v 0.626807 0.582694 1.114787
v 0.682069 0.513189 1.114707
v 0.686800 0.423932 1.116191
v 0.639193 0.349016 1.118673
v 0.557432 0.317057 1.121203
v 0.472748 0.340263 1.122816
v 0.417486 0.409769 1.122896
v 0.412755 0.499026 1.121412
v 0.460362 0.573941 1.118931
v 0.542123 0.605900 1.116400
v 0.608406 0.553469 1.129408
v 0.650233 0.500861 1.129348
v 0.653814 0.433304 1.130471
v 0.617781 0.376602 1.132349
v 0.555899 0.352413 1.134265
v 0.491802 0.369977 1.135486
v 0.449976 0.422584 1.135546
v 0.446395 0.490142 1.134423
v 0.482428 0.546844 1.132545
v 0.544311 0.571033 1.130629
v 0.589578 0.523845 1.130161
v 0.617901 0.488221 1.130120
v 0.620327 0.442475 1.130881
v 0.595927 0.404079 1.132152
v 0.554022 0.387699 1.133449
v 0.510619 0.399593 1.134276
v 0.482297 0.435216 1.134317
v 0.479871 0.480963 1.133556
v 0.504271 0.519359 1.132285
v 0.546176 0.535739 1.130988
v 0.572079 0.496253 1.133812
v 0.587801 0.476479 1.133789
v 0.589146 0.451086 1.134211
v 0.575603 0.429773 1.134917
v 0.552342 0.420681 1.135637
v 0.528250 0.427282 1.136096
v 0.512528 0.447057 1.136119
v 0.511182 0.472450 1.135696
v 0.524726 0.493763 1.134990
v 0.547987 0.502855 1.134271
v 0.539697 0.453947 0.697989
v 0.563485 0.482753 1.133101
v 0.573061 0.470708 1.133087
v 0.573881 0.455240 1.133344
v 0.565631 0.442258 1.133774
v 0.551463 0.436720 1.134213
v 0.536788 0.440741 1.134493
v 0.527212 0.452786 1.134506
v 0.526392 0.468254 1.134249
v 0.534642 0.481236 1.133819
v 0.548810 0.486774 1.133381
v 0.561652 0.479969 1.128109
v 0.570001 0.469468 1.128097
v 0.570715 0.455984 1.128321
v 0.563523 0.444666 1.128696
v 0.551171 0.439837 1.129078
v 0.538377 0.443343 1.129322
v 0.530029 0.453844 1.129334
v 0.529314 0.467329 1.129110
v 0.536507 0.478646 1.128735
v 0.548858 0.483474 1.128352
v 0.563591 0.483149 1.121450
v 0.573442 0.470758 1.121436
v 0.574286 0.454845 1.121700
v 0.565799 0.441489 1.122143
v 0.551222 0.435792 1.122594
v 0.536126 0.439929 1.122881
v 0.526273 0.452320 1.122896
v 0.525430 0.468232 1.122631
v 0.533918 0.481588 1.122189
v 0.548493 0.487286 1.121737
v 0.564367 0.484511 1.114312
v 0.549511 0.461280 1.107681
v 0.574899 0.471266 1.114297
v 0.575800 0.454257 1.114580
v 0.566728 0.439980 1.115053
v 0.551147 0.433890 1.115535
v 0.535009 0.438313 1.115842
v 0.524478 0.451558 1.115858
v 0.523576 0.468567 1.115575
v 0.532649 0.482843 1.115102
v 0.548230 0.488934 1.114620
v 0.438822 0.599594 1.088992
v 0.380129 0.507233 1.092051
v 0.385962 0.397191 1.093881
v 0.454092 0.311499 1.093783
v 0.558497 0.282890 1.091794
v 0.659297 0.322291 1.088674
v 0.717990 0.414652 1.085615
v 0.712157 0.524694 1.083785
v 0.644027 0.610385 1.083884
v 0.539623 0.638994 1.085872
v 0.573812 0.482121 0.702145
v 0.583553 0.456344 0.702373
v 0.576592 0.429690 0.703017
v 0.555588 0.412339 0.703831
v 0.528565 0.410917 0.704504
v 0.505844 0.425969 0.704778
v 0.496103 0.451746 0.704550
v 0.503065 0.478400 0.703907
v 0.524068 0.495752 0.703093
v 0.551091 0.497173 0.702420
v 0.567506 0.558334 0.723850
v 0.622233 0.522079 0.723188
v 0.645694 0.459994 0.723738
v 0.628927 0.395792 0.725288
v 0.578337 0.353999 0.727248
v 0.513247 0.350576 0.728868
v 0.458520 0.386831 0.729531
v 0.435060 0.448916 0.728981
v 0.451827 0.513117 0.727431
v 0.502416 0.554911 0.725471
v 0.583660 0.617019 0.765391
v 0.668900 0.560550 0.764359
v 0.705440 0.463850 0.765215
v 0.679325 0.363855 0.767630
v 0.600529 0.298759 0.770683
v 0.499150 0.293427 0.773207
v 0.413911 0.349897 0.774238
v 0.377370 0.446597 0.773382
v 0.403485 0.546592 0.770967
v 0.482281 0.611688 0.767915
v 0.596065 0.660156 0.823475
v 0.703473 0.589001 0.822176
v 0.749517 0.467151 0.823254
v 0.716610 0.341150 0.826297
v 0.617322 0.259125 0.830143
v 0.489577 0.252406 0.833324
v 0.382169 0.323562 0.834623
v 0.336125 0.445411 0.833545
v 0.369032 0.571412 0.830502
v 0.468320 0.653437 0.826655
v 0.603507 0.683522 0.892418
v 0.722570 0.604646 0.890977
v 0.773610 0.469574 0.892172
v 0.737132 0.329900 0.895546
v 0.627070 0.238975 0.899810
v 0.485463 0.231528 0.903335
v 0.366401 0.310404 0.904776
v 0.315361 0.445475 0.903581
v 0.351838 0.585149 0.900207
v 0.461901 0.676074 0.895943
v 0.605258 0.684829 0.965470
v 0.724320 0.605953 0.964030
v 0.775360 0.470882 0.965225
v 0.738882 0.331208 0.968598
v 0.628820 0.240282 0.972862
v 0.487213 0.232835 0.976388
v 0.368151 0.311711 0.977828
v 0.317111 0.446783 0.976633
v 0.353589 0.586456 0.973260
v 0.463651 0.677381 0.968996
v 0.601396 0.665028 1.033903
v 0.709386 0.593487 1.032596
v 0.755679 0.470977 1.033680
v 0.722594 0.344292 1.036740
v 0.622767 0.261822 1.040607
v 0.494329 0.255068 1.043805
v 0.386339 0.326609 1.045111
v 0.340046 0.449119 1.044028
v 0.373131 0.575803 1.040968
v 0.472958 0.658273 1.037100
v 0.586226 0.601041 1.115431
v 0.659752 0.552332 1.114541
v 0.691272 0.468920 1.115279
v 0.668745 0.382665 1.117362
v 0.600777 0.326515 1.119996
v 0.513329 0.321916 1.122173
v 0.439803 0.370625 1.123062
v 0.408283 0.454038 1.122324
v 0.430810 0.540292 1.120241
v 0.498778 0.596442 1.117608
v 0.633342 0.530488 1.129222
v 0.657198 0.467355 1.129781
v 0.640149 0.402070 1.131358
v 0.588705 0.359571 1.133351
v 0.522517 0.356090 1.134999
v 0.466866 0.392958 1.135672
v 0.443010 0.456091 1.135113
v 0.460060 0.521375 1.133536
v 0.511504 0.563874 1.131543
v 0.577692 0.567355 1.129896
v 0.568780 0.533248 1.130491
v 0.606463 0.508283 1.130035
v 0.622618 0.465533 1.130413
v 0.611073 0.421325 1.131481
v 0.576238 0.392546 1.132831
v 0.531418 0.390189 1.133946
v 0.493734 0.415154 1.134402
v 0.477580 0.457905 1.134024
v 0.489125 0.502113 1.132956
v 0.523960 0.530891 1.131607
v 0.560534 0.501473 1.133995
v 0.581452 0.487615 1.133742
v 0.590419 0.463885 1.133952
v 0.584010 0.439346 1.134544
v 0.564674 0.423371 1.135293
v 0.539795 0.422063 1.135913
v 0.518877 0.435921 1.136166
v 0.509910 0.459651 1.135956
v 0.516319 0.484190 1.135363
v 0.535655 0.500164 1.134614
v 0.579441 0.516205 0.710257
v 0.607707 0.480653 0.710216
v 0.610127 0.434998 0.710976
v 0.585776 0.396679 0.712245
v 0.543955 0.380332 0.713539
v 0.500639 0.392201 0.714364
v 0.472373 0.427754 0.714405
v 0.469953 0.473409 0.713646
v 0.494304 0.511728 0.712377
v 0.536125 0.528075 0.711082
v 0.615065 0.571606 0.741642
v 0.668317 0.504628 0.741565
v 0.672876 0.418616 0.742995
v 0.626999 0.346424 0.745386
v 0.548212 0.315627 0.747825
v 0.466607 0.337989 0.749379
v 0.413354 0.404968 0.749456
v 0.408795 0.490979 0.748026
v 0.454671 0.563171 0.745635
v 0.533459 0.593968 0.743197
v 0.644240 0.616495 0.791840
v 0.717536 0.524307 0.791734
v 0.723810 0.405922 0.793702
v 0.660668 0.306559 0.796993
v 0.552226 0.264170 0.800350
v 0.439905 0.294949 0.802489
v 0.366610 0.387137 0.802595
v 0.360335 0.505522 0.800627
v 0.423478 0.604886 0.797336
v 0.531920 0.647273 0.793980
v 0.663737 0.645887 0.855993
v 0.749901 0.537514 0.855868
v 0.757278 0.398344 0.858182
v 0.683048 0.281535 0.862051
v 0.555567 0.231705 0.865997
v 0.423527 0.267886 0.868512
v 0.337363 0.376261 0.868637
v 0.329986 0.515430 0.866323
v 0.404215 0.632239 0.862454
v 0.531697 0.682069 0.858508
v 0.671646 0.656905 0.927821
v 0.762244 0.542954 0.927690
v 0.770000 0.396622 0.930123
v 0.691952 0.273802 0.934191
v 0.557910 0.221408 0.938340
v 0.419075 0.259452 0.940985
v 0.328476 0.373402 0.941115
v 0.320720 0.519735 0.938682
v 0.398769 0.642554 0.934614
v 0.532810 0.694949 0.930466
v 0.667251 0.648563 1.000135
v 0.753459 0.540135 1.000010
v 0.760839 0.400894 1.002326
v 0.686572 0.284026 1.006196
v 0.559026 0.234170 1.010144
v 0.426919 0.270371 1.012661
v 0.340711 0.378799 1.012785
v 0.333331 0.518040 1.010470
v 0.407597 0.634908 1.006599
v 0.535143 0.684763 1.002652
v 0.652880 0.624760 1.061005
v 0.727746 0.530597 1.060897
v 0.734155 0.409674 1.062908
v 0.669660 0.308182 1.066270
v 0.558894 0.264886 1.069698
v 0.444167 0.296323 1.071883
v 0.369300 0.390487 1.071992
v 0.362891 0.511409 1.069981
v 0.427387 0.612901 1.066619
v 0.538153 0.656197 1.063191
v 0.482243 0.355028 1.131267
v 0.599036 0.538714 1.130340
v 0.634133 0.494572 1.130289
v 0.637137 0.437885 1.131232
v 0.606902 0.390306 1.132808
v 0.554976 0.370009 1.134415
v 0.501194 0.384747 1.135440
v 0.466098 0.428890 1.135490
v 0.463093 0.485577 1.134548
v 0.493328 0.533156 1.132972
v 0.545254 0.553452 1.131365
v 0.580145 0.508976 1.131824
v 0.601679 0.481891 1.131793
v 0.603523 0.447108 1.132371
v 0.584971 0.417914 1.133338
v 0.553110 0.405461 1.134324
v 0.520110 0.414503 1.134953
v 0.498575 0.441589 1.134984
v 0.496731 0.476371 1.134406
v 0.515283 0.505565 1.133439
v 0.547144 0.518019 1.132453
v 0.551913 0.473143 0.698757
v 0.560653 0.462150 0.698745
v 0.561401 0.448034 0.698979
v 0.553872 0.436186 0.699372
v 0.540941 0.431132 0.699772
v 0.527548 0.434802 0.700027
v 0.518808 0.445794 0.700040
v 0.518060 0.459911 0.699805
v 0.525589 0.471758 0.699413
v 0.538520 0.476813 0.699012
v 0.556724 0.334619 1.129848
v 0.628633 0.362727 1.127622
v 0.670503 0.428616 1.125440
v 0.666342 0.507118 1.124135
v 0.617740 0.568249 1.124205
v 0.543259 0.588658 1.125624
v 0.471350 0.560550 1.127849
v 0.429479 0.494662 1.130032
v 0.433641 0.416159 1.131337
v 0.566656 0.487717 1.134200
v 0.556453 0.485932 1.133213
v 0.578485 0.472839 1.134183
v 0.569194 0.477491 1.133059
v 0.579498 0.453732 1.134501
v 0.574656 0.463037 1.133186
v 0.569307 0.437696 1.135032
v 0.570752 0.448090 1.133548
v 0.551805 0.430855 1.135574
v 0.558975 0.438359 1.134004
v 0.533678 0.435822 1.135919
v 0.543821 0.437562 1.134381
v 0.521849 0.450701 1.135936
v 0.531079 0.446003 1.134535
v 0.520836 0.469807 1.135618
v 0.525618 0.460458 1.134407
v 0.531027 0.485843 1.135087
v 0.529521 0.475405 1.134046
v 0.548529 0.492684 1.134546
v 0.541299 0.485135 1.133590
v 0.561942 0.480368 1.130951
v 0.555522 0.482741 1.128206
v 0.570449 0.469668 1.130939
v 0.566630 0.475382 1.128072
v 0.571177 0.455927 1.131167
v 0.571391 0.462780 1.128183
v 0.563848 0.444394 1.131549
v 0.567988 0.449750 1.128498
v 0.551262 0.439474 1.131939
v 0.557720 0.441267 1.128896
v 0.538225 0.443046 1.132187
v 0.544509 0.440572 1.129225
v 0.529718 0.453747 1.132200
v 0.533400 0.447930 1.129359
v 0.528989 0.467487 1.131971
v 0.528639 0.460532 1.129248
v 0.536318 0.479020 1.131589
v 0.532042 0.473563 1.128933
v 0.548905 0.483940 1.131200
v 0.542310 0.482046 1.128535
v 0.562293 0.481040 1.124891
v 0.556356 0.486419 1.121565
v 0.571156 0.469893 1.124878
v 0.569464 0.477736 1.121406
v 0.571915 0.455577 1.125116
v 0.575083 0.462865 1.121537
v 0.564279 0.443562 1.125514
v 0.571067 0.447488 1.121909
v 0.551166 0.438436 1.125920
v 0.558950 0.437478 1.122378
v 0.537585 0.442158 1.126179
v 0.543360 0.436658 1.122766
v 0.528721 0.453306 1.126192
v 0.530252 0.445342 1.122925
v 0.527963 0.467621 1.125954
v 0.524633 0.460212 1.122793
v 0.535598 0.479637 1.125556
v 0.528649 0.475589 1.122422
v 0.548711 0.484762 1.125150
v 0.540766 0.485600 1.121953
v 0.565007 0.485446 1.117901
v 0.559636 0.477141 1.110822
v 0.575934 0.471702 1.117885
v 0.571003 0.479020 1.114381
v 0.566838 0.468084 1.110811
v 0.576870 0.454052 1.118179
v 0.577111 0.462856 1.114524
v 0.567454 0.456453 1.111005
v 0.567456 0.439238 1.118669
v 0.572745 0.446141 1.114928
v 0.561251 0.446691 1.111328
v 0.551289 0.432919 1.119170
v 0.559574 0.435260 1.115438
v 0.550596 0.442526 1.111658
v 0.534543 0.437508 1.119489
v 0.542628 0.434369 1.115860
v 0.539561 0.445550 1.111868
v 0.523616 0.451252 1.119504
v 0.528380 0.443808 1.116032
v 0.532360 0.454607 1.111879
v 0.522680 0.468901 1.119211
v 0.522272 0.459972 1.115889
v 0.531744 0.466238 1.111685
v 0.532094 0.483715 1.118720
v 0.526637 0.476687 1.115486
v 0.537947 0.476000 1.111362
v 0.548261 0.490034 1.118220
v 0.539809 0.487568 1.114975
v 0.548601 0.480165 1.111032
v 0.556754 0.488459 1.114553
v 0.449689 0.586753 1.106194
v 0.396562 0.503151 1.108963
v 0.402388 0.558109 1.090608
v 0.401841 0.403544 1.110619
v 0.374616 0.451768 1.093176
v 0.463511 0.325979 1.110530
v 0.413475 0.348932 1.094086
v 0.558015 0.300083 1.108729
v 0.504123 0.288880 1.092989
v 0.649255 0.335747 1.105905
v 0.611935 0.294550 1.090305
v 0.702382 0.419350 1.103137
v 0.695731 0.363776 1.087059
v 0.697103 0.518957 1.101480
v 0.723503 0.470116 1.084490
v 0.635433 0.596521 1.101569
v 0.684644 0.572953 1.083580
v 0.540929 0.622417 1.103370
v 0.593996 0.633004 1.084677
v 0.486184 0.627334 1.087361
v 0.596333 0.500709 0.710134
v 0.612467 0.458012 0.710511
v 0.600936 0.413861 0.711578
v 0.566145 0.385119 0.712926
v 0.521383 0.382765 0.714040
v 0.483748 0.407698 0.714495
v 0.467613 0.450395 0.714118
v 0.479144 0.494546 0.713051
v 0.513935 0.523288 0.711703
v 0.558697 0.525642 0.710589
v 0.646812 0.542348 0.741405
v 0.677185 0.461968 0.742116
v 0.655478 0.378850 0.744124
v 0.589981 0.324741 0.746661
v 0.505712 0.320309 0.748759
v 0.434859 0.367247 0.749616
v 0.404486 0.447627 0.748905
v 0.426193 0.530745 0.746898
v 0.491690 0.584854 0.744360
v 0.575959 0.589286 0.742262
v 0.687936 0.576224 0.791514
v 0.729742 0.465592 0.792492
v 0.699864 0.351189 0.795256
v 0.609715 0.276714 0.798748
v 0.493730 0.270615 0.801636
v 0.396209 0.335220 0.802816
v 0.354404 0.445853 0.801837
v 0.384282 0.560255 0.799074
v 0.474430 0.634730 0.795581
v 0.590416 0.640829 0.792694
v 0.715105 0.598546 0.855609
v 0.764250 0.468489 0.856760
v 0.729127 0.334001 0.860008
v 0.623151 0.246451 0.864114
v 0.486801 0.239280 0.867508
v 0.372159 0.315228 0.868895
v 0.323014 0.445285 0.867745
v 0.358137 0.579773 0.864497
v 0.464113 0.667323 0.860391
v 0.600463 0.674494 0.856996
v 0.725658 0.607127 0.927418
v 0.777332 0.470378 0.928627
v 0.740401 0.328968 0.932043
v 0.628971 0.236913 0.936360
v 0.485605 0.229373 0.939929
v 0.365063 0.309229 0.941388
v 0.313388 0.445979 0.940178
v 0.350320 0.587388 0.936762
v 0.461749 0.679444 0.932445
v 0.605116 0.686983 0.928876
v 0.718645 0.601198 0.999752
v 0.767815 0.471075 1.000903
v 0.732674 0.336518 1.004153
v 0.626644 0.248924 1.008260
v 0.490225 0.241750 1.011657
v 0.375525 0.317736 1.013044
v 0.326354 0.447859 1.011893
v 0.361496 0.582415 1.008643
v 0.467526 0.670010 1.004535
v 0.603945 0.677184 1.001139
v 0.697513 0.583626 1.060672
v 0.740214 0.470623 1.061672
v 0.709696 0.353769 1.064494
v 0.617616 0.277698 1.068062
v 0.499144 0.271468 1.071011
v 0.399534 0.337457 1.072216
v 0.356833 0.450461 1.071217
v 0.387351 0.567315 1.068394
v 0.479431 0.643385 1.064827
v 0.597902 0.649616 1.061877
v 0.672198 0.562638 1.101295
v 0.707373 0.469555 1.102118
v 0.682234 0.373299 1.104443
v 0.606385 0.310637 1.107382
v 0.508797 0.305505 1.109811
v 0.426746 0.359863 1.110804
v 0.391572 0.452947 1.109981
v 0.416710 0.549202 1.107656
v 0.492559 0.611863 1.104717
v 0.590147 0.616995 1.102288
v 0.646715 0.541545 1.123989
v 0.674436 0.468183 1.124638
v 0.654624 0.392322 1.126470
v 0.594846 0.342937 1.128786
v 0.517935 0.338892 1.130700
v 0.453268 0.381733 1.131483
v 0.425547 0.455094 1.130834
v 0.445359 0.530955 1.129001
v 0.505137 0.580340 1.126686
v 0.582048 0.584385 1.124771
v 0.619959 0.519431 1.130184
v 0.639977 0.466456 1.130653
v 0.625671 0.411677 1.131976
v 0.582505 0.376016 1.133648
v 0.526967 0.373095 1.135031
v 0.480271 0.404030 1.135595
v 0.460253 0.457005 1.135127
v 0.474559 0.511785 1.133804
v 0.517725 0.547446 1.132131
v 0.573263 0.550367 1.130749
v 0.592983 0.497144 1.131728
v 0.605265 0.464639 1.132016
v 0.596487 0.431027 1.132828
v 0.570001 0.409146 1.133854
v 0.535923 0.407354 1.134702
v 0.507271 0.426335 1.135049
v 0.494989 0.458840 1.134761
v 0.503767 0.492452 1.133949
v 0.530253 0.514333 1.132923
v 0.564331 0.516126 1.132075
v 0.560440 0.471080 0.699102
v 0.566371 0.455382 0.699241
v 0.562132 0.439149 0.699633
v 0.549341 0.428582 0.700129
v 0.532883 0.427716 0.700538
v 0.519045 0.436883 0.700706
v 0.513114 0.452581 0.700567
v 0.517353 0.468814 0.700175
v 0.530145 0.479381 0.699679
v 0.546602 0.480247 0.699269
v 0.566184 0.475045 1.111581
v 0.570931 0.462482 1.111692
v 0.567538 0.449490 1.112006
v 0.557301 0.441033 1.112402
v 0.544130 0.440341 1.112730
v 0.533055 0.447677 1.112864
v 0.528308 0.460240 1.112753
v 0.531701 0.473232 1.112439
v 0.541938 0.481689 1.112043
v 0.555110 0.482382 1.111715
v 0.573708 0.481218 1.134148
v 0.580455 0.463363 1.134306
v 0.575633 0.444899 1.134751
v 0.561084 0.432880 1.135315
v 0.542365 0.431895 1.135781
v 0.526626 0.442322 1.135972
v 0.519879 0.460177 1.135814
v 0.524701 0.478640 1.135368
v 0.539250 0.490660 1.134804
v 0.557969 0.491644 1.134338
v 0.567013 0.475694 1.130913
v 0.571866 0.462853 1.131027
v 0.568398 0.449574 1.131348
v 0.557935 0.440930 1.131753
v 0.544472 0.440222 1.132088
v 0.533153 0.447721 1.132225
v 0.528301 0.460562 1.132112
v 0.531769 0.473840 1.131791
v 0.542232 0.482484 1.131386
v 0.555695 0.483192 1.131050
v 0.567577 0.476170 1.124852
v 0.572632 0.462793 1.124970
v 0.569019 0.448959 1.125304
v 0.558118 0.439953 1.125726
v 0.544093 0.439215 1.126076
v 0.532301 0.447028 1.126218
v 0.527245 0.460406 1.126100
v 0.530858 0.474240 1.125766
v 0.541759 0.483245 1.125344
v 0.555784 0.483983 1.124994
v 0.571557 0.479471 1.117864
v 0.577800 0.462951 1.118010
v 0.573338 0.445867 1.118423
v 0.559876 0.434746 1.118944
v 0.542556 0.433835 1.119375
v 0.527994 0.443483 1.119552
v 0.521751 0.460003 1.119405
v 0.526212 0.477087 1.118993
v 0.539674 0.488208 1.118471
v 0.556994 0.489119 1.118040
v 0.674284 0.510188 1.119910
v 0.653300 0.546993 1.119754
v 0.657852 0.525103 1.124016
v 0.622324 0.575541 1.119986
v 0.633242 0.556056 1.124052
v 0.613090 0.560873 1.127370
v 0.621747 0.542976 1.129277
v 0.640046 0.536029 1.127169
v 0.642926 0.516339 1.129246
v 0.658306 0.504001 1.127305
v 0.678732 0.426264 1.121306
v 0.682937 0.468564 1.120448
v 0.673987 0.448230 1.125005
v 0.671880 0.487979 1.124344
v 0.654999 0.484391 1.129529
v 0.665836 0.467780 1.127773
v 0.656811 0.450183 1.130097
v 0.662177 0.430969 1.128520
v 0.633969 0.355824 1.123639
v 0.661756 0.387463 1.122407
v 0.642760 0.376478 1.127038
v 0.663961 0.409841 1.125933
v 0.648184 0.417147 1.130895
v 0.647404 0.397204 1.129478
v 0.629939 0.388435 1.131846
v 0.623224 0.369671 1.130550
v 0.557094 0.325775 1.126018
v 0.597849 0.334668 1.124883
v 0.576099 0.337255 1.129336
v 0.612510 0.351487 1.128210
v 0.603906 0.366929 1.132855
v 0.591791 0.351260 1.131632
v 0.572572 0.354681 1.133824
v 0.556325 0.343521 1.132620
v 0.477469 0.347594 1.127535
v 0.515625 0.330343 1.126930
v 0.499466 0.345542 1.131024
v 0.537178 0.335208 1.130306
v 0.539078 0.352920 1.134658
v 0.520238 0.347497 1.133414
v 0.506623 0.361813 1.135277
v 0.487034 0.362509 1.133940
v 0.425509 0.412947 1.127610
v 0.446492 0.376142 1.127766
v 0.442132 0.398175 1.131455
v 0.466742 0.367221 1.131420
v 0.478462 0.380469 1.135617
v 0.460077 0.387352 1.134141
v 0.457283 0.407107 1.135648
v 0.441817 0.419380 1.134006
v 0.421061 0.496871 1.126215
v 0.416856 0.454571 1.127073
v 0.425997 0.475048 1.130466
v 0.428104 0.435299 1.131127
v 0.445211 0.439055 1.135365
v 0.434287 0.455602 1.133538
v 0.443397 0.473263 1.134797
v 0.437946 0.492413 1.132791
v 0.465823 0.567311 1.123882
v 0.438037 0.535672 1.125114
v 0.457223 0.546799 1.128434
v 0.436023 0.513437 1.129539
v 0.452025 0.506299 1.133999
v 0.452719 0.526178 1.131833
v 0.470270 0.535010 1.133048
v 0.476899 0.553711 1.130761
v 0.542699 0.597360 1.121502
v 0.501944 0.588467 1.122638
v 0.523885 0.586022 1.126135
v 0.487474 0.571790 1.127262
v 0.496303 0.556517 1.132039
v 0.508332 0.572122 1.129679
v 0.527637 0.568765 1.131070
v 0.543798 0.579860 1.128690
v 0.584167 0.592792 1.120591
v 0.600518 0.577735 1.124447
v 0.562805 0.588069 1.125166
v 0.561131 0.570526 1.130236
v 0.579885 0.575885 1.127897
v 0.593586 0.561633 1.129617
v 0.612954 0.498702 1.130051
v 0.626047 0.491408 1.130112
v 0.628001 0.507558 1.130204
v 0.613237 0.513878 1.130017
v 0.642185 0.497720 1.130189
v 0.626654 0.524962 1.130073
v 0.603726 0.546092 1.130244
v 0.610230 0.529910 1.130229
v 0.594324 0.531308 1.130158
v 0.598612 0.516740 1.130072
v 0.622356 0.453905 1.130628
v 0.628764 0.440169 1.130964
v 0.639652 0.452048 1.130918
v 0.631331 0.465995 1.130441
v 0.645478 0.435603 1.131222
v 0.648589 0.466912 1.130587
v 0.638131 0.480751 1.130441
v 0.621128 0.477068 1.130242
v 0.604159 0.412092 1.131812
v 0.601434 0.397163 1.132389
v 0.617104 0.400236 1.132386
v 0.618399 0.416480 1.131637
v 0.612346 0.383466 1.132948
v 0.632913 0.406884 1.132037
v 0.632413 0.424327 1.131588
v 0.616514 0.431534 1.131168
v 0.565313 0.389235 1.133152
v 0.554499 0.378817 1.133842
v 0.568967 0.371913 1.134046
v 0.579381 0.384246 1.133148
v 0.555446 0.361225 1.134709
v 0.585611 0.367807 1.133869
v 0.595260 0.382190 1.133232
v 0.586531 0.397529 1.132495
v 0.520655 0.394065 1.134135
v 0.505885 0.392138 1.134768
v 0.513630 0.377897 1.135264
v 0.529181 0.381606 1.134398
v 0.496511 0.377375 1.135832
v 0.524753 0.364606 1.135384
v 0.540863 0.370435 1.134745
v 0.542632 0.388043 1.133716
v 0.487244 0.424735 1.134386
v 0.474162 0.432038 1.134813
v 0.472229 0.415903 1.135576
v 0.486973 0.409568 1.134909
v 0.458052 0.425746 1.135888
v 0.473583 0.398505 1.136003
v 0.490000 0.393552 1.135550
v 0.501586 0.406698 1.134366
v 0.477842 0.469533 1.133810
v 0.471446 0.483278 1.133961
v 0.460578 0.471414 1.134861
v 0.468879 0.457451 1.134485
v 0.454760 0.487864 1.134855
v 0.451648 0.456555 1.135490
v 0.462099 0.442710 1.135339
v 0.479069 0.446369 1.134195
v 0.496039 0.511345 1.132626
v 0.498775 0.526283 1.132537
v 0.483127 0.523226 1.133394
v 0.481810 0.506967 1.133289
v 0.487891 0.540000 1.133128
v 0.467324 0.516583 1.134040
v 0.467817 0.499134 1.134192
v 0.483684 0.491904 1.133269
v 0.534885 0.534203 1.131286
v 0.545710 0.544629 1.131084
v 0.531263 0.551549 1.131734
v 0.520828 0.539200 1.131778
v 0.544791 0.562242 1.131367
v 0.514626 0.555660 1.132207
v 0.504970 0.541272 1.132548
v 0.513667 0.525909 1.131943
v 0.579543 0.529373 1.130303
v 0.586600 0.545564 1.130515
v 0.571028 0.541840 1.130528
v 0.575485 0.558860 1.130692
v 0.559368 0.553027 1.131034
v 0.557566 0.535395 1.130721
v 0.585054 0.482297 1.133751
v 0.594278 0.479005 1.132892
v 0.597917 0.489859 1.131740
v 0.586834 0.492062 1.132837
v 0.609666 0.485006 1.130775
v 0.599620 0.502628 1.130700
v 0.584787 0.516297 1.130811
v 0.587013 0.503574 1.131756
v 0.575844 0.502191 1.132919
v 0.577094 0.492309 1.133762
v 0.590273 0.457430 1.134071
v 0.595856 0.449230 1.133387
v 0.605066 0.455798 1.132179
v 0.597348 0.464237 1.133083
v 0.611796 0.444822 1.131443
v 0.613809 0.465076 1.131032
v 0.604133 0.473410 1.131886
v 0.589592 0.470288 1.133857
v 0.580172 0.434221 1.134728
v 0.579975 0.424240 1.134215
v 0.591230 0.424007 1.133079
v 0.589834 0.435464 1.133778
v 0.590363 0.411095 1.132560
v 0.603668 0.426244 1.131970
v 0.600624 0.438789 1.132590
v 0.587030 0.445012 1.134371
v 0.558609 0.421533 1.135472
v 0.552701 0.413579 1.135059
v 0.561694 0.406629 1.134098
v 0.567160 0.416733 1.134656
v 0.553555 0.396708 1.133699
v 0.573068 0.400965 1.133155
v 0.577827 0.412935 1.133598
v 0.570387 0.426137 1.135107
v 0.533821 0.424214 1.136017
v 0.524452 0.421320 1.135597
v 0.527740 0.410301 1.134845
v 0.537989 0.415199 1.135383
v 0.515430 0.407155 1.134426
v 0.533699 0.398895 1.134136
v 0.544450 0.405722 1.134527
v 0.546020 0.420871 1.135785
v 0.515275 0.441239 1.136157
v 0.506017 0.444505 1.135624
v 0.502337 0.433620 1.135036
v 0.513462 0.431448 1.135679
v 0.490551 0.438446 1.134461
v 0.500598 0.420824 1.134536
v 0.513241 0.419906 1.135021
v 0.523235 0.431227 1.136145
v 0.510056 0.466105 1.135837
v 0.504440 0.474280 1.135129
v 0.495188 0.467681 1.134598
v 0.502947 0.459273 1.135433
v 0.488421 0.478630 1.133793
v 0.486407 0.458376 1.134204
v 0.496121 0.450069 1.134891
v 0.510737 0.453247 1.136051
v 0.520157 0.489315 1.135180
v 0.520320 0.499271 1.134301
v 0.509024 0.499473 1.133698
v 0.510462 0.488046 1.134738
v 0.509854 0.512357 1.132676
v 0.496549 0.497208 1.133266
v 0.499630 0.484690 1.134187
v 0.513299 0.478523 1.135537
v 0.541720 0.502002 1.134436
v 0.547594 0.509932 1.133457
v 0.538560 0.516851 1.132679
v 0.533135 0.506777 1.133860
v 0.546662 0.526745 1.131537
v 0.527149 0.522487 1.132081
v 0.522427 0.510545 1.133179
v 0.529942 0.497398 1.134800
v 0.566508 0.499322 1.133890
v 0.572514 0.513179 1.131932
v 0.562307 0.508311 1.133134
v 0.566518 0.524557 1.131100
v 0.555804 0.517758 1.132250
v 0.554309 0.502665 1.134123
v 0.552095 0.458798 0.698178
v 0.546921 0.465305 0.698185
v 0.556186 0.471390 0.698772
v 0.559855 0.466774 0.698767
v 0.557202 0.481436 0.700005
v 0.565473 0.475236 0.699994
v 0.569710 0.465703 0.699987
v 0.552538 0.450443 0.698316
v 0.563105 0.458175 0.698843
v 0.563419 0.452247 0.698941
v 0.572840 0.455740 0.700166
v 0.570781 0.445501 0.700323
v 0.548081 0.443430 0.698549
v 0.561097 0.443355 0.699156
v 0.557936 0.438380 0.699321
v 0.567575 0.435580 0.700653
v 0.560006 0.428545 0.700884
v 0.540427 0.440438 0.698786
v 0.550928 0.432592 0.699592
v 0.545499 0.430469 0.699760
v 0.551689 0.422456 0.701269
v 0.541500 0.421311 0.701457
v 0.532500 0.442610 0.698937
v 0.536483 0.429995 0.699985
v 0.530860 0.431536 0.700092
v 0.531250 0.421381 0.701777
v 0.522332 0.426563 0.701822
v 0.527327 0.449117 0.698944
v 0.523280 0.436557 0.700184
v 0.519610 0.441173 0.700189
v 0.514065 0.432766 0.701985
v 0.509824 0.442295 0.701840
v 0.526884 0.457472 0.698805
v 0.516360 0.449773 0.700113
v 0.516046 0.455700 0.700014
v 0.506698 0.452262 0.701813
v 0.508753 0.462498 0.701504
v 0.531340 0.464485 0.698573
v 0.518368 0.464592 0.699799
v 0.521530 0.469567 0.699635
v 0.511963 0.472422 0.701326
v 0.519529 0.479454 0.700943
v 0.538994 0.467477 0.698336
v 0.528537 0.475356 0.699363
v 0.533966 0.477478 0.699195
v 0.527849 0.485546 0.700711
v 0.538034 0.486688 0.700370
v 0.542982 0.477953 0.698971
v 0.548606 0.476412 0.698864
v 0.548288 0.486621 0.700202
v 0.571745 0.470017 1.112509
v 0.573223 0.475342 1.114329
v 0.568731 0.477147 1.112712
v 0.566221 0.471963 1.111048
v 0.567932 0.481996 1.114337
v 0.562513 0.481630 1.112522
v 0.563233 0.475721 1.111052
v 0.555844 0.471206 1.109298
v 0.560354 0.465534 1.109292
v 0.572536 0.455105 1.112756
v 0.576790 0.458554 1.114544
v 0.574200 0.462674 1.112840
v 0.569189 0.459961 1.111192
v 0.576338 0.467099 1.114402
v 0.568933 0.464786 1.111112
v 0.560740 0.458250 1.109413
v 0.564582 0.442589 1.113171
v 0.570006 0.442858 1.114987
v 0.570291 0.447708 1.113201
v 0.564676 0.448489 1.111505
v 0.574564 0.450030 1.114750
v 0.567250 0.452539 1.111371
v 0.556855 0.452137 1.109615
v 0.550922 0.437250 1.113594
v 0.555462 0.434250 1.115490
v 0.558498 0.437965 1.113658
v 0.554408 0.441930 1.111869
v 0.563290 0.437309 1.115248
v 0.558828 0.443658 1.111732
v 0.550182 0.449529 1.109822
v 0.536774 0.441127 1.113863
v 0.538713 0.436017 1.115860
v 0.543325 0.437168 1.114036
v 0.542305 0.442789 1.112143
v 0.546821 0.433795 1.115705
v 0.546884 0.441534 1.112056
v 0.543272 0.451423 1.109954
v 0.527541 0.452739 1.113877
v 0.526157 0.447484 1.115955
v 0.530568 0.445619 1.114190
v 0.532991 0.450737 1.112224
v 0.531448 0.440830 1.115947
v 0.535979 0.446980 1.112220
v 0.538762 0.457095 1.109960
v 0.526751 0.467652 1.113629
v 0.522589 0.464272 1.115740
v 0.525098 0.460092 1.114062
v 0.530023 0.462740 1.112080
v 0.523042 0.455727 1.115882
v 0.530279 0.457914 1.112161
v 0.538376 0.464378 1.109839
v 0.534705 0.480168 1.113214
v 0.529373 0.479968 1.115297
v 0.529007 0.475058 1.113701
v 0.534535 0.474212 1.111767
v 0.524815 0.472796 1.115534
v 0.531961 0.470162 1.111901
v 0.542261 0.470492 1.109637
v 0.548364 0.485507 1.112791
v 0.543917 0.488577 1.114794
v 0.540800 0.484801 1.113244
v 0.544804 0.480771 1.111403
v 0.536090 0.485517 1.115036
v 0.540384 0.479044 1.111540
v 0.548933 0.473100 1.109430
v 0.560667 0.486810 1.114425
v 0.555974 0.485599 1.112866
v 0.556906 0.479913 1.111129
v 0.552559 0.489031 1.114579
v 0.552328 0.481167 1.111216
v 0.571388 0.474251 1.133064
v 0.575359 0.471613 1.133793
v 0.576419 0.477216 1.134154
v 0.571107 0.479070 1.133762
v 0.582584 0.474442 1.134200
v 0.577116 0.484033 1.134160
v 0.569044 0.491473 1.134220
v 0.570428 0.484749 1.134163
v 0.564831 0.484855 1.133808
v 0.566540 0.480350 1.133071
v 0.574568 0.459105 1.133259
v 0.576260 0.454608 1.134076
v 0.580346 0.458506 1.134395
v 0.577112 0.463178 1.133902
v 0.583743 0.452572 1.134564
v 0.584839 0.463595 1.134341
v 0.579833 0.468180 1.134234
v 0.574152 0.466937 1.133129
v 0.568415 0.444968 1.133659
v 0.567190 0.440335 1.134549
v 0.572745 0.441043 1.134890
v 0.572820 0.446746 1.134299
v 0.572079 0.434217 1.135172
v 0.579320 0.442461 1.134851
v 0.577906 0.449163 1.134621
v 0.572592 0.451541 1.133442
v 0.555281 0.437240 1.134112
v 0.551614 0.434247 1.135031
v 0.556521 0.431497 1.135449
v 0.559872 0.436048 1.134801
v 0.552046 0.426386 1.135792
v 0.562666 0.428704 1.135496
v 0.565383 0.434960 1.135175
v 0.562455 0.440044 1.133890
v 0.540182 0.438873 1.134445
v 0.535480 0.438667 1.135338
v 0.537870 0.433514 1.135860
v 0.543211 0.435172 1.135216
v 0.531297 0.432072 1.136187
v 0.541240 0.427577 1.136030
v 0.547049 0.430998 1.135685
v 0.547612 0.436836 1.134303
v 0.528885 0.449243 1.134530
v 0.524952 0.451909 1.135353
v 0.523916 0.446323 1.135965
v 0.529203 0.444452 1.135385
v 0.517757 0.449102 1.136207
v 0.523224 0.439511 1.136248
v 0.529905 0.438790 1.135956
v 0.533734 0.443144 1.134523
v 0.525706 0.464389 1.134335
v 0.524051 0.468914 1.135071
v 0.519989 0.465033 1.135724
v 0.523199 0.460343 1.135244
v 0.516598 0.470972 1.135843
v 0.515502 0.459949 1.136067
v 0.520501 0.455359 1.135885
v 0.526121 0.456557 1.134465
v 0.531859 0.478526 1.133934
v 0.533121 0.483187 1.134598
v 0.527589 0.482497 1.135230
v 0.527490 0.476776 1.134848
v 0.528262 0.489328 1.135235
v 0.521021 0.481083 1.135556
v 0.522428 0.474377 1.135498
v 0.527681 0.471953 1.134152
v 0.544993 0.486254 1.133481
v 0.548697 0.489275 1.134116
v 0.543813 0.492043 1.134670
v 0.540439 0.487474 1.134346
v 0.548295 0.497158 1.134615
v 0.537674 0.494841 1.134911
v 0.534951 0.488579 1.134944
v 0.537819 0.483450 1.133703
v 0.560092 0.484622 1.133149
v 0.562464 0.490026 1.134259
v 0.557099 0.488350 1.133931
v 0.559101 0.495968 1.134378
v 0.553285 0.492541 1.134434
v 0.552661 0.486658 1.133290
v 0.568542 0.472557 1.128076
v 0.569991 0.469477 1.129583
v 0.568963 0.472816 1.130918
v 0.566627 0.475377 1.129558
v 0.571449 0.470069 1.132121
v 0.567850 0.476382 1.132095
v 0.562536 0.481279 1.132134
v 0.564655 0.478234 1.130924
v 0.561661 0.479953 1.129595
v 0.564315 0.477874 1.128082
v 0.571314 0.459353 1.128246
v 0.570704 0.456023 1.129807
v 0.571787 0.459360 1.131091
v 0.571378 0.462804 1.129669
v 0.572212 0.455673 1.132361
v 0.572933 0.462929 1.132214
v 0.571418 0.466318 1.130976
v 0.570952 0.466181 1.128133
v 0.565950 0.447028 1.128595
v 0.563528 0.444731 1.130181
v 0.566321 0.446800 1.131447
v 0.567982 0.449803 1.129983
v 0.564534 0.443590 1.132761
v 0.569300 0.449017 1.132550
v 0.570032 0.452640 1.131254
v 0.569592 0.452759 1.128406
v 0.554500 0.440290 1.128990
v 0.551205 0.439915 1.130562
v 0.554653 0.439935 1.131849
v 0.557738 0.441340 1.130380
v 0.551347 0.438436 1.133169
v 0.558338 0.439961 1.132974
v 0.561026 0.442426 1.131652
v 0.560754 0.442735 1.128797
v 0.541336 0.441714 1.129280
v 0.538440 0.443412 1.130805
v 0.541240 0.441386 1.132145
v 0.544557 0.440647 1.130708
v 0.537689 0.442179 1.133429
v 0.544234 0.439220 1.133325
v 0.547841 0.439577 1.132019
v 0.547814 0.439938 1.129157
v 0.531488 0.450755 1.129354
v 0.530111 0.453889 1.130817
v 0.531204 0.450599 1.132220
v 0.533475 0.447989 1.130842
v 0.528776 0.453389 1.133442
v 0.532375 0.447076 1.133469
v 0.535512 0.445180 1.132214
v 0.535715 0.445438 1.129348
v 0.528716 0.463960 1.129184
v 0.529398 0.467342 1.130594
v 0.528380 0.464054 1.132047
v 0.528724 0.460561 1.130731
v 0.528013 0.467785 1.133203
v 0.527292 0.460529 1.133350
v 0.528748 0.457097 1.132163
v 0.529078 0.457132 1.129298
v 0.534080 0.476284 1.128835
v 0.536573 0.478634 1.130220
v 0.533845 0.476613 1.131691
v 0.532119 0.473562 1.130417
v 0.535691 0.479867 1.132803
v 0.530925 0.474440 1.133014
v 0.530135 0.470774 1.131885
v 0.530438 0.470554 1.129025
v 0.545530 0.483022 1.128440
v 0.548897 0.483451 1.129838
v 0.545514 0.483479 1.131289
v 0.542363 0.482025 1.130020
v 0.548878 0.485022 1.132394
v 0.541887 0.483496 1.132589
v 0.539140 0.480988 1.131486
v 0.539276 0.480577 1.128634
v 0.558694 0.481598 1.128151
v 0.558927 0.482028 1.130994
v 0.555544 0.482719 1.129692
v 0.555991 0.484238 1.132238
v 0.552326 0.483837 1.131119
v 0.552216 0.483374 1.128274
v 0.571721 0.474403 1.121412
v 0.572187 0.470281 1.123177
v 0.569608 0.473172 1.124857
v 0.568426 0.476876 1.123149
v 0.570409 0.469614 1.126523
v 0.566962 0.475659 1.126498
v 0.561874 0.480349 1.126536
v 0.565120 0.478817 1.124863
v 0.562877 0.481991 1.123191
v 0.566733 0.480677 1.121419
v 0.574992 0.458821 1.121612
v 0.572984 0.455244 1.123427
v 0.572550 0.459154 1.125037
v 0.573737 0.462823 1.123274
v 0.571139 0.455830 1.126753
v 0.571830 0.462777 1.126612
v 0.572166 0.466402 1.124917
v 0.574565 0.466878 1.121478
v 0.568662 0.444277 1.122024
v 0.564963 0.442622 1.123845
v 0.566856 0.446069 1.125408
v 0.569942 0.448292 1.123625
v 0.563787 0.444260 1.127136
v 0.568351 0.449456 1.126933
v 0.570722 0.452153 1.125206
v 0.572960 0.451039 1.121800
v 0.555150 0.436326 1.122490
v 0.551189 0.437238 1.124272
v 0.554700 0.438917 1.125827
v 0.558491 0.438831 1.124068
v 0.551160 0.439324 1.127527
v 0.557854 0.440784 1.127340
v 0.561339 0.441512 1.125621
v 0.562531 0.439211 1.122262
v 0.539617 0.438006 1.122832
v 0.536921 0.441147 1.124543
v 0.540725 0.440428 1.126135
v 0.543759 0.438056 1.124435
v 0.538081 0.442908 1.127776
v 0.544349 0.440074 1.127676
v 0.547602 0.438544 1.126004
v 0.547261 0.435911 1.122686
v 0.527995 0.448675 1.122919
v 0.527611 0.452858 1.124557
v 0.530270 0.450026 1.126213
v 0.531371 0.446263 1.124585
v 0.529547 0.453642 1.127788
v 0.532993 0.447597 1.127814
v 0.534758 0.444381 1.126207
v 0.532983 0.442400 1.122912
v 0.524724 0.464257 1.122719
v 0.526814 0.467895 1.124307
v 0.527328 0.464045 1.126033
v 0.526061 0.460316 1.124461
v 0.528816 0.467427 1.127559
v 0.528125 0.460479 1.127700
v 0.527712 0.456796 1.126153
v 0.525151 0.456200 1.122853
v 0.531054 0.478801 1.122307
v 0.534834 0.480516 1.123889
v 0.533022 0.477129 1.125662
v 0.529856 0.474847 1.124110
v 0.536168 0.478997 1.127176
v 0.531604 0.473800 1.127378
v 0.529156 0.471045 1.125864
v 0.526756 0.472038 1.122531
v 0.544566 0.486751 1.121841
v 0.548609 0.485901 1.123463
v 0.545178 0.484281 1.125243
v 0.541307 0.484307 1.123666
v 0.548795 0.483933 1.126785
v 0.542101 0.482472 1.126971
v 0.538538 0.481686 1.125449
v 0.537185 0.483867 1.122069
v 0.560100 0.485072 1.121499
v 0.559153 0.482770 1.124935
v 0.556040 0.485082 1.123299
v 0.555607 0.483182 1.126635
v 0.552276 0.484655 1.125067
v 0.552455 0.487166 1.121645
v 0.576120 0.471759 1.116092
v 0.574042 0.475763 1.117864
v 0.571812 0.479685 1.116105
v 0.574867 0.471300 1.119669
v 0.570641 0.478712 1.119637
v 0.564403 0.484461 1.119684
v 0.568513 0.482718 1.117872
v 0.565097 0.485623 1.116108
v 0.577064 0.453955 1.116388
v 0.577677 0.458467 1.118087
v 0.578139 0.462939 1.116253
v 0.575763 0.454398 1.119950
v 0.576609 0.462917 1.119777
v 0.577203 0.467397 1.117938
v 0.567567 0.439012 1.116883
v 0.570654 0.442320 1.118544
v 0.573617 0.445624 1.116671
v 0.566748 0.440213 1.120420
v 0.572344 0.446584 1.120172
v 0.575417 0.449815 1.118296
v 0.551259 0.432638 1.117388
v 0.555656 0.433490 1.119061
v 0.559972 0.434351 1.117200
v 0.551267 0.434161 1.120899
v 0.559474 0.435952 1.120670
v 0.563836 0.436688 1.118808
v 0.534367 0.437266 1.117709
v 0.538413 0.435351 1.119441
v 0.542416 0.433428 1.117637
v 0.535231 0.438555 1.121204
v 0.542915 0.435081 1.121083
v 0.546885 0.433029 1.119280
v 0.523345 0.451130 1.117725
v 0.525508 0.447190 1.119538
v 0.527655 0.443206 1.117816
v 0.524767 0.451717 1.121220
v 0.528993 0.444304 1.121251
v 0.531037 0.440236 1.119530
v 0.522401 0.468934 1.117429
v 0.521874 0.464487 1.119316
v 0.521328 0.459952 1.117668
v 0.523871 0.468618 1.120939
v 0.523024 0.460099 1.121111
v 0.522347 0.455557 1.119464
v 0.531897 0.483878 1.116934
v 0.528896 0.480634 1.118858
v 0.525850 0.477268 1.117249
v 0.532885 0.482804 1.120469
v 0.527290 0.476432 1.120717
v 0.524133 0.473139 1.119107
v 0.548205 0.490252 1.116430
v 0.543894 0.489464 1.118341
v 0.539495 0.488541 1.116721
v 0.548367 0.488855 1.119990
v 0.540160 0.487064 1.120218
v 0.535714 0.486266 1.118594
v 0.556718 0.487935 1.119806
v 0.561138 0.487603 1.117962
v 0.552665 0.489925 1.118123
v 0.557050 0.489464 1.116284
v 0.568963 0.486966 0.702156
v 0.570904 0.502873 0.705608
v 0.588480 0.509129 0.710169
v 0.584319 0.490794 0.705518
v 0.588521 0.530369 0.716170
v 0.610831 0.534360 0.723242
v 0.609191 0.511319 0.716016
v 0.631658 0.508164 0.723212
v 0.623193 0.486761 0.716120
v 0.602788 0.491133 0.710149
v 0.593134 0.474913 0.705576
v 0.577459 0.476281 0.702144
v 0.582415 0.463164 0.702259
v 0.610955 0.469520 0.710340
v 0.597046 0.457117 0.705816
v 0.643530 0.476746 0.723489
v 0.628967 0.458986 0.716479
v 0.645313 0.443107 0.724049
v 0.626161 0.430761 0.717052
v 0.612180 0.446410 0.710724
v 0.595037 0.439008 0.706173
v 0.583142 0.449442 0.702488
v 0.579600 0.435879 0.702815
v 0.606343 0.424060 0.711264
v 0.587951 0.422293 0.706657
v 0.636828 0.410618 0.724833
v 0.614833 0.404870 0.717786
v 0.618886 0.382384 0.725769
v 0.596292 0.383759 0.718608
v 0.594017 0.404664 0.711906
v 0.575887 0.408873 0.707171
v 0.572281 0.424362 0.703197
v 0.561593 0.415533 0.703611
v 0.576406 0.390115 0.712588
v 0.560509 0.399623 0.707720
v 0.593285 0.361235 0.726760
v 0.572190 0.369641 0.719438
v 0.562471 0.349189 0.727714
v 0.544996 0.363707 0.720196
v 0.555237 0.381840 0.713244
v 0.542997 0.396017 0.708189
v 0.549024 0.410620 0.704000
v 0.535273 0.409897 0.704342
v 0.532578 0.380649 0.713808
v 0.525203 0.397766 0.708599
v 0.529533 0.347458 0.728534
v 0.517325 0.366756 0.720804
v 0.497617 0.356203 0.729142
v 0.491864 0.378266 0.721208
v 0.510652 0.386657 0.714226
v 0.508932 0.405352 0.708838
v 0.522254 0.413464 0.704590
v 0.510693 0.421123 0.704730
v 0.491600 0.399278 0.714456
v 0.495517 0.417431 0.708958
v 0.469923 0.374550 0.729477
v 0.471194 0.397316 0.721362
v 0.449096 0.400746 0.729507
v 0.457193 0.421874 0.721258
v 0.477293 0.417274 0.714477
v 0.486702 0.433311 0.708870
v 0.502197 0.431809 0.704742
v 0.497240 0.444925 0.704626
v 0.469125 0.438887 0.714285
v 0.482792 0.451108 0.708660
v 0.437223 0.432163 0.729229
v 0.451419 0.449649 0.720899
v 0.435440 0.465803 0.728670
v 0.454224 0.477875 0.720327
v 0.467900 0.461997 0.713901
v 0.484799 0.469216 0.708273
v 0.496513 0.458647 0.704398
v 0.500055 0.472210 0.704070
v 0.473737 0.484346 0.713361
v 0.491887 0.485933 0.707819
v 0.443925 0.498291 0.727885
v 0.465552 0.503765 0.719592
v 0.461868 0.526526 0.726950
v 0.484094 0.524877 0.718770
v 0.486063 0.503743 0.712719
v 0.503950 0.499352 0.707274
v 0.507374 0.483727 0.703689
v 0.518062 0.492557 0.703275
v 0.503675 0.518292 0.712037
v 0.519328 0.508603 0.706756
v 0.487468 0.547675 0.725958
v 0.508196 0.538994 0.717940
v 0.518282 0.559720 0.725005
v 0.535390 0.544928 0.717183
v 0.524844 0.526567 0.711381
v 0.536839 0.512208 0.706257
v 0.530631 0.497470 0.702886
v 0.544382 0.498193 0.702544
v 0.547502 0.527758 0.710817
v 0.554634 0.510460 0.705877
v 0.551220 0.561452 0.724185
v 0.563061 0.541879 0.716574
v 0.583137 0.552706 0.723577
v 0.569428 0.521750 0.710400
v 0.557401 0.494626 0.702296
v 0.606576 0.558451 0.731883
v 0.632049 0.558247 0.741474
v 0.634798 0.532442 0.731673
v 0.623125 0.584066 0.752584
v 0.651140 0.579678 0.764443
v 0.658203 0.551737 0.752322
v 0.683579 0.538877 0.764396
v 0.681965 0.510059 0.752499
v 0.659013 0.524333 0.741435
v 0.653914 0.498911 0.731815
v 0.674384 0.483658 0.741795
v 0.661797 0.460990 0.732305
v 0.702070 0.489943 0.764829
v 0.691764 0.462924 0.753108
v 0.704847 0.437548 0.765700
v 0.687002 0.415022 0.754079
v 0.676692 0.440106 0.742519
v 0.657966 0.422452 0.733086
v 0.665707 0.398044 0.743535
v 0.642501 0.387103 0.734089
v 0.691632 0.386946 0.766922
v 0.667778 0.371084 0.755326
v 0.663686 0.342970 0.768378
v 0.636313 0.335256 0.756721
v 0.642478 0.361490 0.744746
v 0.617186 0.358278 0.735211
v 0.609334 0.334109 0.746030
v 0.584278 0.339003 0.736345
v 0.623812 0.310029 0.769923
v 0.595409 0.311297 0.758130
v 0.575818 0.291269 0.771409
v 0.549258 0.301228 0.759415
v 0.569440 0.318515 0.747265
v 0.547149 0.330902 0.737379
v 0.526797 0.316272 0.748326
v 0.509369 0.335064 0.738210
v 0.524516 0.288571 0.772686
v 0.502299 0.306401 0.760448
v 0.474805 0.302193 0.773633
v 0.459090 0.325935 0.761133
v 0.485476 0.327595 0.749113
v 0.474607 0.350780 0.738761
v 0.449622 0.351348 0.749547
v 0.446385 0.376789 0.738972
v 0.431671 0.330768 0.774155
v 0.424011 0.358264 0.761395
v 0.399231 0.371569 0.774202
v 0.400250 0.399942 0.761218
v 0.422657 0.385262 0.749586
v 0.427269 0.410320 0.738829
v 0.407287 0.425938 0.749226
v 0.419385 0.448241 0.738340
v 0.380740 0.420504 0.773769
v 0.390451 0.447078 0.760609
v 0.377963 0.472899 0.772897
v 0.395212 0.494979 0.759638
v 0.404978 0.469489 0.748502
v 0.423216 0.486779 0.737558
v 0.415964 0.511551 0.747486
v 0.438682 0.522128 0.736555
v 0.391179 0.523500 0.771675
v 0.414436 0.538918 0.758391
v 0.419124 0.567477 0.770219
v 0.445902 0.574746 0.756996
v 0.439193 0.548105 0.746276
v 0.463997 0.550953 0.735433
v 0.472337 0.575486 0.744992
v 0.496904 0.570227 0.734299
v 0.458998 0.600418 0.768674
v 0.486805 0.598704 0.755587
v 0.506992 0.619178 0.767189
v 0.532957 0.608774 0.754301
v 0.512231 0.591080 0.743757
v 0.534034 0.578329 0.733265
v 0.554874 0.593323 0.742695
v 0.571814 0.574167 0.732434
v 0.558295 0.621875 0.765911
v 0.579916 0.603601 0.753269
v 0.608005 0.608254 0.764964
v 0.596195 0.582000 0.741908
v 0.637757 0.606579 0.777760
v 0.667618 0.598108 0.791609
v 0.678829 0.568727 0.777453
v 0.650116 0.625440 0.806795
v 0.681095 0.613104 0.822280
v 0.696169 0.582997 0.806451
v 0.721970 0.561692 0.822221
v 0.727365 0.528280 0.806683
v 0.704731 0.551429 0.791555
v 0.706650 0.519929 0.777660
v 0.725886 0.495444 0.792051
v 0.718123 0.464741 0.778373
v 0.745271 0.500031 0.822767
v 0.740229 0.466397 0.807483
v 0.748770 0.434009 0.823865
v 0.733978 0.403509 0.808758
v 0.729063 0.435500 0.793047
v 0.712548 0.408656 0.779510
v 0.713944 0.377608 0.794446
v 0.690040 0.357211 0.780970
v 0.732118 0.370247 0.825405
v 0.708740 0.345823 0.810395
v 0.696904 0.314834 0.827240
v 0.667430 0.298786 0.812226
v 0.681972 0.327295 0.796112
v 0.653198 0.315262 0.782604
v 0.636353 0.289609 0.797879
v 0.605307 0.287210 0.784253
v 0.646660 0.273326 0.829187
v 0.613729 0.267332 0.814076
v 0.586183 0.249687 0.831058
v 0.553138 0.254111 0.815764
v 0.581443 0.268146 0.799579
v 0.551271 0.275420 0.785758
v 0.522750 0.265059 0.801040
v 0.496289 0.281477 0.786967
v 0.521539 0.246287 0.832668
v 0.491487 0.260903 0.817119
v 0.458900 0.263451 0.833861
v 0.434760 0.286550 0.818019
v 0.465877 0.280643 0.802123
v 0.445698 0.304349 0.787770
v 0.416528 0.313336 0.802721
v 0.404627 0.342201 0.788076
v 0.404548 0.299459 0.834518
v 0.388707 0.328993 0.818363
v 0.363672 0.350871 0.834578
v 0.357511 0.383710 0.818130
v 0.379415 0.360015 0.802774
v 0.376806 0.390999 0.787869
v 0.358260 0.416000 0.802279
v 0.365333 0.446188 0.787156
v 0.340371 0.412532 0.834032
v 0.344646 0.445593 0.817331
v 0.336872 0.478553 0.832934
v 0.350897 0.508481 0.816056
v 0.355082 0.475944 0.801282
v 0.370908 0.502273 0.786019
v 0.370201 0.533836 0.799884
v 0.393416 0.553718 0.784559
v 0.353524 0.542315 0.831394
v 0.376135 0.566166 0.814419
v 0.388738 0.597728 0.829559
v 0.417446 0.613204 0.812587
v 0.402174 0.584148 0.798218
v 0.430257 0.595667 0.782926
v 0.447793 0.621836 0.796450
v 0.478149 0.623718 0.781276
v 0.438982 0.639236 0.827613
v 0.471147 0.644657 0.810738
v 0.499458 0.662875 0.825741
v 0.531737 0.657878 0.809050
v 0.502702 0.643299 0.794751
v 0.532184 0.635508 0.779771
v 0.561395 0.646385 0.793289
v 0.587167 0.629451 0.778562
v 0.564103 0.666275 0.824131
v 0.593389 0.651086 0.807695
v 0.626742 0.649111 0.822938
v 0.618268 0.630801 0.792206
v 0.659894 0.640181 0.838970
v 0.691219 0.624272 0.855721
v 0.709795 0.594192 0.838597
v 0.666853 0.650442 0.873497
v 0.697763 0.631364 0.891093
v 0.719373 0.602039 0.873105
v 0.743074 0.574373 0.891028
v 0.754949 0.539638 0.873370
v 0.734848 0.569398 0.855658
v 0.743597 0.534903 0.838849
v 0.759717 0.503583 0.856240
v 0.757537 0.467850 0.839715
v 0.768902 0.506021 0.891633
v 0.769620 0.469065 0.874281
v 0.772782 0.432836 0.892849
v 0.762491 0.397346 0.875736
v 0.763452 0.433115 0.857412
v 0.750763 0.399708 0.841097
v 0.745678 0.365058 0.859056
v 0.723416 0.337203 0.842871
v 0.754322 0.362155 0.894557
v 0.733709 0.331561 0.877603
v 0.715288 0.300729 0.896591
v 0.686598 0.277918 0.879691
v 0.708093 0.305912 0.861015
v 0.678654 0.286235 0.844855
v 0.654464 0.261609 0.863093
v 0.620467 0.252154 0.846859
v 0.659592 0.254717 0.898749
v 0.625356 0.242048 0.881800
v 0.592553 0.228513 0.900824
v 0.556258 0.226971 0.883725
v 0.589915 0.236378 0.865090
v 0.554815 0.237829 0.848688
v 0.520917 0.232749 0.866808
v 0.488012 0.245188 0.850157
v 0.520894 0.224744 0.902608
v 0.485949 0.234716 0.885271
v 0.451458 0.243771 0.903931
v 0.421256 0.263964 0.886297
v 0.454058 0.251070 0.868082
v 0.426546 0.272977 0.851132
v 0.396045 0.289502 0.868784
v 0.376645 0.318966 0.851504
v 0.391208 0.283686 0.904659
v 0.368736 0.312367 0.886689
v 0.345897 0.340676 0.904725
v 0.333160 0.374768 0.886424
v 0.352416 0.344377 0.868847
v 0.342842 0.378255 0.851252
v 0.327547 0.410191 0.868264
v 0.328903 0.445308 0.850386
v 0.320068 0.409028 0.904120
v 0.318489 0.445341 0.885513
v 0.316189 0.482214 0.902903
v 0.325618 0.517060 0.884058
v 0.323811 0.480659 0.867093
v 0.335676 0.513451 0.849004
v 0.341585 0.548716 0.865449
v 0.363023 0.575955 0.847231
v 0.334648 0.552894 0.901196
v 0.354400 0.582845 0.882192
v 0.373683 0.614320 0.899162
v 0.401511 0.636487 0.880103
v 0.379171 0.607861 0.863490
v 0.407785 0.626923 0.845246
v 0.432799 0.652165 0.861412
v 0.465972 0.661004 0.843242
v 0.429379 0.660332 0.897004
v 0.462752 0.672358 0.877994
v 0.496417 0.686536 0.894929
v 0.531851 0.687435 0.876069
v 0.497349 0.677396 0.859415
v 0.531625 0.675330 0.841413
v 0.566347 0.681025 0.857697
v 0.598427 0.667970 0.839945
v 0.568076 0.690305 0.893145
v 0.602160 0.679689 0.874523
v 0.637512 0.671278 0.891822
v 0.633205 0.662704 0.856423
v 0.670820 0.655968 0.909521
v 0.700542 0.634177 0.927535
v 0.724665 0.606343 0.909119
v 0.671697 0.656623 0.946161
v 0.699512 0.632671 0.964146
v 0.725543 0.606999 0.945759
v 0.744824 0.575681 0.964081
v 0.762018 0.543022 0.946030
v 0.746417 0.576479 0.927469
v 0.761140 0.542366 0.909391
v 0.772566 0.507278 0.928081
v 0.776181 0.470012 0.910325
v 0.770652 0.507329 0.964685
v 0.777059 0.470668 0.946965
v 0.774531 0.434143 0.965902
v 0.769750 0.397139 0.948456
v 0.776493 0.433183 0.929313
v 0.768872 0.396483 0.911816
v 0.757805 0.361624 0.931042
v 0.739364 0.329037 0.913730
v 0.756072 0.363463 0.967609
v 0.740241 0.329693 0.950370
v 0.717038 0.302037 0.969644
v 0.691941 0.274696 0.952511
v 0.718285 0.299434 0.933101
v 0.691063 0.274040 0.915872
v 0.661897 0.252851 0.935286
v 0.628276 0.237264 0.918034
v 0.661342 0.256024 0.971801
v 0.629154 0.237920 0.954674
v 0.594303 0.229820 0.973876
v 0.558310 0.222462 0.956647
v 0.594025 0.226321 0.937387
v 0.557433 0.221807 0.920008
v 0.521476 0.222506 0.939193
v 0.485349 0.229747 0.921592
v 0.522644 0.226052 0.975660
v 0.486227 0.230403 0.958232
v 0.453208 0.245079 0.976983
v 0.419901 0.260389 0.959284
v 0.451177 0.241769 0.940532
v 0.419023 0.259733 0.922645
v 0.390178 0.282180 0.941270
v 0.365177 0.309359 0.923046
v 0.392958 0.284993 0.977712
v 0.366055 0.310014 0.959686
v 0.347647 0.341984 0.977777
v 0.329580 0.373990 0.959415
v 0.344304 0.339878 0.941336
v 0.328703 0.373335 0.922775
v 0.318155 0.409079 0.940724
v 0.313662 0.445688 0.921840
v 0.321818 0.410335 0.977173
v 0.314539 0.446344 0.958480
v 0.317939 0.483521 0.975956
v 0.321848 0.519874 0.956989
v 0.314227 0.483174 0.939492
v 0.320970 0.519218 0.920349
v 0.332916 0.554733 0.937764
v 0.350479 0.586664 0.918435
v 0.336398 0.554201 0.974249
v 0.351357 0.587320 0.955075
v 0.375433 0.615627 0.972214
v 0.399658 0.642317 0.952934
v 0.372436 0.616922 0.935704
v 0.398780 0.641661 0.916294
v 0.428824 0.663506 0.933519
v 0.461567 0.678437 0.914132
v 0.431129 0.661639 0.970056
v 0.462445 0.679093 0.950771
v 0.498167 0.687844 0.967982
v 0.533288 0.694550 0.948798
v 0.496695 0.690036 0.931419
v 0.532410 0.693894 0.912158
v 0.569245 0.693851 0.929613
v 0.604494 0.685953 0.910573
v 0.569826 0.691612 0.966198
v 0.605372 0.686609 0.947213
v 0.639262 0.672585 0.964875
v 0.639543 0.674588 0.928273
v 0.669464 0.652393 0.982508
v 0.694746 0.626937 0.999863
v 0.721984 0.603990 0.982117
v 0.664404 0.643753 1.017040
v 0.686885 0.617721 1.032702
v 0.714409 0.597667 1.016667
v 0.727983 0.566030 1.032642
v 0.748282 0.538254 1.016919
v 0.738398 0.572034 0.999800
v 0.757561 0.541589 0.982381
v 0.763280 0.506187 1.000383
v 0.772232 0.471016 0.983293
v 0.751409 0.504035 1.033191
v 0.762251 0.471061 1.017787
v 0.754928 0.437655 1.034294
v 0.755463 0.402776 1.019172
v 0.767017 0.435683 1.001555
v 0.765103 0.399298 0.984747
v 0.749234 0.367592 1.003200
v 0.736320 0.333512 0.986614
v 0.738185 0.373548 1.035843
v 0.728059 0.340141 1.020949
v 0.702781 0.317834 1.037688
v 0.683204 0.289067 1.022938
v 0.711629 0.308416 1.005160
v 0.689209 0.279869 0.988703
v 0.657974 0.264089 1.007238
v 0.627968 0.243998 0.990812
v 0.652264 0.276101 1.039645
v 0.624895 0.254913 1.024946
v 0.591460 0.252333 1.041527
v 0.559105 0.240558 1.026779
v 0.593392 0.238845 1.009237
v 0.558869 0.228922 0.992737
v 0.524358 0.235215 1.010956
v 0.488561 0.236667 0.994282
v 0.526465 0.248915 1.043145
v 0.492163 0.247933 1.028251
v 0.463487 0.266173 1.044345
v 0.430568 0.275780 1.029228
v 0.457466 0.253545 1.012230
v 0.423868 0.265915 0.995309
v 0.399423 0.291997 1.012932
v 0.371348 0.314318 0.995700
v 0.408840 0.302375 1.045006
v 0.380562 0.321866 1.029601
v 0.367742 0.354066 1.045065
v 0.346689 0.381279 1.029349
v 0.355772 0.346900 1.012995
v 0.335771 0.376719 0.995436
v 0.330890 0.412747 1.012413
v 0.321100 0.447292 0.994524
v 0.344315 0.416061 1.044517
v 0.332721 0.448472 1.028481
v 0.340797 0.482440 1.043413
v 0.339508 0.516757 1.027096
v 0.327153 0.483251 1.011241
v 0.328229 0.519010 0.993070
v 0.344936 0.551342 1.009596
v 0.357011 0.584796 0.991203
v 0.357540 0.546548 1.041865
v 0.366912 0.579392 1.025319
v 0.392944 0.602261 1.040020
v 0.411768 0.630466 1.023330
v 0.382540 0.610518 1.007636
v 0.404123 0.638438 0.989114
v 0.436196 0.654844 1.005557
v 0.465364 0.674309 0.987005
v 0.443460 0.643995 1.038063
v 0.470077 0.664620 1.021322
v 0.504265 0.667762 1.036181
v 0.535867 0.678974 1.019489
v 0.500778 0.680088 1.003559
v 0.534463 0.689386 0.985080
v 0.569812 0.683719 1.001840
v 0.604771 0.681640 0.983535
v 0.569260 0.671180 1.034563
v 0.602809 0.671600 1.018018
v 0.632238 0.653923 1.033363
v 0.636704 0.665389 1.000566
v 0.657106 0.631671 1.047618
v 0.676758 0.605979 1.060770
v 0.703681 0.588747 1.047271
v 0.648469 0.617585 1.073100
v 0.665757 0.593294 1.083669
v 0.691095 0.578302 1.072782
v 0.700255 0.549904 1.083619
v 0.719968 0.527657 1.072997
v 0.714667 0.558300 1.060715
v 0.735231 0.533410 1.047505
v 0.736275 0.501115 1.061221
v 0.748241 0.470826 1.048314
v 0.719919 0.497865 1.084079
v 0.731875 0.470381 1.073737
v 0.722872 0.442146 1.085006
v 0.726089 0.412174 1.074917
v 0.739521 0.439886 1.062239
v 0.741919 0.407225 1.049604
v 0.724077 0.380754 1.063667
v 0.716395 0.348886 1.051259
v 0.708818 0.388333 1.086306
v 0.702730 0.358783 1.076432
v 0.679099 0.341566 1.087854
v 0.664495 0.315247 1.078127
v 0.691420 0.329363 1.065369
v 0.674616 0.301316 1.053112
v 0.644824 0.290868 1.067174
v 0.620307 0.269506 1.054982
v 0.636696 0.306535 1.089497
v 0.614792 0.286135 1.079839
v 0.585656 0.286585 1.091077
v 0.558711 0.273898 1.081401
v 0.588738 0.268946 1.068910
v 0.559030 0.256135 1.056689
v 0.528787 0.265793 1.070403
v 0.496680 0.263004 1.058060
v 0.531098 0.283715 1.092435
v 0.501649 0.280184 1.082656
v 0.478234 0.298201 1.093442
v 0.449145 0.303922 1.083488
v 0.470695 0.281711 1.071509
v 0.439311 0.288941 1.058970
v 0.420288 0.315104 1.072119
v 0.392736 0.331865 1.059317
v 0.432362 0.328590 1.093997
v 0.406520 0.343205 1.083807
v 0.397865 0.371980 1.094047
v 0.377646 0.393850 1.083592
v 0.382380 0.362784 1.072174
v 0.361186 0.387203 1.059083
v 0.360771 0.419968 1.071668
v 0.348176 0.449787 1.058274
v 0.378200 0.424019 1.093587
v 0.365739 0.451126 1.082852
v 0.375247 0.479739 1.092660
v 0.371525 0.509333 1.081671
v 0.357526 0.481196 1.070650
v 0.354498 0.513387 1.056984
v 0.372969 0.540329 1.069222
v 0.380022 0.571726 1.055329
v 0.389301 0.533552 1.091361
v 0.394884 0.562724 1.080156
v 0.419020 0.580318 1.089812
v 0.433120 0.606260 1.078461
v 0.405627 0.591720 1.067520
v 0.421800 0.619296 1.053477
v 0.452223 0.630215 1.065714
v 0.476109 0.651107 1.051606
v 0.461424 0.615349 1.088169
v 0.482823 0.635373 1.076750
v 0.512463 0.635299 1.086589
v 0.538903 0.647609 1.075187
v 0.508309 0.652137 1.063979
v 0.537387 0.664477 1.049899
v 0.568260 0.655290 1.062486
v 0.599736 0.657608 1.048529
v 0.567021 0.638169 1.085231
v 0.595965 0.641322 1.073933
v 0.619886 0.623683 1.084224
v 0.626351 0.639372 1.061379
v 0.704572 0.521808 1.093244
v 0.678376 0.567756 1.093049
v 0.686329 0.541776 1.101330
v 0.639702 0.603398 1.093338
v 0.655103 0.581051 1.101375
v 0.631156 0.589654 1.108684
v 0.644433 0.568831 1.114613
v 0.666021 0.557522 1.108423
v 0.672414 0.533638 1.114573
v 0.689638 0.516098 1.108599
v 0.710126 0.417032 1.094986
v 0.715375 0.469842 1.093916
v 0.706801 0.444236 1.102585
v 0.704128 0.494672 1.101747
v 0.688365 0.491428 1.114946
v 0.699377 0.469249 1.109204
v 0.690760 0.446233 1.115697
v 0.694645 0.421639 1.110170
v 0.654241 0.329091 1.097899
v 0.688932 0.368591 1.096361
v 0.667180 0.353195 1.105164
v 0.694080 0.395527 1.103762
v 0.679361 0.402584 1.116752
v 0.675538 0.377967 1.111409
v 0.655255 0.364651 1.118008
v 0.644264 0.342356 1.112796
v 0.558266 0.291576 1.100870
v 0.609147 0.302678 1.099452
v 0.582598 0.303428 1.108081
v 0.628797 0.321486 1.106651
v 0.620861 0.336236 1.119340
v 0.603608 0.318544 1.114196
v 0.579461 0.320054 1.120622
v 0.557738 0.308535 1.115474
v 0.458858 0.318816 1.102763
v 0.506495 0.297280 1.102008
v 0.485363 0.313943 1.110222
v 0.533214 0.300830 1.109310
v 0.535209 0.317727 1.121723
v 0.511064 0.313677 1.116500
v 0.492330 0.329477 1.122540
v 0.468118 0.333093 1.117181
v 0.393989 0.400407 1.102857
v 0.420185 0.354458 1.103052
v 0.412615 0.380725 1.110769
v 0.443841 0.341450 1.110724
v 0.455122 0.354126 1.122991
v 0.433253 0.365225 1.117441
v 0.427141 0.389320 1.123031
v 0.409635 0.406650 1.117266
v 0.388435 0.505182 1.101115
v 0.383186 0.452372 1.102186
v 0.392143 0.478265 1.109514
v 0.394816 0.427829 1.110353
v 0.411191 0.431530 1.122658
v 0.399896 0.453499 1.116660
v 0.408795 0.476725 1.121906
v 0.404629 0.501109 1.115695
v 0.444319 0.593123 1.098202
v 0.409629 0.553623 1.099740
v 0.431764 0.569305 1.106935
v 0.404864 0.526974 1.108337
v 0.420194 0.520373 1.120852
v 0.423736 0.544780 1.114456
v 0.444300 0.558307 1.119596
v 0.455010 0.580391 1.113069
v 0.540295 0.630638 1.095232
v 0.489414 0.619536 1.096649
v 0.516346 0.619073 1.104018
v 0.470147 0.601015 1.105448
v 0.478694 0.586721 1.118263
v 0.495665 0.604203 1.111669
v 0.520094 0.602903 1.116982
v 0.541536 0.614212 1.110391
v 0.592066 0.624934 1.094094
v 0.613581 0.608557 1.101877
v 0.565730 0.621670 1.102789
v 0.564346 0.605230 1.115880
v 0.588210 0.609070 1.109365
v 0.607226 0.593480 1.115063
v 0.578088 0.497354 0.705542
v 0.599580 0.521671 0.716061
v 0.617135 0.499590 0.716036
v 0.589325 0.483221 0.705526
v 0.595776 0.466150 0.705677
v 0.627143 0.473108 0.716270
v 0.628646 0.444752 0.716742
v 0.596738 0.448001 0.705978
v 0.592128 0.430348 0.706405
v 0.621494 0.417367 0.717403
v 0.606370 0.393568 0.718191
v 0.582448 0.415115 0.706909
v 0.568537 0.403624 0.707448
v 0.584791 0.375740 0.719027
v 0.558817 0.365588 0.719831
v 0.551912 0.397125 0.707963
v 0.534016 0.396184 0.708408
v 0.531053 0.364128 0.720522
v 0.504150 0.371499 0.721035
v 0.516796 0.400903 0.708736
v 0.501748 0.410871 0.708918
v 0.480806 0.386964 0.721317
v 0.463250 0.409045 0.721343
v 0.490512 0.425004 0.708935
v 0.484061 0.442075 0.708784
v 0.453243 0.435528 0.721108
v 0.451740 0.463883 0.720637
v 0.483099 0.460224 0.708482
v 0.487709 0.477877 0.708055
v 0.458892 0.491268 0.719976
v 0.474016 0.515068 0.719187
v 0.497389 0.493110 0.707551
v 0.511300 0.504601 0.707012
v 0.495595 0.532895 0.718351
v 0.521569 0.543048 0.717547
v 0.527925 0.511100 0.706498
v 0.545821 0.512041 0.706052
v 0.549333 0.544508 0.716856
v 0.576236 0.537136 0.716344
v 0.563041 0.507323 0.705724
v 0.621675 0.546575 0.731734
v 0.641892 0.569305 0.752398
v 0.671685 0.531832 0.752355
v 0.645644 0.516428 0.731699
v 0.659307 0.480270 0.732019
v 0.688668 0.486889 0.752753
v 0.691219 0.438767 0.753553
v 0.661359 0.441555 0.732663
v 0.651594 0.404166 0.733566
v 0.679081 0.392293 0.754676
v 0.653415 0.351903 0.756013
v 0.630945 0.371671 0.734642
v 0.601482 0.347331 0.735784
v 0.616793 0.321649 0.757432
v 0.572713 0.304419 0.758796
v 0.566019 0.333469 0.736881
v 0.528112 0.331475 0.737825
v 0.525595 0.301941 0.759969
v 0.479939 0.314451 0.760839
v 0.491380 0.341541 0.738525
v 0.459508 0.362655 0.738910
v 0.440323 0.340696 0.761318
v 0.410529 0.378169 0.761361
v 0.435539 0.392803 0.738945
v 0.421875 0.428960 0.738625
v 0.393546 0.423113 0.760964
v 0.390996 0.471234 0.760164
v 0.419823 0.467675 0.737981
v 0.429588 0.505065 0.737078
v 0.403133 0.517709 0.759041
v 0.428800 0.558098 0.757703
v 0.450238 0.537559 0.736002
v 0.479700 0.561900 0.734861
v 0.465421 0.588353 0.756285
v 0.509501 0.605583 0.754920
v 0.515164 0.575762 0.733763
v 0.553071 0.577755 0.732819
v 0.556619 0.608061 0.753747
v 0.602275 0.595550 0.752878
v 0.589802 0.567690 0.732120
v 0.659731 0.589297 0.777543
v 0.674754 0.606061 0.806551
v 0.713869 0.556864 0.806495
v 0.694614 0.545422 0.777492
v 0.714498 0.492800 0.777958
v 0.736166 0.497860 0.807017
v 0.739514 0.434682 0.808067
v 0.717485 0.436457 0.778895
v 0.703274 0.382043 0.780209
v 0.723580 0.373667 0.809541
v 0.689883 0.320641 0.811297
v 0.673223 0.334753 0.781775
v 0.630344 0.299330 0.783436
v 0.641803 0.280921 0.813160
v 0.583932 0.258301 0.814951
v 0.578733 0.279156 0.785034
v 0.523566 0.276255 0.786407
v 0.522073 0.255048 0.816491
v 0.462132 0.271472 0.817633
v 0.470110 0.290903 0.787426
v 0.423725 0.321632 0.787987
v 0.410121 0.305929 0.818262
v 0.371006 0.355126 0.818319
v 0.388842 0.365507 0.788037
v 0.368957 0.418128 0.787572
v 0.348710 0.414130 0.817797
v 0.345362 0.477307 0.816746
v 0.365971 0.474471 0.786635
v 0.380182 0.528886 0.785320
v 0.361296 0.538322 0.815273
v 0.394993 0.591348 0.813516
v 0.410233 0.576176 0.783754
v 0.453112 0.611598 0.782093
v 0.443072 0.631068 0.811654
v 0.500943 0.653689 0.809863
v 0.504722 0.631772 0.780496
v 0.559890 0.634673 0.779122
v 0.562803 0.656942 0.808323
v 0.622743 0.640517 0.807181
v 0.613346 0.620025 0.778104
v 0.686591 0.619183 0.838706
v 0.694951 0.628342 0.873219
v 0.739559 0.572236 0.873155
v 0.728974 0.565876 0.838645
v 0.753133 0.501942 0.839210
v 0.764986 0.504946 0.873750
v 0.768805 0.432898 0.874948
v 0.756762 0.433486 0.840349
v 0.739496 0.367373 0.841945
v 0.750632 0.363315 0.876629
v 0.712204 0.302843 0.878632
v 0.702983 0.309917 0.843848
v 0.650887 0.266879 0.845867
v 0.657373 0.257545 0.880756
v 0.591375 0.231748 0.882799
v 0.588181 0.242368 0.847808
v 0.521154 0.238843 0.849476
v 0.520830 0.228038 0.884555
v 0.452472 0.246770 0.885857
v 0.456205 0.256640 0.850713
v 0.399848 0.293975 0.851395
v 0.393158 0.286064 0.886575
v 0.348550 0.342169 0.886639
v 0.357466 0.347282 0.851456
v 0.333306 0.411217 0.850891
v 0.323123 0.409459 0.886044
v 0.319304 0.481508 0.884846
v 0.329678 0.479672 0.849753
v 0.346944 0.545785 0.848156
v 0.337477 0.551091 0.883165
v 0.375905 0.611563 0.881162
v 0.383456 0.603241 0.846253
v 0.435553 0.646279 0.844235
v 0.430736 0.656860 0.879038
v 0.496734 0.682657 0.876996
v 0.498259 0.670790 0.842294
v 0.565286 0.674315 0.840625
v 0.567279 0.686367 0.875239
v 0.635637 0.667636 0.873937
v 0.630235 0.656518 0.839388
v 0.699627 0.633309 0.909237
v 0.700505 0.633965 0.945876
v 0.746239 0.576444 0.945810
v 0.745361 0.575788 0.909171
v 0.771430 0.506799 0.909781
v 0.772307 0.507455 0.946421
v 0.776223 0.433587 0.947649
v 0.775345 0.432932 0.911009
v 0.756714 0.361593 0.912732
v 0.757592 0.362248 0.949372
v 0.718193 0.300249 0.951425
v 0.717316 0.299594 0.914786
v 0.661101 0.253153 0.916963
v 0.661978 0.253808 0.953603
v 0.594315 0.227360 0.955697
v 0.593437 0.226705 0.919058
v 0.521110 0.222901 0.920858
v 0.521988 0.223557 0.957498
v 0.451905 0.242761 0.958833
v 0.451027 0.242105 0.922193
v 0.390216 0.282392 0.922929
v 0.391093 0.283048 0.959569
v 0.345360 0.340569 0.959635
v 0.344482 0.339913 0.922995
v 0.318413 0.408902 0.922385
v 0.319291 0.409558 0.959025
v 0.315375 0.483425 0.957796
v 0.314498 0.482769 0.921157
v 0.333129 0.554109 0.919434
v 0.334006 0.554764 0.956073
v 0.373405 0.616763 0.954020
v 0.372527 0.616107 0.917380
v 0.428742 0.662548 0.915202
v 0.429620 0.663204 0.951842
v 0.497284 0.689652 0.949748
v 0.496406 0.688996 0.913108
v 0.568732 0.692800 0.911308
v 0.569610 0.693456 0.947947
v 0.639693 0.674251 0.946612
v 0.638815 0.673596 0.909972
v 0.697563 0.630293 0.982231
v 0.691157 0.622711 1.016776
v 0.733629 0.569292 1.016715
v 0.742170 0.574187 0.982166
v 0.767597 0.506898 0.982762
v 0.757838 0.505224 1.017282
v 0.761474 0.436625 1.018422
v 0.771416 0.434849 0.983960
v 0.753244 0.365266 0.985640
v 0.744172 0.370374 1.020022
v 0.707584 0.312798 1.021929
v 0.714815 0.304794 0.987643
v 0.659985 0.259496 0.989767
v 0.655378 0.269669 1.023952
v 0.592541 0.245107 1.025897
v 0.593987 0.233699 0.991810
v 0.523441 0.229989 0.993566
v 0.525373 0.241575 1.027569
v 0.460289 0.259409 1.028809
v 0.455084 0.248721 0.994869
v 0.395769 0.288015 0.995586
v 0.403815 0.296823 1.029492
v 0.361343 0.350241 1.029553
v 0.351162 0.344121 0.995651
v 0.325734 0.411411 0.995055
v 0.337133 0.414309 1.028987
v 0.333497 0.482908 1.027846
v 0.321916 0.483459 0.993857
v 0.340088 0.553042 0.992177
v 0.350800 0.549159 1.026246
v 0.387388 0.606735 1.024339
v 0.378517 0.613513 0.990174
v 0.433347 0.658811 0.988050
v 0.439593 0.649863 1.022316
v 0.502430 0.674426 1.020371
v 0.499345 0.684608 0.986007
v 0.569891 0.688318 0.984251
v 0.569598 0.677958 1.018699
v 0.634683 0.660124 1.017459
v 0.638248 0.669587 0.982948
v 0.682024 0.612073 1.047372
v 0.671274 0.599649 1.072875
v 0.707477 0.554114 1.072822
v 0.721582 0.562319 1.047315
v 0.744131 0.502646 1.047843
v 0.728114 0.499502 1.073305
v 0.731213 0.441028 1.074278
v 0.747518 0.438752 1.048905
v 0.731402 0.377046 1.050396
v 0.716465 0.384555 1.075642
v 0.685276 0.335476 1.077267
v 0.697324 0.323419 1.052172
v 0.648700 0.283249 1.054056
v 0.640776 0.298712 1.078991
v 0.587213 0.277776 1.080649
v 0.590173 0.260372 1.055867
v 0.527613 0.257082 1.057425
v 0.529958 0.274765 1.082074
v 0.474480 0.289967 1.083131
v 0.466993 0.273693 1.058580
v 0.414393 0.308540 1.059216
v 0.426340 0.321858 1.083714
v 0.390137 0.367393 1.083766
v 0.374835 0.358294 1.059273
v 0.352286 0.417967 1.058745
v 0.369500 0.422005 1.083283
v 0.366401 0.480480 1.082311
v 0.348899 0.481860 1.057683
v 0.365014 0.543566 1.056192
v 0.381150 0.536953 1.080947
v 0.412338 0.586031 1.079321
v 0.399093 0.597193 1.054416
v 0.447717 0.637363 1.052533
v 0.456838 0.622794 1.077597
v 0.510402 0.643731 1.075939
v 0.506244 0.660240 1.050721
v 0.568804 0.663530 1.049164
v 0.567656 0.646743 1.074514
v 0.623135 0.631540 1.073457
v 0.629424 0.646919 1.048009
v 0.693239 0.545812 1.093086
v 0.660393 0.587125 1.093134
v 0.649809 0.574983 1.108499
v 0.679421 0.537738 1.108457
v 0.714775 0.443210 1.094407
v 0.711962 0.496263 1.093524
v 0.696301 0.493068 1.108852
v 0.698836 0.445239 1.109647
v 0.673097 0.347445 1.097119
v 0.701393 0.391973 1.095644
v 0.686772 0.399047 1.110763
v 0.661262 0.358902 1.112092
v 0.584125 0.295095 1.100187
v 0.632722 0.314090 1.098683
v 0.624863 0.328832 1.113503
v 0.581051 0.311707 1.114859
v 0.481844 0.306156 1.102439
v 0.532179 0.292363 1.101480
v 0.534219 0.309244 1.116024
v 0.488841 0.321679 1.116889
v 0.405322 0.376403 1.103015
v 0.438168 0.335090 1.102968
v 0.449465 0.347764 1.117365
v 0.419853 0.385009 1.117408
v 0.383787 0.479004 1.101695
v 0.386598 0.425952 1.102577
v 0.402973 0.429679 1.117013
v 0.400438 0.477509 1.116218
v 0.425464 0.574770 1.098982
v 0.397168 0.530241 1.100457
v 0.412501 0.523701 1.115102
v 0.438012 0.563845 1.113772
v 0.514436 0.627120 1.095914
v 0.465839 0.608124 1.097418
v 0.474411 0.593915 1.112362
v 0.518223 0.611040 1.111006
v 0.616717 0.616059 1.093662
v 0.566382 0.629851 1.094621
v 0.565055 0.613503 1.109840
v 0.610433 0.601068 1.108976
v 0.665206 0.529415 1.119784
v 0.638896 0.562506 1.119822
v 0.627511 0.549530 1.127228
v 0.650406 0.520733 1.127195
v 0.682455 0.447232 1.120842
v 0.680203 0.489727 1.120135
v 0.663457 0.486196 1.127500
v 0.665417 0.449216 1.128115
v 0.649072 0.370525 1.123014
v 0.671737 0.406192 1.121833
v 0.656090 0.413502 1.128978
v 0.636366 0.382464 1.130006
v 0.577806 0.328593 1.125472
v 0.616732 0.343808 1.124267
v 0.608223 0.359214 1.131096
v 0.574350 0.345973 1.132145
v 0.495881 0.337453 1.127276
v 0.536198 0.326404 1.126508
v 0.538141 0.344069 1.133046
v 0.503056 0.353683 1.133714
v 0.434587 0.393720 1.127737
v 0.460896 0.360629 1.127699
v 0.472612 0.373852 1.134083
v 0.449717 0.402649 1.134116
v 0.417337 0.475903 1.126679
v 0.419590 0.433408 1.127386
v 0.436666 0.437186 1.133810
v 0.434706 0.474166 1.133195
v 0.450721 0.552610 1.124507
v 0.428055 0.516943 1.125688
v 0.444033 0.509880 1.132333
v 0.463757 0.540918 1.131305
v 0.521986 0.594542 1.122049
v 0.483060 0.579327 1.123254
v 0.491899 0.564168 1.130215
v 0.525774 0.577408 1.129166
v 0.603912 0.585682 1.120245
v 0.563594 0.596730 1.121013
v 0.561982 0.579312 1.128265
v 0.597067 0.569698 1.127596
v 0.620505 0.503146 1.130035
v 0.635466 0.511951 1.130095
v 0.615993 0.536445 1.130123
v 0.604442 0.523350 1.130058
v 0.631037 0.452971 1.130681
v 0.648233 0.451123 1.130878
v 0.646567 0.482576 1.130355
v 0.629662 0.478915 1.130250
v 0.610655 0.406138 1.132007
v 0.623525 0.394347 1.132486
v 0.640300 0.420746 1.131611
v 0.624493 0.427914 1.131286
v 0.567145 0.380538 1.133508
v 0.570777 0.363311 1.134305
v 0.599588 0.374573 1.133413
v 0.590910 0.389827 1.132772
v 0.517126 0.385947 1.134609
v 0.510138 0.369868 1.135640
v 0.539980 0.361691 1.135072
v 0.541741 0.379202 1.134140
v 0.479704 0.420300 1.134891
v 0.464771 0.411515 1.135981
v 0.484244 0.387023 1.135953
v 0.495767 0.400096 1.134868
v 0.469173 0.470476 1.134245
v 0.452003 0.472344 1.135199
v 0.453671 0.440891 1.135722
v 0.470548 0.444531 1.134676
v 0.489555 0.517308 1.132919
v 0.476713 0.529120 1.133590
v 0.459937 0.502720 1.134465
v 0.475717 0.495532 1.133640
v 0.533064 0.542909 1.131418
v 0.529461 0.560156 1.131772
v 0.500649 0.548894 1.132663
v 0.509299 0.533619 1.132154
v 0.583083 0.537500 1.130317
v 0.590099 0.553599 1.130436
v 0.560257 0.561776 1.131005
v 0.558468 0.544245 1.130786
v 0.591058 0.485826 1.132847
v 0.605320 0.494212 1.130714
v 0.592722 0.510056 1.130732
v 0.581723 0.497566 1.132861
v 0.597177 0.456669 1.133222
v 0.613579 0.454862 1.131220
v 0.612501 0.475209 1.130882
v 0.596378 0.471746 1.132972
v 0.585333 0.429455 1.133993
v 0.597595 0.418134 1.132261
v 0.608447 0.435212 1.131695
v 0.593375 0.442109 1.133574
v 0.560050 0.414578 1.134865
v 0.563472 0.398057 1.133437
v 0.582110 0.405342 1.132861
v 0.573860 0.419976 1.134438
v 0.530984 0.417722 1.135505
v 0.524245 0.402299 1.134301
v 0.543550 0.397009 1.133933
v 0.545288 0.413802 1.135233
v 0.509238 0.437684 1.135669
v 0.494897 0.429240 1.134522
v 0.507494 0.413396 1.134504
v 0.518572 0.425944 1.135655
v 0.503118 0.466841 1.135293
v 0.486638 0.468590 1.134016
v 0.487716 0.448243 1.134354
v 0.503917 0.451765 1.135544
v 0.514962 0.494055 1.134523
v 0.502623 0.505318 1.132975
v 0.491770 0.488240 1.133541
v 0.506921 0.481402 1.134942
v 0.540245 0.508932 1.133651
v 0.536745 0.525396 1.131799
v 0.518107 0.518110 1.132375
v 0.526436 0.503534 1.134078
v 0.569312 0.505789 1.133011
v 0.575972 0.521153 1.130935
v 0.556667 0.526443 1.131302
v 0.555008 0.509709 1.133283
v 0.552541 0.464556 0.698246
v 0.561661 0.478586 0.699987
v 0.567898 0.470740 0.699978
v 0.556216 0.454829 0.698332
v 0.571681 0.460730 0.700067
v 0.572215 0.450655 0.700234
v 0.553589 0.444769 0.698575
v 0.569512 0.440304 0.700484
v 0.564138 0.431848 0.700764
v 0.545663 0.438220 0.698883
v 0.555981 0.425109 0.701080
v 0.546753 0.421502 0.701366
v 0.535464 0.437684 0.699136
v 0.536258 0.420950 0.701627
v 0.526699 0.423569 0.701809
v 0.526889 0.443365 0.699240
v 0.517875 0.429414 0.701916
v 0.511637 0.437260 0.701925
v 0.523214 0.453093 0.699154
v 0.507854 0.447270 0.701836
v 0.507321 0.457345 0.701669
v 0.525841 0.463152 0.698911
v 0.510024 0.467697 0.701419
v 0.515398 0.476153 0.701139
v 0.533767 0.469701 0.698604
v 0.523555 0.482892 0.700823
v 0.532783 0.486499 0.700537
v 0.543966 0.470237 0.698350
v 0.543278 0.487051 0.700276
v 0.552837 0.484432 0.700094
v 0.570460 0.473791 1.112601
v 0.565869 0.479566 1.112608
v 0.560753 0.470562 1.109813
v 0.573668 0.458925 1.112790
v 0.573275 0.466341 1.112667
v 0.563958 0.462082 1.109888
v 0.567701 0.444997 1.113183
v 0.571656 0.451222 1.112976
v 0.561667 0.453313 1.110100
v 0.554837 0.437327 1.113628
v 0.561630 0.439982 1.113418
v 0.554758 0.447604 1.110368
v 0.539991 0.438845 1.113957
v 0.547027 0.436917 1.113823
v 0.545867 0.447137 1.110589
v 0.528833 0.448970 1.114043
v 0.533424 0.443195 1.114036
v 0.538392 0.452089 1.110680
v 0.525624 0.463835 1.113853
v 0.526017 0.456420 1.113977
v 0.535187 0.460569 1.110605
v 0.531592 0.477764 1.113461
v 0.527636 0.471540 1.113667
v 0.537478 0.469338 1.110393
v 0.544455 0.485434 1.113016
v 0.537662 0.482779 1.113226
v 0.544388 0.475047 1.110125
v 0.559301 0.483917 1.112687
v 0.552266 0.485845 1.112821
v 0.553278 0.475514 1.109904
v 0.573519 0.475508 1.133768
v 0.580219 0.479452 1.134167
v 0.573363 0.488076 1.134177
v 0.568189 0.482213 1.133775
v 0.577015 0.458856 1.133982
v 0.584714 0.458037 1.134443
v 0.584127 0.469110 1.134259
v 0.576558 0.467467 1.133839
v 0.570250 0.443314 1.134422
v 0.576014 0.438048 1.135009
v 0.581921 0.447342 1.134701
v 0.574843 0.450541 1.134183
v 0.555811 0.434818 1.134920
v 0.557444 0.427121 1.135650
v 0.567587 0.431086 1.135336
v 0.563698 0.437901 1.134676
v 0.539211 0.436613 1.135286
v 0.536095 0.429429 1.136120
v 0.546601 0.426551 1.135920
v 0.547380 0.434374 1.135130
v 0.526791 0.448014 1.135379
v 0.520122 0.444092 1.136240
v 0.526978 0.435469 1.136230
v 0.532122 0.441309 1.135371
v 0.523296 0.464666 1.135165
v 0.515627 0.465508 1.135964
v 0.516214 0.454434 1.136148
v 0.523753 0.456055 1.135308
v 0.530060 0.480208 1.134724
v 0.524326 0.485497 1.135398
v 0.518420 0.476202 1.135706
v 0.525468 0.472981 1.134964
v 0.544500 0.488704 1.134227
v 0.542897 0.496424 1.134758
v 0.532754 0.492459 1.135072
v 0.536613 0.485621 1.134471
v 0.561100 0.486909 1.133861
v 0.564246 0.494115 1.134288
v 0.553740 0.496994 1.134488
v 0.552930 0.489148 1.134017
v 0.568535 0.472559 1.129563
v 0.569892 0.473367 1.132100
v 0.565379 0.479043 1.132106
v 0.564318 0.477864 1.129569
v 0.571300 0.459385 1.129732
v 0.572851 0.459270 1.132281
v 0.572464 0.466559 1.132160
v 0.570939 0.466197 1.129619
v 0.565949 0.447088 1.130080
v 0.567124 0.446112 1.132654
v 0.571012 0.452230 1.132451
v 0.569582 0.452806 1.129891
v 0.554525 0.440366 1.130474
v 0.554900 0.438920 1.133075
v 0.561577 0.441529 1.132869
v 0.560765 0.442805 1.130281
v 0.541392 0.441786 1.130764
v 0.540847 0.440439 1.133385
v 0.547763 0.438544 1.133253
v 0.547855 0.440015 1.130641
v 0.531566 0.450806 1.130838
v 0.530333 0.450091 1.133464
v 0.534846 0.444415 1.133457
v 0.535783 0.445502 1.130832
v 0.528801 0.463981 1.130668
v 0.527374 0.464188 1.133283
v 0.527761 0.456899 1.133404
v 0.529162 0.457169 1.130781
v 0.534152 0.476277 1.130320
v 0.533101 0.477346 1.132910
v 0.529213 0.471228 1.133112
v 0.530519 0.470560 1.130509
v 0.545576 0.482999 1.129926
v 0.545325 0.484538 1.132488
v 0.538648 0.481928 1.132695
v 0.539336 0.480560 1.130119
v 0.558710 0.481579 1.129637
v 0.559378 0.483019 1.132179
v 0.552462 0.484914 1.132311
v 0.552246 0.483350 1.129760
v 0.570560 0.473726 1.123155
v 0.568918 0.472772 1.126502
v 0.564596 0.478207 1.126509
v 0.565846 0.479655 1.123161
v 0.573651 0.459001 1.123344
v 0.571751 0.459274 1.126676
v 0.571381 0.466253 1.126560
v 0.573247 0.466615 1.123217
v 0.567669 0.445256 1.123733
v 0.566268 0.446674 1.127033
v 0.569990 0.452532 1.126839
v 0.571730 0.451647 1.123522
v 0.554900 0.437743 1.124174
v 0.554562 0.439787 1.127437
v 0.560956 0.442286 1.127239
v 0.561875 0.440469 1.123958
v 0.540220 0.439330 1.124497
v 0.541105 0.441242 1.127733
v 0.547728 0.439427 1.127607
v 0.547444 0.437351 1.124359
v 0.529238 0.449413 1.124580
v 0.531038 0.450484 1.127809
v 0.535359 0.445049 1.127803
v 0.533952 0.443483 1.124573
v 0.526147 0.464138 1.124390
v 0.528205 0.463983 1.127635
v 0.528574 0.457003 1.127751
v 0.526550 0.456524 1.124517
v 0.532128 0.477883 1.124001
v 0.533688 0.476582 1.127278
v 0.529965 0.470724 1.127472
v 0.528067 0.471492 1.124212
v 0.544898 0.485396 1.123560
v 0.545393 0.483470 1.126875
v 0.538999 0.480970 1.127072
v 0.537923 0.482670 1.123776
v 0.559577 0.483808 1.123237
v 0.558850 0.482014 1.126578
v 0.552227 0.483829 1.126704
v 0.552353 0.485788 1.123375
v 0.574260 0.475909 1.116088
v 0.573038 0.475172 1.119643
v 0.567740 0.481836 1.119651
v 0.568695 0.482908 1.116096
v 0.577948 0.458422 1.116313
v 0.576512 0.458621 1.119856
v 0.576059 0.467179 1.119714
v 0.577471 0.467410 1.116163
v 0.570858 0.442090 1.116775
v 0.569790 0.443173 1.120294
v 0.574354 0.450356 1.120056
v 0.575652 0.449634 1.116525
v 0.555700 0.433151 1.117298
v 0.555438 0.434729 1.120789
v 0.563277 0.437793 1.120546
v 0.563933 0.436369 1.117043
v 0.538262 0.435019 1.117682
v 0.538939 0.436513 1.121152
v 0.547058 0.434288 1.120998
v 0.546790 0.432682 1.117520
v 0.525206 0.446981 1.117781
v 0.526595 0.447845 1.121245
v 0.531893 0.441180 1.121237
v 0.530770 0.439982 1.117773
v 0.521518 0.464468 1.117556
v 0.523121 0.464395 1.121032
v 0.523575 0.455837 1.121174
v 0.521994 0.455480 1.117706
v 0.528607 0.480800 1.117094
v 0.529844 0.479843 1.120595
v 0.525280 0.472660 1.120833
v 0.523813 0.473256 1.117344
v 0.543765 0.489740 1.116571
v 0.544196 0.488287 1.120100
v 0.536357 0.485223 1.120342
v 0.535532 0.486522 1.116826
v 0.560695 0.486503 1.119736
v 0.552575 0.488728 1.119891
v 0.552676 0.490208 1.116349
v 0.561203 0.487872 1.116187
vn 0.1743 0.1396 -0.9748
vn 0.1413 0.1707 -0.9751
vn 0.1741 0.2006 -0.9641
vn 0.2084 0.1667 -0.9637
vn 0.1136 0.1891 -0.9754
vn 0.1384 0.2264 -0.9642
vn 0.1643 0.2653 -0.9501
vn 0.2071 0.2335 -0.9500
vn 0.2445 0.1954 -0.9498
vn 0.1941 0.3099 -0.9308
vn 0.2439 0.2723 -0.9308
vn 0.2300 0.3636 -0.9027
vn 0.2879 0.3197 -0.9027
vn 0.3368 0.2688 -0.9024
vn 0.2862 0.2286 -0.9305
vn 0.3770 0.2111 -0.9019
vn 0.3207 0.1787 -0.9302
vn 0.4082 0.1463 -0.9011
vn 0.3475 0.1231 -0.9296
vn 0.2971 0.1038 -0.9492
vn 0.2745 0.1516 -0.9496
vn 0.2530 0.0870 -0.9635
vn 0.2350 0.1267 -0.9637
vn 0.2109 0.0710 -0.9749
vn 0.1984 0.1014 -0.9749
vn 0.2303 -0.0040 -0.9731
vn 0.2222 0.0402 -0.9742
vn 0.2666 0.0457 -0.9627
vn 0.2739 -0.0015 -0.9618
vn 0.3127 0.0536 -0.9483
vn 0.3202 0.0012 -0.9474
vn 0.3654 0.0641 -0.9286
vn 0.4288 0.0775 -0.9001
vn 0.4381 0.0083 -0.8989
vn 0.3734 0.0044 -0.9276
vn 0.4362 -0.0615 -0.8977
vn 0.3717 -0.0559 -0.9267
vn 0.4230 -0.1321 -0.8965
vn 0.3603 -0.1164 -0.9256
vn 0.3081 -0.1033 -0.9457
vn 0.3183 -0.0516 -0.9466
vn 0.2625 -0.0917 -0.9606
vn 0.2716 -0.0492 -0.9612
vn 0.2189 -0.0806 -0.9724
vn 0.2270 -0.0488 -0.9727
vn 0.1897 -0.1526 -0.9699
vn 0.2097 -0.1122 -0.9713
vn 0.2487 -0.1330 -0.9594
vn 0.2265 -0.1756 -0.9581
vn 0.2907 -0.1530 -0.9445
vn 0.2654 -0.1998 -0.9432
vn 0.3395 -0.1746 -0.9243
vn 0.3988 -0.1998 -0.8950
vn 0.3649 -0.2614 -0.8936
vn 0.3104 -0.2278 -0.9229
vn 0.3217 -0.3172 -0.8921
vn 0.2730 -0.2757 -0.9217
vn 0.2687 -0.3670 -0.8906
vn 0.2273 -0.3183 -0.9203
vn 0.1931 -0.2778 -0.9410
vn 0.2323 -0.2417 -0.9421
vn 0.1632 -0.2423 -0.9564
vn 0.1961 -0.2130 -0.9572
vn 0.1346 -0.2083 -0.9688
vn 0.1603 -0.1871 -0.9692
vn 0.0678 -0.2499 -0.9659
vn 0.1083 -0.2285 -0.9675
vn 0.1273 -0.2679 -0.9550
vn 0.0837 -0.2895 -0.9535
vn 0.1491 -0.3081 -0.9396
vn 0.1006 -0.3315 -0.9381
vn 0.1757 -0.3536 -0.9188
vn 0.2084 -0.4080 -0.8889
vn 0.1440 -0.4385 -0.8871
vn 0.1201 -0.3799 -0.9172
vn 0.0754 -0.4586 -0.8854
vn 0.0610 -0.3971 -0.9157
vn 0.0026 -0.4682 -0.8836
vn -0.0015 -0.4051 -0.9143
vn -0.0047 -0.3528 -0.9357
vn 0.0486 -0.3463 -0.9369
vn -0.0075 -0.3070 -0.9517
vn 0.0366 -0.3022 -0.9525
vn -0.0102 -0.2631 -0.9647
vn 0.0233 -0.2607 -0.9651
vn -0.0891 -0.2581 -0.9620
vn -0.0437 -0.2643 -0.9635
vn -0.0519 -0.3069 -0.9503
vn -0.1001 -0.2992 -0.9489
vn -0.0585 -0.3519 -0.9342
vn -0.1117 -0.3427 -0.9328
vn -0.0644 -0.4037 -0.9126
vn -0.0708 -0.4663 -0.8818
vn -0.1411 -0.4535 -0.8800
vn -0.1250 -0.3928 -0.9111
vn -0.2083 -0.4299 -0.8785
vn -0.1830 -0.3724 -0.9098
vn -0.2727 -0.3955 -0.8771
vn -0.2381 -0.3428 -0.9087
vn -0.2094 -0.2989 -0.9310
vn -0.1624 -0.3245 -0.9318
vn -0.1842 -0.2605 -0.9477
vn -0.1458 -0.2822 -0.9482
vn -0.1600 -0.2238 -0.9614
vn -0.1316 -0.2412 -0.9615
vn -0.2206 -0.1742 -0.9597
vn -0.1876 -0.2054 -0.9605
vn -0.2199 -0.2348 -0.9468
vn -0.2541 -0.2009 -0.9461
vn -0.2521 -0.2671 -0.9301
vn -0.2895 -0.2290 -0.9294
vn -0.2880 -0.3052 -0.9077
vn -0.3306 -0.3515 -0.8759
vn -0.3794 -0.3006 -0.8750
vn -0.3302 -0.2614 -0.9070
vn -0.4195 -0.2429 -0.8746
vn -0.3647 -0.2116 -0.9067
vn -0.4508 -0.1780 -0.8747
vn -0.3916 -0.1559 -0.9068
vn -0.3421 -0.1375 -0.9296
vn -0.3195 -0.1852 -0.9293
vn -0.2988 -0.1212 -0.9466
vn -0.2808 -0.1609 -0.9462
vn -0.2572 -0.1056 -0.9606
vn -0.2448 -0.1361 -0.9600
vn -0.2766 -0.0306 -0.9605
vn -0.2686 -0.0748 -0.9603
vn -0.3123 -0.0799 -0.9466
vn -0.3196 -0.0327 -0.9470
vn -0.3577 -0.0872 -0.9298
vn -0.3651 -0.0348 -0.9303
vn -0.4094 -0.0969 -0.9072
vn -0.4714 -0.1093 -0.8751
vn -0.4806 -0.0400 -0.8760
vn -0.4174 -0.0372 -0.9080
vn -0.4787 0.0298 -0.8775
vn -0.4157 0.0230 -0.9092
vn -0.4655 0.1003 -0.8793
vn -0.4042 0.0835 -0.9108
vn -0.3531 0.0696 -0.9330
vn -0.3633 0.0180 -0.9315
vn -0.3083 0.0575 -0.9496
vn -0.3173 0.0150 -0.9482
vn -0.2653 0.0460 -0.9631
vn -0.2733 0.0141 -0.9618
vn -0.2361 0.1180 -0.9645
vn -0.2561 0.0775 -0.9635
vn -0.2945 0.0989 -0.9505
vn -0.2722 0.1414 -0.9518
vn -0.3357 0.1194 -0.9344
vn -0.3105 0.1662 -0.9359
vn -0.3835 0.1417 -0.9126
vn -0.4413 0.1680 -0.8815
vn -0.4075 0.2296 -0.8839
vn -0.3544 0.1949 -0.9146
vn -0.3643 0.2854 -0.8865
vn -0.3170 0.2428 -0.9168
vn -0.3114 0.3351 -0.8893
vn -0.2714 0.2854 -0.9192
vn -0.2382 0.2441 -0.9400
vn -0.2774 0.2081 -0.9380
vn -0.2090 0.2081 -0.9555
vn -0.2418 0.1788 -0.9537
vn -0.1810 0.1736 -0.9680
vn -0.2066 0.1525 -0.9665
vn -0.1142 0.2152 -0.9699
vn -0.1546 0.1939 -0.9688
vn -0.1731 0.2336 -0.9568
vn -0.1295 0.2553 -0.9582
vn -0.1942 0.2745 -0.9418
vn -0.1457 0.2978 -0.9434
vn -0.2197 0.3206 -0.9214
vn -0.2511 0.3761 -0.8919
vn -0.1866 0.4066 -0.8943
vn -0.1642 0.3469 -0.9234
vn -0.1181 0.4267 -0.8966
vn -0.1051 0.3642 -0.9254
vn -0.0453 0.4363 -0.8987
vn -0.0427 0.3722 -0.9272
vn -0.0404 0.3191 -0.9469
vn -0.0937 0.3125 -0.9453
vn -0.0383 0.2728 -0.9613
vn -0.0824 0.2680 -0.9599
vn -0.0362 0.2284 -0.9729
vn -0.0697 0.2261 -0.9716
vn 0.0427 0.2234 -0.9738
vn -0.0027 0.2296 -0.9733
vn 0.0061 0.2727 -0.9621
vn 0.0543 0.2650 -0.9627
vn 0.0134 0.3182 -0.9479
vn 0.0666 0.3090 -0.9487
vn 0.0203 0.3708 -0.9285
vn 0.0281 0.4344 -0.9003
vn 0.0984 0.4216 -0.9014
vn 0.0809 0.3598 -0.9295
vn 0.1657 0.3981 -0.9023
vn 0.1389 0.3395 -0.9303
vn 0.1174 0.2909 -0.9495
vn 0.1000 0.2480 -0.9636
vn 0.0852 0.2065 -0.9747
vn 0.3349 0.3703 -0.8665
vn 0.3909 0.3118 -0.8660
vn 0.2684 0.4208 -0.8665
vn 0.3050 0.4753 -0.8253
vn 0.3796 0.4185 -0.8251
vn 0.4424 0.3527 -0.8245
vn 0.3398 0.5271 -0.7789
vn 0.4220 0.4642 -0.7787
vn 0.3728 0.5760 -0.7274
vn 0.4623 0.5074 -0.7272
vn 0.5375 0.4282 -0.7264
vn 0.4913 0.3915 -0.7780
vn 0.5992 0.3385 -0.7255
vn 0.5481 0.3092 -0.7771
vn 0.6472 0.2382 -0.7241
vn 0.5924 0.2170 -0.7759
vn 0.5342 0.1945 -0.8227
vn 0.4940 0.2781 -0.8238
vn 0.4728 0.1710 -0.8644
vn 0.4369 0.2454 -0.8654
vn 0.4964 0.0920 -0.8632
vn 0.5070 0.0125 -0.8618
vn 0.5606 0.1059 -0.8213
vn 0.5724 0.0167 -0.8198
vn 0.6214 0.1192 -0.7744
vn 0.6789 0.1318 -0.7223
vn 0.6930 0.0248 -0.7205
vn 0.6345 0.0208 -0.7727
vn 0.6902 -0.0832 -0.7188
vn 0.6319 -0.0784 -0.7711
vn 0.6701 -0.1923 -0.7170
vn 0.6134 -0.1787 -0.7693
vn 0.5532 -0.1642 -0.8167
vn 0.5701 -0.0732 -0.8183
vn 0.4898 -0.1486 -0.8591
vn 0.5049 -0.0676 -0.8605
vn 0.4620 -0.2264 -0.8575
vn 0.4232 -0.2972 -0.8559
vn 0.5221 -0.2515 -0.8150
vn 0.4787 -0.3311 -0.8132
vn 0.5791 -0.2751 -0.7674
vn 0.6330 -0.2972 -0.7148
vn 0.5811 -0.3928 -0.7128
vn 0.5313 -0.3629 -0.7655
vn 0.5146 -0.4796 -0.7108
vn 0.4701 -0.4426 -0.7636
vn 0.4329 -0.5572 -0.7086
vn 0.3949 -0.5137 -0.7616
vn 0.3549 -0.4675 -0.8096
vn 0.4231 -0.4031 -0.8115
vn 0.3129 -0.4186 -0.8526
vn 0.3737 -0.3614 -0.8543
vn 0.2436 -0.4659 -0.8507
vn 0.1696 -0.5009 -0.8487
vn 0.2772 -0.5207 -0.8075
vn 0.1940 -0.5601 -0.8054
vn 0.3092 -0.5725 -0.7594
vn 0.3396 -0.6214 -0.7061
vn 0.2397 -0.6690 -0.7035
vn 0.2175 -0.6162 -0.7570
vn 0.1333 -0.7006 -0.7010
vn 0.1197 -0.6451 -0.7546
vn 0.0202 -0.7155 -0.6983
vn 0.0159 -0.6588 -0.7521
vn 0.0115 -0.5987 -0.8009
vn 0.1056 -0.5863 -0.8032
vn 0.0071 -0.5351 -0.8448
vn 0.0908 -0.5241 -0.8468
vn -0.0773 -0.5329 -0.8426
vn -0.1580 -0.5182 -0.8406
vn -0.0833 -0.5962 -0.7985
vn -0.1740 -0.5795 -0.7962
vn -0.0888 -0.6562 -0.7494
vn -0.0938 -0.7126 -0.6953
vn -0.2029 -0.6923 -0.6925
vn -0.1889 -0.6375 -0.7469
vn -0.3073 -0.6554 -0.6900
vn -0.2848 -0.6038 -0.7445
vn -0.4067 -0.6014 -0.6877
vn -0.3762 -0.5543 -0.7424
vn -0.3437 -0.5043 -0.7922
vn -0.2608 -0.5490 -0.7941
vn -0.3091 -0.4513 -0.8371
vn -0.2353 -0.4910 -0.8388
vn -0.3756 -0.4008 -0.8356
vn -0.4317 -0.3422 -0.8346
vn -0.4183 -0.4474 -0.7905
vn -0.4811 -0.3816 -0.7893
vn -0.4585 -0.4914 -0.7405
vn -0.4961 -0.5327 -0.6856
vn -0.5713 -0.4534 -0.6841
vn -0.5277 -0.4186 -0.7391
vn -0.6331 -0.3638 -0.6833
vn -0.5845 -0.3363 -0.7384
vn -0.6809 -0.2633 -0.6834
vn -0.6286 -0.2441 -0.7384
vn -0.5727 -0.2234 -0.7887
vn -0.5327 -0.3070 -0.7887
vn -0.5135 -0.2014 -0.8341
vn -0.4777 -0.2758 -0.8341
vn -0.5371 -0.1224 -0.8346
vn -0.5477 -0.0429 -0.8356
vn -0.5992 -0.1348 -0.7892
vn -0.6110 -0.0455 -0.7903
vn -0.6577 -0.1463 -0.7389
vn -0.7125 -0.1569 -0.6839
vn -0.7266 -0.0499 -0.6852
vn -0.6707 -0.0479 -0.7402
vn -0.7239 0.0580 -0.6875
vn -0.6681 0.0514 -0.7423
vn -0.7038 0.1671 -0.6905
vn -0.6496 0.1516 -0.7450
vn -0.5918 0.1353 -0.7947
vn -0.6087 0.0444 -0.7922
vn -0.5304 0.1182 -0.8395
vn -0.5455 0.0372 -0.8373
vn -0.5027 0.1960 -0.8420
vn -0.4640 0.2668 -0.8447
vn -0.5607 0.2227 -0.7975
vn -0.5173 0.3022 -0.8007
vn -0.6154 0.2480 -0.7482
vn -0.6667 0.2720 -0.6940
vn -0.6148 0.3676 -0.6977
vn -0.5676 0.3358 -0.7517
vn -0.5484 0.4543 -0.7020
vn -0.5065 0.4154 -0.7556
vn -0.4668 0.5319 -0.7065
vn -0.4314 0.4865 -0.7597
vn -0.3937 0.4386 -0.8079
vn -0.4618 0.3742 -0.8042
vn -0.3536 0.3881 -0.8511
vn -0.4144 0.3309 -0.8478
vn -0.2844 0.4353 -0.8542
vn -0.2104 0.4704 -0.8570
vn -0.3160 0.4917 -0.8114
vn -0.2329 0.5312 -0.8146
vn -0.3457 0.5453 -0.7636
vn -0.3736 0.5960 -0.7108
vn -0.2737 0.6436 -0.7147
vn -0.2540 0.5889 -0.7672
vn -0.1673 0.6752 -0.7184
vn -0.1563 0.6179 -0.7706
vn -0.0543 0.6901 -0.7217
vn -0.0525 0.6315 -0.7736
vn -0.0504 0.5697 -0.8203
vn -0.1444 0.5573 -0.8177
vn -0.0480 0.5046 -0.8620
vn -0.1317 0.4936 -0.8597
vn 0.0364 0.5024 -0.8639
vn 0.1172 0.4876 -0.8652
vn 0.0444 0.5672 -0.8223
vn 0.1352 0.5505 -0.8238
vn 0.0522 0.6288 -0.7758
vn 0.0598 0.6871 -0.7241
vn 0.1689 0.6669 -0.7257
vn 0.1524 0.6103 -0.7774
vn 0.2733 0.6300 -0.7269
vn 0.2483 0.5766 -0.7784
vn 0.2220 0.5200 -0.8248
vn 0.1945 0.4605 -0.8661
vn 0.4997 0.5476 -0.6711
vn 0.5805 0.4623 -0.6704
vn 0.4036 0.6215 -0.6714
vn 0.4318 0.6630 -0.6116
vn 0.5338 0.5842 -0.6114
vn 0.6196 0.4934 -0.6105
vn 0.4574 0.7005 -0.5478
vn 0.5648 0.6173 -0.5477
vn 0.4804 0.7339 -0.4802
vn 0.5925 0.6468 -0.4801
vn 0.6867 0.5465 -0.4794
vn 0.6550 0.5214 -0.5469
vn 0.7638 0.4334 -0.4784
vn 0.7289 0.4133 -0.5458
vn 0.8235 0.3070 -0.4770
vn 0.7864 0.2923 -0.5442
vn 0.7445 0.2759 -0.6079
vn 0.6899 0.3907 -0.6094
vn 0.6981 0.2579 -0.6679
vn 0.6467 0.3659 -0.6692
vn 0.7320 0.1436 -0.6660
vn 0.7471 0.0286 -0.6641
vn 0.7804 0.1544 -0.6060
vn 0.7964 0.0322 -0.6039
vn 0.8240 0.1643 -0.5422
vn 0.8629 0.1732 -0.4748
vn 0.8804 0.0388 -0.4727
vn 0.8408 0.0356 -0.5401
vn 0.8772 -0.0967 -0.4703
vn 0.8376 -0.0942 -0.5380
vn 0.8522 -0.2339 -0.4680
vn 0.8138 -0.2255 -0.5356
vn 0.7705 -0.2157 -0.5998
vn 0.7934 -0.0911 -0.6019
vn 0.7227 -0.2047 -0.6602
vn 0.7442 -0.0874 -0.6622
vn 0.6829 -0.3174 -0.6579
vn 0.6272 -0.4203 -0.6557
vn 0.7284 -0.3356 -0.5973
vn 0.6694 -0.4451 -0.5949
vn 0.7695 -0.3518 -0.5331
vn 0.8061 -0.3659 -0.4651
vn 0.7414 -0.4865 -0.4622
vn 0.7075 -0.4671 -0.5303
vn 0.6583 -0.5961 -0.4597
vn 0.6278 -0.5720 -0.5279
vn 0.5561 -0.6945 -0.4565
vn 0.5298 -0.6660 -0.5252
vn 0.5005 -0.6335 -0.5900
vn 0.5937 -0.5445 -0.5925
vn 0.4682 -0.5973 -0.6512
vn 0.5560 -0.5137 -0.6534
vn 0.3680 -0.6664 -0.6484
vn 0.2606 -0.7178 -0.6457
vn 0.3940 -0.7072 -0.5871
vn 0.2798 -0.7620 -0.5841
vn 0.4177 -0.7437 -0.5219
vn 0.4388 -0.7759 -0.4532
vn 0.3131 -0.8365 -0.4497
vn 0.2973 -0.8016 -0.5187
vn 0.1789 -0.8768 -0.4463
vn 0.1689 -0.8399 -0.5157
vn 0.0361 -0.8958 -0.4429
vn 0.0324 -0.8581 -0.5124
vn 0.0285 -0.8155 -0.5781
vn 0.1580 -0.7983 -0.5812
vn 0.0244 -0.7679 -0.6401
vn 0.1461 -0.7519 -0.6429
vn -0.0982 -0.7647 -0.6369
vn -0.2156 -0.7428 -0.6338
vn -0.1021 -0.8120 -0.5747
vn -0.2270 -0.7885 -0.5716
vn -0.1053 -0.8544 -0.5088
vn -0.1079 -0.8919 -0.4392
vn -0.2456 -0.8659 -0.4358
vn -0.2370 -0.8297 -0.5054
vn -0.3771 -0.8188 -0.4328
vn -0.3627 -0.7847 -0.5026
vn -0.5022 -0.7502 -0.4301
vn -0.4825 -0.7192 -0.4999
vn -0.4601 -0.6841 -0.5660
vn -0.3463 -0.7461 -0.5686
vn -0.4348 -0.6448 -0.6287
vn -0.3279 -0.7030 -0.6311
vn -0.5308 -0.5708 -0.6264
vn -0.6115 -0.4854 -0.6248
vn -0.5620 -0.6053 -0.5638
vn -0.6477 -0.5143 -0.5620
vn -0.5899 -0.6360 -0.4975
vn -0.6143 -0.6631 -0.4278
vn -0.7083 -0.5627 -0.4263
vn -0.6800 -0.5401 -0.4960
vn -0.7854 -0.4496 -0.4255
vn -0.7538 -0.4319 -0.4952
vn -0.8452 -0.3232 -0.4257
vn -0.8112 -0.3109 -0.4953
vn -0.7725 -0.2969 -0.5614
vn -0.7179 -0.4117 -0.5613
vn -0.7291 -0.2810 -0.6240
vn -0.6777 -0.3890 -0.6241
vn -0.7630 -0.1667 -0.6246
vn -0.7781 -0.0517 -0.6260
vn -0.8084 -0.1753 -0.5620
vn -0.8244 -0.0531 -0.5635
vn -0.8488 -0.1829 -0.4960
vn -0.8844 -0.1894 -0.4265
vn -0.9020 -0.0549 -0.4282
vn -0.8657 -0.0542 -0.4977
vn -0.8987 0.0806 -0.4311
vn -0.8626 0.0756 -0.5002
vn -0.8738 0.2177 -0.4347
vn -0.8386 0.2069 -0.5039
vn -0.7986 0.1948 -0.5695
vn -0.8213 0.0702 -0.5661
vn -0.7536 0.1816 -0.6318
vn -0.7752 0.0643 -0.6285
vn -0.7139 0.2943 -0.6354
vn -0.6583 0.3971 -0.6395
vn -0.7564 0.3147 -0.5734
vn -0.6975 0.4241 -0.5776
vn -0.7944 0.3332 -0.5078
vn -0.8277 0.3497 -0.4388
vn -0.7631 0.4702 -0.4434
vn -0.7324 0.4484 -0.5124
vn -0.6801 0.5799 -0.4485
vn -0.6529 0.5533 -0.5173
vn -0.5779 0.6782 -0.4540
vn -0.5549 0.6472 -0.5227
vn -0.5288 0.6125 -0.5876
vn -0.6218 0.5234 -0.5825
vn -0.4994 0.5740 -0.6489
vn -0.5871 0.4905 -0.6440
vn -0.3992 0.6431 -0.6535
vn -0.2918 0.6944 -0.6577
vn -0.4223 0.6861 -0.5925
vn -0.3080 0.7408 -0.5969
vn -0.4428 0.7250 -0.5276
vn -0.4607 0.7596 -0.4590
vn -0.3349 0.8202 -0.4638
vn -0.3224 0.7827 -0.5324
vn -0.2008 0.8604 -0.4685
vn -0.1941 0.8211 -0.5367
vn -0.0580 0.8795 -0.4724
vn -0.0576 0.8394 -0.5405
vn -0.0568 0.7943 -0.6048
vn -0.1863 0.7772 -0.6011
vn -0.0557 0.7446 -0.6652
vn -0.1774 0.7285 -0.6617
vn 0.0670 0.7414 -0.6678
vn 0.1844 0.7195 -0.6696
vn 0.0738 0.7908 -0.6076
vn 0.1987 0.7675 -0.6095
vn 0.0801 0.8355 -0.5436
vn 0.0860 0.8755 -0.4755
vn 0.2237 0.8496 -0.4777
vn 0.2118 0.8108 -0.5456
vn 0.3552 0.8025 -0.4794
vn 0.3376 0.7660 -0.5470
vn 0.3181 0.7250 -0.6109
vn 0.2967 0.6797 -0.6708
vn 0.6166 0.6723 -0.4096
vn 0.7140 0.5682 -0.4092
vn 0.5003 0.7628 -0.4098
vn 0.5171 0.7868 -0.3369
vn 0.6366 0.6936 -0.3371
vn 0.7368 0.5863 -0.3367
vn 0.5306 0.8060 -0.2623
vn 0.6527 0.7106 -0.2627
vn 0.5412 0.8203 -0.1848
vn 0.6650 0.7234 -0.1858
vn 0.7689 0.6117 -0.1858
vn 0.7551 0.6008 -0.2625
vn 0.8540 0.4862 -0.1852
vn 0.8389 0.4772 -0.2618
vn 0.9200 0.3461 -0.1840
vn 0.9040 0.3393 -0.2601
vn 0.8826 0.3306 -0.3343
vn 0.8189 0.4655 -0.3358
vn 0.8558 0.3198 -0.4067
vn 0.7938 0.4509 -0.4082
vn 0.8963 0.1811 -0.4047
vn 0.9146 0.0418 -0.4023
vn 0.9243 0.1879 -0.3324
vn 0.9429 0.0445 -0.3302
vn 0.9465 0.1935 -0.2582
vn 0.9631 0.1980 -0.1821
vn 0.9826 0.0491 -0.1793
vn 0.9656 0.0469 -0.2558
vn 0.9791 -0.1009 -0.1768
vn 0.9622 -0.1008 -0.2531
vn 0.9518 -0.2527 -0.1736
vn 0.9352 -0.2503 -0.2503
vn 0.9131 -0.2463 -0.3248
vn 0.9395 -0.1001 -0.3277
vn 0.8855 -0.2409 -0.3973
vn 0.9112 -0.0987 -0.3999
vn 0.8378 -0.3777 -0.3943
vn 0.7707 -0.5028 -0.3913
vn 0.8640 -0.3872 -0.3218
vn 0.7952 -0.5159 -0.3185
vn 0.8851 -0.3943 -0.2473
vn 0.9010 -0.3990 -0.1702
vn 0.8296 -0.5329 -0.1668
vn 0.8149 -0.5260 -0.2435
vn 0.7381 -0.6548 -0.1629
vn 0.7246 -0.6460 -0.2402
vn 0.6252 -0.7642 -0.1584
vn 0.6133 -0.7537 -0.2363
vn 0.5980 -0.7385 -0.3115
vn 0.7068 -0.6332 -0.3155
vn 0.5789 -0.7188 -0.3849
vn 0.6849 -0.6166 -0.3882
vn 0.4574 -0.8034 -0.3813
vn 0.3269 -0.8663 -0.3778
vn 0.4729 -0.8256 -0.3078
vn 0.3387 -0.8905 -0.3038
vn 0.4857 -0.8428 -0.2319
vn 0.4953 -0.8549 -0.1544
vn 0.3559 -0.9224 -0.1498
vn 0.3483 -0.9093 -0.2279
vn 0.2069 -0.9674 -0.1460
vn 0.2017 -0.9534 -0.2242
vn 0.0485 -0.9887 -0.1420
vn 0.0458 -0.9744 -0.2200
vn 0.0428 -0.9542 -0.2960
vn 0.1954 -0.9337 -0.3000
vn 0.0396 -0.9279 -0.3706
vn 0.1877 -0.9081 -0.3743
vn -0.1098 -0.9238 -0.3667
vn -0.2526 -0.8968 -0.3633
vn -0.1110 -0.9498 -0.2925
vn -0.2581 -0.9219 -0.2889
vn -0.1116 -0.9700 -0.2161
vn -0.1114 -0.9841 -0.1381
vn -0.2642 -0.9550 -0.1347
vn -0.2619 -0.9413 -0.2130
vn -0.4100 -0.9025 -0.1318
vn -0.4055 -0.8897 -0.2097
vn -0.5487 -0.8260 -0.1292
vn -0.5420 -0.8144 -0.2071
vn -0.5320 -0.7979 -0.2835
vn -0.3985 -0.8714 -0.2861
vn -0.5187 -0.7765 -0.3577
vn -0.3890 -0.8479 -0.3603
vn -0.6348 -0.6860 -0.3555
vn -0.7323 -0.5818 -0.3538
vn -0.6515 -0.7046 -0.2812
vn -0.7516 -0.5973 -0.2798
vn -0.6641 -0.7189 -0.2052
vn -0.6725 -0.7290 -0.1278
vn -0.7765 -0.6173 -0.1265
vn -0.7663 -0.6092 -0.2044
vn -0.8615 -0.4918 -0.1266
vn -0.8502 -0.4856 -0.2036
vn -0.9275 -0.3516 -0.1269
vn -0.9151 -0.3476 -0.2041
vn -0.8972 -0.3416 -0.2799
vn -0.8337 -0.4765 -0.2793
vn -0.8740 -0.3334 -0.3536
vn -0.8121 -0.4645 -0.3532
vn -0.9145 -0.1947 -0.3545
vn -0.9327 -0.0554 -0.3563
vn -0.9388 -0.1989 -0.2813
vn -0.9576 -0.0555 -0.2827
vn -0.9576 -0.2018 -0.2055
vn -0.9706 -0.2035 -0.1286
vn -0.9899 -0.0546 -0.1307
vn -0.9766 -0.0552 -0.2078
vn -0.9864 0.0954 -0.1336
vn -0.9732 0.0925 -0.2107
vn -0.9592 0.2473 -0.1372
vn -0.9463 0.2420 -0.2144
vn -0.9278 0.2354 -0.2895
vn -0.9542 0.0891 -0.2856
vn -0.9038 0.2273 -0.3627
vn -0.9294 0.0851 -0.3592
vn -0.8560 0.3641 -0.3669
vn -0.7891 0.4891 -0.3716
vn -0.8788 0.3762 -0.2934
vn -0.8100 0.5049 -0.2982
vn -0.8962 0.3860 -0.2186
vn -0.9084 0.3935 -0.1413
vn -0.8371 0.5273 -0.1458
vn -0.8261 0.5176 -0.2228
vn -0.7457 0.6491 -0.1504
vn -0.7358 0.6376 -0.2282
vn -0.6326 0.7587 -0.1559
vn -0.6247 0.7453 -0.2332
vn -0.6129 0.7274 -0.3086
vn -0.7217 0.6221 -0.3034
vn -0.5972 0.7051 -0.3823
vn -0.7032 0.6029 -0.3769
vn -0.4758 0.7896 -0.3876
vn -0.3454 0.8525 -0.3924
vn -0.4878 0.8145 -0.3141
vn -0.3535 0.8793 -0.3190
vn -0.4969 0.8344 -0.2384
vn -0.5029 0.8492 -0.1610
vn -0.3634 0.9168 -0.1658
vn -0.3596 0.9008 -0.2433
vn -0.2147 0.9618 -0.1700
vn -0.2131 0.9451 -0.2478
vn -0.0560 0.9830 -0.1747
vn -0.0571 0.9660 -0.2522
vn -0.0578 0.9430 -0.3278
vn -0.2103 0.9226 -0.3234
vn -0.0581 0.9141 -0.4013
vn -0.2062 0.8943 -0.3971
vn 0.0914 0.9100 -0.4044
vn 0.2342 0.8829 -0.4070
vn 0.0961 0.9387 -0.3312
vn 0.2432 0.9108 -0.3337
vn 0.1002 0.9614 -0.2561
vn 0.1038 0.9785 -0.1784
vn 0.2566 0.9494 -0.1812
vn 0.2506 0.9329 -0.2588
vn 0.4026 0.8969 -0.1830
vn 0.3942 0.8812 -0.2609
vn 0.3836 0.8603 -0.3357
vn 0.3706 0.8341 -0.4085
vn 0.6732 0.7316 -0.1077
vn 0.7780 0.6189 -0.1079
vn 0.5481 0.8296 -0.1067
vn 0.5520 0.8334 -0.0281
vn 0.6771 0.7353 -0.0294
vn 0.7823 0.6222 -0.0299
vn 0.5521 0.8323 0.0504
vn 0.6769 0.7344 0.0491
vn 0.5487 0.8260 0.1292
vn 0.6725 0.7290 0.1278
vn 0.7764 0.6173 0.1268
vn 0.7819 0.6215 0.0481
vn 0.8615 0.4918 0.1266
vn 0.8677 0.4948 0.0481
vn 0.9274 0.3517 0.1273
vn 0.9341 0.3535 0.0492
vn 0.9351 0.3532 -0.0287
vn 0.8684 0.4950 -0.0297
vn 0.9305 0.3505 -0.1060
vn 0.8638 0.4921 -0.1075
vn 0.9739 0.2012 -0.1047
vn 0.9935 0.0510 -0.1018
vn 0.9788 0.2032 -0.0271
vn 0.9983 0.0525 -0.0249
vn 0.9777 0.2038 0.0504
vn 0.9706 0.2035 0.1286
vn 0.9899 0.0546 0.1307
vn 0.9972 0.0537 0.0525
vn 0.9864 -0.0954 0.1336
vn 0.9937 -0.0977 0.0557
vn 0.9592 -0.2472 0.1369
vn 0.9662 -0.2510 0.0592
vn 0.9672 -0.2532 -0.0186
vn 0.9948 -0.0994 -0.0220
vn 0.9625 -0.2536 -0.0961
vn 0.9899 -0.1005 -0.0997
vn 0.9112 -0.4014 -0.0927
vn 0.8393 -0.5364 -0.0887
vn 0.9159 -0.4012 -0.0148
vn 0.8437 -0.5367 -0.0106
vn 0.9149 -0.3986 0.0632
vn 0.9085 -0.3935 0.1410
vn 0.8372 -0.5272 0.1455
vn 0.8430 -0.5336 0.0676
vn 0.7456 -0.6492 0.1507
vn 0.7507 -0.6567 0.0722
vn 0.6326 -0.7586 0.1559
vn 0.6367 -0.7673 0.0772
vn 0.6367 -0.7711 -0.0015
vn 0.7511 -0.6602 -0.0062
vn 0.6329 -0.7701 -0.0801
vn 0.7469 -0.6595 -0.0846
vn 0.5020 -0.8616 -0.0755
vn 0.3611 -0.9298 -0.0711
vn 0.5054 -0.8629 0.0033
vn 0.3642 -0.9313 0.0079
vn 0.5057 -0.8588 0.0822
vn 0.5029 -0.8492 0.1610
vn 0.3634 -0.9168 0.1658
vn 0.3651 -0.9269 0.0866
vn 0.2145 -0.9617 0.1704
vn 0.2146 -0.9724 0.0915
vn 0.0560 -0.9830 0.1747
vn 0.0546 -0.9939 0.0954
vn 0.0529 -0.9985 0.0166
vn 0.2134 -0.9769 0.0124
vn 0.0509 -0.9967 -0.0626
vn 0.2108 -0.9752 -0.0668
vn -0.1105 -0.9921 -0.0588
vn -0.2648 -0.9627 -0.0555
vn -0.1089 -0.9938 0.0204
vn -0.2637 -0.9643 0.0236
vn -0.1067 -0.9893 0.0995
vn -0.1039 -0.9785 0.1780
vn -0.2567 -0.9494 0.1809
vn -0.2612 -0.9599 0.1022
vn -0.4026 -0.8969 0.1832
vn -0.4082 -0.9068 0.1049
vn -0.5412 -0.8203 0.1848
vn -0.5481 -0.8296 0.1067
vn -0.5517 -0.8336 0.0281
vn -0.4114 -0.9111 0.0262
vn -0.5522 -0.8322 -0.0503
vn -0.4120 -0.9097 -0.0528
vn -0.6769 -0.7344 -0.0491
vn -0.7818 -0.6217 -0.0484
vn -0.6771 -0.7353 0.0294
vn -0.7823 -0.6222 0.0299
vn -0.6732 -0.7316 0.1077
vn -0.6650 -0.7234 0.1858
vn -0.7691 -0.6116 0.1854
vn -0.7780 -0.6189 0.1079
vn -0.8540 -0.4862 0.1852
vn -0.8638 -0.4921 0.1075
vn -0.9200 -0.3461 0.1840
vn -0.9304 -0.3507 0.1065
vn -0.9351 -0.3532 0.0287
vn -0.8684 -0.4951 0.0297
vn -0.9341 -0.3535 -0.0492
vn -0.8676 -0.4949 -0.0484
vn -0.9777 -0.2040 -0.0507
vn -0.9972 -0.0537 -0.0529
vn -0.9788 -0.2032 0.0271
vn -0.9983 -0.0525 0.0249
vn -0.9739 -0.2012 0.1047
vn -0.9631 -0.1980 0.1821
vn -0.9825 -0.0491 0.1795
vn -0.9934 -0.0510 0.1024
vn -0.9790 0.1010 0.1772
vn -0.9899 0.1005 0.0997
vn -0.9518 0.2528 0.1737
vn -0.9624 0.2538 0.0964
vn -0.9672 0.2532 0.0186
vn -0.9948 0.0994 0.0221
vn -0.9662 0.2510 -0.0592
vn -0.9937 0.0977 -0.0557
vn -0.9150 0.3985 -0.0629
vn -0.8430 0.5336 -0.0676
vn -0.9159 0.4012 0.0148
vn -0.8437 0.5367 0.0106
vn -0.9112 0.4014 0.0927
vn -0.9010 0.3990 0.1702
vn -0.8296 0.5329 0.1668
vn -0.8393 0.5364 0.0887
vn -0.7383 0.6546 0.1625
vn -0.7469 0.6595 0.0846
vn -0.6253 0.7642 0.1582
vn -0.6329 0.7701 0.0801
vn -0.6367 0.7711 0.0015
vn -0.7511 0.6602 0.0062
vn -0.6367 0.7673 -0.0772
vn -0.7507 0.6567 -0.0722
vn -0.5057 0.8588 -0.0822
vn -0.3649 0.9270 -0.0869
vn -0.5054 0.8629 -0.0033
vn -0.3642 0.9313 -0.0079
vn -0.5020 0.8616 0.0755
vn -0.4954 0.8549 0.1540
vn -0.3559 0.9224 0.1498
vn -0.3611 0.9298 0.0711
vn -0.2069 0.9674 0.1460
vn -0.2110 0.9752 0.0665
vn -0.0485 0.9887 0.1416
vn -0.0509 0.9967 0.0626
vn -0.0529 0.9985 -0.0166
vn -0.2134 0.9769 -0.0124
vn -0.0547 0.9939 -0.0957
vn -0.2148 0.9724 -0.0912
vn 0.1067 0.9893 -0.0995
vn 0.2612 0.9599 -0.1022
vn 0.1089 0.9938 -0.0204
vn 0.2637 0.9643 -0.0236
vn 0.1105 0.9921 0.0588
vn 0.1114 0.9841 0.1381
vn 0.2642 0.9550 0.1347
vn 0.2648 0.9627 0.0555
vn 0.4100 0.9025 0.1318
vn 0.4120 0.9097 0.0528
vn 0.4114 0.9111 -0.0262
vn 0.4084 0.9068 -0.1046
vn 0.6643 0.7193 0.2035
vn 0.7667 0.6094 0.2022
vn 0.5422 0.8148 0.2052
vn 0.5330 0.7995 0.2771
vn 0.6527 0.7060 0.2749
vn 0.7530 0.5984 0.2737
vn 0.5209 0.7799 0.3470
vn 0.6376 0.6890 0.3447
vn 0.5054 0.7553 0.4172
vn 0.6183 0.6675 0.4149
vn 0.7130 0.5664 0.4133
vn 0.7354 0.5843 0.3432
vn 0.7906 0.4525 0.4127
vn 0.8155 0.4664 0.3426
vn 0.8508 0.3252 0.4128
vn 0.8777 0.3347 0.3429
vn 0.8990 0.3421 0.2735
vn 0.8352 0.4773 0.2731
vn 0.9155 0.3478 0.2023
vn 0.8505 0.4858 0.2017
vn 0.9580 0.2018 0.2036
vn 0.9771 0.0552 0.2057
vn 0.9407 0.1991 0.2747
vn 0.9594 0.0554 0.2765
vn 0.9185 0.1954 0.3438
vn 0.8903 0.1904 0.4137
vn 0.9079 0.0550 0.4155
vn 0.9367 0.0554 0.3457
vn 0.9047 -0.0815 0.4183
vn 0.9334 -0.0857 0.3485
vn 0.8797 -0.2195 0.4219
vn 0.9076 -0.2285 0.3523
vn 0.9296 -0.2360 0.2831
vn 0.9560 -0.0894 0.2794
vn 0.9467 -0.2422 0.2123
vn 0.9736 -0.0926 0.2085
vn 0.8967 -0.3862 0.2165
vn 0.8265 -0.5179 0.2208
vn 0.8805 -0.3771 0.2873
vn 0.8116 -0.5061 0.2919
vn 0.8597 -0.3660 0.3564
vn 0.8332 -0.3525 0.4260
vn 0.7681 -0.4739 0.4306
vn 0.7924 -0.4916 0.3611
vn 0.6846 -0.5843 0.4358
vn 0.7062 -0.6060 0.3662
vn 0.5816 -0.6834 0.4412
vn 0.5998 -0.7086 0.3717
vn 0.6140 -0.7291 0.3025
vn 0.7231 -0.6236 0.2970
vn 0.6249 -0.7456 0.2314
vn 0.7363 -0.6379 0.2259
vn 0.4971 -0.8349 0.2364
vn 0.3598 -0.9013 0.2413
vn 0.4887 -0.8163 0.3079
vn 0.3541 -0.8813 0.3128
vn 0.4778 -0.7935 0.3769
vn 0.4637 -0.7654 0.4463
vn 0.3370 -0.8264 0.4512
vn 0.3467 -0.8567 0.3819
vn 0.2018 -0.8669 0.4558
vn 0.2069 -0.8988 0.3865
vn 0.0580 -0.8861 0.4598
vn 0.0580 -0.9187 0.3907
vn 0.0577 -0.9451 0.3216
vn 0.2106 -0.9247 0.3173
vn 0.0571 -0.9665 0.2503
vn 0.2131 -0.9455 0.2460
vn -0.1004 -0.9620 0.2540
vn -0.2509 -0.9334 0.2565
vn -0.0965 -0.9408 0.3249
vn -0.2439 -0.9128 0.3276
vn -0.0921 -0.9145 0.3939
vn -0.0870 -0.8821 0.4629
vn -0.2257 -0.8559 0.4652
vn -0.2356 -0.8874 0.3963
vn -0.3582 -0.8086 0.4668
vn -0.3727 -0.8383 0.3981
vn -0.4842 -0.7394 0.4678
vn -0.5030 -0.7666 0.3991
vn -0.5184 -0.7886 0.3307
vn -0.3846 -0.8623 0.3294
vn -0.5311 -0.8064 0.2600
vn -0.3945 -0.8818 0.2586
vn -0.6532 -0.7109 0.2605
vn -0.7556 -0.6011 0.2603
vn -0.6381 -0.6951 0.3312
vn -0.7385 -0.5876 0.3307
vn -0.6197 -0.6757 0.3993
vn -0.5971 -0.6517 0.4677
vn -0.6919 -0.5506 0.4670
vn -0.7176 -0.5710 0.3987
vn -0.7695 -0.4367 0.4660
vn -0.7978 -0.4532 0.3977
vn -0.8298 -0.3095 0.4644
vn -0.8600 -0.3215 0.3962
vn -0.8845 -0.3314 0.3283
vn -0.8207 -0.4666 0.3297
vn -0.9045 -0.3395 0.2581
vn -0.8394 -0.4775 0.2595
vn -0.9470 -0.1936 0.2562
vn -0.9661 -0.0470 0.2539
vn -0.9263 -0.1884 0.3262
vn -0.9450 -0.0447 0.3241
vn -0.9008 -0.1822 0.3943
vn -0.8693 -0.1748 0.4623
vn -0.8870 -0.0394 0.4601
vn -0.9190 -0.0422 0.3919
vn -0.8837 0.0971 0.4579
vn -0.9157 0.0989 0.3895
vn -0.8586 0.2353 0.4554
vn -0.8899 0.2418 0.3869
vn -0.9152 0.2467 0.3186
vn -0.9416 0.1001 0.3215
vn -0.9357 0.2504 0.2484
vn -0.9626 0.1008 0.2515
vn -0.8857 0.3945 0.2450
vn -0.8152 0.5262 0.2420
vn -0.8661 0.3879 0.3154
vn -0.7970 0.5169 0.3123
vn -0.8419 0.3793 0.3838
vn -0.8122 0.3682 0.4526
vn -0.7470 0.4896 0.4497
vn -0.7746 0.5049 0.3808
vn -0.6635 0.6001 0.4469
vn -0.6884 0.6193 0.3777
vn -0.5605 0.6992 0.4438
vn -0.5819 0.7220 0.3744
vn -0.5994 0.7399 0.3053
vn -0.7086 0.6344 0.3089
vn -0.6138 0.7540 0.2340
vn -0.7251 0.6462 0.2381
vn -0.4859 0.8432 0.2300
vn -0.3486 0.9097 0.2257
vn -0.4741 0.8272 0.3015
vn -0.3396 0.8923 0.2975
vn -0.4598 0.8069 0.3707
vn -0.4424 0.7812 0.4403
vn -0.3157 0.8422 0.4370
vn -0.3288 0.8702 0.3671
vn -0.1806 0.8829 0.4335
vn -0.1889 0.9122 0.3635
vn -0.0367 0.9021 0.4300
vn -0.0401 0.9321 0.3599
vn -0.0431 0.9561 0.2899
vn -0.1959 0.9356 0.2937
vn -0.0458 0.9748 0.2182
vn -0.2019 0.9539 0.2220
vn 0.1116 0.9704 0.2142
vn 0.2621 0.9418 0.2105
vn 0.1111 0.9517 0.2861
vn 0.2585 0.9238 0.2826
vn 0.1100 0.9280 0.3560
vn 0.1083 0.8980 0.4264
vn 0.2470 0.8719 0.4229
vn 0.2535 0.9008 0.3526
vn 0.3794 0.8245 0.4199
vn 0.3905 0.8516 0.3496
vn 0.3992 0.8732 0.2797
vn 0.4057 0.8901 0.2078
vn 0.5957 0.6425 0.4819
vn 0.6868 0.5455 0.4803
vn 0.4873 0.7267 0.4843
vn 0.4685 0.6973 0.5424
vn 0.5726 0.6169 0.5400
vn 0.6599 0.5241 0.5384
vn 0.4500 0.6685 0.5922
vn 0.5496 0.5916 0.5899
vn 0.4322 0.6407 0.6346
vn 0.5276 0.5673 0.6323
vn 0.6078 0.4825 0.6307
vn 0.6333 0.5028 0.5882
vn 0.6736 0.3867 0.6299
vn 0.7020 0.4027 0.5875
vn 0.7247 0.2794 0.6299
vn 0.7553 0.2906 0.5875
vn 0.7872 0.3022 0.5376
vn 0.7316 0.4194 0.5375
vn 0.8194 0.3139 0.4796
vn 0.7615 0.4362 0.4795
vn 0.8575 0.1845 0.4804
vn 0.8745 0.0544 0.4820
vn 0.8237 0.1782 0.5383
vn 0.8401 0.0535 0.5399
vn 0.7903 0.1719 0.5881
vn 0.7583 0.1658 0.6305
vn 0.7733 0.0515 0.6319
vn 0.8060 0.0525 0.5896
vn 0.7705 -0.0637 0.6343
vn 0.8030 -0.0678 0.5921
vn 0.7491 -0.1802 0.6375
vn 0.7807 -0.1895 0.5955
vn 0.8138 -0.1993 0.5459
vn 0.8370 -0.0722 0.5424
vn 0.8471 -0.2094 0.4883
vn 0.8713 -0.0768 0.4847
vn 0.8025 -0.3371 0.4923
vn 0.7398 -0.4536 0.4969
vn 0.7708 -0.3216 0.5499
vn 0.7107 -0.4333 0.5542
vn 0.7396 -0.3066 0.5992
vn 0.7095 -0.2922 0.6412
vn 0.6543 -0.3944 0.6453
vn 0.6819 -0.4133 0.6035
vn 0.5835 -0.4871 0.6498
vn 0.6080 -0.5103 0.6082
vn 0.4964 -0.5701 0.6546
vn 0.5171 -0.5971 0.6132
vn 0.5387 -0.6256 0.5643
vn 0.6336 -0.5347 0.5591
vn 0.5605 -0.6547 0.5072
vn 0.6595 -0.5597 0.5018
vn 0.4471 -0.7332 0.5123
vn 0.3255 -0.7917 0.5170
vn 0.4300 -0.7007 0.5693
vn 0.3135 -0.7566 0.5738
vn 0.4131 -0.6690 0.6179
vn 0.3969 -0.6388 0.6592
vn 0.2901 -0.6897 0.6634
vn 0.3016 -0.7223 0.6223
vn 0.1765 -0.7235 0.6674
vn 0.1828 -0.7577 0.6265
vn 0.0556 -0.7396 0.6708
vn 0.0564 -0.7745 0.6301
vn 0.0572 -0.8113 0.5819
vn 0.1893 -0.7938 0.5780
vn 0.0577 -0.8489 0.5253
vn 0.1957 -0.8305 0.5214
vn -0.0815 -0.8451 0.5283
vn -0.2146 -0.8201 0.5304
vn -0.0761 -0.8076 0.5848
vn -0.2036 -0.7838 0.5866
vn -0.0710 -0.7711 0.6327
vn -0.0663 -0.7363 0.6734
vn -0.1830 -0.7146 0.6751
vn -0.1930 -0.7483 0.6346
vn -0.2945 -0.6751 0.6764
vn -0.3095 -0.7069 0.6359
vn -0.4008 -0.6173 0.6770
vn -0.4206 -0.6464 0.6366
vn -0.4415 -0.6771 0.5888
vn -0.3254 -0.7405 0.5881
vn -0.4629 -0.7085 0.5327
vn -0.3418 -0.7747 0.5319
vn -0.5715 -0.6244 0.5325
vn -0.6626 -0.5274 0.5318
vn -0.5456 -0.5967 0.5885
vn -0.6330 -0.5039 0.5877
vn -0.5203 -0.5696 0.6363
vn -0.4963 -0.5439 0.6767
vn -0.5765 -0.4591 0.6759
vn -0.6041 -0.4810 0.6354
vn -0.6423 -0.3633 0.6748
vn -0.6727 -0.3808 0.6344
vn -0.6935 -0.2561 0.6734
vn -0.7260 -0.2687 0.6330
vn -0.7603 -0.2821 0.5851
vn -0.7046 -0.3992 0.5866
vn -0.7953 -0.2958 0.5292
vn -0.7373 -0.4181 0.5307
vn -0.8333 -0.1664 0.5272
vn -0.8503 -0.0363 0.5250
vn -0.7969 -0.1581 0.5831
vn -0.8132 -0.0334 0.5810
vn -0.7612 -0.1501 0.6310
vn -0.7271 -0.1425 0.6716
vn -0.7421 -0.0282 0.6697
vn -0.7768 -0.0307 0.6290
vn -0.7392 0.0870 0.6678
vn -0.7738 0.0896 0.6270
vn -0.7178 0.2035 0.6658
vn -0.7515 0.2113 0.6250
vn -0.7869 0.2194 0.5768
vn -0.8101 0.0923 0.5790
vn -0.8230 0.2275 0.5205
vn -0.8472 0.0948 0.5228
vn -0.7783 0.3552 0.5178
vn -0.7156 0.4718 0.5152
vn -0.7439 0.3418 0.5743
vn -0.6837 0.4534 0.5718
vn -0.7103 0.3284 0.6226
vn -0.6783 0.3156 0.6635
vn -0.6230 0.4178 0.6613
vn -0.6526 0.4352 0.6203
vn -0.5521 0.5105 0.6592
vn -0.5787 0.5322 0.6179
vn -0.4649 0.5936 0.6569
vn -0.4877 0.6191 0.6155
vn -0.5116 0.6458 0.5668
vn -0.6066 0.5549 0.5694
vn -0.5361 0.6728 0.5097
vn -0.6352 0.5778 0.5125
vn -0.4227 0.7515 0.5065
vn -0.3010 0.8100 0.5033
vn -0.4029 0.7210 0.5637
vn -0.2863 0.7769 0.5607
vn -0.3836 0.6910 0.6127
vn -0.3654 0.6622 0.6542
vn -0.2587 0.7133 0.6514
vn -0.2721 0.7443 0.6099
vn -0.1450 0.7471 0.6487
vn -0.1532 0.7798 0.6070
vn -0.0241 0.7631 0.6459
vn -0.0269 0.7965 0.6040
vn -0.0299 0.8316 0.5545
vn -0.1621 0.8141 0.5577
vn -0.0332 0.8672 0.4968
vn -0.1713 0.8489 0.5001
vn 0.1060 0.8634 0.4932
vn 0.2391 0.8384 0.4899
vn 0.1033 0.8280 0.5511
vn 0.2308 0.8041 0.5478
vn 0.1006 0.7932 0.6005
vn 0.0979 0.7599 0.6426
vn 0.2145 0.7382 0.6396
vn 0.2225 0.7704 0.5975
vn 0.3260 0.6986 0.6369
vn 0.3390 0.7290 0.5947
vn 0.3526 0.7607 0.5450
vn 0.3662 0.7929 0.4869
vn 0.6474 0.2510 0.7196
vn 0.6909 0.2670 0.6719
vn 0.6422 0.3690 0.6719
vn 0.6019 0.3462 0.7197
vn 0.5796 0.4600 0.6726
vn 0.5433 0.4311 0.7204
vn 0.5033 0.5406 0.6742
vn 0.4125 0.6103 0.6763
vn 0.3872 0.5712 0.7238
vn 0.4720 0.5062 0.7218
vn 0.3558 0.5228 0.7747
vn 0.4332 0.4637 0.7729
vn 0.3188 0.4660 0.8254
vn 0.3875 0.4137 0.8238
vn 0.4454 0.3532 0.8227
vn 0.4984 0.3953 0.7716
vn 0.4929 0.2845 0.8222
vn 0.5519 0.3179 0.7710
vn 0.5299 0.2075 0.8223
vn 0.5935 0.2311 0.7710
vn 0.6690 -0.1572 0.7265
vn 0.7140 -0.1701 0.6791
vn 0.7345 -0.0593 0.6760
vn 0.6881 -0.0537 0.7236
vn 0.7372 0.0503 0.6738
vn 0.6908 0.0486 0.7214
vn 0.7229 0.1590 0.6724
vn 0.6773 0.1501 0.7202
vn 0.6209 0.1390 0.7715
vn 0.5544 0.1259 0.8227
vn 0.5653 0.0437 0.8237
vn 0.6331 0.0464 0.7727
vn 0.5631 -0.0392 0.8255
vn 0.6308 -0.0470 0.7745
vn 0.5475 -0.1230 0.8277
vn 0.6132 -0.1414 0.7772
vn 0.4441 -0.5027 0.7417
vn 0.4735 -0.5405 0.6954
vn 0.5564 -0.4617 0.6909
vn 0.5215 -0.4293 0.7374
vn 0.6238 -0.3736 0.6865
vn 0.5846 -0.3472 0.7333
vn 0.6764 -0.2766 0.6826
vn 0.6338 -0.2566 0.7297
vn 0.5810 -0.2320 0.7801
vn 0.5188 -0.2034 0.8303
vn 0.4788 -0.2766 0.8332
vn 0.5360 -0.3146 0.7834
vn 0.4276 -0.3429 0.8364
vn 0.4784 -0.3894 0.7871
vn 0.3648 -0.4021 0.8398
vn 0.4076 -0.4563 0.7910
vn 0.0531 -0.6524 0.7560
vn 0.0546 -0.7013 0.7108
vn 0.1694 -0.6861 0.7075
vn 0.1603 -0.6383 0.7529
vn 0.2775 -0.6540 0.7037
vn 0.2611 -0.6085 0.7494
vn 0.3789 -0.6057 0.6997
vn 0.3557 -0.5634 0.7457
vn 0.3270 -0.5115 0.7946
vn 0.2932 -0.4510 0.8430
vn 0.2167 -0.4872 0.8460
vn 0.2407 -0.5525 0.7980
vn 0.1352 -0.5112 0.8487
vn 0.1488 -0.5797 0.8011
vn 0.0487 -0.5226 0.8512
vn 0.0512 -0.5925 0.8039
vn -0.3516 -0.5446 0.7615
vn -0.3792 -0.5854 0.7167
vn -0.2781 -0.6402 0.7161
vn -0.2572 -0.5956 0.7609
vn -0.1721 -0.6777 0.7150
vn -0.1583 -0.6305 0.7598
vn -0.0613 -0.6983 0.7132
vn -0.0549 -0.6496 0.7583
vn -0.0473 -0.5900 0.8060
vn -0.0386 -0.5204 0.8531
vn -0.1221 -0.5051 0.8544
vn -0.1416 -0.5726 0.8075
vn -0.2021 -0.4770 0.8553
vn -0.2318 -0.5409 0.8085
vn -0.2785 -0.4360 0.8558
vn -0.3178 -0.4945 0.8090
vn -0.6120 -0.2245 0.7583
vn -0.6577 -0.2422 0.7133
vn -0.6090 -0.3442 0.7146
vn -0.5664 -0.3197 0.7596
vn -0.5464 -0.4352 0.7156
vn -0.5079 -0.4046 0.7605
vn -0.4700 -0.5157 0.7164
vn -0.4364 -0.4797 0.7612
vn -0.3953 -0.4354 0.8088
vn -0.3472 -0.3836 0.8557
vn -0.4052 -0.3231 0.8552
vn -0.4605 -0.3670 0.8082
vn -0.4528 -0.2545 0.8545
vn -0.5140 -0.2896 0.8074
vn -0.4898 -0.1775 0.8536
vn -0.5557 -0.2028 0.8063
vn -0.6336 0.1836 0.7515
vn -0.6809 0.1948 0.7060
vn -0.7013 0.0841 0.7078
vn -0.6528 0.0801 0.7533
vn -0.7041 -0.0255 0.7097
vn -0.6554 -0.0222 0.7550
vn -0.6897 -0.1342 0.7115
vn -0.6420 -0.1237 0.7567
vn -0.5831 -0.1108 0.8048
vn -0.5142 -0.0959 0.8523
vn -0.5251 -0.0137 0.8509
vn -0.5954 -0.0182 0.8032
vn -0.5230 0.0692 0.8495
vn -0.5930 0.0752 0.8017
vn -0.5074 0.1530 0.8480
vn -0.5754 0.1696 0.8001
vn -0.4085 0.5293 0.7436
vn -0.4402 0.5654 0.6975
vn -0.5231 0.4866 0.6997
vn -0.4860 0.4558 0.7456
vn -0.5905 0.3985 0.7018
vn -0.5491 0.3737 0.7476
vn -0.6432 0.3014 0.7039
vn -0.5984 0.2830 0.7496
vn -0.5432 0.2603 0.7982
vn -0.4787 0.2334 0.8464
vn -0.4386 0.3066 0.8448
vn -0.4982 0.3429 0.7964
vn -0.3873 0.3730 0.8431
vn -0.4405 0.4178 0.7946
vn -0.3245 0.4322 0.8414
vn -0.3697 0.4847 0.7927
vn -0.0174 0.6791 0.7339
vn -0.0211 0.7263 0.6871
vn -0.1360 0.7111 0.6898
vn -0.1246 0.6650 0.7364
vn -0.2440 0.6790 0.6924
vn -0.2254 0.6351 0.7388
vn -0.3455 0.6306 0.6950
vn -0.3201 0.5900 0.7412
vn -0.2890 0.5399 0.7905
vn -0.2529 0.4811 0.8394
vn -0.1763 0.5173 0.8374
vn -0.2027 0.5809 0.7883
vn -0.0949 0.5414 0.8354
vn -0.1108 0.6081 0.7861
vn -0.0083 0.5528 0.8333
vn -0.0131 0.6210 0.7837
vn 0.3115 0.6652 0.6786
vn 0.2929 0.6223 0.7260
vn 0.2055 0.7026 0.6812
vn 0.1940 0.6571 0.7284
vn 0.0947 0.7233 0.6840
vn 0.0906 0.6763 0.7310
vn 0.0853 0.6184 0.7812
vn 0.0789 0.5505 0.8311
vn 0.1625 0.5352 0.8290
vn 0.1796 0.6010 0.7788
vn 0.2424 0.5071 0.8271
vn 0.2697 0.5693 0.7767
vn 0.3718 0.1485 0.9164
vn 0.4570 0.1804 0.8710
vn 0.4253 0.2462 0.8709
vn 0.3463 0.2013 0.9163
vn 0.3846 0.3048 0.8713
vn 0.3136 0.2482 0.9166
vn 0.3351 0.3564 0.8722
vn 0.2763 0.4011 0.8734
vn 0.2266 0.3252 0.9181
vn 0.2738 0.2895 0.9172
vn 0.1686 0.2369 0.9568
vn 0.2021 0.2115 0.9562
vn 0.1013 0.1348 0.9857
vn 0.1191 0.1212 0.9855
vn 0.1342 0.1055 0.9853
vn 0.2305 0.1821 0.9559
vn 0.1467 0.0878 0.9853
vn 0.2538 0.1487 0.9558
vn 0.1564 0.0678 0.9854
vn 0.2720 0.1112 0.9559
vn 0.3838 -0.0780 0.9201
vn 0.4720 -0.1021 0.8757
vn 0.4854 -0.0305 0.8738
vn 0.3945 -0.0206 0.9187
vn 0.4873 0.0403 0.8723
vn 0.3960 0.0362 0.9175
vn 0.4779 0.1106 0.8714
vn 0.3885 0.0926 0.9168
vn 0.2839 0.0714 0.9562
vn 0.1628 0.0466 0.9856
vn 0.1656 0.0252 0.9859
vn 0.2892 0.0312 0.9567
vn 0.1650 0.0036 0.9863
vn 0.2882 -0.0092 0.9575
vn 0.1610 -0.0182 0.9868
vn 0.2805 -0.0501 0.9585
vn 0.2581 -0.2689 0.9279
vn 0.3156 -0.3404 0.8857
vn 0.3693 -0.2899 0.8829
vn 0.3012 -0.2284 0.9258
vn 0.4132 -0.2333 0.8803
vn 0.3364 -0.1831 0.9237
vn 0.4475 -0.1708 0.8778
vn 0.3640 -0.1330 0.9219
vn 0.2664 -0.0893 0.9597
vn 0.1534 -0.0391 0.9874
vn 0.1429 -0.0580 0.9880
vn 0.2467 -0.1249 0.9610
vn 0.1296 -0.0752 0.9887
vn 0.2217 -0.1571 0.9624
vn 0.1132 -0.0906 0.9894
vn 0.1910 -0.1859 0.9638
vn 0.0417 -0.3509 0.9355
vn 0.0456 -0.4431 0.8953
vn 0.1195 -0.4334 0.8932
vn 0.1009 -0.3432 0.9338
vn 0.1890 -0.4130 0.8909
vn 0.1566 -0.3269 0.9320
vn 0.2544 -0.3821 0.8884
vn 0.2091 -0.3022 0.9301
vn 0.1560 -0.2095 0.9653
vn 0.0945 -0.1032 0.9902
vn 0.0746 -0.1125 0.9908
vn 0.1187 -0.2271 0.9666
vn 0.0535 -0.1187 0.9915
vn 0.0791 -0.2387 0.9679
vn 0.0311 -0.1217 0.9921
vn 0.0370 -0.2442 0.9690
vn -0.1822 -0.2920 0.9389
vn -0.2338 -0.3693 0.8994
vn -0.1686 -0.4043 0.8989
vn -0.1298 -0.3199 0.9385
vn -0.1003 -0.4282 0.8981
vn -0.0751 -0.3390 0.9378
vn -0.0289 -0.4413 0.8969
vn -0.0179 -0.3494 0.9368
vn -0.0054 -0.2431 0.9700
vn 0.0085 -0.1210 0.9926
vn -0.0132 -0.1171 0.9930
vn -0.0461 -0.2357 0.9707
vn -0.0339 -0.1099 0.9934
vn -0.0851 -0.2222 0.9713
vn -0.0539 -0.0994 0.9936
vn -0.1224 -0.2024 0.9716
vn -0.3273 -0.1154 0.9378
vn -0.4147 -0.1487 0.8977
vn -0.3830 -0.2145 0.8985
vn -0.3018 -0.1681 0.9384
vn -0.3422 -0.2731 0.8991
vn -0.2691 -0.2150 0.9388
vn -0.2926 -0.3247 0.8994
vn -0.2293 -0.2563 0.9390
vn -0.1560 -0.1770 0.9718
vn -0.0717 -0.0858 0.9937
vn -0.0868 -0.0701 0.9938
vn -0.1843 -0.1476 0.9717
vn -0.0993 -0.0523 0.9937
vn -0.2076 -0.1142 0.9715
vn -0.1090 -0.0324 0.9935
vn -0.2258 -0.0767 0.9711
vn -0.3393 0.1112 0.9341
vn -0.4297 0.1338 0.8930
vn -0.4431 0.0622 0.8943
vn -0.3501 0.0537 0.9352
vn -0.4449 -0.0087 0.8955
vn -0.3516 -0.0031 0.9361
vn -0.4356 -0.0789 0.8967
vn -0.3441 -0.0594 0.9371
vn -0.2377 -0.0369 0.9706
vn -0.1153 -0.0112 0.9933
vn -0.1182 0.0102 0.9929
vn -0.2431 0.0032 0.9700
vn -0.1176 0.0318 0.9926
vn -0.2420 0.0437 0.9693
vn -0.1136 0.0536 0.9921
vn -0.2344 0.0846 0.9685
vn -0.2136 0.3021 0.9290
vn -0.2731 0.3722 0.8871
vn -0.3269 0.3216 0.8886
vn -0.2568 0.2616 0.9304
vn -0.3707 0.2650 0.8901
vn -0.2920 0.2163 0.9316
vn -0.4051 0.2025 0.8916
vn -0.3195 0.1662 0.9329
vn -0.2202 0.1238 0.9676
vn -0.1060 0.0745 0.9916
vn -0.0955 0.0934 0.9910
vn -0.2006 0.1594 0.9666
vn -0.0821 0.1106 0.9905
vn -0.1755 0.1916 0.9657
vn -0.0658 0.1260 0.9898
vn -0.1448 0.2204 0.9646
vn 0.0028 0.3842 0.9232
vn -0.0031 0.4749 0.8800
vn -0.0769 0.4652 0.8819
vn -0.0564 0.3764 0.9247
vn -0.1465 0.4447 0.8836
vn -0.1121 0.3601 0.9262
vn -0.2119 0.4138 0.8853
vn -0.1646 0.3354 0.9276
vn -0.1098 0.2440 0.9635
vn -0.0471 0.1386 0.9892
vn -0.0272 0.1479 0.9886
vn -0.0725 0.2616 0.9625
vn -0.0061 0.1541 0.9880
vn -0.0329 0.2732 0.9614
vn 0.0163 0.1571 0.9875
vn 0.0093 0.2788 0.9603
vn 0.2111 0.4361 0.8748
vn 0.1743 0.3532 0.9191
vn 0.1428 0.4600 0.8764
vn 0.1196 0.3723 0.9204
vn 0.0714 0.4730 0.8782
vn 0.0624 0.3827 0.9218
vn 0.0517 0.2777 0.9593
vn 0.0389 0.1565 0.9869
vn 0.0606 0.1525 0.9864
vn 0.0924 0.2702 0.9584
vn 0.0813 0.1453 0.9860
vn 0.1313 0.2567 0.9575
vn 0.0277 0.0209 0.9994
vn 0.0281 0.0203 0.9994
vn -0.0104 -0.0017 0.9999
vn -0.0069 -0.0066 1.0000
vn 0.0284 0.0196 0.9994
vn -0.0131 0.0039 0.9999
vn -0.0056 0.0067 1.0000
vn -0.0036 0.0021 1.0000
vn -0.0008 -0.0018 1.0000
vn 0.0516 0.0283 0.9983
vn 0.0496 0.0325 0.9982
vn 0.0469 0.0361 0.9982
vn 0.0439 0.0394 0.9983
vn 0.0402 0.0423 0.9983
vn 0.0066 -0.0083 0.9999
vn 0.0027 -0.0052 1.0000
vn 0.0023 -0.0148 0.9999
vn -0.0026 -0.0109 0.9999
vn 0.0265 0.0218 0.9994
vn 0.0271 0.0214 0.9994
vn 0.0288 0.0181 0.9994
vn 0.0287 0.0174 0.9994
vn -0.0155 0.0218 0.9996
vn -0.0157 0.0158 0.9998
vn 0.0286 0.0167 0.9995
vn -0.0145 0.0279 0.9995
vn -0.0067 0.0259 0.9996
vn -0.0077 0.0210 0.9997
vn -0.0078 0.0162 0.9998
vn 0.0526 0.0104 0.9986
vn 0.0534 0.0150 0.9985
vn 0.0534 0.0194 0.9984
vn 0.0529 0.0239 0.9983
vn -0.0071 0.0114 0.9999
vn -0.0149 0.0098 0.9998
vn 0.0287 0.0189 0.9994
vn 0.0280 0.0153 0.9995
vn 0.0275 0.0147 0.9995
vn -0.0056 0.0438 0.9990
vn -0.0092 0.0389 0.9992
vn 0.0269 0.0143 0.9995
vn -0.0010 0.0481 0.9988
vn 0.0041 0.0420 0.9991
vn 0.0003 0.0387 0.9993
vn -0.0027 0.0348 0.9994
vn 0.0427 -0.0047 0.9991
vn 0.0460 -0.0015 0.9989
vn 0.0488 0.0021 0.9988
vn 0.0510 0.0061 0.9987
vn -0.0050 0.0306 0.9995
vn -0.0123 0.0337 0.9994
vn 0.0284 0.0159 0.9995
vn 0.0256 0.0135 0.9996
vn 0.0249 0.0133 0.9996
vn 0.0156 0.0558 0.9983
vn 0.0099 0.0537 0.9985
vn 0.0242 0.0133 0.9996
vn 0.0219 0.0567 0.9982
vn 0.0223 0.0488 0.9986
vn 0.0173 0.0483 0.9987
vn 0.0126 0.0470 0.9988
vn 0.0255 -0.0113 0.9996
vn 0.0302 -0.0105 0.9995
vn 0.0346 -0.0092 0.9994
vn 0.0387 -0.0073 0.9992
vn 0.0081 0.0449 0.9990
vn 0.0041 0.0517 0.9987
vn 0.0263 0.0138 0.9996
vn 0.0227 0.0133 0.9997
vn 0.0220 0.0136 0.9997
vn 0.0401 0.0536 0.9978
vn 0.0342 0.0555 0.9979
vn 0.0214 0.0140 0.9997
vn 0.0455 0.0505 0.9977
vn 0.0413 0.0441 0.9982
vn 0.0368 0.0465 0.9982
vn 0.0321 0.0479 0.9983
vn 0.0077 -0.0065 0.9999
vn 0.0119 -0.0087 0.9999
vn 0.0162 -0.0102 0.9998
vn 0.0207 -0.0111 0.9997
vn 0.0273 0.0487 0.9984
vn 0.0282 0.0567 0.9980
vn 0.0235 0.0132 0.9996
vn 0.0202 0.0149 0.9997
vn 0.0198 0.0155 0.9997
vn 0.0582 0.0374 0.9976
vn 0.0547 0.0424 0.9976
vn 0.0195 0.0162 0.9997
vn 0.0609 0.0318 0.9976
vn 0.0536 0.0291 0.9981
vn 0.0514 0.0336 0.9981
vn 0.0486 0.0375 0.9981
vn -0.0038 0.0074 1.0000
vn -0.0017 0.0033 1.0000
vn 0.0009 -0.0004 1.0000
vn 0.0040 -0.0037 1.0000
vn 0.0452 0.0410 0.9981
vn 0.0505 0.0467 0.9976
vn 0.0207 0.0143 0.9997
vn 0.0191 0.0176 0.9997
vn 0.0191 0.0184 0.9996
vn 0.0635 0.0139 0.9979
vn 0.0636 0.0200 0.9978
vn 0.0193 0.0191 0.9996
vn 0.0622 0.0079 0.9980
vn 0.0545 0.0099 0.9985
vn 0.0555 0.0147 0.9983
vn 0.0557 0.0195 0.9983
vn -0.0047 0.0253 0.9997
vn -0.0055 0.0208 0.9998
vn -0.0056 0.0163 0.9999
vn -0.0050 0.0119 0.9999
vn 0.0549 0.0243 0.9982
vn 0.0627 0.0259 0.9977
vn 0.0192 0.0169 0.9997
vn 0.0199 0.0205 0.9996
vn 0.0204 0.0211 0.9996
vn 0.0533 -0.0079 0.9985
vn 0.0572 -0.0033 0.9984
vn 0.0210 0.0215 0.9995
vn 0.0489 -0.0123 0.9987
vn 0.0438 -0.0062 0.9990
vn 0.0476 -0.0030 0.9989
vn 0.0506 0.0009 0.9987
vn 0.0052 0.0405 0.9992
vn 0.0019 0.0372 0.9993
vn -0.0009 0.0336 0.9994
vn -0.0031 0.0297 0.9996
vn 0.0528 0.0052 0.9986
vn 0.0602 0.0020 0.9982
vn 0.0195 0.0199 0.9996
vn 0.0222 0.0223 0.9995
vn 0.0230 0.0225 0.9995
vn 0.0322 -0.0201 0.9993
vn 0.0381 -0.0184 0.9991
vn 0.0237 0.0225 0.9995
vn 0.0260 -0.0211 0.9994
vn 0.0256 -0.0132 0.9996
vn 0.0306 -0.0125 0.9995
vn 0.0353 -0.0112 0.9993
vn 0.0224 0.0470 0.9986
vn 0.0177 0.0463 0.9988
vn 0.0133 0.0449 0.9989
vn 0.0091 0.0431 0.9990
vn 0.0397 -0.0091 0.9992
vn 0.0437 -0.0158 0.9989
vn 0.0216 0.0220 0.9995
vn 0.0252 0.0224 0.9994
vn 0.0259 0.0222 0.9994
vn 0.0078 -0.0177 0.9998
vn 0.0136 -0.0197 0.9997
vn 0.0111 -0.0106 0.9999
vn 0.0157 -0.0123 0.9998
vn 0.0360 0.0445 0.9984
vn 0.0317 0.0460 0.9984
vn 0.0271 0.0468 0.9985
vn 0.0205 -0.0132 0.9997
vn 0.0197 -0.0207 0.9996
vn 0.0244 0.0226 0.9994
vn 0.0849 0.0663 0.9942
vn 0.0918 0.0565 0.9942
vn 0.1147 0.0696 0.9910
vn 0.1055 0.0827 0.9910
vn 0.0971 0.0455 0.9942
vn 0.1218 0.0548 0.9910
vn 0.1148 0.0522 0.9920
vn 0.1082 0.0659 0.9919
vn 0.0998 0.0782 0.9919
vn 0.0840 0.0406 0.9956
vn 0.0797 0.0496 0.9956
vn 0.0740 0.0577 0.9956
vn 0.0672 0.0648 0.9956
vn 0.0590 0.0709 0.9957
vn 0.0770 0.0981 0.9922
vn 0.0893 0.0888 0.9920
vn 0.0810 0.1041 0.9913
vn 0.0943 0.0942 0.9911
vn 0.0667 0.0825 0.9944
vn 0.0766 0.0750 0.9942
vn 0.1022 0.0220 0.9945
vn 0.1019 0.0100 0.9947
vn 0.1280 0.0074 0.9917
vn 0.1285 0.0233 0.9914
vn 0.0997 -0.0020 0.9950
vn 0.1250 -0.0087 0.9921
vn 0.1179 -0.0068 0.9930
vn 0.1208 0.0081 0.9926
vn 0.1212 0.0229 0.9924
vn 0.0861 0.0016 0.9963
vn 0.0880 0.0115 0.9961
vn 0.0883 0.0212 0.9959
vn 0.0870 0.0309 0.9957
vn 0.1193 0.0376 0.9921
vn 0.1267 0.0391 0.9912
vn 0.1007 0.0338 0.9943
vn 0.0897 -0.0240 0.9957
vn 0.0823 -0.0335 0.9960
vn 0.1020 -0.0509 0.9935
vn 0.1119 -0.0382 0.9930
vn 0.0733 -0.0419 0.9964
vn 0.0899 -0.0621 0.9940
vn 0.0852 -0.0564 0.9948
vn 0.0964 -0.0460 0.9943
vn 0.1057 -0.0343 0.9938
vn 0.0644 -0.0312 0.9974
vn 0.0719 -0.0243 0.9971
vn 0.0780 -0.0166 0.9968
vn 0.0827 -0.0079 0.9965
vn 0.1129 -0.0212 0.9934
vn 0.1196 -0.0242 0.9925
vn 0.0955 -0.0135 0.9953
vn 0.0520 -0.0540 0.9972
vn 0.0403 -0.0574 0.9975
vn 0.0458 -0.0828 0.9955
vn 0.0614 -0.0782 0.9950
vn 0.0279 -0.0591 0.9979
vn 0.0293 -0.0849 0.9960
vn 0.0289 -0.0778 0.9966
vn 0.0443 -0.0757 0.9961
vn 0.0588 -0.0716 0.9957
vn 0.0272 -0.0452 0.9986
vn 0.0374 -0.0440 0.9983
vn 0.0470 -0.0411 0.9980
vn 0.0559 -0.0369 0.9978
vn 0.0724 -0.0651 0.9953
vn 0.0761 -0.0714 0.9945
vn 0.0630 -0.0489 0.9968
vn 0.0035 -0.0566 0.9984
vn -0.0080 -0.0526 0.9986
vn -0.0187 -0.0763 0.9969
vn -0.0034 -0.0816 0.9967
vn -0.0190 -0.0468 0.9987
vn -0.0334 -0.0685 0.9971
vn -0.0293 -0.0625 0.9976
vn -0.0157 -0.0697 0.9974
vn -0.0015 -0.0747 0.9972
vn -0.0112 -0.0351 0.9993
vn -0.0022 -0.0400 0.9992
vn 0.0072 -0.0432 0.9990
vn 0.0170 -0.0449 0.9988
vn 0.0134 -0.0773 0.9969
vn 0.0126 -0.0844 0.9963
vn 0.0155 -0.0587 0.9982
vn -0.0372 -0.0307 0.9988
vn -0.0440 -0.0208 0.9988
vn -0.0670 -0.0340 0.9972
vn -0.0578 -0.0470 0.9972
vn -0.0494 -0.0099 0.9987
vn -0.0742 -0.0192 0.9971
vn -0.0672 -0.0166 0.9976
vn -0.0606 -0.0303 0.9977
vn -0.0520 -0.0425 0.9977
vn -0.0362 -0.0049 0.9993
vn -0.0319 -0.0139 0.9994
vn -0.0262 -0.0220 0.9994
vn -0.0193 -0.0291 0.9994
vn -0.0416 -0.0532 0.9977
vn -0.0467 -0.0587 0.9972
vn -0.0289 -0.0393 0.9988
vn -0.0545 0.0137 0.9984
vn -0.0542 0.0257 0.9982
vn -0.0806 0.0282 0.9963
vn -0.0810 0.0123 0.9966
vn -0.0519 0.0377 0.9979
vn -0.0777 0.0443 0.9960
vn -0.0703 0.0424 0.9966
vn -0.0732 0.0275 0.9969
vn -0.0736 0.0127 0.9972
vn -0.0383 0.0341 0.9987
vn -0.0402 0.0243 0.9989
vn -0.0405 0.0145 0.9991
vn -0.0392 0.0047 0.9992
vn -0.0716 -0.0020 0.9974
vn -0.0788 -0.0035 0.9969
vn -0.0529 0.0019 0.9986
vn -0.0420 0.0597 0.9973
vn -0.0346 0.0691 0.9970
vn -0.0543 0.0864 0.9948
vn -0.0642 0.0737 0.9952
vn -0.0255 0.0776 0.9967
vn -0.0422 0.0976 0.9943
vn -0.0375 0.0920 0.9951
vn -0.0487 0.0815 0.9955
vn -0.0581 0.0699 0.9959
vn -0.0166 0.0669 0.9976
vn -0.0241 0.0600 0.9979
vn -0.0301 0.0522 0.9982
vn -0.0349 0.0436 0.9984
vn -0.0653 0.0568 0.9962
vn -0.0720 0.0597 0.9956
vn -0.0477 0.0492 0.9976
vn -0.0043 0.0897 0.9960
vn 0.0074 0.0932 0.9956
vn 0.0019 0.1183 0.9930
vn -0.0138 0.1139 0.9934
vn 0.0198 0.0947 0.9953
vn 0.0184 0.1205 0.9925
vn 0.0188 0.1133 0.9934
vn 0.0034 0.1113 0.9938
vn -0.0111 0.1070 0.9942
vn 0.0206 0.0809 0.9965
vn 0.0104 0.0797 0.9968
vn 0.0009 0.0768 0.9970
vn -0.0082 0.0726 0.9973
vn -0.0247 0.1006 0.9946
vn -0.0284 0.1069 0.9939
vn -0.0152 0.0846 0.9963
vn 0.0442 0.0923 0.9948
vn 0.0557 0.0883 0.9945
vn 0.0664 0.1119 0.9915
vn 0.0510 0.1172 0.9918
vn 0.0634 0.1053 0.9924
vn 0.0491 0.1103 0.9927
vn 0.0500 0.0756 0.9959
vn 0.0406 0.0790 0.9960
vn 0.0308 0.0807 0.9963
vn 0.0343 0.1129 0.9930
vn 0.0350 0.1202 0.9921
vn 0.0322 0.0944 0.9950
vn 0.0920 0.0260 -0.9954
vn 0.0283 0.0019 -0.9996
vn 0.0333 0.0276 -0.9991
vn 0.0943 0.0375 -0.9948
vn -0.0239 -0.0179 -0.9996
vn 0.0064 0.0282 -0.9996
vn 0.0438 0.0843 -0.9955
vn 0.0557 0.0840 -0.9949
vn 0.0949 0.0765 -0.9925
vn 0.0835 0.1440 -0.9860
vn 0.1019 0.1371 -0.9853
vn 0.1372 0.1100 -0.9844
vn 0.1567 0.0707 -0.9851
vn 0.1597 0.0516 -0.9858
vn 0.0960 -0.0491 -0.9942
vn 0.0301 -0.0320 -0.9990
vn 0.0495 -0.0140 -0.9987
vn 0.1046 -0.0410 -0.9937
vn 0.1014 0.0189 -0.9947
vn 0.1283 -0.0097 -0.9917
vn 0.1704 0.0354 -0.9847
vn 0.1827 -0.0067 -0.9832
vn 0.1750 -0.0499 -0.9833
vn 0.1660 -0.0671 -0.9838
vn 0.0543 -0.1122 -0.9922
vn 0.0111 -0.0604 -0.9981
vn 0.0378 -0.0570 -0.9977
vn 0.0660 -0.1106 -0.9917
vn 0.0995 -0.0603 -0.9932
vn 0.1042 -0.0989 -0.9896
vn 0.1651 -0.0864 -0.9825
vn 0.1497 -0.1275 -0.9805
vn 0.1176 -0.1582 -0.9804
vn 0.1000 -0.1670 -0.9809
vn -0.0173 -0.1392 -0.9901
vn -0.0210 -0.0724 -0.9972
vn 0.0025 -0.0853 -0.9964
vn -0.0068 -0.1448 -0.9894
vn 0.0504 -0.1233 -0.9911
vn 0.0309 -0.1572 -0.9871
vn 0.0877 -0.1821 -0.9794
vn 0.0506 -0.2066 -0.9771
vn 0.0062 -0.2129 -0.9771
vn -0.0133 -0.2098 -0.9776
vn -0.0914 -0.1199 -0.9886
vn -0.0542 -0.0638 -0.9965
vn -0.0430 -0.0877 -0.9952
vn -0.0862 -0.1305 -0.9877
vn -0.0271 -0.1459 -0.9889
vn -0.0633 -0.1622 -0.9847
vn -0.0323 -0.2149 -0.9761
vn -0.0771 -0.2133 -0.9739
vn -0.1166 -0.1928 -0.9743
vn -0.1305 -0.1791 -0.9751
vn -0.1397 -0.0615 -0.9883
vn -0.0761 -0.0376 -0.9964
vn -0.0811 -0.0633 -0.9947
vn -0.1418 -0.0730 -0.9872
vn -0.1032 -0.1194 -0.9875
vn -0.1421 -0.1118 -0.9835
vn -0.1489 -0.1722 -0.9738
vn -0.1840 -0.1451 -0.9722
vn -0.2036 -0.1057 -0.9733
vn -0.2067 -0.0867 -0.9746
vn -0.1436 0.0136 -0.9895
vn -0.0779 -0.0037 -0.9970
vn -0.0972 -0.0217 -0.9950
vn -0.1521 0.0056 -0.9884
vn -0.1489 -0.0543 -0.9874
vn -0.1758 -0.0257 -0.9841
vn -0.2174 -0.0705 -0.9735
vn -0.2296 -0.0283 -0.9729
vn -0.2219 0.0148 -0.9750
vn -0.2130 0.0320 -0.9765
vn -0.1018 0.0767 -0.9918
vn -0.0589 0.0247 -0.9980
vn -0.0856 0.0213 -0.9961
vn -0.1135 0.0751 -0.9907
vn -0.1470 0.0248 -0.9888
vn -0.1514 0.0635 -0.9864
vn -0.2120 0.0513 -0.9759
vn -0.1966 0.0925 -0.9761
vn -0.1645 0.1231 -0.9787
vn -0.1470 0.1319 -0.9803
vn -0.0302 0.1037 -0.9942
vn -0.0268 0.0367 -0.9990
vn -0.0503 0.0496 -0.9975
vn -0.0407 0.1093 -0.9932
vn -0.0978 0.0878 -0.9913
vn -0.0783 0.1220 -0.9894
vn -0.1346 0.1470 -0.9799
vn -0.0975 0.1716 -0.9803
vn -0.0532 0.1778 -0.9826
vn -0.0337 0.1747 -0.9840
vn -0.0047 0.0520 -0.9986
vn 0.0388 0.0950 -0.9947
vn -0.0203 0.1104 -0.9937
vn 0.0159 0.1269 -0.9918
vn -0.0146 0.1798 -0.9836
vn 0.0302 0.1782 -0.9835
vn 0.0697 0.1577 -0.9850
vn -0.2368 -0.0809 0.9682
vn -0.3598 -0.1278 0.9243
vn -0.3569 -0.1742 0.9177
vn -0.2329 -0.1222 0.9648
vn -0.5857 -0.2144 0.7817
vn -0.5679 -0.2928 0.7692
vn -0.5119 -0.4080 0.7560
vn -0.3251 -0.2594 0.9094
vn -0.2306 -0.1842 0.9555
vn -0.4099 -0.4870 0.7712
vn -0.2468 -0.3081 0.9188
vn -0.3358 -0.5212 0.7846
vn -0.2012 -0.3206 0.9256
vn -0.1286 -0.2120 0.9688
vn -0.1690 -0.1995 0.9652
vn -0.0764 -0.1338 0.9881
vn -0.1435 -0.1151 0.9829
vn 0.0239 0.0179 0.9996
vn -0.1481 -0.0474 0.9878
vn -0.2458 0.0875 0.9654
vn -0.3729 0.1196 0.9201
vn -0.3980 0.0802 0.9139
vn -0.2670 0.0517 0.9623
vn -0.6064 0.1771 0.7752
vn -0.6381 0.1031 0.7630
vn -0.6605 -0.0225 0.7505
vn -0.4230 -0.0073 0.9061
vn -0.3021 -0.0002 0.9533
vn -0.6250 -0.1445 0.7671
vn -0.3889 -0.0915 0.9167
vn -0.2617 -0.0477 0.9640
vn -0.1907 0.0062 0.9816
vn -0.1540 0.0642 0.9860
vn -0.1520 0.2292 0.9614
vn -0.2356 0.3281 0.9148
vn -0.2796 0.3105 0.9085
vn -0.1908 0.2123 0.9584
vn -0.3903 0.5085 0.7675
vn -0.4605 0.4663 0.7553
vn -0.5535 0.3765 0.7429
vn -0.3523 0.2536 0.9009
vn -0.2504 0.1904 0.9492
vn -0.5971 0.2566 0.7601
vn -0.3750 0.1658 0.9121
vn -0.2462 0.1289 0.9606
vn -0.1566 0.1318 0.9788
vn -0.0919 0.1577 0.9832
vn 0.0086 0.2899 0.9570
vn 0.0007 0.4178 0.9086
vn -0.0455 0.4292 0.9021
vn -0.0328 0.2988 0.9537
vn -0.0154 0.6520 0.7581
vn -0.0977 0.6588 0.7460
vn -0.2274 0.6401 0.7338
vn -0.1385 0.4251 0.8945
vn -0.0942 0.3156 0.9442
vn -0.3351 0.5679 0.7518
vn -0.2096 0.3669 0.9063
vn -0.1277 0.2631 0.9563
vn -0.0536 0.2142 0.9753
vn 0.0140 0.1975 0.9802
vn 0.1746 0.2464 0.9533
vn 0.2450 0.3533 0.9028
vn 0.2147 0.3892 0.8958
vn 0.1467 0.2775 0.9494
vn 0.3725 0.5487 0.7485
vn 0.3106 0.6018 0.7358
vn 0.1952 0.6624 0.7233
vn 0.1374 0.4396 0.8876
vn 0.1073 0.3261 0.9392
vn 0.0650 0.6673 0.7419
vn 0.0450 0.4339 0.8998
vn 0.0487 0.3032 0.9517
vn 0.0792 0.2212 0.9720
vn 0.1235 0.1690 0.9778
vn 0.2828 0.1153 0.9522
vn 0.4035 0.1605 0.9008
vn 0.4003 0.2066 0.8928
vn 0.2787 0.1565 0.9476
vn 0.6222 0.2417 0.7446
vn 0.6038 0.3197 0.7302
vn 0.5471 0.4344 0.7155
vn 0.3680 0.2915 0.8829
vn 0.2759 0.2181 0.9361
vn 0.4459 0.5140 0.7328
vn 0.2903 0.3405 0.8943
vn 0.2148 0.2337 0.9483
vn 0.1903 0.1501 0.9702
vn 0.1952 0.0826 0.9773
vn 0.2917 -0.0532 0.9550
vn 0.4166 -0.0869 0.9049
vn 0.4414 -0.0478 0.8960
vn 0.3128 -0.0175 0.9497
vn 0.6430 -0.1498 0.7511
vn 0.6740 -0.0762 0.7348
vn 0.6957 0.0488 0.7167
vn 0.4659 0.0394 0.8840
vn 0.3474 0.0340 0.9371
vn 0.6609 0.1714 0.7307
vn 0.4323 0.1239 0.8932
vn 0.3075 0.0819 0.9480
vn 0.2375 0.0287 0.9710
vn 0.2011 -0.0290 0.9791
vn 0.1980 -0.1948 0.9606
vn 0.2794 -0.2953 0.9136
vn 0.3231 -0.2781 0.9046
vn 0.2366 -0.1781 0.9551
vn 0.4271 -0.4811 0.7656
vn 0.4965 -0.4394 0.7487
vn 0.5887 -0.3502 0.7285
vn 0.3952 -0.2215 0.8915
vn 0.2957 -0.1566 0.9424
vn 0.6330 -0.2297 0.7393
vn 0.4184 -0.1334 0.8984
vn 0.2920 -0.0946 0.9517
vn 0.2033 -0.0968 0.9743
vn 0.1390 -0.1225 0.9827
vn 0.0375 -0.2555 0.9661
vn 0.0432 -0.3850 0.9219
vn 0.0890 -0.3967 0.9136
vn 0.0787 -0.2646 0.9611
vn 0.0522 -0.6245 0.7793
vn 0.1338 -0.6318 0.7635
vn 0.2628 -0.6137 0.7445
vn 0.1816 -0.3929 0.9015
vn 0.1396 -0.2816 0.9493
vn 0.3711 -0.5409 0.7548
vn 0.2531 -0.3344 0.9078
vn 0.1736 -0.2288 0.9579
vn 0.1004 -0.1792 0.9787
vn 0.0331 -0.1623 0.9862
vn -0.1713 -0.3568 0.9184
vn -0.1008 -0.2433 0.9647
vn -0.2745 -0.5749 0.7708
vn -0.1597 -0.6359 0.7551
vn -0.0944 -0.4074 0.9084
vn -0.0620 -0.2922 0.9543
vn -0.0288 -0.6403 0.7676
vn -0.0015 -0.4014 0.9159
vn -0.0028 -0.2689 0.9632
vn -0.0324 -0.1862 0.9820
vn -0.2799 -0.2236 0.9336
vn -0.3139 -0.1747 0.9332
vn -0.1546 -0.0840 0.9844
vn -0.1366 -0.1097 0.9845
vn -0.3401 -0.1201 0.9327
vn -0.1685 -0.0550 0.9842
vn -0.0463 -0.0087 0.9989
vn -0.0413 -0.0193 0.9990
vn -0.0347 -0.0288 0.9990
vn 0.0381 0.0232 0.9990
vn 0.0370 0.0253 0.9990
vn 0.0357 0.0272 0.9990
vn 0.0341 0.0289 0.9990
vn 0.0323 0.0304 0.9990
vn -0.0170 -0.0440 0.9989
vn -0.0266 -0.0370 0.9990
vn -0.0885 -0.1517 0.9845
vn -0.1146 -0.1324 0.9846
vn -0.1895 -0.3031 0.9339
vn -0.2385 -0.2664 0.9339
vn -0.3655 -0.0039 0.9308
vn -0.3639 0.0549 0.9298
vn -0.1812 0.0380 0.9827
vn -0.1821 0.0067 0.9833
vn -0.3525 0.1143 0.9288
vn -0.1751 0.0695 0.9821
vn -0.0487 0.0369 0.9981
vn -0.0510 0.0253 0.9984
vn -0.0514 0.0139 0.9986
vn 0.0386 0.0141 0.9992
vn 0.0389 0.0164 0.9991
vn 0.0390 0.0187 0.9991
vn 0.0387 0.0209 0.9990
vn -0.0498 0.0026 0.9988
vn -0.1779 -0.0242 0.9837
vn -0.3577 -0.0622 0.9318
vn -0.3036 0.2236 0.9262
vn -0.2670 0.2705 0.9250
vn -0.1297 0.1521 0.9798
vn -0.1491 0.1273 0.9806
vn -0.2224 0.3120 0.9237
vn -0.1058 0.1740 0.9790
vn -0.0234 0.0751 0.9969
vn -0.0321 0.0671 0.9972
vn -0.0393 0.0580 0.9975
vn 0.0336 0.0063 0.9994
vn 0.0352 0.0080 0.9993
vn 0.0366 0.0099 0.9993
vn 0.0377 0.0119 0.9992
vn -0.0449 0.0478 0.9978
vn -0.1644 0.0996 0.9814
vn -0.3322 0.1715 0.9275
vn -0.1171 0.3725 0.9206
vn -0.0595 0.3893 0.9192
vn -0.0196 0.2148 0.9765
vn -0.0502 0.2059 0.9773
vn 0.0020 0.3971 0.9178
vn 0.0128 0.2188 0.9757
vn 0.0200 0.0914 0.9956
vn 0.0081 0.0900 0.9959
vn -0.0030 0.0867 0.9962
vn 0.0247 0.0030 0.9997
vn 0.0271 0.0033 0.9996
vn 0.0294 0.0040 0.9996
vn 0.0315 0.0050 0.9995
vn -0.0137 0.0817 0.9966
vn -0.0791 0.1923 0.9781
vn -0.1716 0.3468 0.9221
vn 0.1230 0.3852 0.9146
vn 0.1798 0.3653 0.9134
vn 0.1068 0.2021 0.9735
vn 0.0768 0.2126 0.9741
vn 0.2340 0.3360 0.9123
vn 0.1354 0.1867 0.9730
vn 0.0648 0.0797 0.9947
vn 0.0543 0.0854 0.9949
vn 0.0434 0.0892 0.9951
vn 0.0156 0.0054 0.9999
vn 0.0178 0.0043 0.9998
vn 0.0200 0.0035 0.9998
vn 0.0223 0.0031 0.9997
vn 0.0320 0.0912 0.9953
vn 0.0456 0.2182 0.9748
vn 0.0639 0.3958 0.9161
vn 0.3241 0.2566 0.9106
vn 0.3580 0.2077 0.9103
vn 0.2014 0.1190 0.9722
vn 0.1834 0.1448 0.9723
vn 0.3842 0.1531 0.9105
vn 0.2153 0.0900 0.9724
vn 0.0941 0.0444 0.9946
vn 0.0890 0.0550 0.9945
vn 0.0824 0.0644 0.9945
vn 0.0098 0.0126 0.9999
vn 0.0108 0.0105 0.9999
vn 0.0122 0.0086 0.9999
vn 0.0138 0.0069 0.9999
vn 0.0744 0.0727 0.9946
vn 0.1615 0.1674 0.9726
vn 0.2827 0.2995 0.9113
vn 0.4097 0.0369 0.9115
vn 0.4080 -0.0219 0.9127
vn 0.2281 -0.0029 0.9736
vn 0.2290 0.0283 0.9730
vn 0.3966 -0.0813 0.9144
vn 0.2219 -0.0344 0.9745
vn 0.0964 -0.0012 0.9953
vn 0.0988 0.0103 0.9951
vn 0.0991 0.0218 0.9948
vn 0.0093 0.0217 0.9997
vn 0.0089 0.0194 0.9998
vn 0.0089 0.0171 0.9998
vn 0.0092 0.0148 0.9998
vn 0.0976 0.0331 0.9947
vn 0.2248 0.0592 0.9726
vn 0.4018 0.0952 0.9108
vn 0.3478 -0.1906 0.9180
vn 0.3112 -0.2375 0.9202
vn 0.1765 -0.1170 0.9773
vn 0.1960 -0.0922 0.9763
vn 0.2666 -0.2790 0.9226
vn 0.1527 -0.1390 0.9785
vn 0.0711 -0.0394 0.9967
vn 0.0799 -0.0314 0.9963
vn 0.0870 -0.0223 0.9960
vn 0.0144 0.0294 0.9995
vn 0.0127 0.0278 0.9995
vn 0.0112 0.0259 0.9996
vn 0.0101 0.0239 0.9997
vn 0.0926 -0.0121 0.9956
vn 0.2112 -0.0645 0.9753
vn 0.3764 -0.1384 0.9161
vn 0.1614 -0.3395 0.9267
vn 0.1037 -0.3563 0.9286
vn 0.0665 -0.1797 0.9815
vn 0.0971 -0.1709 0.9805
vn 0.0423 -0.3641 0.9304
vn 0.0341 -0.1838 0.9824
vn 0.0278 -0.0557 0.9981
vn 0.0396 -0.0543 0.9977
vn 0.0508 -0.0511 0.9974
vn 0.0232 0.0328 0.9992
vn 0.0207 0.0324 0.9993
vn 0.0185 0.0317 0.9993
vn 0.0164 0.0308 0.9994
vn 0.0614 -0.0460 0.9970
vn 0.1260 -0.1572 0.9795
vn 0.2158 -0.3137 0.9247
vn -0.0787 -0.3521 0.9327
vn -0.1356 -0.3322 0.9334
vn -0.0599 -0.1671 0.9841
vn -0.0299 -0.1776 0.9837
vn -0.0066 -0.0497 0.9987
vn 0.0044 -0.0535 0.9986
vn 0.0301 0.0315 0.9991
vn 0.0279 0.0322 0.9991
vn 0.0256 0.0327 0.9991
vn 0.0158 -0.0555 0.9983
vn 0.0014 -0.1831 0.9831
vn -0.0196 -0.3627 0.9317
vn -0.7748 -0.6157 -0.1435
vn -0.8596 -0.4905 -0.1434
vn -0.8560 -0.4871 0.1730
vn -0.7708 -0.6129 0.1736
vn -0.9253 -0.3508 -0.1441
vn -0.9221 -0.3468 0.1720
vn -0.7927 -0.2948 0.5337
vn -0.7349 -0.4167 0.5350
vn -0.6605 -0.5257 0.5360
vn -0.5623 -0.2054 0.8011
vn -0.5203 -0.2932 0.8021
vn -0.4662 -0.3716 0.8029
vn -0.4001 -0.4406 0.8036
vn -0.3217 -0.5002 0.8040
vn -0.4614 -0.7060 0.5373
vn -0.5697 -0.6223 0.5368
vn -0.5427 -0.8220 0.1729
vn -0.6668 -0.7247 0.1735
vn -0.5477 -0.8237 -0.1466
vn -0.6713 -0.7270 -0.1447
vn -0.9876 -0.0548 -0.1474
vn -0.9841 0.0947 -0.1504
vn -0.9811 0.1008 0.1650
vn -0.9846 -0.0494 0.1677
vn -0.9569 0.2461 -0.1540
vn -0.9538 0.2529 0.1620
vn -0.8203 0.2268 0.5250
vn -0.8445 0.0946 0.5271
vn -0.8477 -0.0362 0.5292
vn -0.5822 0.1712 0.7948
vn -0.6002 0.0758 0.7962
vn -0.6027 -0.0187 0.7977
vn -0.5902 -0.1124 0.7994
vn -0.8307 -0.1658 0.5314
vn -0.9653 -0.1984 0.1700
vn -0.9683 -0.2031 -0.1454
vn -0.8353 0.5252 -0.1626
vn -0.7441 0.6467 -0.1676
vn -0.7400 0.6555 0.1506
vn -0.8316 0.5334 0.1546
vn -0.6314 0.7560 -0.1729
vn -0.6268 0.7653 0.1466
vn -0.5343 0.6707 0.5145
vn -0.6332 0.5760 0.5170
vn -0.7134 0.4704 0.5195
vn -0.3742 0.4898 0.7875
vn -0.4459 0.4223 0.7892
vn -0.5044 0.3467 0.7908
vn -0.5499 0.2630 0.7928
vn -0.7759 0.3541 0.5222
vn -0.9030 0.3994 0.1584
vn -0.9063 0.3919 -0.1581
vn -0.3629 0.9137 -0.1828
vn -0.2144 0.9586 -0.1875
vn -0.2078 0.9690 0.1336
vn -0.3570 0.9239 0.1377
vn -0.0563 0.9798 -0.1917
vn -0.0489 0.9903 0.1297
vn -0.0330 0.8645 0.5016
vn -0.1706 0.8462 0.5047
vn -0.3000 0.8075 0.5079
vn -0.0136 0.6275 0.7785
vn -0.1124 0.6148 0.7807
vn -0.2054 0.5874 0.7828
vn -0.2927 0.5458 0.7851
vn -0.4213 0.7491 0.5111
vn -0.4967 0.8562 0.1421
vn -0.5019 0.8464 -0.1779
vn 0.2556 0.9462 -0.1982
vn 0.4010 0.8939 -0.2004
vn 0.4107 0.9039 0.1196
vn 0.2646 0.9566 0.1223
vn 0.5393 0.8175 -0.2020
vn 0.5496 0.8272 0.1173
vn 0.4859 0.7243 0.4891
vn 0.3653 0.7906 0.4915
vn 0.2385 0.8359 0.4944
vn 0.3594 0.5284 0.7692
vn 0.2725 0.5756 0.7710
vn 0.1813 0.6077 0.7732
vn 0.0859 0.6252 0.7757
vn 0.1058 0.8608 0.4978
vn 0.1114 0.9858 0.1257
vn 0.1032 0.9753 -0.1953
vn 0.7665 0.6095 -0.2025
vn 0.8513 0.4844 -0.2019
vn 0.8629 0.4923 0.1142
vn 0.7778 0.6180 0.1144
vn 0.9170 0.3446 -0.2007
vn 0.9289 0.3519 0.1150
vn 0.8171 0.3130 0.4842
vn 0.7594 0.4349 0.4840
vn 0.6851 0.5439 0.4847
vn 0.5998 0.2334 0.7654
vn 0.5579 0.3213 0.7652
vn 0.5038 0.3996 0.7658
vn 0.4378 0.4688 0.7672
vn 0.5942 0.6405 0.4865
vn 0.6738 0.7298 0.1153
vn 0.6630 0.7207 -0.2026
vn 0.9793 0.0486 -0.1964
vn 0.9758 -0.1009 -0.1938
vn 0.9880 -0.0957 0.1213
vn 0.9915 0.0545 0.1184
vn 0.9487 -0.2523 -0.1908
vn 0.9607 -0.2478 0.1250
vn 0.8447 -0.2086 0.4929
vn 0.8689 -0.0763 0.4891
vn 0.8721 0.0543 0.4864
vn 0.6198 -0.1432 0.7716
vn 0.6378 -0.0477 0.7687
vn 0.6402 0.0467 0.7668
vn 0.6277 0.1404 0.7657
vn 0.8551 0.1839 0.4848
vn 0.9721 0.2035 0.1163
vn 0.9601 0.1969 -0.1987
vn 0.8270 -0.5315 -0.1835
vn 0.7357 -0.6530 -0.1798
vn 0.7469 -0.6504 0.1383
vn 0.8385 -0.5283 0.1334
vn 0.6230 -0.7622 -0.1757
vn 0.6337 -0.7601 0.1437
vn 0.5589 -0.6523 0.5119
vn 0.6577 -0.5578 0.5063
vn 0.7378 -0.4522 0.5011
vn 0.4118 -0.4616 0.7857
vn 0.4835 -0.3942 0.7816
vn 0.5419 -0.3186 0.7777
vn 0.5874 -0.2350 0.7744
vn 0.8003 -0.3359 0.4966
vn 0.9099 -0.3943 0.1291
vn 0.8981 -0.3981 -0.1872
vn 0.3545 -0.9200 -0.1673
vn 0.2060 -0.9648 -0.1632
vn 0.2148 -0.9638 0.1580
vn 0.3640 -0.9187 0.1534
vn 0.0479 -0.9861 -0.1592
vn 0.0558 -0.9851 0.1625
vn 0.0577 -0.8460 0.5301
vn 0.1953 -0.8278 0.5260
vn 0.3246 -0.7891 0.5215
vn 0.0514 -0.5993 0.7989
vn 0.1502 -0.5865 0.7959
vn 0.2431 -0.5592 0.7926
vn 0.3304 -0.5176 0.7892
vn 0.4460 -0.7308 0.5168
vn 0.5037 -0.8510 0.1487
vn 0.4936 -0.8526 -0.1714
vn -0.2640 -0.9525 -0.1518
vn -0.4094 -0.9001 -0.1489
vn -0.4038 -0.8987 0.1712
vn -0.2576 -0.9514 0.1690
vn -0.3407 -0.7722 0.5364
vn -0.2139 -0.8174 0.5349
vn -0.2347 -0.5474 0.8033
vn -0.1435 -0.5795 0.8023
vn -0.0482 -0.5969 0.8008
vn -0.0811 -0.8423 0.5329
vn -0.1045 -0.9805 0.1662
vn -0.1116 -0.9816 -0.1552
vn -0.6052 -0.4804 -0.6348
vn -0.6706 -0.3850 -0.6341
vn -0.7062 -0.4051 -0.5807
vn -0.6371 -0.5059 -0.5815
vn -0.7214 -0.2782 -0.6341
vn -0.7598 -0.2922 -0.5808
vn -0.8108 -0.3107 -0.4961
vn -0.7534 -0.4317 -0.4960
vn -0.6797 -0.5397 -0.4967
vn -0.8717 -0.3326 -0.3600
vn -0.8099 -0.4633 -0.3597
vn -0.7305 -0.5802 -0.3603
vn -0.6333 -0.6840 -0.3619
vn -0.5175 -0.7742 -0.3644
vn -0.4823 -0.7187 -0.5009
vn -0.5896 -0.6356 -0.4984
vn -0.4527 -0.6725 -0.5855
vn -0.5529 -0.5952 -0.5832
vn -0.4303 -0.6378 -0.6388
vn -0.5253 -0.5648 -0.6365
vn -0.7699 -0.0514 -0.6361
vn -0.7671 0.0633 -0.6384
vn -0.8079 0.0684 -0.5854
vn -0.8109 -0.0526 -0.5829
vn -0.7457 0.1792 -0.6417
vn -0.7854 0.1909 -0.5889
vn -0.8382 0.2067 -0.5047
vn -0.8621 0.0755 -0.5011
vn -0.8653 -0.0541 -0.4984
vn -0.9013 0.2264 -0.3693
vn -0.9269 0.0847 -0.3656
vn -0.9303 -0.0553 -0.3627
vn -0.9121 -0.1942 -0.3609
vn -0.8484 -0.1828 -0.4967
vn -0.7951 -0.1728 -0.5814
vn -0.7549 -0.1651 -0.6347
vn -0.6514 0.3924 -0.6494
vn -0.5809 0.4847 -0.6539
vn -0.6116 0.5137 -0.6017
vn -0.6860 0.4161 -0.5969
vn -0.4942 0.5673 -0.6588
vn -0.5201 0.6010 -0.6069
vn -0.5547 0.6467 -0.5235
vn -0.6526 0.5529 -0.5181
vn -0.7320 0.4482 -0.5131
vn -0.5958 0.7028 -0.3888
vn -0.7014 0.6010 -0.3832
vn -0.7870 0.4875 -0.3781
vn -0.8537 0.3629 -0.3734
vn -0.7940 0.3329 -0.5086
vn -0.7440 0.3087 -0.5926
vn -0.7065 0.2907 -0.6453
vn -0.2890 0.6863 -0.6675
vn -0.1758 0.7200 -0.6713
vn -0.1837 0.7628 -0.6200
vn -0.3033 0.7271 -0.6159
vn -0.0555 0.7358 -0.6749
vn -0.0565 0.7796 -0.6237
vn -0.0576 0.8387 -0.5415
vn -0.1940 0.8206 -0.5376
vn -0.3223 0.7822 -0.5331
vn -0.0581 0.9112 -0.4078
vn -0.2058 0.8915 -0.4035
vn -0.3446 0.8498 -0.3988
vn -0.4746 0.7871 -0.3939
vn -0.4426 0.7244 -0.5285
vn -0.4155 0.6734 -0.6115
vn -0.3952 0.6356 -0.6632
vn 0.1819 0.7111 -0.6792
vn 0.2929 0.6718 -0.6804
vn 0.3118 0.7117 -0.6295
vn 0.1945 0.7534 -0.6282
vn 0.3987 0.6142 -0.6811
vn 0.4235 0.6507 -0.6303
vn 0.4571 0.6999 -0.5487
vn 0.3374 0.7655 -0.5479
vn 0.2116 0.8103 -0.5464
vn 0.4988 0.7603 -0.4160
vn 0.3694 0.8315 -0.4150
vn 0.2334 0.8802 -0.4134
vn 0.0909 0.9071 -0.4110
vn 0.0800 0.8350 -0.5444
vn 0.0718 0.7762 -0.6264
vn 0.0659 0.7327 -0.6774
vn 0.5737 0.4568 -0.6799
vn 0.6392 0.3616 -0.6788
vn 0.6772 0.3834 -0.6280
vn 0.6082 0.4842 -0.6290
vn 0.6900 0.2547 -0.6775
vn 0.7308 0.2706 -0.6266
vn 0.7858 0.2921 -0.5452
vn 0.7285 0.4130 -0.5466
vn 0.6546 0.5211 -0.5476
vn 0.8532 0.3187 -0.4130
vn 0.7914 0.4494 -0.4144
vn 0.7119 0.5663 -0.4154
vn 0.6147 0.6702 -0.4160
vn 0.5645 0.6169 -0.5484
vn 0.5239 0.5734 -0.6299
vn 0.4938 0.5412 -0.6806
vn 0.7386 0.0280 -0.6736
vn 0.7357 -0.0867 -0.6718
vn 0.7789 -0.0900 -0.6206
vn 0.7820 0.0311 -0.6225
vn 0.7143 -0.2027 -0.6698
vn 0.7564 -0.2125 -0.6186
vn 0.8132 -0.2253 -0.5365
vn 0.8372 -0.0942 -0.5387
vn 0.8404 0.0355 -0.5408
vn 0.8828 -0.2402 -0.4038
vn 0.9084 -0.0986 -0.4062
vn 0.9118 0.0415 -0.4086
vn 0.8937 0.1804 -0.4109
vn 0.8235 0.1641 -0.5430
vn 0.7662 0.1512 -0.6246
vn 0.7236 0.1416 -0.6756
vn 0.6199 -0.4159 -0.6653
vn 0.5493 -0.5082 -0.6633
vn 0.5826 -0.5354 -0.6115
vn 0.6570 -0.4378 -0.6137
vn 0.4626 -0.5909 -0.6610
vn 0.4910 -0.6228 -0.6091
vn 0.5295 -0.6655 -0.5260
vn 0.6275 -0.5716 -0.5287
vn 0.7070 -0.4669 -0.5312
vn 0.5771 -0.7167 -0.3915
vn 0.6827 -0.6150 -0.3947
vn 0.7684 -0.5014 -0.3976
vn 0.8352 -0.3767 -0.4007
vn 0.7691 -0.3515 -0.5338
vn 0.7151 -0.3303 -0.6161
vn 0.6750 -0.3143 -0.6675
vn 0.2572 -0.7100 -0.6555
vn 0.1441 -0.7437 -0.6528
vn 0.1545 -0.7846 -0.6004
vn 0.2741 -0.7490 -0.6033
vn 0.0238 -0.7596 -0.6500
vn 0.0273 -0.8015 -0.5974
vn 0.0323 -0.8576 -0.5133
vn 0.1688 -0.8395 -0.5165
vn 0.2970 -0.8011 -0.5196
vn 0.0393 -0.9253 -0.3773
vn 0.1870 -0.9056 -0.3807
vn 0.3258 -0.8638 -0.3842
vn 0.4559 -0.8010 -0.3879
vn 0.4174 -0.7433 -0.5228
vn 0.3864 -0.6952 -0.6062
vn 0.3635 -0.6592 -0.6582
vn -0.2136 -0.7348 -0.6438
vn -0.3246 -0.6954 -0.6411
vn -0.3410 -0.7334 -0.5880
vn -0.2237 -0.7752 -0.5908
vn -0.3626 -0.7843 -0.5034
vn -0.2368 -0.8292 -0.5064
vn -0.3881 -0.8454 -0.3669
vn -0.2521 -0.8942 -0.3699
vn -0.1097 -0.9212 -0.3734
vn -0.1053 -0.8538 -0.5098
vn -0.1010 -0.7981 -0.5941
vn -0.0976 -0.7564 -0.6468
vn -0.8527 -0.4609 0.2461
vn -0.7634 -0.6077 0.2188
vn -0.9009 -0.3382 0.2721
vn -0.8739 -0.3335 -0.3537
vn -0.8118 -0.4552 -0.3656
vn -0.7247 -0.5759 -0.3784
vn -0.7473 -0.2877 -0.5990
vn -0.6938 -0.3965 -0.6012
vn -0.6241 -0.4955 -0.6042
vn -0.5417 -0.5850 -0.6036
vn -0.4453 -0.6613 -0.6036
vn -0.5186 -0.7766 -0.3578
vn -0.6255 -0.6880 -0.3679
vn -0.5287 -0.8034 0.2739
vn -0.6394 -0.7280 0.2472
vn -0.9636 0.1220 0.2378
vn -0.9759 -0.0482 0.2128
vn -0.9321 0.2499 0.2623
vn -0.9036 0.2273 -0.3631
vn -0.9237 0.0925 -0.3717
vn -0.9230 -0.0553 -0.3808
vn -0.7724 0.1871 -0.6069
vn -0.7927 0.0679 -0.6058
vn -0.7941 -0.0522 -0.6055
vn -0.7800 -0.1714 -0.6018
vn -0.9081 -0.2019 -0.3668
vn -0.9458 -0.2152 0.2434
vn -0.7132 0.6642 0.2241
vn -0.8237 0.5306 0.2000
vn -0.6111 0.7517 0.2481
vn -0.5971 0.7051 -0.3824
vn -0.6940 0.6056 -0.3894
vn -0.7808 0.4833 -0.3960
vn -0.5117 0.5901 -0.6244
vn -0.5994 0.5042 -0.6217
vn -0.6719 0.4065 -0.6192
vn -0.7308 0.3008 -0.6128
vn -0.8548 0.3545 -0.3791
vn -0.8970 0.3761 0.2322
vn -0.1814 0.9612 0.2078
vn -0.3527 0.9175 0.1836
vn -0.0453 0.9716 0.2321
vn -0.0581 0.9141 -0.4012
vn -0.1971 0.8908 -0.4094
vn -0.3420 0.8423 -0.4166
vn -0.0562 0.7654 -0.6411
vn -0.1794 0.7474 -0.6397
vn -0.2975 0.7106 -0.6377
vn -0.4093 0.6588 -0.6312
vn -0.4806 0.7808 -0.3994
vn -0.5063 0.8347 0.2168
vn 0.4262 0.8837 0.1936
vn 0.2632 0.9499 0.1684
vn 0.5405 0.8123 0.2194
vn 0.5002 0.7629 -0.4097
vn 0.3757 0.8257 -0.4208
vn 0.2308 0.8724 -0.4308
vn 0.4153 0.6389 -0.6476
vn 0.3062 0.6965 -0.6490
vn 0.1893 0.7361 -0.6499
vn 0.0681 0.7605 -0.6458
vn 0.0821 0.9055 -0.4163
vn 0.0897 0.9755 0.2010
vn 0.8631 0.4686 0.1883
vn 0.7725 0.6145 0.1602
vn 0.9126 0.3469 0.2163
vn 0.8556 0.3199 -0.4069
vn 0.7930 0.4411 -0.4202
vn 0.7052 0.5614 -0.4331
vn 0.7175 0.2655 -0.6440
vn 0.6639 0.3742 -0.6475
vn 0.5940 0.4730 -0.6507
vn 0.5117 0.5626 -0.6494
vn 0.6066 0.6740 -0.4217
vn 0.6499 0.7359 0.1902
vn 0.9740 -0.1142 0.1956
vn 0.9849 0.0549 0.1640
vn 0.9438 -0.2412 0.2260
vn 0.8854 -0.2409 -0.3975
vn 0.9050 -0.1065 -0.4119
vn 0.9037 0.0408 -0.4263
vn 0.7427 -0.2094 -0.6360
vn 0.7629 -0.0902 -0.6402
vn 0.7642 0.0298 -0.6443
vn 0.7502 0.1491 -0.6442
vn 0.8894 0.1879 -0.4168
vn 0.9561 0.2230 0.1900
vn 0.7237 -0.6564 0.2133
vn 0.8328 -0.5238 0.1791
vn 0.6229 -0.7429 0.2452
vn 0.5787 -0.7189 -0.3851
vn 0.6751 -0.6197 -0.4002
vn 0.7614 -0.4978 -0.4154
vn 0.4817 -0.6125 -0.6267
vn 0.5694 -0.5266 -0.6312
vn 0.6418 -0.4289 -0.6357
vn 0.7009 -0.3232 -0.6359
vn 0.8360 -0.3685 -0.4066
vn 0.9074 -0.3683 0.2022
vn 0.1919 -0.9533 0.2331
vn 0.3619 -0.9107 0.1993
vn 0.0572 -0.9628 0.2642
vn 0.1781 -0.9051 -0.3862
vn 0.3224 -0.8570 -0.4021
vn 0.0261 -0.7879 -0.6153
vn 0.1492 -0.7699 -0.6205
vn 0.2672 -0.7332 -0.6254
vn 0.3792 -0.6814 -0.6261
vn 0.4615 -0.7949 -0.3937
vn 0.5168 -0.8268 0.2221
vn -0.3363 -0.7189 -0.6083
vn -0.3946 -0.8400 -0.3725
vn -0.2196 -0.7587 -0.6133
vn -0.2504 -0.8871 -0.3879
vn -0.0983 -0.7830 -0.6142
vn -0.1012 -0.9197 -0.3793
vn -0.0791 -0.9676 0.2397
vn -0.2540 -0.9431 0.2146
vn -0.4156 -0.8758 0.2453
vt 0.890874 1.098852
vt 0.891866 1.100187
vt 0.888341 1.103661
vt 0.886877 1.101691
vt 0.892858 1.101522
vt 0.889804 1.105631
vt 0.886751 1.109739
vt 0.884816 1.107135
vt 0.882880 1.104530
vt 0.883698 1.113848
vt 0.881291 1.110608
vt 0.880645 1.117956
vt 0.877766 1.114082
vt 0.874887 1.110208
vt 0.878884 1.107369
vt 0.872008 1.106334
vt 0.876477 1.104130
vt 0.869129 1.102460
vt 0.874069 1.100890
vt 0.879009 1.099321
vt 0.880945 1.101926
vt 0.883950 1.097752
vt 0.885413 1.099721
vt 0.888890 1.096182
vt 0.889882 1.097517
vt 0.888890 1.092882
vt 0.888890 1.094532
vt 0.883950 1.095317
vt 0.883950 1.092882
vt 0.879009 1.096102
vt 0.879009 1.092882
vt 0.874069 1.096886
vt 0.869129 1.097671
vt 0.869129 1.092882
vt 0.874069 1.092882
vt 0.869129 1.088093
vt 0.874069 1.088878
vt 0.869129 1.083304
vt 0.874069 1.084874
vt 0.879009 1.086443
vt 0.879009 1.089663
vt 0.883950 1.088012
vt 0.883950 1.090447
vt 0.888890 1.089582
vt 0.888890 1.091232
vt 0.890874 1.086912
vt 0.889882 1.088247
vt 0.885413 1.086043
vt 0.886877 1.084073
vt 0.880945 1.083838
vt 0.882880 1.081234
vt 0.876477 1.081634
vt 0.872008 1.079430
vt 0.874887 1.075556
vt 0.878884 1.078395
vt 0.877766 1.071682
vt 0.881291 1.075155
vt 0.880645 1.067807
vt 0.883698 1.071916
vt 0.886751 1.076025
vt 0.884816 1.078629
vt 0.889804 1.080133
vt 0.888341 1.082103
vt 0.892858 1.084242
vt 0.891866 1.085577
vt 0.896068 1.083222
vt 0.894463 1.083732
vt 0.892173 1.079381
vt 0.894541 1.078629
vt 0.889883 1.075030
vt 0.893015 1.074035
vt 0.887593 1.070679
vt 0.885303 1.066328
vt 0.889962 1.064848
vt 0.891488 1.069441
vt 0.894620 1.063368
vt 0.895383 1.068204
vt 0.899278 1.061888
vt 0.899278 1.066967
vt 0.899278 1.072045
vt 0.896146 1.073040
vt 0.899278 1.077124
vt 0.896910 1.077876
vt 0.899278 1.082202
vt 0.897673 1.082712
vt 0.902488 1.083222
vt 0.900883 1.082712
vt 0.901646 1.077876
vt 0.904015 1.078629
vt 0.902410 1.073040
vt 0.905541 1.074035
vt 0.903173 1.068204
vt 0.903936 1.063368
vt 0.908594 1.064848
vt 0.907068 1.069441
vt 0.913253 1.066328
vt 0.910963 1.070679
vt 0.917911 1.067807
vt 0.914858 1.071916
vt 0.911805 1.076025
vt 0.908673 1.075030
vt 0.908751 1.080133
vt 0.906383 1.079381
vt 0.905698 1.084242
vt 0.904093 1.083732
vt 0.907682 1.086912
vt 0.906690 1.085577
vt 0.910215 1.082103
vt 0.911679 1.084073
vt 0.913740 1.078629
vt 0.915676 1.081234
vt 0.917265 1.075155
vt 0.920790 1.071682
vt 0.923669 1.075556
vt 0.919672 1.078395
vt 0.926548 1.079430
vt 0.922079 1.081634
vt 0.929427 1.083304
vt 0.924487 1.084874
vt 0.919547 1.086443
vt 0.917611 1.083838
vt 0.914607 1.088012
vt 0.913143 1.086043
vt 0.909667 1.089582
vt 0.908674 1.088247
vt 0.909667 1.092882
vt 0.909667 1.091232
vt 0.914607 1.090447
vt 0.914607 1.092882
vt 0.919547 1.089662
vt 0.919547 1.092882
vt 0.924487 1.088878
vt 0.929427 1.088093
vt 0.929427 1.092882
vt 0.924487 1.092882
vt 0.929427 1.097671
vt 0.924487 1.096886
vt 0.929427 1.102460
vt 0.924487 1.100890
vt 0.919547 1.099321
vt 0.919547 1.096102
vt 0.914607 1.097752
vt 0.914607 1.095317
vt 0.909667 1.096182
vt 0.909667 1.094532
vt 0.907682 1.098852
vt 0.908674 1.097517
vt 0.913143 1.099721
vt 0.911679 1.101691
vt 0.917611 1.101926
vt 0.915676 1.104530
vt 0.922079 1.104130
vt 0.926548 1.106334
vt 0.923669 1.110208
vt 0.919672 1.107369
vt 0.920790 1.114082
vt 0.917265 1.110608
vt 0.917911 1.117956
vt 0.914858 1.113848
vt 0.911805 1.109739
vt 0.913740 1.107135
vt 0.908751 1.105631
vt 0.910215 1.103661
vt 0.905698 1.101522
vt 0.906690 1.100187
vt 0.902488 1.102542
vt 0.904093 1.102032
vt 0.906383 1.106383
vt 0.904015 1.107136
vt 0.908673 1.110734
vt 0.905541 1.111729
vt 0.910963 1.115085
vt 0.913253 1.119436
vt 0.908594 1.120916
vt 0.907068 1.116323
vt 0.903936 1.122396
vt 0.903173 1.117560
vt 0.899278 1.123876
vt 0.899278 1.118797
vt 0.899278 1.113719
vt 0.902410 1.112724
vt 0.899278 1.108640
vt 0.901646 1.107888
vt 0.899278 1.103562
vt 0.900883 1.103052
vt 0.896068 1.102542
vt 0.897673 1.103052
vt 0.896910 1.107888
vt 0.894541 1.107136
vt 0.896146 1.112724
vt 0.893015 1.111729
vt 0.895383 1.117560
vt 0.894620 1.122396
vt 0.889962 1.120916
vt 0.891488 1.116323
vt 0.885303 1.119436
vt 0.887593 1.115085
vt 0.889883 1.110734
vt 0.892173 1.106383
vt 0.894463 1.102032
vt 0.874768 1.117037
vt 0.871488 1.112623
vt 0.878048 1.121451
vt 0.875451 1.124947
vt 0.871769 1.119992
vt 0.868088 1.115038
vt 0.872854 1.128442
vt 0.868771 1.122947
vt 0.870257 1.131937
vt 0.865773 1.125902
vt 0.861289 1.119868
vt 0.864688 1.117453
vt 0.856804 1.113834
vt 0.860605 1.111959
vt 0.852320 1.107799
vt 0.856523 1.106464
vt 0.860725 1.105129
vt 0.864406 1.110084
vt 0.864927 1.103795
vt 0.868207 1.108209
vt 0.864927 1.098338
vt 0.864927 1.092882
vt 0.860725 1.099006
vt 0.860725 1.092882
vt 0.856523 1.099673
vt 0.852320 1.100341
vt 0.852320 1.092882
vt 0.856523 1.092882
vt 0.852320 1.085423
vt 0.856523 1.086091
vt 0.852320 1.077965
vt 0.856523 1.079299
vt 0.860725 1.080634
vt 0.860725 1.086758
vt 0.864927 1.081969
vt 0.864927 1.087426
vt 0.868207 1.077555
vt 0.871488 1.073141
vt 0.864406 1.075680
vt 0.868088 1.070726
vt 0.860605 1.073805
vt 0.856804 1.071930
vt 0.861289 1.065896
vt 0.864688 1.068311
vt 0.865773 1.059862
vt 0.868771 1.062817
vt 0.870257 1.053827
vt 0.872854 1.057322
vt 0.875451 1.060817
vt 0.871769 1.065772
vt 0.878048 1.064312
vt 0.874768 1.068727
vt 0.883355 1.062626
vt 0.888663 1.060940
vt 0.881408 1.058925
vt 0.887365 1.057033
vt 0.879460 1.055224
vt 0.877512 1.051522
vt 0.884767 1.049218
vt 0.886066 1.053125
vt 0.892023 1.046913
vt 0.892672 1.051026
vt 0.899278 1.044608
vt 0.899278 1.048928
vt 0.899278 1.053248
vt 0.893321 1.055140
vt 0.899278 1.057568
vt 0.893970 1.059254
vt 0.904585 1.059254
vt 0.909893 1.060940
vt 0.905235 1.055140
vt 0.911192 1.057033
vt 0.905884 1.051026
vt 0.906533 1.046913
vt 0.913789 1.049218
vt 0.912490 1.053125
vt 0.921044 1.051522
vt 0.919096 1.055224
vt 0.928299 1.053827
vt 0.925702 1.057322
vt 0.923105 1.060817
vt 0.917148 1.058925
vt 0.920508 1.064312
vt 0.915200 1.062626
vt 0.923788 1.068727
vt 0.927068 1.073141
vt 0.926787 1.065772
vt 0.930468 1.070726
vt 0.929785 1.062817
vt 0.932783 1.059862
vt 0.937267 1.065896
vt 0.933868 1.068311
vt 0.941751 1.071930
vt 0.937951 1.073805
vt 0.946236 1.077965
vt 0.942033 1.079299
vt 0.937831 1.080634
vt 0.934150 1.075680
vt 0.933629 1.081969
vt 0.930349 1.077555
vt 0.933629 1.087426
vt 0.933629 1.092882
vt 0.937831 1.086758
vt 0.937831 1.092882
vt 0.942033 1.086091
vt 0.946236 1.085423
vt 0.946236 1.092882
vt 0.942033 1.092882
vt 0.946236 1.100341
vt 0.942033 1.099673
vt 0.946236 1.107799
vt 0.942033 1.106464
vt 0.937831 1.105129
vt 0.937831 1.099006
vt 0.933629 1.103795
vt 0.933629 1.098338
vt 0.930349 1.108209
vt 0.927068 1.112623
vt 0.934150 1.110084
vt 0.930468 1.115038
vt 0.937950 1.111959
vt 0.941751 1.113834
vt 0.937267 1.119868
vt 0.933868 1.117453
vt 0.932783 1.125902
vt 0.929785 1.122947
vt 0.928299 1.131937
vt 0.925702 1.128442
vt 0.923105 1.124947
vt 0.926787 1.119992
vt 0.920508 1.121451
vt 0.923788 1.117037
vt 0.915200 1.123138
vt 0.909893 1.124824
vt 0.917148 1.126839
vt 0.911192 1.128731
vt 0.919096 1.130540
vt 0.921044 1.134242
vt 0.913789 1.136546
vt 0.912490 1.132639
vt 0.906533 1.138851
vt 0.905884 1.134737
vt 0.899278 1.141156
vt 0.899278 1.136836
vt 0.899278 1.132516
vt 0.905235 1.130624
vt 0.899278 1.128196
vt 0.904585 1.126510
vt 0.893970 1.126510
vt 0.888663 1.124824
vt 0.893321 1.130624
vt 0.887365 1.128731
vt 0.892672 1.134737
vt 0.892023 1.138851
vt 0.884767 1.136546
vt 0.886066 1.132639
vt 0.877512 1.134242
vt 0.879460 1.130540
vt 0.881408 1.126839
vt 0.883355 1.123138
vt 0.863594 1.128049
vt 0.858819 1.121623
vt 0.868370 1.134476
vt 0.866483 1.137015
vt 0.861416 1.130196
vt 0.856349 1.123377
vt 0.864596 1.139555
vt 0.859237 1.132343
vt 0.862709 1.142094
vt 0.857059 1.134490
vt 0.851408 1.126886
vt 0.853878 1.125132
vt 0.845758 1.119283
vt 0.848520 1.117921
vt 0.840108 1.111679
vt 0.843161 1.110709
vt 0.846214 1.109739
vt 0.851281 1.116558
vt 0.849267 1.108769
vt 0.854043 1.115196
vt 0.849267 1.100826
vt 0.849267 1.092882
vt 0.846214 1.101311
vt 0.846214 1.092882
vt 0.843161 1.101796
vt 0.840108 1.102281
vt 0.840108 1.092882
vt 0.843161 1.092882
vt 0.840108 1.083483
vt 0.843161 1.083968
vt 0.840108 1.074085
vt 0.843161 1.075055
vt 0.846214 1.076025
vt 0.846214 1.084453
vt 0.849267 1.076995
vt 0.849267 1.084938
vt 0.854043 1.070568
vt 0.858819 1.064141
vt 0.851281 1.069206
vt 0.856349 1.062387
vt 0.848520 1.067843
vt 0.845758 1.066481
vt 0.851408 1.058877
vt 0.853878 1.060632
vt 0.857059 1.051274
vt 0.859237 1.053421
vt 0.862709 1.043670
vt 0.864596 1.046209
vt 0.866483 1.048749
vt 0.861416 1.055568
vt 0.868370 1.051288
vt 0.863594 1.057715
vt 0.876097 1.048833
vt 0.883824 1.046379
vt 0.874682 1.046144
vt 0.882880 1.043540
vt 0.873266 1.043455
vt 0.871851 1.040766
vt 0.880993 1.037862
vt 0.881937 1.040701
vt 0.890136 1.034957
vt 0.890608 1.037946
vt 0.899278 1.032053
vt 0.899278 1.035192
vt 0.899278 1.038330
vt 0.891079 1.040935
vt 0.899278 1.041469
vt 0.891551 1.043924
vt 0.907005 1.043924
vt 0.914732 1.046379
vt 0.907477 1.040935
vt 0.915676 1.043540
vt 0.907949 1.037946
vt 0.908420 1.034957
vt 0.917563 1.037862
vt 0.916619 1.040701
vt 0.926705 1.040766
vt 0.925290 1.043455
vt 0.935847 1.043670
vt 0.933960 1.046209
vt 0.932073 1.048749
vt 0.923874 1.046144
vt 0.930186 1.051288
vt 0.922459 1.048833
vt 0.934962 1.057715
vt 0.939737 1.064141
vt 0.937140 1.055568
vt 0.942207 1.062387
vt 0.939319 1.053421
vt 0.941497 1.051274
vt 0.947147 1.058877
vt 0.944677 1.060632
vt 0.952798 1.066481
vt 0.950036 1.067843
vt 0.958448 1.074085
vt 0.955395 1.075055
vt 0.952342 1.076025
vt 0.947275 1.069206
vt 0.949289 1.076995
vt 0.944513 1.070568
vt 0.949289 1.084938
vt 0.949289 1.092882
vt 0.952342 1.084453
vt 0.952342 1.092882
vt 0.955395 1.083968
vt 0.958448 1.083483
vt 0.958448 1.092882
vt 0.955395 1.092882
vt 0.958448 1.102281
vt 0.955395 1.101796
vt 0.958448 1.111679
vt 0.955395 1.110709
vt 0.952342 1.109739
vt 0.952342 1.101311
vt 0.949289 1.108769
vt 0.949289 1.100826
vt 0.944513 1.115196
vt 0.939737 1.121623
vt 0.947275 1.116558
vt 0.942207 1.123377
vt 0.950036 1.117921
vt 0.952798 1.119283
vt 0.947147 1.126886
vt 0.944677 1.125132
vt 0.941497 1.134490
vt 0.939319 1.132343
vt 0.935847 1.142094
vt 0.933960 1.139555
vt 0.932073 1.137015
vt 0.937140 1.130196
vt 0.930186 1.134476
vt 0.934962 1.128049
vt 0.922459 1.136931
vt 0.914732 1.139385
vt 0.923874 1.139620
vt 0.915676 1.142225
vt 0.925290 1.142309
vt 0.926705 1.144998
vt 0.917563 1.147902
vt 0.916619 1.145063
vt 0.908420 1.150807
vt 0.907949 1.147818
vt 0.899278 1.153711
vt 0.899278 1.150573
vt 0.899278 1.147434
vt 0.907477 1.144829
vt 0.899278 1.144295
vt 0.907005 1.141840
vt 0.891551 1.141840
vt 0.883824 1.139385
vt 0.891079 1.144829
vt 0.882880 1.142224
vt 0.890608 1.147818
vt 0.890136 1.150807
vt 0.880993 1.147902
vt 0.881937 1.145063
vt 0.871851 1.144998
vt 0.873266 1.142309
vt 0.874682 1.139620
vt 0.876097 1.136931
vt 0.855913 1.135619
vt 0.850110 1.127809
vt 0.861717 1.143429
vt 0.860725 1.144764
vt 0.854768 1.136748
vt 0.848811 1.128731
vt 0.859733 1.146099
vt 0.853623 1.137876
vt 0.858741 1.147434
vt 0.852478 1.139005
vt 0.846214 1.130576
vt 0.847513 1.129654
vt 0.839951 1.122148
vt 0.841403 1.121431
vt 0.833688 1.113719
vt 0.835293 1.113209
vt 0.836898 1.112699
vt 0.842855 1.120715
vt 0.838503 1.112189
vt 0.844306 1.119999
vt 0.838503 1.102535
vt 0.838503 1.092882
vt 0.836898 1.102790
vt 0.836898 1.092882
vt 0.835293 1.103045
vt 0.833688 1.103300
vt 0.833688 1.092882
vt 0.835293 1.092882
vt 0.833688 1.082464
vt 0.835293 1.082718
vt 0.833688 1.072045
vt 0.835293 1.072555
vt 0.836898 1.073065
vt 0.836898 1.082973
vt 0.838503 1.073575
vt 0.838503 1.083228
vt 0.844306 1.065765
vt 0.850110 1.057955
vt 0.842855 1.065049
vt 0.848811 1.057033
vt 0.841403 1.064333
vt 0.839951 1.063616
vt 0.846214 1.055188
vt 0.847513 1.056110
vt 0.852478 1.046759
vt 0.853623 1.047888
vt 0.858741 1.038330
vt 0.859733 1.039665
vt 0.860725 1.041000
vt 0.854768 1.049016
vt 0.861717 1.042335
vt 0.855913 1.050145
vt 0.871107 1.039352
vt 0.880498 1.036369
vt 0.870363 1.037938
vt 0.880002 1.034876
vt 0.869619 1.036525
vt 0.868875 1.035111
vt 0.879009 1.031891
vt 0.879506 1.033384
vt 0.889144 1.028672
vt 0.889392 1.030243
vt 0.899278 1.025452
vt 0.899278 1.027102
vt 0.899278 1.028753
vt 0.889640 1.031815
vt 0.899278 1.030403
vt 0.889888 1.033386
vt 0.908668 1.033386
vt 0.918059 1.036369
vt 0.908916 1.031815
vt 0.918555 1.034876
vt 0.909164 1.030243
vt 0.909412 1.028672
vt 0.919547 1.031891
vt 0.919051 1.033384
vt 0.929681 1.035111
vt 0.928937 1.036525
vt 0.939815 1.038330
vt 0.938823 1.039665
vt 0.937831 1.041000
vt 0.928193 1.037938
vt 0.936839 1.042335
vt 0.927449 1.039352
vt 0.942643 1.050145
vt 0.948446 1.057955
vt 0.943788 1.049016
vt 0.949745 1.057033
vt 0.944933 1.047888
vt 0.946078 1.046759
vt 0.952342 1.055188
vt 0.951043 1.056110
vt 0.958605 1.063616
vt 0.957153 1.064333
vt 0.964868 1.072045
vt 0.963263 1.072555
vt 0.961658 1.073065
vt 0.955701 1.065049
vt 0.960053 1.073575
vt 0.954250 1.065765
vt 0.960053 1.083228
vt 0.960053 1.092882
vt 0.961658 1.082973
vt 0.961658 1.092882
vt 0.963263 1.082718
vt 0.964868 1.082464
vt 0.964868 1.092882
vt 0.963263 1.092882
vt 0.964868 1.103300
vt 0.963263 1.103045
vt 0.964868 1.113719
vt 0.963263 1.113209
vt 0.961658 1.112699
vt 0.961658 1.102790
vt 0.960053 1.112189
vt 0.960053 1.102535
vt 0.954250 1.119999
vt 0.948446 1.127809
vt 0.955701 1.120715
vt 0.949745 1.128731
vt 0.957153 1.121431
vt 0.958605 1.122147
vt 0.952342 1.130576
vt 0.951043 1.129654
vt 0.946078 1.139005
vt 0.944933 1.137876
vt 0.939815 1.147434
vt 0.938823 1.146099
vt 0.937831 1.144764
vt 0.943788 1.136747
vt 0.936839 1.143429
vt 0.942643 1.135619
vt 0.927449 1.146412
vt 0.918059 1.149395
vt 0.928193 1.147826
vt 0.918555 1.150887
vt 0.928937 1.149239
vt 0.929681 1.150653
vt 0.919547 1.153872
vt 0.919051 1.152380
vt 0.909412 1.157092
vt 0.909164 1.155521
vt 0.899278 1.160311
vt 0.899278 1.158661
vt 0.899278 1.157011
vt 0.908916 1.153949
vt 0.899278 1.155361
vt 0.908668 1.152378
vt 0.889888 1.152378
vt 0.880497 1.149395
vt 0.889640 1.153949
vt 0.880001 1.150887
vt 0.889392 1.155521
vt 0.889144 1.157092
vt 0.879009 1.153873
vt 0.879506 1.152380
vt 0.868875 1.150653
vt 0.869619 1.149239
vt 0.870363 1.147826
vt 0.871107 1.146412
vt 0.846214 1.130576
vt 0.852478 1.139005
vt 0.839951 1.122147
vt 0.833688 1.092882
vt 0.846214 1.055188
vt 0.909412 1.028672
vt 0.952342 1.055188
vt 0.958605 1.063616
vt 0.958605 1.122147
vt 0.952342 1.130576
vt 0.919547 1.153872
vt 0.909412 1.157092
vt 0.879009 1.153872
vt 0.889144 1.157092
vt 0.126232 1.766742
vt 0.170577 1.826418
vt 0.181944 1.814042
vt 0.137559 1.758697
vt 0.214921 1.886093
vt 0.233516 1.861070
vt 0.244216 1.846670
vt 0.192745 1.802534
vt 0.148658 1.750813
vt 0.252833 1.835075
vt 0.202417 1.792760
vt 0.260891 1.824230
vt 0.212107 1.783285
vt 0.170387 1.735377
vt 0.159303 1.743251
vt 0.136678 1.681779
vt 0.124467 1.687861
vt 0.111925 1.623763
vt 0.098886 1.627905
vt 0.084944 1.632334
vt 0.111971 1.693834
vt 0.067630 1.637834
vt 0.097439 1.700322
vt 0.037544 1.647392
vt 0.081888 1.707067
vt 0.037544 1.499867
vt 0.037544 1.573629
vt 0.054180 1.570150
vt 0.051544 1.499867
vt 0.069837 1.567047
vt 0.065263 1.499867
vt 0.083537 1.564699
vt 0.097073 1.562601
vt 0.092122 1.499867
vt 0.078421 1.499867
vt 0.097073 1.437132
vt 0.083537 1.435035
vt 0.111925 1.375971
vt 0.098886 1.371829
vt 0.084944 1.367400
vt 0.069837 1.432687
vt 0.067630 1.361899
vt 0.054180 1.429584
vt 0.037544 1.352341
vt 0.037544 1.426104
vt 0.126232 1.232991
vt 0.081888 1.292666
vt 0.097439 1.299411
vt 0.137559 1.241037
vt 0.111971 1.305899
vt 0.148658 1.248921
vt 0.124467 1.311873
vt 0.136678 1.317955
vt 0.170387 1.264357
vt 0.159303 1.256483
vt 0.212107 1.216449
vt 0.202417 1.206973
vt 0.260891 1.175503
vt 0.252833 1.164658
vt 0.244216 1.153064
vt 0.192745 1.197200
vt 0.233516 1.138663
vt 0.181944 1.185691
vt 0.214921 1.113640
vt 0.170577 1.173316
vt 0.358423 1.068053
vt 0.286672 1.090847
vt 0.295198 1.105240
vt 0.362749 1.081071
vt 0.303054 1.118841
vt 0.366988 1.093828
vt 0.309572 1.130854
vt 0.315795 1.142793
vt 0.375288 1.118803
vt 0.371054 1.106063
vt 0.437841 1.104021
vt 0.435699 1.090786
vt 0.501924 1.098932
vt 0.501924 1.085527
vt 0.501924 1.071195
vt 0.433749 1.077321
vt 0.501924 1.053395
vt 0.431929 1.061803
vt 0.501924 1.022465
vt 0.430173 1.045259
vt 0.645425 1.068053
vt 0.573675 1.045259
vt 0.571919 1.061803
vt 0.641099 1.081071
vt 0.570098 1.077321
vt 0.636860 1.093828
vt 0.568149 1.090786
vt 0.566007 1.104021
vt 0.628560 1.118804
vt 0.632794 1.106063
vt 0.688053 1.142793
vt 0.694276 1.130854
vt 0.742957 1.175503
vt 0.751015 1.164659
vt 0.759631 1.153064
vt 0.700794 1.118841
vt 0.770332 1.138663
vt 0.708650 1.105240
vt 0.788927 1.113640
vt 0.717176 1.090847
vt 0.877615 1.232991
vt 0.833271 1.173316
vt 0.821904 1.185691
vt 0.866289 1.241037
vt 0.811102 1.197200
vt 0.855190 1.248921
vt 0.801431 1.206973
vt 0.791741 1.216449
vt 0.833460 1.264357
vt 0.844545 1.256483
vt 0.867170 1.317955
vt 0.879381 1.311873
vt 0.891923 1.375971
vt 0.904962 1.371829
vt 0.918903 1.367400
vt 0.891877 1.305899
vt 0.936217 1.361899
vt 0.906409 1.299411
vt 0.966304 1.352341
vt 0.921960 1.292666
vt 0.966304 1.499867
vt 0.966304 1.426104
vt 0.949668 1.429584
vt 0.952304 1.499867
vt 0.934011 1.432686
vt 0.938585 1.499866
vt 0.920311 1.435035
vt 0.906775 1.437132
vt 0.911726 1.499866
vt 0.925427 1.499866
vt 0.906775 1.562601
vt 0.920311 1.564698
vt 0.891923 1.623762
vt 0.904962 1.627904
vt 0.918903 1.632333
vt 0.934011 1.567047
vt 0.936217 1.637834
vt 0.949668 1.570149
vt 0.966304 1.647392
vt 0.966304 1.573629
vt 0.877615 1.766742
vt 0.921960 1.707067
vt 0.906409 1.700322
vt 0.866289 1.758696
vt 0.891877 1.693834
vt 0.855190 1.750812
vt 0.879381 1.687860
vt 0.867170 1.681778
vt 0.833460 1.735376
vt 0.844545 1.743250
vt 0.791741 1.783284
vt 0.801431 1.792760
vt 0.742957 1.824229
vt 0.751015 1.835074
vt 0.759631 1.846669
vt 0.811102 1.802533
vt 0.770332 1.861069
vt 0.821904 1.814041
vt 0.788927 1.886092
vt 0.833271 1.826417
vt 0.645425 1.931680
vt 0.717176 1.908886
vt 0.708650 1.894492
vt 0.641099 1.918662
vt 0.700794 1.880892
vt 0.636860 1.905905
vt 0.694276 1.868878
vt 0.688053 1.856940
vt 0.628560 1.880929
vt 0.632794 1.893669
vt 0.566007 1.895711
vt 0.568149 1.908946
vt 0.501924 1.900801
vt 0.501924 1.914206
vt 0.501924 1.928538
vt 0.570098 1.922411
vt 0.501924 1.946337
vt 0.571919 1.937929
vt 0.501924 1.977267
vt 0.573675 1.954473
vt 0.358423 1.931680
vt 0.430173 1.954474
vt 0.431929 1.937929
vt 0.362749 1.918662
vt 0.433749 1.922411
vt 0.366988 1.905905
vt 0.435699 1.908946
vt 0.437841 1.895712
vt 0.375288 1.880929
vt 0.371054 1.893670
vt 0.315795 1.856940
vt 0.309572 1.868878
vt 0.303054 1.880892
vt 0.295198 1.894493
vt 0.286672 1.908886
vt 0.222962 1.772669
vt 0.182806 1.726555
vt 0.269920 1.812080
vt 0.279595 1.799059
vt 0.234596 1.761292
vt 0.196114 1.717101
vt 0.289596 1.785601
vt 0.246621 1.749532
vt 0.299599 1.772140
vt 0.258649 1.737770
vt 0.223629 1.697556
vt 0.209870 1.707330
vt 0.195333 1.652565
vt 0.180175 1.660115
vt 0.174555 1.603866
vt 0.158369 1.609008
vt 0.142188 1.614148
vt 0.165021 1.667662
vt 0.126533 1.619122
vt 0.150359 1.674965
vt 0.112237 1.560251
vt 0.107472 1.499867
vt 0.128489 1.557733
vt 0.123922 1.499867
vt 0.145286 1.555130
vt 0.162088 1.552526
vt 0.157932 1.499866
vt 0.140925 1.499866
vt 0.162088 1.447207
vt 0.145286 1.444603
vt 0.174555 1.395867
vt 0.158370 1.390725
vt 0.142188 1.385585
vt 0.128489 1.442001
vt 0.126533 1.380612
vt 0.112237 1.439482
vt 0.150359 1.324768
vt 0.182806 1.273178
vt 0.165021 1.332071
vt 0.196114 1.282632
vt 0.180175 1.339618
vt 0.195333 1.347168
vt 0.223629 1.302177
vt 0.209870 1.292403
vt 0.258649 1.261963
vt 0.246621 1.250200
vt 0.299599 1.227593
vt 0.289596 1.214131
vt 0.279595 1.200673
vt 0.234596 1.238441
vt 0.269920 1.187653
vt 0.222962 1.227064
vt 0.322767 1.156168
vt 0.380032 1.133077
vt 0.330238 1.170501
vt 0.385115 1.148373
vt 0.337961 1.185316
vt 0.345685 1.200135
vt 0.395625 1.179998
vt 0.390369 1.164184
vt 0.448132 1.167590
vt 0.445473 1.151162
vt 0.501924 1.163317
vt 0.501924 1.146678
vt 0.501924 1.130044
vt 0.442814 1.134738
vt 0.501924 1.113949
vt 0.440241 1.118848
vt 0.563606 1.118848
vt 0.623816 1.133077
vt 0.561034 1.134738
vt 0.618733 1.148373
vt 0.558375 1.151162
vt 0.555716 1.167590
vt 0.608223 1.179998
vt 0.613479 1.164184
vt 0.658162 1.200135
vt 0.665887 1.185316
vt 0.704249 1.227593
vt 0.714252 1.214131
vt 0.724253 1.200673
vt 0.673609 1.170501
vt 0.733928 1.187653
vt 0.681081 1.156168
vt 0.780885 1.227064
vt 0.821042 1.273178
vt 0.769251 1.238441
vt 0.807734 1.282632
vt 0.757227 1.250200
vt 0.745199 1.261963
vt 0.780219 1.302177
vt 0.793978 1.292403
vt 0.808515 1.347168
vt 0.823673 1.339618
vt 0.829293 1.395867
vt 0.845478 1.390725
vt 0.861659 1.385585
vt 0.838827 1.332071
vt 0.877315 1.380612
vt 0.853489 1.324769
vt 0.891610 1.439482
vt 0.896376 1.499866
vt 0.875359 1.442000
vt 0.879925 1.499866
vt 0.858561 1.444603
vt 0.841760 1.447207
vt 0.845915 1.499866
vt 0.862923 1.499866
vt 0.841760 1.552526
vt 0.858561 1.555130
vt 0.829293 1.603866
vt 0.845478 1.609007
vt 0.861659 1.614148
vt 0.875359 1.557732
vt 0.877315 1.619121
vt 0.891610 1.560251
vt 0.853489 1.674964
vt 0.821042 1.726555
vt 0.838827 1.667662
vt 0.807734 1.717101
vt 0.823673 1.660114
vt 0.808515 1.652565
vt 0.780219 1.697556
vt 0.793978 1.707330
vt 0.745199 1.737770
vt 0.757227 1.749532
vt 0.704249 1.772140
vt 0.714252 1.785601
vt 0.724253 1.799059
vt 0.769251 1.761291
vt 0.733928 1.812080
vt 0.780885 1.772668
vt 0.681081 1.843565
vt 0.623816 1.866656
vt 0.673609 1.829231
vt 0.618733 1.851359
vt 0.665887 1.814416
vt 0.658162 1.799597
vt 0.608223 1.819734
vt 0.613479 1.835549
vt 0.555716 1.832143
vt 0.558375 1.848571
vt 0.501924 1.836415
vt 0.501924 1.853054
vt 0.501924 1.869689
vt 0.561034 1.864994
vt 0.501924 1.885783
vt 0.563606 1.880884
vt 0.440241 1.880885
vt 0.380032 1.866656
vt 0.442814 1.864995
vt 0.385115 1.851359
vt 0.445473 1.848571
vt 0.448132 1.832143
vt 0.395625 1.819734
vt 0.390369 1.835549
vt 0.345685 1.799597
vt 0.337961 1.814416
vt 0.330238 1.829232
vt 0.322767 1.843565
vt 0.205600 1.594003
vt 0.190223 1.598888
vt 0.210007 1.645257
vt 0.224408 1.638084
vt 0.236948 1.688094
vt 0.250021 1.678808
vt 0.270292 1.726384
vt 0.309282 1.759109
vt 0.318786 1.746319
vt 0.281719 1.715209
vt 0.328250 1.733583
vt 0.293099 1.704081
vt 0.337815 1.720712
vt 0.304599 1.692834
vt 0.276194 1.660216
vt 0.263038 1.669561
vt 0.253243 1.623723
vt 0.238749 1.630941
vt 0.236390 1.584222
vt 0.220914 1.589139
vt 0.205600 1.405730
vt 0.190223 1.400845
vt 0.178353 1.449727
vt 0.194316 1.452201
vt 0.174396 1.499866
vt 0.190554 1.499867
vt 0.178353 1.550006
vt 0.194316 1.547532
vt 0.210212 1.545069
vt 0.226277 1.542580
vt 0.222907 1.499867
vt 0.206645 1.499867
vt 0.226277 1.457154
vt 0.210212 1.454664
vt 0.236390 1.415511
vt 0.220914 1.410595
vt 0.318786 1.253413
vt 0.309282 1.240624
vt 0.270292 1.273349
vt 0.281719 1.284524
vt 0.236948 1.311639
vt 0.250021 1.320925
vt 0.210007 1.354476
vt 0.224408 1.361649
vt 0.238750 1.368792
vt 0.253243 1.376011
vt 0.276194 1.339518
vt 0.263038 1.330172
vt 0.304599 1.306899
vt 0.293099 1.295653
vt 0.337815 1.279021
vt 0.328250 1.266150
vt 0.501924 1.195234
vt 0.501924 1.179425
vt 0.450707 1.183493
vt 0.453233 1.199101
vt 0.400712 1.195307
vt 0.405705 1.210332
vt 0.353163 1.214481
vt 0.360502 1.228560
vt 0.367810 1.242580
vt 0.375196 1.256750
vt 0.415703 1.240416
vt 0.410678 1.225295
vt 0.458293 1.230351
vt 0.455750 1.214643
vt 0.501924 1.226886
vt 0.501924 1.210976
vt 0.685062 1.253413
vt 0.694566 1.240624
vt 0.650685 1.214481
vt 0.643346 1.228560
vt 0.603136 1.195307
vt 0.598142 1.210332
vt 0.553141 1.183493
vt 0.550614 1.199101
vt 0.548098 1.214643
vt 0.545555 1.230351
vt 0.588145 1.240416
vt 0.593170 1.225295
vt 0.628651 1.256750
vt 0.636037 1.242580
vt 0.666033 1.279021
vt 0.675598 1.266150
vt 0.798247 1.405730
vt 0.813625 1.400845
vt 0.793841 1.354476
vt 0.779440 1.361649
vt 0.766899 1.311639
vt 0.753827 1.320925
vt 0.733556 1.273349
vt 0.722128 1.284524
vt 0.710749 1.295652
vt 0.699248 1.306899
vt 0.727653 1.339518
vt 0.740809 1.330172
vt 0.750605 1.376010
vt 0.765098 1.368792
vt 0.767458 1.415511
vt 0.782934 1.410595
vt 0.798247 1.594003
vt 0.813625 1.598888
vt 0.825495 1.550006
vt 0.809532 1.547533
vt 0.829452 1.499866
vt 0.813293 1.499867
vt 0.825495 1.449727
vt 0.809532 1.452201
vt 0.793635 1.454664
vt 0.777570 1.457154
vt 0.780941 1.499867
vt 0.797203 1.499867
vt 0.777570 1.542580
vt 0.793635 1.545069
vt 0.767458 1.584222
vt 0.782934 1.589139
vt 0.685062 1.746319
vt 0.694566 1.759109
vt 0.733556 1.726384
vt 0.722128 1.715209
vt 0.766899 1.688094
vt 0.753827 1.678808
vt 0.793841 1.645257
vt 0.779440 1.638084
vt 0.765098 1.630942
vt 0.750605 1.623723
vt 0.727653 1.660216
vt 0.740809 1.669561
vt 0.699248 1.692834
vt 0.710749 1.704081
vt 0.666033 1.720712
vt 0.675598 1.733583
vt 0.501924 1.804499
vt 0.501924 1.820307
vt 0.553141 1.816240
vt 0.550614 1.800632
vt 0.603136 1.804425
vt 0.598142 1.789400
vt 0.650685 1.785252
vt 0.643346 1.771173
vt 0.636037 1.757152
vt 0.628651 1.742983
vt 0.588145 1.759316
vt 0.593170 1.774437
vt 0.545555 1.769381
vt 0.548098 1.785089
vt 0.501924 1.772846
vt 0.501924 1.788756
vt 0.353163 1.785252
vt 0.360502 1.771173
vt 0.400712 1.804425
vt 0.405705 1.789400
vt 0.450707 1.816240
vt 0.453233 1.800632
vt 0.455750 1.785089
vt 0.458293 1.769381
vt 0.415703 1.759317
vt 0.410678 1.774438
vt 0.375196 1.742983
vt 0.367810 1.757152
vt 0.268385 1.574058
vt 0.252254 1.579182
vt 0.268101 1.616323
vt 0.283207 1.608799
vt 0.289681 1.650635
vt 0.303393 1.640895
vt 0.316389 1.681305
vt 0.347620 1.707517
vt 0.357589 1.694102
vt 0.328376 1.669583
vt 0.367645 1.680569
vt 0.340467 1.657758
vt 0.377712 1.667021
vt 0.352572 1.645921
vt 0.331073 1.621232
vt 0.317226 1.631069
vt 0.313702 1.593611
vt 0.298446 1.601209
vt 0.300945 1.563714
vt 0.284656 1.568889
vt 0.268385 1.425675
vt 0.252254 1.420551
vt 0.242746 1.459706
vt 0.259491 1.462300
vt 0.239577 1.499867
vt 0.256526 1.499867
vt 0.242746 1.540028
vt 0.259491 1.537433
vt 0.276382 1.534816
vt 0.293292 1.532195
vt 0.290740 1.499866
vt 0.273624 1.499866
vt 0.293292 1.467538
vt 0.276382 1.464917
vt 0.300945 1.436019
vt 0.284656 1.430844
vt 0.357589 1.305631
vt 0.347620 1.292216
vt 0.316389 1.318428
vt 0.328376 1.330150
vt 0.289681 1.349098
vt 0.303393 1.358839
vt 0.268101 1.383411
vt 0.283207 1.390934
vt 0.298446 1.398524
vt 0.313702 1.406122
vt 0.331073 1.378501
vt 0.317226 1.368664
vt 0.352572 1.353812
vt 0.340467 1.341975
vt 0.377712 1.332712
vt 0.367645 1.319164
vt 0.501924 1.259778
vt 0.501924 1.243196
vt 0.460899 1.246454
vt 0.463550 1.262826
vt 0.420854 1.255918
vt 0.426092 1.271678
vt 0.382768 1.271275
vt 0.390466 1.286044
vt 0.398232 1.300941
vt 0.406006 1.315855
vt 0.436665 1.303493
vt 0.431375 1.287577
vt 0.468900 1.295875
vt 0.466224 1.279342
vt 0.501924 1.293252
vt 0.501924 1.276506
vt 0.646259 1.305631
vt 0.656228 1.292216
vt 0.621080 1.271275
vt 0.613382 1.286044
vt 0.582993 1.255918
vt 0.577756 1.271678
vt 0.542948 1.246454
vt 0.540298 1.262826
vt 0.537624 1.279342
vt 0.534948 1.295875
vt 0.567183 1.303493
vt 0.572472 1.287577
vt 0.597842 1.315855
vt 0.605616 1.300941
vt 0.626135 1.332712
vt 0.636203 1.319164
vt 0.735463 1.425675
vt 0.751593 1.420551
vt 0.735747 1.383410
vt 0.720640 1.390934
vt 0.714167 1.349098
vt 0.700455 1.358839
vt 0.687459 1.318428
vt 0.675472 1.330150
vt 0.663380 1.341975
vt 0.651275 1.353812
vt 0.672775 1.378501
vt 0.686622 1.368664
vt 0.690146 1.406121
vt 0.705402 1.398524
vt 0.702902 1.436019
vt 0.719192 1.430845
vt 0.735463 1.574058
vt 0.751593 1.579182
vt 0.761101 1.540028
vt 0.744357 1.537433
vt 0.764271 1.499867
vt 0.747321 1.499867
vt 0.761101 1.459706
vt 0.744357 1.462300
vt 0.727466 1.464917
vt 0.710556 1.467538
vt 0.713107 1.499866
vt 0.730224 1.499866
vt 0.710556 1.532195
vt 0.727466 1.534816
vt 0.702902 1.563714
vt 0.719191 1.568889
vt 0.646259 1.694102
vt 0.656228 1.707517
vt 0.687459 1.681305
vt 0.675472 1.669583
vt 0.714167 1.650635
vt 0.700455 1.640895
vt 0.735747 1.616323
vt 0.720640 1.608799
vt 0.705401 1.601209
vt 0.690146 1.593611
vt 0.672775 1.621232
vt 0.686622 1.631069
vt 0.651275 1.645921
vt 0.663380 1.657758
vt 0.626135 1.667021
vt 0.636203 1.680569
vt 0.501924 1.739954
vt 0.501924 1.756537
vt 0.542948 1.753279
vt 0.540298 1.736907
vt 0.582993 1.743815
vt 0.577756 1.728055
vt 0.621080 1.728458
vt 0.613382 1.713689
vt 0.605616 1.698792
vt 0.597842 1.683877
vt 0.567183 1.696240
vt 0.572472 1.712156
vt 0.534948 1.703858
vt 0.537624 1.720391
vt 0.501924 1.706481
vt 0.501924 1.723227
vt 0.382768 1.728458
vt 0.390466 1.713689
vt 0.420854 1.743815
vt 0.426092 1.728055
vt 0.460899 1.753279
vt 0.463550 1.736907
vt 0.466224 1.720391
vt 0.468900 1.703858
vt 0.436665 1.696240
vt 0.431375 1.712156
vt 0.406006 1.683877
vt 0.398232 1.698792
vt 0.386232 1.582049
vt 0.374468 1.563346
vt 0.359167 1.570967
vt 0.372342 1.591916
vt 0.365831 1.543101
vt 0.349492 1.548291
vt 0.333284 1.553440
vt 0.343988 1.578527
vt 0.358564 1.601703
vt 0.317128 1.558573
vt 0.328857 1.586063
vt 0.344830 1.611460
vt 0.364598 1.634160
vt 0.387714 1.653562
vt 0.397699 1.640125
vt 0.376604 1.622419
vt 0.407716 1.626645
vt 0.388648 1.610641
vt 0.417814 1.613056
vt 0.400790 1.598767
vt 0.358920 1.499866
vt 0.360648 1.477975
vt 0.343687 1.475347
vt 0.341752 1.499866
vt 0.365831 1.456632
vt 0.349492 1.451441
vt 0.333284 1.446292
vt 0.326862 1.472739
vt 0.324721 1.499866
vt 0.317128 1.441160
vt 0.310091 1.470141
vt 0.307745 1.499866
vt 0.310091 1.529592
vt 0.326862 1.526993
vt 0.343687 1.524386
vt 0.360648 1.521758
vt 0.386232 1.417683
vt 0.400790 1.400966
vt 0.388648 1.389092
vt 0.372342 1.407817
vt 0.417814 1.386678
vt 0.407716 1.373088
vt 0.397699 1.359608
vt 0.376604 1.377313
vt 0.358564 1.398029
vt 0.387714 1.346171
vt 0.364598 1.365573
vt 0.344830 1.388273
vt 0.328857 1.413670
vt 0.343988 1.421206
vt 0.359167 1.428766
vt 0.374469 1.436387
vt 0.457733 1.366892
vt 0.479562 1.361733
vt 0.476877 1.345150
vt 0.452428 1.350927
vt 0.501924 1.359957
vt 0.501924 1.343160
vt 0.501924 1.326498
vt 0.474214 1.328699
vt 0.447165 1.335091
vt 0.501924 1.309889
vt 0.471559 1.312300
vt 0.441919 1.319305
vt 0.413729 1.330672
vt 0.421440 1.345464
vt 0.429175 1.360303
vt 0.436973 1.375263
vt 0.546114 1.366892
vt 0.566875 1.375263
vt 0.574673 1.360303
vt 0.551420 1.350927
vt 0.586034 1.386677
vt 0.596132 1.373088
vt 0.606149 1.359608
vt 0.582408 1.345464
vt 0.556683 1.335091
vt 0.616134 1.346171
vt 0.590118 1.330672
vt 0.561928 1.319305
vt 0.532289 1.312301
vt 0.529634 1.328699
vt 0.526971 1.345149
vt 0.524286 1.361733
vt 0.617616 1.417683
vt 0.629379 1.436387
vt 0.644681 1.428766
vt 0.631506 1.407817
vt 0.638017 1.456632
vt 0.654356 1.451441
vt 0.670564 1.446292
vt 0.659860 1.421206
vt 0.645284 1.398029
vt 0.686720 1.441160
vt 0.674990 1.413670
vt 0.659018 1.388273
vt 0.639250 1.365573
vt 0.627244 1.377313
vt 0.615200 1.389092
vt 0.603058 1.400966
vt 0.644927 1.499866
vt 0.643200 1.521758
vt 0.660161 1.524386
vt 0.662096 1.499866
vt 0.638017 1.543101
vt 0.654356 1.548291
vt 0.670564 1.553440
vt 0.676986 1.526993
vt 0.679127 1.499866
vt 0.686719 1.558573
vt 0.693757 1.529592
vt 0.696103 1.499866
vt 0.693757 1.470141
vt 0.676986 1.472739
vt 0.660161 1.475346
vt 0.643200 1.477975
vt 0.617616 1.582049
vt 0.603058 1.598767
vt 0.615200 1.610641
vt 0.631506 1.591916
vt 0.586034 1.613056
vt 0.596132 1.626645
vt 0.606149 1.640125
vt 0.627244 1.622419
vt 0.645284 1.601703
vt 0.616134 1.653562
vt 0.639250 1.634160
vt 0.659018 1.611460
vt 0.674990 1.586063
vt 0.659860 1.578527
vt 0.644681 1.570967
vt 0.629379 1.563346
vt 0.546114 1.632842
vt 0.524286 1.638000
vt 0.526971 1.654584
vt 0.551420 1.648806
vt 0.501924 1.639776
vt 0.501924 1.656573
vt 0.501924 1.673235
vt 0.529634 1.671035
vt 0.556683 1.664642
vt 0.501924 1.689844
vt 0.532289 1.687433
vt 0.561928 1.680428
vt 0.590118 1.669061
vt 0.582408 1.654269
vt 0.574673 1.639430
vt 0.566875 1.624470
vt 0.457733 1.632842
vt 0.436973 1.624470
vt 0.429175 1.639430
vt 0.452428 1.648806
vt 0.421440 1.654269
vt 0.447165 1.664642
vt 0.413729 1.669061
vt 0.441919 1.680428
vt 0.471559 1.687433
vt 0.474214 1.671035
vt 0.476877 1.654584
vt 0.479562 1.638000
vt 0.437705 1.545485
vt 0.431176 1.535103
vt 0.418968 1.541183
vt 0.426624 1.553356
vt 0.426381 1.523865
vt 0.413346 1.528006
vt 0.398448 1.532739
vt 0.405016 1.548132
vt 0.413960 1.562353
vt 0.382380 1.537843
vt 0.389967 1.555627
vt 0.400300 1.572056
vt 0.413088 1.586741
vt 0.428042 1.599292
vt 0.437972 1.585927
vt 0.425029 1.575064
vt 0.447179 1.573537
vt 0.436099 1.564238
vt 0.455236 1.562696
vt 0.445786 1.554765
vt 0.422545 1.499866
vt 0.423504 1.487715
vt 0.409972 1.485618
vt 0.408848 1.499866
vt 0.426381 1.475868
vt 0.413346 1.471727
vt 0.398448 1.466994
vt 0.394508 1.483222
vt 0.393194 1.499866
vt 0.382380 1.461889
vt 0.377827 1.480637
vt 0.376310 1.499866
vt 0.377827 1.519096
vt 0.394508 1.516511
vt 0.409972 1.514115
vt 0.423504 1.512018
vt 0.437705 1.454248
vt 0.445786 1.444968
vt 0.436099 1.435495
vt 0.426624 1.446376
vt 0.455236 1.437037
vt 0.447179 1.426196
vt 0.437972 1.413806
vt 0.425029 1.424670
vt 0.413960 1.437380
vt 0.428042 1.400442
vt 0.413088 1.412992
vt 0.400300 1.427677
vt 0.389967 1.444106
vt 0.405016 1.451601
vt 0.418968 1.458550
vt 0.431176 1.464630
vt 0.477394 1.426054
vt 0.489511 1.423191
vt 0.487369 1.409961
vt 0.473162 1.413318
vt 0.501924 1.422205
vt 0.501924 1.408805
vt 0.501924 1.393490
vt 0.484921 1.394840
vt 0.468325 1.398762
vt 0.501924 1.376971
vt 0.482281 1.378531
vt 0.463107 1.383062
vt 0.444871 1.390415
vt 0.452540 1.405127
vt 0.459649 1.418767
vt 0.465871 1.430701
vt 0.526453 1.426054
vt 0.537977 1.430701
vt 0.544198 1.418767
vt 0.530686 1.413318
vt 0.548612 1.437037
vt 0.556668 1.426196
vt 0.565875 1.413806
vt 0.551308 1.405127
vt 0.535523 1.398762
vt 0.575806 1.400441
vt 0.558977 1.390415
vt 0.540741 1.383062
vt 0.521567 1.378531
vt 0.518927 1.394840
vt 0.516479 1.409961
vt 0.514337 1.423191
vt 0.566143 1.454248
vt 0.572672 1.464630
vt 0.584880 1.458550
vt 0.577224 1.446376
vt 0.577467 1.475868
vt 0.590502 1.471727
vt 0.605399 1.466994
vt 0.598832 1.451601
vt 0.589888 1.437380
vt 0.621468 1.461889
vt 0.613881 1.444106
vt 0.603548 1.427677
vt 0.590760 1.412992
vt 0.578819 1.424669
vt 0.567748 1.435495
vt 0.558062 1.444968
vt 0.581303 1.499866
vt 0.580344 1.512018
vt 0.593875 1.514115
vt 0.595000 1.499866
vt 0.577467 1.523865
vt 0.590502 1.528006
vt 0.605399 1.532739
vt 0.609340 1.516511
vt 0.610654 1.499866
vt 0.621468 1.537843
vt 0.626020 1.519096
vt 0.627538 1.499866
vt 0.626020 1.480637
vt 0.609340 1.483222
vt 0.593875 1.485618
vt 0.580344 1.487715
vt 0.566143 1.545485
vt 0.558062 1.554765
vt 0.567748 1.564238
vt 0.577224 1.553357
vt 0.548612 1.562696
vt 0.556668 1.573537
vt 0.565875 1.585927
vt 0.578819 1.575064
vt 0.589888 1.562353
vt 0.575806 1.599292
vt 0.590760 1.586741
vt 0.603548 1.572056
vt 0.613881 1.555627
vt 0.598832 1.548132
vt 0.584880 1.541183
vt 0.572672 1.535103
vt 0.526453 1.573679
vt 0.514337 1.576542
vt 0.516479 1.589773
vt 0.530686 1.586416
vt 0.501924 1.577528
vt 0.501924 1.590929
vt 0.501924 1.606244
vt 0.518927 1.604894
vt 0.535523 1.600971
vt 0.501924 1.622763
vt 0.521567 1.621203
vt 0.540741 1.616672
vt 0.558977 1.609318
vt 0.551308 1.594606
vt 0.544198 1.580967
vt 0.537977 1.569032
vt 0.477394 1.573679
vt 0.465871 1.569032
vt 0.459649 1.580967
vt 0.473162 1.586416
vt 0.452540 1.594606
vt 0.468325 1.600971
vt 0.444871 1.609318
vt 0.463107 1.616672
vt 0.482281 1.621203
vt 0.484921 1.604893
vt 0.487369 1.589773
vt 0.489511 1.576542
vt 0.894084 1.094532
vt 0.896681 1.093707
vt 0.895776 1.095370
vt 0.893854 1.095843
vt 0.899278 1.092882
vt 0.897673 1.095042
vt 0.896068 1.097202
vt 0.894722 1.097011
vt 0.893675 1.096862
vt 0.894463 1.099362
vt 0.893369 1.098610
vt 0.892449 1.097733
vt 0.891881 1.096607
vt 0.891487 1.095357
vt 0.894084 1.091232
vt 0.896681 1.092057
vt 0.894949 1.092882
vt 0.893110 1.092160
vt 0.893110 1.093604
vt 0.892352 1.092882
vt 0.891054 1.094120
vt 0.890837 1.092882
vt 0.891054 1.091644
vt 0.891487 1.090407
vt 0.896068 1.088562
vt 0.897673 1.090722
vt 0.895776 1.090394
vt 0.894722 1.088753
vt 0.893854 1.089921
vt 0.893675 1.088902
vt 0.891880 1.089157
vt 0.892449 1.088031
vt 0.893368 1.087154
vt 0.894463 1.086402
vt 0.899278 1.087542
vt 0.899278 1.090212
vt 0.897940 1.088857
vt 0.898074 1.086923
vt 0.896670 1.087369
vt 0.897138 1.086442
vt 0.895533 1.085617
vt 0.896670 1.085033
vt 0.897940 1.084852
vt 0.899278 1.084872
vt 0.902488 1.088562
vt 0.900883 1.090722
vt 0.900616 1.088857
vt 0.901886 1.087369
vt 0.900482 1.086923
vt 0.901418 1.086442
vt 0.900616 1.084852
vt 0.901886 1.085033
vt 0.903023 1.085617
vt 0.904093 1.086402
vt 0.904472 1.091232
vt 0.901875 1.092057
vt 0.902780 1.090394
vt 0.904702 1.089921
vt 0.903834 1.088753
vt 0.904881 1.088902
vt 0.905188 1.087154
vt 0.906107 1.088031
vt 0.906676 1.089157
vt 0.907069 1.090407
vt 0.904472 1.094532
vt 0.901875 1.093707
vt 0.903607 1.092882
vt 0.905446 1.093604
vt 0.905446 1.092160
vt 0.906204 1.092882
vt 0.907502 1.091644
vt 0.907719 1.092882
vt 0.907502 1.094120
vt 0.907069 1.095357
vt 0.902488 1.097202
vt 0.900883 1.095042
vt 0.902780 1.095370
vt 0.903834 1.097011
vt 0.904702 1.095843
vt 0.904881 1.096862
vt 0.906676 1.096607
vt 0.906107 1.097733
vt 0.905188 1.098610
vt 0.904093 1.099362
vt 0.899278 1.098222
vt 0.899278 1.095552
vt 0.900616 1.096907
vt 0.900482 1.098841
vt 0.901886 1.098395
vt 0.901418 1.099322
vt 0.903023 1.100147
vt 0.901886 1.100731
vt 0.900616 1.100912
vt 0.899278 1.100892
vt 0.897940 1.096907
vt 0.896670 1.098395
vt 0.898074 1.098841
vt 0.897138 1.099322
vt 0.897940 1.100912
vt 0.896670 1.100731
vt 0.895533 1.100147
vt 0.489829 1.503709
vt 0.485816 1.504984
vt 0.486607 1.507599
vt 0.490126 1.506269
vt 0.482349 1.506085
vt 0.483476 1.509107
vt 0.485034 1.511865
vt 0.487732 1.509948
vt 0.489923 1.508392
vt 0.487235 1.514166
vt 0.489669 1.511720
vt 0.489826 1.516147
vt 0.491969 1.513263
vt 0.494449 1.509926
vt 0.492050 1.508859
vt 0.497328 1.506051
vt 0.494049 1.505461
vt 0.501924 1.499866
vt 0.494488 1.502229
vt 0.489829 1.496024
vt 0.485816 1.494749
vt 0.484884 1.497319
vt 0.488530 1.498266
vt 0.482349 1.493648
vt 0.481444 1.496740
vt 0.481047 1.499866
vt 0.484382 1.499866
vt 0.487090 1.499866
vt 0.481444 1.502993
vt 0.484884 1.502414
vt 0.488530 1.501467
vt 0.492190 1.499866
vt 0.494488 1.497504
vt 0.494449 1.489807
vt 0.491969 1.486470
vt 0.489669 1.488013
vt 0.492050 1.490874
vt 0.489826 1.483586
vt 0.487235 1.485567
vt 0.485034 1.487869
vt 0.487732 1.489785
vt 0.489923 1.491342
vt 0.483476 1.490627
vt 0.486607 1.492134
vt 0.490126 1.493464
vt 0.494049 1.494272
vt 0.497328 1.493682
vt 0.501924 1.487433
vt 0.501924 1.483307
vt 0.499136 1.483234
vt 0.499342 1.486917
vt 0.501924 1.479743
vt 0.498637 1.479857
vt 0.495473 1.480454
vt 0.496503 1.483555
vt 0.497340 1.486073
vt 0.492554 1.481789
vt 0.494180 1.484808
vt 0.496228 1.487906
vt 0.498916 1.490815
vt 0.501924 1.492222
vt 0.509399 1.489807
vt 0.511879 1.486470
vt 0.509667 1.484808
vt 0.507620 1.487906
vt 0.514022 1.483586
vt 0.511294 1.481789
vt 0.508375 1.480454
vt 0.507345 1.483555
vt 0.506508 1.486073
vt 0.505211 1.479857
vt 0.504712 1.483234
vt 0.504506 1.486917
vt 0.504932 1.490815
vt 0.506520 1.493682
vt 0.514019 1.496024
vt 0.518031 1.494749
vt 0.517241 1.492134
vt 0.513722 1.493464
vt 0.521499 1.493648
vt 0.520372 1.490627
vt 0.518814 1.487869
vt 0.516116 1.489785
vt 0.513925 1.491341
vt 0.516613 1.485567
vt 0.514178 1.488013
vt 0.511798 1.490874
vt 0.509799 1.494272
vt 0.509360 1.497504
vt 0.514019 1.503709
vt 0.518032 1.504984
vt 0.518964 1.502414
vt 0.515318 1.501467
vt 0.521499 1.506085
vt 0.522404 1.502993
vt 0.522801 1.499866
vt 0.519466 1.499866
vt 0.516758 1.499866
vt 0.522404 1.496740
vt 0.518964 1.497319
vt 0.515318 1.498266
vt 0.511658 1.499866
vt 0.509360 1.502229
vt 0.509399 1.509926
vt 0.511879 1.513263
vt 0.514178 1.511720
vt 0.511798 1.508859
vt 0.514022 1.516147
vt 0.516613 1.514166
vt 0.518814 1.511865
vt 0.516116 1.509948
vt 0.513925 1.508392
vt 0.520372 1.509107
vt 0.517241 1.507599
vt 0.513722 1.506269
vt 0.509799 1.505461
vt 0.506520 1.506051
vt 0.501924 1.512300
vt 0.501924 1.516426
vt 0.504712 1.516499
vt 0.504506 1.512816
vt 0.501924 1.519990
vt 0.505211 1.519877
vt 0.508375 1.519280
vt 0.507345 1.516179
vt 0.506508 1.513661
vt 0.511294 1.517944
vt 0.509667 1.514925
vt 0.507620 1.511827
vt 0.504932 1.508918
vt 0.501924 1.507511
vt 0.494180 1.514925
vt 0.496228 1.511827
vt 0.492554 1.517944
vt 0.495473 1.519280
vt 0.496503 1.516178
vt 0.497340 1.513661
vt 0.498637 1.519877
vt 0.499136 1.516499
vt 0.499342 1.512816
vt 0.498916 1.508918
vt 0.462807 1.527653
vt 0.458830 1.521329
vt 0.454547 1.523463
vt 0.458919 1.530415
vt 0.455910 1.514484
vt 0.451336 1.515937
vt 0.445084 1.517923
vt 0.448692 1.526379
vt 0.453605 1.534190
vt 0.436863 1.520535
vt 0.440992 1.530214
vt 0.446616 1.539155
vt 0.453576 1.547147
vt 0.461714 1.553978
vt 0.466795 1.547140
vt 0.459685 1.541173
vt 0.470659 1.541941
vt 0.464331 1.536629
vt 0.473486 1.538136
vt 0.467730 1.533305
vt 0.453573 1.499866
vt 0.454157 1.492465
vt 0.449409 1.491729
vt 0.448767 1.499866
vt 0.455910 1.485249
vt 0.451336 1.483796
vt 0.445084 1.481809
vt 0.442920 1.490723
vt 0.442198 1.499866
vt 0.436863 1.479198
vt 0.434385 1.489401
vt 0.433560 1.499866
vt 0.434385 1.510332
vt 0.442920 1.509010
vt 0.449409 1.508004
vt 0.454157 1.507268
vt 0.462807 1.472080
vt 0.467730 1.466427
vt 0.464331 1.463103
vt 0.458919 1.469318
vt 0.473486 1.461596
vt 0.470659 1.457792
vt 0.466795 1.452593
vt 0.459685 1.458560
vt 0.453605 1.465543
vt 0.461714 1.445755
vt 0.453576 1.452586
vt 0.446616 1.460578
vt 0.440992 1.469519
vt 0.448692 1.473354
vt 0.454547 1.476270
vt 0.458830 1.478404
vt 0.486983 1.454907
vt 0.494363 1.453163
vt 0.493612 1.448520
vt 0.485498 1.450438
vt 0.501924 1.452562
vt 0.501924 1.447860
vt 0.501924 1.441433
vt 0.492584 1.442175
vt 0.483468 1.444329
vt 0.501924 1.432981
vt 0.491233 1.433830
vt 0.480798 1.436297
vt 0.470873 1.440299
vt 0.474797 1.447826
vt 0.477781 1.453549
vt 0.479963 1.457737
vt 0.516865 1.454907
vt 0.523884 1.457737
vt 0.526067 1.453549
vt 0.518350 1.450438
vt 0.530362 1.461596
vt 0.533189 1.457792
vt 0.537053 1.452593
vt 0.529051 1.447826
vt 0.520380 1.444329
vt 0.542134 1.445755
vt 0.532974 1.440298
vt 0.523050 1.436296
vt 0.512614 1.433830
vt 0.511263 1.442175
vt 0.510236 1.448520
vt 0.509485 1.453163
vt 0.541040 1.472080
vt 0.545017 1.478403
vt 0.549301 1.476270
vt 0.544929 1.469318
vt 0.547938 1.485249
vt 0.552512 1.483796
vt 0.558764 1.481809
vt 0.555156 1.473354
vt 0.550243 1.465542
vt 0.566985 1.479198
vt 0.562855 1.469519
vt 0.557232 1.460578
vt 0.550272 1.452586
vt 0.544163 1.458560
vt 0.539517 1.463103
vt 0.536118 1.466427
vt 0.550274 1.499866
vt 0.549690 1.507268
vt 0.554438 1.508004
vt 0.555081 1.499866
vt 0.547938 1.514484
vt 0.552512 1.515937
vt 0.558764 1.517923
vt 0.560928 1.509010
vt 0.561650 1.499866
vt 0.566985 1.520535
vt 0.569462 1.510332
vt 0.570288 1.499866
vt 0.569462 1.489401
vt 0.560928 1.490723
vt 0.554438 1.491729
vt 0.549690 1.492465
vt 0.541040 1.527653
vt 0.536118 1.533305
vt 0.539517 1.536629
vt 0.544929 1.530415
vt 0.530362 1.538136
vt 0.533189 1.541941
vt 0.537053 1.547140
vt 0.544163 1.541173
vt 0.550243 1.534190
vt 0.542134 1.553978
vt 0.550272 1.547147
vt 0.557232 1.539155
vt 0.562855 1.530214
vt 0.555156 1.526379
vt 0.549301 1.523463
vt 0.545017 1.521329
vt 0.516865 1.544826
vt 0.509485 1.546570
vt 0.510236 1.551213
vt 0.518350 1.549295
vt 0.501924 1.547171
vt 0.501924 1.551873
vt 0.501924 1.558300
vt 0.511263 1.557559
vt 0.520380 1.555404
vt 0.501924 1.566752
vt 0.512614 1.565903
vt 0.523050 1.563437
vt 0.532974 1.559435
vt 0.529051 1.551908
vt 0.526067 1.546184
vt 0.523884 1.541996
vt 0.486983 1.544826
vt 0.479963 1.541996
vt 0.477781 1.546184
vt 0.485498 1.549295
vt 0.474797 1.551908
vt 0.483468 1.555404
vt 0.470873 1.559435
vt 0.480798 1.563437
vt 0.491233 1.565903
vt 0.492584 1.557558
vt 0.493612 1.551213
vt 0.494363 1.546570
vt 0.469999 1.522545
vt 0.466753 1.517384
vt 0.465400 1.518057
vt 0.468771 1.523417
vt 0.464369 1.511797
vt 0.462925 1.512256
vt 0.461302 1.512771
vt 0.463880 1.518814
vt 0.467391 1.524397
vt 0.459098 1.513471
vt 0.461816 1.519842
vt 0.465517 1.525728
vt 0.470099 1.530989
vt 0.475456 1.535485
vt 0.476818 1.533652
vt 0.471737 1.529387
vt 0.477821 1.532302
vt 0.472943 1.528207
vt 0.478714 1.531101
vt 0.474016 1.527158
vt 0.462462 1.499866
vt 0.462939 1.493826
vt 0.461440 1.493593
vt 0.460945 1.499866
vt 0.464369 1.487936
vt 0.462925 1.487477
vt 0.461302 1.486962
vt 0.459755 1.493332
vt 0.459239 1.499866
vt 0.459098 1.486261
vt 0.457467 1.492978
vt 0.456923 1.499866
vt 0.457467 1.506755
vt 0.459755 1.506401
vt 0.461440 1.506140
vt 0.462939 1.505907
vt 0.469999 1.477188
vt 0.474016 1.472575
vt 0.472943 1.471525
vt 0.468771 1.476316
vt 0.478714 1.468632
vt 0.477821 1.467431
vt 0.476818 1.466081
vt 0.471737 1.470346
vt 0.467391 1.475336
vt 0.475456 1.464248
vt 0.470099 1.468744
vt 0.465517 1.474005
vt 0.461816 1.479891
vt 0.463880 1.480919
vt 0.465400 1.481676
vt 0.466753 1.482350
vt 0.489730 1.463172
vt 0.495753 1.461749
vt 0.495516 1.460283
vt 0.489261 1.461761
vt 0.501924 1.461259
vt 0.501924 1.459774
vt 0.501924 1.458105
vt 0.495249 1.458636
vt 0.488734 1.460175
vt 0.501924 1.455839
vt 0.494887 1.456398
vt 0.488018 1.458022
vt 0.481485 1.460656
vt 0.482537 1.462674
vt 0.483311 1.464160
vt 0.484001 1.465482
vt 0.514118 1.463172
vt 0.519847 1.465482
vt 0.520536 1.464160
vt 0.514587 1.461761
vt 0.525134 1.468632
vt 0.526027 1.467431
vt 0.527030 1.466081
vt 0.521311 1.462674
vt 0.515114 1.460175
vt 0.528392 1.464248
vt 0.522363 1.460656
vt 0.515830 1.458021
vt 0.508961 1.456398
vt 0.508599 1.458635
vt 0.508332 1.460283
vt 0.508095 1.461749
vt 0.533849 1.477188
vt 0.537095 1.482349
vt 0.538448 1.481676
vt 0.535077 1.476316
vt 0.539479 1.487936
vt 0.540923 1.487477
vt 0.542546 1.486962
vt 0.539968 1.480919
vt 0.536456 1.475336
vt 0.544750 1.486261
vt 0.542032 1.479890
vt 0.538330 1.474005
vt 0.533749 1.468744
vt 0.532111 1.470346
vt 0.530905 1.471525
vt 0.529832 1.472575
vt 0.541386 1.499866
vt 0.540909 1.505907
vt 0.542408 1.506140
vt 0.542903 1.499866
vt 0.539479 1.511797
vt 0.540923 1.512256
vt 0.542546 1.512771
vt 0.544093 1.506401
vt 0.544608 1.499866
vt 0.544750 1.513471
vt 0.546381 1.506755
vt 0.546925 1.499866
vt 0.546381 1.492977
vt 0.544093 1.493332
vt 0.542408 1.493593
vt 0.540909 1.493826
vt 0.533849 1.522545
vt 0.529832 1.527158
vt 0.530905 1.528207
vt 0.535077 1.523417
vt 0.525134 1.531101
vt 0.526027 1.532302
vt 0.527030 1.533652
vt 0.532111 1.529387
vt 0.536456 1.524397
vt 0.528392 1.535485
vt 0.533749 1.530989
vt 0.538330 1.525728
vt 0.542032 1.519842
vt 0.539968 1.518814
vt 0.538448 1.518057
vt 0.537095 1.517384
vt 0.514118 1.536561
vt 0.508095 1.537984
vt 0.508332 1.539450
vt 0.514587 1.537972
vt 0.501924 1.538474
vt 0.501924 1.539959
vt 0.501924 1.541627
vt 0.508599 1.541097
vt 0.515114 1.539557
vt 0.501924 1.543893
vt 0.508961 1.543335
vt 0.515830 1.541711
vt 0.522363 1.539077
vt 0.521311 1.537059
vt 0.520536 1.535573
vt 0.519847 1.534250
vt 0.489730 1.536561
vt 0.484001 1.534250
vt 0.483311 1.535573
vt 0.489261 1.537972
vt 0.482537 1.537059
vt 0.488734 1.539557
vt 0.481485 1.539077
vt 0.488018 1.541711
vt 0.494887 1.543335
vt 0.495249 1.541097
vt 0.495516 1.539450
vt 0.495753 1.537984
vt 0.476521 1.517911
vt 0.473938 1.513805
vt 0.471939 1.514800
vt 0.474707 1.519200
vt 0.472041 1.509359
vt 0.469907 1.510037
vt 0.467894 1.510677
vt 0.470054 1.515739
vt 0.472995 1.520416
vt 0.466037 1.511267
vt 0.468315 1.516606
vt 0.471416 1.521538
vt 0.475255 1.525946
vt 0.479744 1.529714
vt 0.480892 1.528169
vt 0.476636 1.524596
vt 0.482136 1.526495
vt 0.478131 1.523134
vt 0.483455 1.524720
vt 0.479717 1.521582
vt 0.470524 1.499866
vt 0.470903 1.495059
vt 0.468688 1.494716
vt 0.468281 1.499866
vt 0.472041 1.490373
vt 0.469907 1.489695
vt 0.467894 1.489056
vt 0.466598 1.494393
vt 0.466166 1.499866
vt 0.466037 1.488466
vt 0.464670 1.494094
vt 0.464215 1.499866
vt 0.464670 1.505639
vt 0.466598 1.505340
vt 0.468688 1.505017
vt 0.470903 1.504673
vt 0.476521 1.481821
vt 0.479717 1.478150
vt 0.478131 1.476599
vt 0.474706 1.480532
vt 0.483455 1.475013
vt 0.482136 1.473238
vt 0.480892 1.471564
vt 0.476636 1.475137
vt 0.472995 1.479317
vt 0.479745 1.470019
vt 0.475255 1.473787
vt 0.471417 1.478195
vt 0.468315 1.483127
vt 0.470054 1.483994
vt 0.471939 1.484932
vt 0.473938 1.485928
vt 0.492221 1.470668
vt 0.497014 1.469536
vt 0.496663 1.467369
vt 0.491528 1.468583
vt 0.501924 1.469146
vt 0.501924 1.466951
vt 0.501924 1.464882
vt 0.496332 1.465326
vt 0.490874 1.466616
vt 0.501924 1.462973
vt 0.496027 1.463441
vt 0.490271 1.464802
vt 0.484797 1.467009
vt 0.485683 1.468709
vt 0.486644 1.470552
vt 0.487662 1.472507
vt 0.511627 1.470668
vt 0.516186 1.472507
vt 0.517204 1.470552
vt 0.512320 1.468583
vt 0.520392 1.475013
vt 0.521711 1.473238
vt 0.522955 1.471564
vt 0.518165 1.468710
vt 0.512974 1.466616
vt 0.524103 1.470019
vt 0.519051 1.467009
vt 0.513577 1.464802
vt 0.507821 1.463441
vt 0.507516 1.465326
vt 0.507185 1.467369
vt 0.506834 1.469536
vt 0.527327 1.481821
vt 0.529910 1.485928
vt 0.531909 1.484932
vt 0.529141 1.480532
vt 0.531806 1.490373
vt 0.533941 1.489695
vt 0.535954 1.489056
vt 0.533794 1.483994
vt 0.530852 1.479317
vt 0.537811 1.488466
vt 0.535533 1.483127
vt 0.532431 1.478195
vt 0.528592 1.473787
vt 0.527212 1.475137
vt 0.525716 1.476599
vt 0.524130 1.478150
vt 0.533324 1.499866
vt 0.532945 1.504673
vt 0.535160 1.505017
vt 0.535567 1.499866
vt 0.531806 1.509359
vt 0.533941 1.510037
vt 0.535954 1.510677
vt 0.537250 1.505340
vt 0.537682 1.499866
vt 0.537811 1.511267
vt 0.539178 1.505639
vt 0.539633 1.499866
vt 0.539178 1.494094
vt 0.537250 1.494393
vt 0.535160 1.494716
vt 0.532945 1.495059
vt 0.527327 1.517912
vt 0.524130 1.521582
vt 0.525716 1.523134
vt 0.529141 1.519200
vt 0.520392 1.524720
vt 0.521711 1.526495
vt 0.522955 1.528169
vt 0.527212 1.524596
vt 0.530852 1.520416
vt 0.524103 1.529714
vt 0.528592 1.525946
vt 0.532431 1.521538
vt 0.535533 1.516606
vt 0.533794 1.515739
vt 0.531909 1.514800
vt 0.529910 1.513805
vt 0.511627 1.529064
vt 0.506834 1.530197
vt 0.507185 1.532363
vt 0.512320 1.531150
vt 0.501924 1.530587
vt 0.501924 1.532781
vt 0.501924 1.534850
vt 0.507516 1.534406
vt 0.512974 1.533116
vt 0.501924 1.536759
vt 0.507821 1.536291
vt 0.513577 1.534931
vt 0.519051 1.532724
vt 0.518165 1.531023
vt 0.517204 1.529180
vt 0.516186 1.527226
vt 0.492221 1.529064
vt 0.487662 1.527226
vt 0.486644 1.529180
vt 0.491528 1.531150
vt 0.485683 1.531023
vt 0.490874 1.533116
vt 0.484797 1.532724
vt 0.490271 1.534931
vt 0.496027 1.536291
vt 0.496332 1.534406
vt 0.496663 1.532363
vt 0.497014 1.530197
vt 0.480715 1.510450
vt 0.482615 1.513583
vt 0.479327 1.507045
vt 0.476662 1.507892
vt 0.478254 1.511661
vt 0.480424 1.515139
vt 0.474263 1.508654
vt 0.476019 1.512768
vt 0.478410 1.516570
vt 0.481369 1.519968
vt 0.484829 1.522872
vt 0.486311 1.520877
vt 0.483137 1.518232
vt 0.487959 1.518660
vt 0.485075 1.516317
vt 0.478403 1.496240
vt 0.478057 1.499866
vt 0.479327 1.492688
vt 0.476662 1.491841
vt 0.475684 1.495805
vt 0.475349 1.499866
vt 0.474263 1.491079
vt 0.473210 1.495417
vt 0.472859 1.499866
vt 0.473210 1.504316
vt 0.475684 1.503928
vt 0.478403 1.503493
vt 0.485075 1.483416
vt 0.482615 1.486150
vt 0.487959 1.481073
vt 0.486311 1.478856
vt 0.483137 1.481501
vt 0.480424 1.484594
vt 0.484829 1.476861
vt 0.481369 1.479765
vt 0.478410 1.483163
vt 0.476019 1.486964
vt 0.478254 1.488072
vt 0.480715 1.489283
vt 0.498183 1.476875
vt 0.494549 1.477673
vt 0.501924 1.476637
vt 0.501924 1.473896
vt 0.497766 1.474212
vt 0.493712 1.475155
vt 0.501924 1.471430
vt 0.497379 1.471791
vt 0.492942 1.472839
vt 0.488723 1.474541
vt 0.489865 1.476722
vt 0.491128 1.479116
vt 0.512719 1.479116
vt 0.509299 1.477673
vt 0.515889 1.481073
vt 0.517537 1.478856
vt 0.513983 1.476722
vt 0.510136 1.475155
vt 0.519019 1.476861
vt 0.515125 1.474541
vt 0.510906 1.472839
vt 0.506469 1.471791
vt 0.506082 1.474212
vt 0.505665 1.476875
vt 0.523133 1.489283
vt 0.521233 1.486150
vt 0.524520 1.492688
vt 0.527186 1.491841
vt 0.525594 1.488072
vt 0.523424 1.484594
vt 0.529585 1.491079
vt 0.527829 1.486964
vt 0.525438 1.483163
vt 0.522479 1.479765
vt 0.520711 1.481501
vt 0.518773 1.483416
vt 0.525445 1.503493
vt 0.525791 1.499866
vt 0.524520 1.507045
vt 0.527186 1.507892
vt 0.528164 1.503928
vt 0.528499 1.499866
vt 0.529585 1.508654
vt 0.530638 1.504316
vt 0.530989 1.499866
vt 0.530638 1.495417
vt 0.528164 1.495805
vt 0.525445 1.496240
vt 0.518773 1.516317
vt 0.521233 1.513583
vt 0.515889 1.518660
vt 0.517537 1.520877
vt 0.520711 1.518232
vt 0.523424 1.515139
vt 0.519019 1.522872
vt 0.522479 1.519968
vt 0.525438 1.516570
vt 0.527829 1.512768
vt 0.525594 1.511661
vt 0.523133 1.510450
vt 0.505665 1.522858
vt 0.509299 1.522060
vt 0.501924 1.523097
vt 0.501924 1.525837
vt 0.506082 1.525521
vt 0.510136 1.524578
vt 0.501924 1.528303
vt 0.506469 1.527942
vt 0.510906 1.526893
vt 0.515125 1.525192
vt 0.513983 1.523011
vt 0.512719 1.520617
vt 0.488723 1.525192
vt 0.489865 1.523011
vt 0.492942 1.526893
vt 0.493712 1.524578
vt 0.497379 1.527942
vt 0.497766 1.525521
vt 0.498183 1.522858
vt 0.494549 1.522060
vt 0.491128 1.520617
s 1
usemtl Eyes
f 2165/2061/2003 3325/2062/2004 3985/2063/2005 3328/2064/2006
f 3325/2062/2004 2003/2065/2007 3326/2066/2008 3985/2063/2005
f 3985/2063/2005 3326/2066/2008 2275/2067/2009 3327/2068/2010
f 3328/2064/2006 3985/2063/2005 3327/2068/2010 2495/2069/2011
f 2275/2067/2009 3329/2070/2012 3986/2071/2013 3327/2068/2010
f 3329/2070/2012 2013/2072/2014 3330/2073/2015 3986/2071/2013
f 3986/2071/2013 3330/2073/2015 2176/2074/2016 3331/2075/2017
f 3327/2068/2010 3986/2071/2013 3331/2075/2017 2495/2069/2011
f 2176/2074/2016 3332/2076/2018 3987/2077/2019 3331/2075/2017
f 3332/2076/2018 2014/2078/2020 3333/2079/2021 3987/2077/2019
f 3987/2077/2019 3333/2079/2021 2276/2080/2022 3334/2081/2023
f 3331/2075/2017 3987/2077/2019 3334/2081/2023 2495/2069/2011
f 2276/2080/2022 3335/2082/2024 3988/2083/2025 3334/2081/2023
f 3335/2082/2024 2004/2084/2026 3336/2085/2027 3988/2083/2025
f 3988/2083/2025 3336/2085/2027 2165/2061/2003 3328/2064/2006
f 3334/2081/2023 3988/2083/2025 3328/2064/2006 2495/2069/2011
f 2166/2086/2028 3337/2087/2029 3989/2088/2030 3339/2089/2031
f 3337/2087/2029 2004/2084/2026 3335/2082/2024 3989/2088/2030
f 3989/2088/2030 3335/2082/2024 2276/2080/2022 3338/2090/2032
f 3339/2089/2031 3989/2088/2030 3338/2090/2032 2496/2091/2033
f 2276/2080/2022 3333/2079/2021 3990/2092/2034 3338/2090/2032
f 3333/2079/2021 2014/2078/2020 3340/2093/2035 3990/2092/2034
f 3990/2092/2034 3340/2093/2035 2177/2094/2036 3341/2095/2037
f 3338/2090/2032 3990/2092/2034 3341/2095/2037 2496/2091/2033
f 2177/2094/2036 3342/2096/2038 3991/2097/2039 3341/2095/2037
f 3342/2096/2038 2015/2098/2040 3343/2099/2041 3991/2097/2039
f 3991/2097/2039 3343/2099/2041 2277/2100/2042 3344/2101/2043
f 3341/2095/2037 3991/2097/2039 3344/2101/2043 2496/2091/2033
f 2277/2100/2042 3345/2102/2044 3992/2103/2045 3344/2101/2043
f 3345/2102/2044 2005/2104/2046 3346/2105/2047 3992/2103/2045
f 3992/2103/2045 3346/2105/2047 2166/2086/2028 3339/2089/2031
f 3344/2101/2043 3992/2103/2045 3339/2089/2031 2496/2091/2033
f 2167/2106/2048 3347/2107/2049 3993/2108/2050 3349/2109/2051
f 3347/2107/2049 2005/2104/2046 3345/2102/2044 3993/2108/2050
f 3993/2108/2050 3345/2102/2044 2277/2100/2042 3348/2110/2052
f 3349/2109/2051 3993/2108/2050 3348/2110/2052 2497/2111/2053
f 2277/2100/2042 3343/2099/2041 3994/2112/2054 3348/2110/2052
f 3343/2099/2041 2015/2098/2040 3350/2113/2055 3994/2112/2054
f 3994/2112/2054 3350/2113/2055 2178/2114/2056 3351/2115/2057
f 3348/2110/2052 3994/2112/2054 3351/2115/2057 2497/2111/2053
f 2178/2114/2056 3352/2116/2058 3995/2117/2059 3351/2115/2057
f 3352/2116/2058 2016/2118/2060 3353/2119/2061 3995/2117/2059
f 3995/2117/2059 3353/2119/2061 2278/2120/2062 3354/2121/2063
f 3351/2115/2057 3995/2117/2059 3354/2121/2063 2497/2111/2053
f 2278/2120/2062 3355/2122/2064 3996/2123/2065 3354/2121/2063
f 3355/2122/2064 2006/2124/2066 3356/2125/2067 3996/2123/2065
f 3996/2123/2065 3356/2125/2067 2167/2106/2048 3349/2109/2051
f 3354/2121/2063 3996/2123/2065 3349/2109/2051 2497/2111/2053
f 2168/2126/2068 3357/2127/2069 3997/2128/2070 3359/2129/2071
f 3357/2127/2069 2006/2124/2066 3355/2122/2064 3997/2128/2070
f 3997/2128/2070 3355/2122/2064 2278/2120/2062 3358/2130/2072
f 3359/2129/2071 3997/2128/2070 3358/2130/2072 2498/2131/2073
f 2278/2120/2062 3353/2119/2061 3998/2132/2074 3358/2130/2072
f 3353/2119/2061 2016/2118/2060 3360/2133/2075 3998/2132/2074
f 3998/2132/2074 3360/2133/2075 2179/2134/2076 3361/2135/2077
f 3358/2130/2072 3998/2132/2074 3361/2135/2077 2498/2131/2073
f 2179/2134/2076 3362/2136/2078 3999/2137/2079 3361/2135/2077
f 3362/2136/2078 2017/2138/2080 3363/2139/2081 3999/2137/2079
f 3999/2137/2079 3363/2139/2081 2279/2140/2082 3364/2141/2083
f 3361/2135/2077 3999/2137/2079 3364/2141/2083 2498/2131/2073
f 2279/2140/2082 3365/2142/2084 4000/2143/2085 3364/2141/2083
f 3365/2142/2084 2007/2144/2086 3366/2145/2087 4000/2143/2085
f 4000/2143/2085 3366/2145/2087 2168/2126/2068 3359/2129/2071
f 3364/2141/2083 4000/2143/2085 3359/2129/2071 2498/2131/2073
f 2169/2146/2088 3367/2147/2089 4001/2148/2090 3369/2149/2091
f 3367/2147/2089 2007/2144/2086 3365/2142/2084 4001/2148/2090
f 4001/2148/2090 3365/2142/2084 2279/2140/2082 3368/2150/2092
f 3369/2149/2091 4001/2148/2090 3368/2150/2092 2499/2151/2093
f 2279/2140/2082 3363/2139/2081 4002/2152/2094 3368/2150/2092
f 3363/2139/2081 2017/2138/2080 3370/2153/2095 4002/2152/2094
f 4002/2152/2094 3370/2153/2095 2180/2154/2096 3371/2155/2097
f 3368/2150/2092 4002/2152/2094 3371/2155/2097 2499/2151/2093
f 2180/2154/2096 3372/2156/2098 4003/2157/2099 3371/2155/2097
f 3372/2156/2098 2018/2158/2100 3373/2159/2101 4003/2157/2099
f 4003/2157/2099 3373/2159/2101 2280/2160/2102 3374/2161/2103
f 3371/2155/2097 4003/2157/2099 3374/2161/2103 2499/2151/2093
f 2280/2160/2102 3375/2162/2104 4004/2163/2105 3374/2161/2103
f 3375/2162/2104 2008/2164/2106 3376/2165/2107 4004/2163/2105
f 4004/2163/2105 3376/2165/2107 2169/2146/2088 3369/2149/2091
f 3374/2161/2103 4004/2163/2105 3369/2149/2091 2499/2151/2093
f 2170/2166/2108 3377/2167/2109 4005/2168/2110 3379/2169/2111
f 3377/2167/2109 2008/2164/2106 3375/2162/2104 4005/2168/2110
f 4005/2168/2110 3375/2162/2104 2280/2160/2102 3378/2170/2112
f 3379/2169/2111 4005/2168/2110 3378/2170/2112 2500/2171/2113
f 2280/2160/2102 3373/2159/2101 4006/2172/2114 3378/2170/2112
f 3373/2159/2101 2018/2158/2100 3380/2173/2115 4006/2172/2114
f 4006/2172/2114 3380/2173/2115 2181/2174/2116 3381/2175/2117
f 3378/2170/2112 4006/2172/2114 3381/2175/2117 2500/2171/2113
f 2181/2174/2116 3382/2176/2118 4007/2177/2119 3381/2175/2117
f 3382/2176/2118 2019/2178/2120 3383/2179/2121 4007/2177/2119
f 4007/2177/2119 3383/2179/2121 2281/2180/2122 3384/2181/2123
f 3381/2175/2117 4007/2177/2119 3384/2181/2123 2500/2171/2113
f 2281/2180/2122 3385/2182/2124 4008/2183/2125 3384/2181/2123
f 3385/2182/2124 2009/2184/2126 3386/2185/2127 4008/2183/2125
f 4008/2183/2125 3386/2185/2127 2170/2166/2108 3379/2169/2111
f 3384/2181/2123 4008/2183/2125 3379/2169/2111 2500/2171/2113
f 2171/2186/2128 3387/2187/2129 4009/2188/2130 3389/2189/2131
f 3387/2187/2129 2009/2184/2126 3385/2182/2124 4009/2188/2130
f 4009/2188/2130 3385/2182/2124 2281/2180/2122 3388/2190/2132
f 3389/2189/2131 4009/2188/2130 3388/2190/2132 2501/2191/2133
f 2281/2180/2122 3383/2179/2121 4010/2192/2134 3388/2190/2132
f 3383/2179/2121 2019/2178/2120 3390/2193/2135 4010/2192/2134
f 4010/2192/2134 3390/2193/2135 2182/2194/2136 3391/2195/2137
f 3388/2190/2132 4010/2192/2134 3391/2195/2137 2501/2191/2133
f 2182/2194/2136 3392/2196/2138 4011/2197/2139 3391/2195/2137
f 3392/2196/2138 2020/2198/2140 3393/2199/2141 4011/2197/2139
f 4011/2197/2139 3393/2199/2141 2282/2200/2142 3394/2201/2143
f 3391/2195/2137 4011/2197/2139 3394/2201/2143 2501/2191/2133
f 2282/2200/2142 3395/2202/2144 4012/2203/2145 3394/2201/2143
f 3395/2202/2144 2010/2204/2146 3396/2205/2147 4012/2203/2145
f 4012/2203/2145 3396/2205/2147 2171/2186/2128 3389/2189/2131
f 3394/2201/2143 4012/2203/2145 3389/2189/2131 2501/2191/2133
f 2172/2206/2148 3397/2207/2149 4013/2208/2150 3399/2209/2151
f 3397/2207/2149 2010/2204/2146 3395/2202/2144 4013/2208/2150
f 4013/2208/2150 3395/2202/2144 2282/2200/2142 3398/2210/2152
f 3399/2209/2151 4013/2208/2150 3398/2210/2152 2502/2211/2153
f 2282/2200/2142 3393/2199/2141 4014/2212/2154 3398/2210/2152
f 3393/2199/2141 2020/2198/2140 3400/2213/2155 4014/2212/2154
f 4014/2212/2154 3400/2213/2155 2183/2214/2156 3401/2215/2157
f 3398/2210/2152 4014/2212/2154 3401/2215/2157 2502/2211/2153
f 2183/2214/2156 3402/2216/2158 4015/2217/2159 3401/2215/2157
f 3402/2216/2158 2021/2218/2160 3403/2219/2161 4015/2217/2159
f 4015/2217/2159 3403/2219/2161 2283/2220/2162 3404/2221/2163
f 3401/2215/2157 4015/2217/2159 3404/2221/2163 2502/2211/2153
f 2283/2220/2162 3405/2222/2164 4016/2223/2165 3404/2221/2163
f 3405/2222/2164 2011/2224/2166 3406/2225/2167 4016/2223/2165
f 4016/2223/2165 3406/2225/2167 2172/2206/2148 3399/2209/2151
f 3404/2221/2163 4016/2223/2165 3399/2209/2151 2502/2211/2153
f 2173/2226/2168 3407/2227/2169 4017/2228/2170 3409/2229/2171
f 3407/2227/2169 2011/2224/2166 3405/2222/2164 4017/2228/2170
f 4017/2228/2170 3405/2222/2164 2283/2220/2162 3408/2230/2172
f 3409/2229/2171 4017/2228/2170 3408/2230/2172 2503/2231/2173
f 2283/2220/2162 3403/2219/2161 4018/2232/2174 3408/2230/2172
f 3403/2219/2161 2021/2218/2160 3410/2233/2175 4018/2232/2174
f 4018/2232/2174 3410/2233/2175 2184/2234/2176 3411/2235/2177
f 3408/2230/2172 4018/2232/2174 3411/2235/2177 2503/2231/2173
f 2184/2234/2176 3412/2236/2178 4019/2237/2179 3411/2235/2177
f 3412/2236/2178 2022/2238/2180 3413/2239/2181 4019/2237/2179
f 4019/2237/2179 3413/2239/2181 2284/2240/2182 3414/2241/2183
f 3411/2235/2177 4019/2237/2179 3414/2241/2183 2503/2231/2173
f 2284/2240/2182 3415/2242/2184 4020/2243/2185 3414/2241/2183
f 3415/2242/2184 2012/2244/2186 3416/2245/2187 4020/2243/2185
f 4020/2243/2185 3416/2245/2187 2173/2226/2168 3409/2229/2171
f 3414/2241/2183 4020/2243/2185 3409/2229/2171 2503/2231/2173
f 2174/2246/2188 3417/2247/2189 4021/2248/2190 3419/2249/2191
f 3417/2247/2189 2012/2244/2186 3415/2242/2184 4021/2248/2190
f 4021/2248/2190 3415/2242/2184 2284/2240/2182 3418/2250/2192
f 3419/2249/2191 4021/2248/2190 3418/2250/2192 2504/2251/2193
f 2284/2240/2182 3413/2239/2181 4022/2252/2194 3418/2250/2192
f 3413/2239/2181 2022/2238/2180 3420/2253/2195 4022/2252/2194
f 4022/2252/2194 3420/2253/2195 2175/2254/2196 3421/2255/2197
f 3418/2250/2192 4022/2252/2194 3421/2255/2197 2504/2251/2193
f 2175/2254/2196 3422/2256/2198 4023/2257/2199 3421/2255/2197
f 3422/2256/2198 2013/2072/2014 3329/2070/2012 4023/2257/2199
f 4023/2257/2199 3329/2070/2012 2275/2067/2009 3423/2258/2200
f 3421/2255/2197 4023/2257/2199 3423/2258/2200 2504/2251/2193
f 2275/2067/2009 3326/2066/2008 4024/2259/2201 3423/2258/2200
f 3326/2066/2008 2003/2065/2007 3424/2260/2202 4024/2259/2201
f 4024/2259/2201 3424/2260/2202 2174/2246/2188 3419/2249/2191
f 3423/2258/2200 4024/2259/2201 3419/2249/2191 2504/2251/2193
f 2176/2074/2016 3330/2073/2015 4025/2261/2203 3427/2262/2204
f 3330/2073/2015 2013/2072/2014 3425/2263/2205 4025/2261/2203
f 4025/2261/2203 3425/2263/2205 2285/2264/2206 3426/2265/2207
f 3427/2262/2204 4025/2261/2203 3426/2265/2207 2505/2266/2208
f 2285/2264/2206 3428/2267/2209 4026/2268/2210 3426/2265/2207
f 3428/2267/2209 2023/2269/2211 3429/2270/2212 4026/2268/2210
f 4026/2268/2210 3429/2270/2212 2186/2271/2213 3430/2272/2214
f 3426/2265/2207 4026/2268/2210 3430/2272/2214 2505/2266/2208
f 2186/2271/2213 3431/2273/2215 4027/2274/2216 3430/2272/2214
f 3431/2273/2215 2024/2275/2217 3432/2276/2218 4027/2274/2216
f 4027/2274/2216 3432/2276/2218 2286/2277/2219 3433/2278/2220
f 3430/2272/2214 4027/2274/2216 3433/2278/2220 2505/2266/2208
f 2286/2277/2219 3434/2279/2221 4028/2280/2222 3433/2278/2220
f 3434/2279/2221 2014/2078/2020 3332/2076/2018 4028/2280/2222
f 4028/2280/2222 3332/2076/2018 2176/2074/2016 3427/2262/2204
f 3433/2278/2220 4028/2280/2222 3427/2262/2204 2505/2266/2208
f 2177/2094/2036 3340/2093/2035 4029/2281/2223 3436/2282/2224
f 3340/2093/2035 2014/2078/2020 3434/2279/2221 4029/2281/2223
f 4029/2281/2223 3434/2279/2221 2286/2277/2219 3435/2283/2225
f 3436/2282/2224 4029/2281/2223 3435/2283/2225 2506/2284/2226
f 2286/2277/2219 3432/2276/2218 4030/2285/2227 3435/2283/2225
f 3432/2276/2218 2024/2275/2217 3437/2286/2228 4030/2285/2227
f 4030/2285/2227 3437/2286/2228 2187/2287/2229 3438/2288/2230
f 3435/2283/2225 4030/2285/2227 3438/2288/2230 2506/2284/2226
f 2187/2287/2229 3439/2289/2231 4031/2290/2232 3438/2288/2230
f 3439/2289/2231 2025/2291/2233 3440/2292/2234 4031/2290/2232
f 4031/2290/2232 3440/2292/2234 2287/2293/2235 3441/2294/2236
f 3438/2288/2230 4031/2290/2232 3441/2294/2236 2506/2284/2226
f 2287/2293/2235 3442/2295/2237 4032/2296/2238 3441/2294/2236
f 3442/2295/2237 2015/2098/2040 3342/2096/2038 4032/2296/2238
f 4032/2296/2238 3342/2096/2038 2177/2094/2036 3436/2282/2224
f 3441/2294/2236 4032/2296/2238 3436/2282/2224 2506/2284/2226
f 2178/2114/2056 3350/2113/2055 4033/2297/2239 3444/2298/2240
f 3350/2113/2055 2015/2098/2040 3442/2295/2237 4033/2297/2239
f 4033/2297/2239 3442/2295/2237 2287/2293/2235 3443/2299/2241
f 3444/2298/2240 4033/2297/2239 3443/2299/2241 2507/2300/2242
f 2287/2293/2235 3440/2292/2234 4034/2301/2243 3443/2299/2241
f 3440/2292/2234 2025/2291/2233 3445/2302/2244 4034/2301/2243
f 4034/2301/2243 3445/2302/2244 2188/2303/2245 3446/2304/2246
f 3443/2299/2241 4034/2301/2243 3446/2304/2246 2507/2300/2242
f 2188/2303/2245 3447/2305/2247 4035/2306/2248 3446/2304/2246
f 3447/2305/2247 2026/2307/2249 3448/2308/2250 4035/2306/2248
f 4035/2306/2248 3448/2308/2250 2288/2309/2251 3449/2310/2252
f 3446/2304/2246 4035/2306/2248 3449/2310/2252 2507/2300/2242
f 2288/2309/2251 3450/2311/2253 4036/2312/2254 3449/2310/2252
f 3450/2311/2253 2016/2118/2060 3352/2116/2058 4036/2312/2254
f 4036/2312/2254 3352/2116/2058 2178/2114/2056 3444/2298/2240
f 3449/2310/2252 4036/2312/2254 3444/2298/2240 2507/2300/2242
f 2179/2134/2076 3360/2133/2075 4037/2313/2255 3452/2314/2256
f 3360/2133/2075 2016/2118/2060 3450/2311/2253 4037/2313/2255
f 4037/2313/2255 3450/2311/2253 2288/2309/2251 3451/2315/2257
f 3452/2314/2256 4037/2313/2255 3451/2315/2257 2508/2316/2258
f 2288/2309/2251 3448/2308/2250 4038/2317/2259 3451/2315/2257
f 3448/2308/2250 2026/2307/2249 3453/2318/2260 4038/2317/2259
f 4038/2317/2259 3453/2318/2260 2189/2319/2261 3454/2320/2262
f 3451/2315/2257 4038/2317/2259 3454/2320/2262 2508/2316/2258
f 2189/2319/2261 3455/2321/2263 4039/2322/2264 3454/2320/2262
f 3455/2321/2263 2027/2323/2265 3456/2324/2266 4039/2322/2264
f 4039/2322/2264 3456/2324/2266 2289/2325/2267 3457/2326/2268
f 3454/2320/2262 4039/2322/2264 3457/2326/2268 2508/2316/2258
f 2289/2325/2267 3458/2327/2269 4040/2328/2270 3457/2326/2268
f 3458/2327/2269 2017/2138/2080 3362/2136/2078 4040/2328/2270
f 4040/2328/2270 3362/2136/2078 2179/2134/2076 3452/2314/2256
f 3457/2326/2268 4040/2328/2270 3452/2314/2256 2508/2316/2258
f 2180/2154/2096 3370/2153/2095 4041/2329/2271 3460/2330/2272
f 3370/2153/2095 2017/2138/2080 3458/2327/2269 4041/2329/2271
f 4041/2329/2271 3458/2327/2269 2289/2325/2267 3459/2331/2273
f 3460/2330/2272 4041/2329/2271 3459/2331/2273 2509/2332/2274
f 2289/2325/2267 3456/2324/2266 4042/2333/2275 3459/2331/2273
f 3456/2324/2266 2027/2323/2265 3461/2334/2276 4042/2333/2275
f 4042/2333/2275 3461/2334/2276 2190/2335/2277 3462/2336/2278
f 3459/2331/2273 4042/2333/2275 3462/2336/2278 2509/2332/2274
f 2190/2335/2277 3463/2337/2279 4043/2338/2280 3462/2336/2278
f 3463/2337/2279 2028/2339/2281 3464/2340/2282 4043/2338/2280
f 4043/2338/2280 3464/2340/2282 2290/2341/2283 3465/2342/2284
f 3462/2336/2278 4043/2338/2280 3465/2342/2284 2509/2332/2274
f 2290/2341/2283 3466/2343/2285 4044/2344/2286 3465/2342/2284
f 3466/2343/2285 2018/2158/2100 3372/2156/2098 4044/2344/2286
f 4044/2344/2286 3372/2156/2098 2180/2154/2096 3460/2330/2272
f 3465/2342/2284 4044/2344/2286 3460/2330/2272 2509/2332/2274
f 2181/2174/2116 3380/2173/2115 4045/2345/2287 3468/2346/2288
f 3380/2173/2115 2018/2158/2100 3466/2343/2285 4045/2345/2287
f 4045/2345/2287 3466/2343/2285 2290/2341/2283 3467/2347/2289
f 3468/2346/2288 4045/2345/2287 3467/2347/2289 2510/2348/2290
f 2290/2341/2283 3464/2340/2282 4046/2349/2291 3467/2347/2289
f 3464/2340/2282 2028/2339/2281 3469/2350/2292 4046/2349/2291
f 4046/2349/2291 3469/2350/2292 2191/2351/2293 3470/2352/2294
f 3467/2347/2289 4046/2349/2291 3470/2352/2294 2510/2348/2290
f 2191/2351/2293 3471/2353/2295 4047/2354/2296 3470/2352/2294
f 3471/2353/2295 2029/2355/2297 3472/2356/2298 4047/2354/2296
f 4047/2354/2296 3472/2356/2298 2291/2357/2299 3473/2358/2300
f 3470/2352/2294 4047/2354/2296 3473/2358/2300 2510/2348/2290
f 2291/2357/2299 3474/2359/2301 4048/2360/2302 3473/2358/2300
f 3474/2359/2301 2019/2178/2120 3382/2176/2118 4048/2360/2302
f 4048/2360/2302 3382/2176/2118 2181/2174/2116 3468/2346/2288
f 3473/2358/2300 4048/2360/2302 3468/2346/2288 2510/2348/2290
f 2182/2194/2136 3390/2193/2135 4049/2361/2303 3476/2362/2304
f 3390/2193/2135 2019/2178/2120 3474/2359/2301 4049/2361/2303
f 4049/2361/2303 3474/2359/2301 2291/2357/2299 3475/2363/2305
f 3476/2362/2304 4049/2361/2303 3475/2363/2305 2511/2364/2306
f 2291/2357/2299 3472/2356/2298 4050/2365/2307 3475/2363/2305
f 3472/2356/2298 2029/2355/2297 3477/2366/2308 4050/2365/2307
f 4050/2365/2307 3477/2366/2308 2192/2367/2309 3478/2368/2310
f 3475/2363/2305 4050/2365/2307 3478/2368/2310 2511/2364/2306
f 2192/2367/2309 3479/2369/2311 4051/2370/2312 3478/2368/2310
f 3479/2369/2311 2030/2371/2313 3480/2372/2314 4051/2370/2312
f 4051/2370/2312 3480/2372/2314 2292/2373/2315 3481/2374/2316
f 3478/2368/2310 4051/2370/2312 3481/2374/2316 2511/2364/2306
f 2292/2373/2315 3482/2375/2317 4052/2376/2318 3481/2374/2316
f 3482/2375/2317 2020/2198/2140 3392/2196/2138 4052/2376/2318
f 4052/2376/2318 3392/2196/2138 2182/2194/2136 3476/2362/2304
f 3481/2374/2316 4052/2376/2318 3476/2362/2304 2511/2364/2306
f 2183/2214/2156 3400/2213/2155 4053/2377/2319 3484/2378/2320
f 3400/2213/2155 2020/2198/2140 3482/2375/2317 4053/2377/2319
f 4053/2377/2319 3482/2375/2317 2292/2373/2315 3483/2379/2321
f 3484/2378/2320 4053/2377/2319 3483/2379/2321 2512/2380/2322
f 2292/2373/2315 3480/2372/2314 4054/2381/2323 3483/2379/2321
f 3480/2372/2314 2030/2371/2313 3485/2382/2324 4054/2381/2323
f 4054/2381/2323 3485/2382/2324 2193/2383/2325 3486/2384/2326
f 3483/2379/2321 4054/2381/2323 3486/2384/2326 2512/2380/2322
f 2193/2383/2325 3487/2385/2327 4055/2386/2328 3486/2384/2326
f 3487/2385/2327 2031/2387/2329 3488/2388/2330 4055/2386/2328
f 4055/2386/2328 3488/2388/2330 2293/2389/2331 3489/2390/2332
f 3486/2384/2326 4055/2386/2328 3489/2390/2332 2512/2380/2322
f 2293/2389/2331 3490/2391/2333 4056/2392/2334 3489/2390/2332
f 3490/2391/2333 2021/2218/2160 3402/2216/2158 4056/2392/2334
f 4056/2392/2334 3402/2216/2158 2183/2214/2156 3484/2378/2320
f 3489/2390/2332 4056/2392/2334 3484/2378/2320 2512/2380/2322
f 2184/2234/2176 3410/2233/2175 4057/2393/2335 3492/2394/2336
f 3410/2233/2175 2021/2218/2160 3490/2391/2333 4057/2393/2335
f 4057/2393/2335 3490/2391/2333 2293/2389/2331 3491/2395/2337
f 3492/2394/2336 4057/2393/2335 3491/2395/2337 2513/2396/2338
f 2293/2389/2331 3488/2388/2330 4058/2397/2339 3491/2395/2337
f 3488/2388/2330 2031/2387/2329 3493/2398/2340 4058/2397/2339
f 4058/2397/2339 3493/2398/2340 2194/2399/2341 3494/2400/2342
f 3491/2395/2337 4058/2397/2339 3494/2400/2342 2513/2396/2338
f 2194/2399/2341 3495/2401/2343 4059/2402/2344 3494/2400/2342
f 3495/2401/2343 2032/2403/2345 3496/2404/2346 4059/2402/2344
f 4059/2402/2344 3496/2404/2346 2294/2405/2347 3497/2406/2348
f 3494/2400/2342 4059/2402/2344 3497/2406/2348 2513/2396/2338
f 2294/2405/2347 3498/2407/2349 4060/2408/2350 3497/2406/2348
f 3498/2407/2349 2022/2238/2180 3412/2236/2178 4060/2408/2350
f 4060/2408/2350 3412/2236/2178 2184/2234/2176 3492/2394/2336
f 3497/2406/2348 4060/2408/2350 3492/2394/2336 2513/2396/2338
f 2175/2254/2196 3420/2253/2195 4061/2409/2351 3500/2410/2352
f 3420/2253/2195 2022/2238/2180 3498/2407/2349 4061/2409/2351
f 4061/2409/2351 3498/2407/2349 2294/2405/2347 3499/2411/2353
f 3500/2410/2352 4061/2409/2351 3499/2411/2353 2514/2412/2354
f 2294/2405/2347 3496/2404/2346 4062/2413/2355 3499/2411/2353
f 3496/2404/2346 2032/2403/2345 3501/2414/2356 4062/2413/2355
f 4062/2413/2355 3501/2414/2356 2185/2415/2357 3502/2416/2358
f 3499/2411/2353 4062/2413/2355 3502/2416/2358 2514/2412/2354
f 2185/2415/2357 3503/2417/2359 4063/2418/2360 3502/2416/2358
f 3503/2417/2359 2023/2269/2211 3428/2267/2209 4063/2418/2360
f 4063/2418/2360 3428/2267/2209 2285/2264/2206 3504/2419/2361
f 3502/2416/2358 4063/2418/2360 3504/2419/2361 2514/2412/2354
f 2285/2264/2206 3425/2263/2205 4064/2420/2362 3504/2419/2361
f 3425/2263/2205 2013/2072/2014 3422/2256/2198 4064/2420/2362
f 4064/2420/2362 3422/2256/2198 2175/2254/2196 3500/2410/2352
f 3504/2419/2361 4064/2420/2362 3500/2410/2352 2514/2412/2354
f 2186/2271/2213 3429/2270/2212 4065/2421/2363 3507/2422/2364
f 3429/2270/2212 2023/2269/2211 3505/2423/2365 4065/2421/2363
f 4065/2421/2363 3505/2423/2365 2295/2424/2366 3506/2425/2367
f 3507/2422/2364 4065/2421/2363 3506/2425/2367 2515/2426/2368
f 2295/2424/2366 3508/2427/2369 4066/2428/2370 3506/2425/2367
f 3508/2427/2369 2033/2429/2371 3509/2430/2372 4066/2428/2370
f 4066/2428/2370 3509/2430/2372 2196/2431/2373 3510/2432/2374
f 3506/2425/2367 4066/2428/2370 3510/2432/2374 2515/2426/2368
f 2196/2431/2373 3511/2433/2375 4067/2434/2376 3510/2432/2374
f 3511/2433/2375 2034/2435/2377 3512/2436/2378 4067/2434/2376
f 4067/2434/2376 3512/2436/2378 2296/2437/2379 3513/2438/2380
f 3510/2432/2374 4067/2434/2376 3513/2438/2380 2515/2426/2368
f 2296/2437/2379 3514/2439/2381 4068/2440/2382 3513/2438/2380
f 3514/2439/2381 2024/2275/2217 3431/2273/2215 4068/2440/2382
f 4068/2440/2382 3431/2273/2215 2186/2271/2213 3507/2422/2364
f 3513/2438/2380 4068/2440/2382 3507/2422/2364 2515/2426/2368
f 2187/2287/2229 3437/2286/2228 4069/2441/2383 3516/2442/2384
f 3437/2286/2228 2024/2275/2217 3514/2439/2381 4069/2441/2383
f 4069/2441/2383 3514/2439/2381 2296/2437/2379 3515/2443/2385
f 3516/2442/2384 4069/2441/2383 3515/2443/2385 2516/2444/2386
f 2296/2437/2379 3512/2436/2378 4070/2445/2387 3515/2443/2385
f 3512/2436/2378 2034/2435/2377 3517/2446/2388 4070/2445/2387
f 4070/2445/2387 3517/2446/2388 2197/2447/2389 3518/2448/2390
f 3515/2443/2385 4070/2445/2387 3518/2448/2390 2516/2444/2386
f 2197/2447/2389 3519/2449/2391 4071/2450/2392 3518/2448/2390
f 3519/2449/2391 2035/2451/2393 3520/2452/2394 4071/2450/2392
f 4071/2450/2392 3520/2452/2394 2297/2453/2395 3521/2454/2396
f 3518/2448/2390 4071/2450/2392 3521/2454/2396 2516/2444/2386
f 2297/2453/2395 3522/2455/2397 4072/2456/2398 3521/2454/2396
f 3522/2455/2397 2025/2291/2233 3439/2289/2231 4072/2456/2398
f 4072/2456/2398 3439/2289/2231 2187/2287/2229 3516/2442/2384
f 3521/2454/2396 4072/2456/2398 3516/2442/2384 2516/2444/2386
f 2188/2303/2245 3445/2302/2244 4073/2457/2399 3524/2458/2400
f 3445/2302/2244 2025/2291/2233 3522/2455/2397 4073/2457/2399
f 4073/2457/2399 3522/2455/2397 2297/2453/2395 3523/2459/2401
f 3524/2458/2400 4073/2457/2399 3523/2459/2401 2517/2460/2402
f 2297/2453/2395 3520/2452/2394 4074/2461/2403 3523/2459/2401
f 3520/2452/2394 2035/2451/2393 3525/2462/2404 4074/2461/2403
f 4074/2461/2403 3525/2462/2404 2198/2463/2405 3526/2464/2406
f 3523/2459/2401 4074/2461/2403 3526/2464/2406 2517/2460/2402
f 2198/2463/2405 3527/2465/2407 4075/2466/2408 3526/2464/2406
f 3527/2465/2407 2036/2467/2409 3528/2468/2410 4075/2466/2408
f 4075/2466/2408 3528/2468/2410 2298/2469/2411 3529/2470/2412
f 3526/2464/2406 4075/2466/2408 3529/2470/2412 2517/2460/2402
f 2298/2469/2411 3530/2471/2413 4076/2472/2414 3529/2470/2412
f 3530/2471/2413 2026/2307/2249 3447/2305/2247 4076/2472/2414
f 4076/2472/2414 3447/2305/2247 2188/2303/2245 3524/2458/2400
f 3529/2470/2412 4076/2472/2414 3524/2458/2400 2517/2460/2402
f 2189/2319/2261 3453/2318/2260 4077/2473/2415 3532/2474/2416
f 3453/2318/2260 2026/2307/2249 3530/2471/2413 4077/2473/2415
f 4077/2473/2415 3530/2471/2413 2298/2469/2411 3531/2475/2417
f 3532/2474/2416 4077/2473/2415 3531/2475/2417 2518/2476/2418
f 2298/2469/2411 3528/2468/2410 4078/2477/2419 3531/2475/2417
f 3528/2468/2410 2036/2467/2409 3533/2478/2420 4078/2477/2419
f 4078/2477/2419 3533/2478/2420 2199/2479/2421 3534/2480/2422
f 3531/2475/2417 4078/2477/2419 3534/2480/2422 2518/2476/2418
f 2199/2479/2421 3535/2481/2423 4079/2482/2424 3534/2480/2422
f 3535/2481/2423 2037/2483/2425 3536/2484/2426 4079/2482/2424
f 4079/2482/2424 3536/2484/2426 2299/2485/2427 3537/2486/2428
f 3534/2480/2422 4079/2482/2424 3537/2486/2428 2518/2476/2418
f 2299/2485/2427 3538/2487/2429 4080/2488/2430 3537/2486/2428
f 3538/2487/2429 2027/2323/2265 3455/2321/2263 4080/2488/2430
f 4080/2488/2430 3455/2321/2263 2189/2319/2261 3532/2474/2416
f 3537/2486/2428 4080/2488/2430 3532/2474/2416 2518/2476/2418
f 2190/2335/2277 3461/2334/2276 4081/2489/2431 3540/2490/2432
f 3461/2334/2276 2027/2323/2265 3538/2487/2429 4081/2489/2431
f 4081/2489/2431 3538/2487/2429 2299/2485/2427 3539/2491/2433
f 3540/2490/2432 4081/2489/2431 3539/2491/2433 2519/2492/2434
f 2299/2485/2427 3536/2484/2426 4082/2493/2435 3539/2491/2433
f 3536/2484/2426 2037/2483/2425 3541/2494/2436 4082/2493/2435
f 4082/2493/2435 3541/2494/2436 2200/2495/2437 3542/2496/2438
f 3539/2491/2433 4082/2493/2435 3542/2496/2438 2519/2492/2434
f 2200/2495/2437 3543/2497/2439 4083/2498/2440 3542/2496/2438
f 3543/2497/2439 2038/2499/2441 3544/2500/2442 4083/2498/2440
f 4083/2498/2440 3544/2500/2442 2300/2501/2443 3545/2502/2444
f 3542/2496/2438 4083/2498/2440 3545/2502/2444 2519/2492/2434
f 2300/2501/2443 3546/2503/2445 4084/2504/2446 3545/2502/2444
f 3546/2503/2445 2028/2339/2281 3463/2337/2279 4084/2504/2446
f 4084/2504/2446 3463/2337/2279 2190/2335/2277 3540/2490/2432
f 3545/2502/2444 4084/2504/2446 3540/2490/2432 2519/2492/2434
f 2191/2351/2293 3469/2350/2292 4085/2505/2447 3548/2506/2448
f 3469/2350/2292 2028/2339/2281 3546/2503/2445 4085/2505/2447
f 4085/2505/2447 3546/2503/2445 2300/2501/2443 3547/2507/2449
f 3548/2506/2448 4085/2505/2447 3547/2507/2449 2520/2508/2450
f 2300/2501/2443 3544/2500/2442 4086/2509/2451 3547/2507/2449
f 3544/2500/2442 2038/2499/2441 3549/2510/2452 4086/2509/2451
f 4086/2509/2451 3549/2510/2452 2201/2511/2453 3550/2512/2454
f 3547/2507/2449 4086/2509/2451 3550/2512/2454 2520/2508/2450
f 2201/2511/2453 3551/2513/2455 4087/2514/2456 3550/2512/2454
f 3551/2513/2455 2039/2515/2457 3552/2516/2458 4087/2514/2456
f 4087/2514/2456 3552/2516/2458 2301/2517/2459 3553/2518/2460
f 3550/2512/2454 4087/2514/2456 3553/2518/2460 2520/2508/2450
f 2301/2517/2459 3554/2519/2461 4088/2520/2462 3553/2518/2460
f 3554/2519/2461 2029/2355/2297 3471/2353/2295 4088/2520/2462
f 4088/2520/2462 3471/2353/2295 2191/2351/2293 3548/2506/2448
f 3553/2518/2460 4088/2520/2462 3548/2506/2448 2520/2508/2450
f 2192/2367/2309 3477/2366/2308 4089/2521/2463 3556/2522/2464
f 3477/2366/2308 2029/2355/2297 3554/2519/2461 4089/2521/2463
f 4089/2521/2463 3554/2519/2461 2301/2517/2459 3555/2523/2465
f 3556/2522/2464 4089/2521/2463 3555/2523/2465 2521/2524/2466
f 2301/2517/2459 3552/2516/2458 4090/2525/2467 3555/2523/2465
f 3552/2516/2458 2039/2515/2457 3557/2526/2468 4090/2525/2467
f 4090/2525/2467 3557/2526/2468 2202/2527/2469 3558/2528/2470
f 3555/2523/2465 4090/2525/2467 3558/2528/2470 2521/2524/2466
f 2202/2527/2469 3559/2529/2471 4091/2530/2472 3558/2528/2470
f 3559/2529/2471 2040/2531/2473 3560/2532/2474 4091/2530/2472
f 4091/2530/2472 3560/2532/2474 2302/2533/2475 3561/2534/2476
f 3558/2528/2470 4091/2530/2472 3561/2534/2476 2521/2524/2466
f 2302/2533/2475 3562/2535/2477 4092/2536/2478 3561/2534/2476
f 3562/2535/2477 2030/2371/2313 3479/2369/2311 4092/2536/2478
f 4092/2536/2478 3479/2369/2311 2192/2367/2309 3556/2522/2464
f 3561/2534/2476 4092/2536/2478 3556/2522/2464 2521/2524/2466
f 2193/2383/2325 3485/2382/2324 4093/2537/2479 3564/2538/2480
f 3485/2382/2324 2030/2371/2313 3562/2535/2477 4093/2537/2479
f 4093/2537/2479 3562/2535/2477 2302/2533/2475 3563/2539/2481
f 3564/2538/2480 4093/2537/2479 3563/2539/2481 2522/2540/2482
f 2302/2533/2475 3560/2532/2474 4094/2541/2483 3563/2539/2481
f 3560/2532/2474 2040/2531/2473 3565/2542/2484 4094/2541/2483
f 4094/2541/2483 3565/2542/2484 2203/2543/2485 3566/2544/2486
f 3563/2539/2481 4094/2541/2483 3566/2544/2486 2522/2540/2482
f 2203/2543/2485 3567/2545/2487 4095/2546/2488 3566/2544/2486
f 3567/2545/2487 2041/2547/2489 3568/2548/2490 4095/2546/2488
f 4095/2546/2488 3568/2548/2490 2303/2549/2491 3569/2550/2492
f 3566/2544/2486 4095/2546/2488 3569/2550/2492 2522/2540/2482
f 2303/2549/2491 3570/2551/2493 4096/2552/2494 3569/2550/2492
f 3570/2551/2493 2031/2387/2329 3487/2385/2327 4096/2552/2494
f 4096/2552/2494 3487/2385/2327 2193/2383/2325 3564/2538/2480
f 3569/2550/2492 4096/2552/2494 3564/2538/2480 2522/2540/2482
f 2194/2399/2341 3493/2398/2340 4097/2553/2495 3572/2554/2496
f 3493/2398/2340 2031/2387/2329 3570/2551/2493 4097/2553/2495
f 4097/2553/2495 3570/2551/2493 2303/2549/2491 3571/2555/2497
f 3572/2554/2496 4097/2553/2495 3571/2555/2497 2523/2556/2498
f 2303/2549/2491 3568/2548/2490 4098/2557/2499 3571/2555/2497
f 3568/2548/2490 2041/2547/2489 3573/2558/2500 4098/2557/2499
f 4098/2557/2499 3573/2558/2500 2204/2559/2501 3574/2560/2502
f 3571/2555/2497 4098/2557/2499 3574/2560/2502 2523/2556/2498
f 2204/2559/2501 3575/2561/2503 4099/2562/2504 3574/2560/2502
f 3575/2561/2503 2042/2563/2505 3576/2564/2506 4099/2562/2504
f 4099/2562/2504 3576/2564/2506 2304/2565/2507 3577/2566/2508
f 3574/2560/2502 4099/2562/2504 3577/2566/2508 2523/2556/2498
f 2304/2565/2507 3578/2567/2509 4100/2568/2510 3577/2566/2508
f 3578/2567/2509 2032/2403/2345 3495/2401/2343 4100/2568/2510
f 4100/2568/2510 3495/2401/2343 2194/2399/2341 3572/2554/2496
f 3577/2566/2508 4100/2568/2510 3572/2554/2496 2523/2556/2498
f 2185/2415/2357 3501/2414/2356 4101/2569/2511 3580/2570/2512
f 3501/2414/2356 2032/2403/2345 3578/2567/2509 4101/2569/2511
f 4101/2569/2511 3578/2567/2509 2304/2565/2507 3579/2571/2513
f 3580/2570/2512 4101/2569/2511 3579/2571/2513 2524/2572/2514
f 2304/2565/2507 3576/2564/2506 4102/2573/2515 3579/2571/2513
f 3576/2564/2506 2042/2563/2505 3581/2574/2516 4102/2573/2515
f 4102/2573/2515 3581/2574/2516 2195/2575/2517 3582/2576/2518
f 3579/2571/2513 4102/2573/2515 3582/2576/2518 2524/2572/2514
f 2195/2575/2517 3583/2577/2519 4103/2578/2520 3582/2576/2518
f 3583/2577/2519 2033/2429/2371 3508/2427/2369 4103/2578/2520
f 4103/2578/2520 3508/2427/2369 2295/2424/2366 3584/2579/2521
f 3582/2576/2518 4103/2578/2520 3584/2579/2521 2524/2572/2514
f 2295/2424/2366 3505/2423/2365 4104/2580/2522 3584/2579/2521
f 3505/2423/2365 2023/2269/2211 3503/2417/2359 4104/2580/2522
f 4104/2580/2522 3503/2417/2359 2185/2415/2357 3580/2570/2512
f 3584/2579/2521 4104/2580/2522 3580/2570/2512 2524/2572/2514
f 2196/2431/2373 3509/2430/2372 4105/2581/2523 3587/2582/2524
f 3509/2430/2372 2033/2429/2371 3585/2583/2525 4105/2581/2523
f 4105/2581/2523 3585/2583/2525 2305/2584/2526 3586/2585/2527
f 3587/2582/2524 4105/2581/2523 3586/2585/2527 2525/2586/2528
f 2305/2584/2526 3588/2587/2529 4106/2588/2530 3586/2585/2527
f 3588/2587/2529 2043/2589/2531 3589/2590/2532 4106/2588/2530
f 4106/2588/2530 3589/2590/2532 2206/2591/2533 3590/2592/2534
f 3586/2585/2527 4106/2588/2530 3590/2592/2534 2525/2586/2528
f 2206/2591/2533 3591/2593/2535 4107/2594/2536 3590/2592/2534
f 3591/2593/2535 2044/2595/2537 3592/2596/2538 4107/2594/2536
f 4107/2594/2536 3592/2596/2538 2306/2597/2539 3593/2598/2540
f 3590/2592/2534 4107/2594/2536 3593/2598/2540 2525/2586/2528
f 2306/2597/2539 3594/2599/2541 4108/2600/2542 3593/2598/2540
f 3594/2599/2541 2034/2435/2377 3511/2433/2375 4108/2600/2542
f 4108/2600/2542 3511/2433/2375 2196/2431/2373 3587/2582/2524
f 3593/2598/2540 4108/2600/2542 3587/2582/2524 2525/2586/2528
f 2197/2447/2389 3517/2446/2388 4109/2601/2543 3596/2602/2544
f 3517/2446/2388 2034/2435/2377 3594/2599/2541 4109/2601/2543
f 4109/2601/2543 3594/2599/2541 2306/2597/2539 3595/2603/2545
f 3596/2602/2544 4109/2601/2543 3595/2603/2545 2526/2604/2546
f 2306/2597/2539 3592/2596/2538 4110/2605/2547 3595/2603/2545
f 3592/2596/2538 2044/2595/2537 3597/2606/2548 4110/2605/2547
f 4110/2605/2547 3597/2606/2548 2207/2607/2549 3598/2608/2550
f 3595/2603/2545 4110/2605/2547 3598/2608/2550 2526/2604/2546
f 2207/2607/2549 3599/2609/2551 4111/2610/2552 3598/2608/2550
f 3599/2609/2551 2045/2611/2553 3600/2612/2554 4111/2610/2552
f 4111/2610/2552 3600/2612/2554 2307/2613/2555 3601/2614/2556
f 3598/2608/2550 4111/2610/2552 3601/2614/2556 2526/2604/2546
f 2307/2613/2555 3602/2615/2557 4112/2616/2558 3601/2614/2556
f 3602/2615/2557 2035/2451/2393 3519/2449/2391 4112/2616/2558
f 4112/2616/2558 3519/2449/2391 2197/2447/2389 3596/2602/2544
f 3601/2614/2556 4112/2616/2558 3596/2602/2544 2526/2604/2546
f 2198/2463/2405 3525/2462/2404 4113/2617/2559 3604/2618/2560
f 3525/2462/2404 2035/2451/2393 3602/2615/2557 4113/2617/2559
f 4113/2617/2559 3602/2615/2557 2307/2613/2555 3603/2619/2561
f 3604/2618/2560 4113/2617/2559 3603/2619/2561 2527/2620/2562
f 2307/2613/2555 3600/2612/2554 4114/2621/2563 3603/2619/2561
f 3600/2612/2554 2045/2611/2553 3605/2622/2564 4114/2621/2563
f 4114/2621/2563 3605/2622/2564 2208/2623/2565 3606/2624/2566
f 3603/2619/2561 4114/2621/2563 3606/2624/2566 2527/2620/2562
f 2208/2623/2565 3607/2625/2567 4115/2626/2568 3606/2624/2566
f 3607/2625/2567 2046/2627/2569 3608/2628/2570 4115/2626/2568
f 4115/2626/2568 3608/2628/2570 2308/2629/2571 3609/2630/2572
f 3606/2624/2566 4115/2626/2568 3609/2630/2572 2527/2620/2562
f 2308/2629/2571 3610/2631/2573 4116/2632/2574 3609/2630/2572
f 3610/2631/2573 2036/2467/2409 3527/2465/2407 4116/2632/2574
f 4116/2632/2574 3527/2465/2407 2198/2463/2405 3604/2618/2560
f 3609/2630/2572 4116/2632/2574 3604/2618/2560 2527/2620/2562
f 2199/2479/2421 3533/2478/2420 4117/2633/2575 3612/2634/2576
f 3533/2478/2420 2036/2467/2409 3610/2631/2573 4117/2633/2575
f 4117/2633/2575 3610/2631/2573 2308/2629/2571 3611/2635/2577
f 3612/2634/2576 4117/2633/2575 3611/2635/2577 2528/2636/2578
f 2308/2629/2571 3608/2628/2570 4118/2637/2579 3611/2635/2577
f 3608/2628/2570 2046/2627/2569 3613/2638/2580 4118/2637/2579
f 4118/2637/2579 3613/2638/2580 2209/2639/2581 3614/2640/2582
f 3611/2635/2577 4118/2637/2579 3614/2640/2582 2528/2636/2578
f 2209/2639/2581 3615/2641/2583 4119/2642/2584 3614/2640/2582
f 3615/2641/2583 2047/2643/2585 3616/2644/2586 4119/2642/2584
f 4119/2642/2584 3616/2644/2586 2309/2645/2587 3617/2646/2588
f 3614/2640/2582 4119/2642/2584 3617/2646/2588 2528/2636/2578
f 2309/2645/2587 3618/2647/2589 4120/2648/2590 3617/2646/2588
f 3618/2647/2589 2037/2483/2425 3535/2481/2423 4120/2648/2590
f 4120/2648/2590 3535/2481/2423 2199/2479/2421 3612/2634/2576
f 3617/2646/2588 4120/2648/2590 3612/2634/2576 2528/2636/2578
f 2200/2495/2437 3541/2494/2436 4121/2649/2591 3620/2650/2592
f 3541/2494/2436 2037/2483/2425 3618/2647/2589 4121/2649/2591
f 4121/2649/2591 3618/2647/2589 2309/2645/2587 3619/2651/2593
f 3620/2650/2592 4121/2649/2591 3619/2651/2593 2529/2652/2594
f 2309/2645/2587 3616/2644/2586 4122/2653/2595 3619/2651/2593
f 3616/2644/2586 2047/2643/2585 3621/2654/2596 4122/2653/2595
f 4122/2653/2595 3621/2654/2596 2210/2655/2597 3622/2656/2598
f 3619/2651/2593 4122/2653/2595 3622/2656/2598 2529/2652/2594
f 2210/2655/2597 3623/2657/2599 4123/2658/2600 3622/2656/2598
f 3623/2657/2599 2048/2659/2601 3624/2660/2602 4123/2658/2600
f 4123/2658/2600 3624/2660/2602 2310/2661/2603 3625/2662/2604
f 3622/2656/2598 4123/2658/2600 3625/2662/2604 2529/2652/2594
f 2310/2661/2603 3626/2663/2605 4124/2664/2606 3625/2662/2604
f 3626/2663/2605 2038/2499/2441 3543/2497/2439 4124/2664/2606
f 4124/2664/2606 3543/2497/2439 2200/2495/2437 3620/2650/2592
f 3625/2662/2604 4124/2664/2606 3620/2650/2592 2529/2652/2594
f 2201/2511/2453 3549/2510/2452 4125/2665/2607 3628/2666/2608
f 3549/2510/2452 2038/2499/2441 3626/2663/2605 4125/2665/2607
f 4125/2665/2607 3626/2663/2605 2310/2661/2603 3627/2667/2609
f 3628/2666/2608 4125/2665/2607 3627/2667/2609 2530/2668/2610
f 2310/2661/2603 3624/2660/2602 4126/2669/2611 3627/2667/2609
f 3624/2660/2602 2048/2659/2601 3629/2670/2612 4126/2669/2611
f 4126/2669/2611 3629/2670/2612 2211/2671/2613 3630/2672/2614
f 3627/2667/2609 4126/2669/2611 3630/2672/2614 2530/2668/2610
f 2211/2671/2613 3631/2673/2615 4127/2674/2616 3630/2672/2614
f 3631/2673/2615 2049/2675/2617 3632/2676/2618 4127/2674/2616
f 4127/2674/2616 3632/2676/2618 2311/2677/2619 3633/2678/2620
f 3630/2672/2614 4127/2674/2616 3633/2678/2620 2530/2668/2610
f 2311/2677/2619 3634/2679/2621 4128/2680/2622 3633/2678/2620
f 3634/2679/2621 2039/2515/2457 3551/2513/2455 4128/2680/2622
f 4128/2680/2622 3551/2513/2455 2201/2511/2453 3628/2666/2608
f 3633/2678/2620 4128/2680/2622 3628/2666/2608 2530/2668/2610
f 2202/2527/2469 3557/2526/2468 4129/2681/2623 3636/2682/2624
f 3557/2526/2468 2039/2515/2457 3634/2679/2621 4129/2681/2623
f 4129/2681/2623 3634/2679/2621 2311/2677/2619 3635/2683/2625
f 3636/2682/2624 4129/2681/2623 3635/2683/2625 2531/2684/2626
f 2311/2677/2619 3632/2676/2618 4130/2685/2627 3635/2683/2625
f 3632/2676/2618 2049/2675/2617 3637/2686/2628 4130/2685/2627
f 4130/2685/2627 3637/2686/2628 2212/2687/2629 3638/2688/2630
f 3635/2683/2625 4130/2685/2627 3638/2688/2630 2531/2684/2626
f 2212/2687/2629 3639/2689/2631 4131/2690/2632 3638/2688/2630
f 3639/2689/2631 2050/2691/2633 3640/2692/2634 4131/2690/2632
f 4131/2690/2632 3640/2692/2634 2312/2693/2635 3641/2694/2636
f 3638/2688/2630 4131/2690/2632 3641/2694/2636 2531/2684/2626
f 2312/2693/2635 3642/2695/2637 4132/2696/2638 3641/2694/2636
f 3642/2695/2637 2040/2531/2473 3559/2529/2471 4132/2696/2638
f 4132/2696/2638 3559/2529/2471 2202/2527/2469 3636/2682/2624
f 3641/2694/2636 4132/2696/2638 3636/2682/2624 2531/2684/2626
f 2203/2543/2485 3565/2542/2484 4133/2697/2639 3644/2698/2640
f 3565/2542/2484 2040/2531/2473 3642/2695/2637 4133/2697/2639
f 4133/2697/2639 3642/2695/2637 2312/2693/2635 3643/2699/2641
f 3644/2698/2640 4133/2697/2639 3643/2699/2641 2532/2700/2642
f 2312/2693/2635 3640/2692/2634 4134/2701/2643 3643/2699/2641
f 3640/2692/2634 2050/2691/2633 3645/2702/2644 4134/2701/2643
f 4134/2701/2643 3645/2702/2644 2213/2703/2645 3646/2704/2646
f 3643/2699/2641 4134/2701/2643 3646/2704/2646 2532/2700/2642
f 2213/2703/2645 3647/2705/2647 4135/2706/2648 3646/2704/2646
f 3647/2705/2647 2051/2707/2649 3648/2708/2650 4135/2706/2648
f 4135/2706/2648 3648/2708/2650 2313/2709/2651 3649/2710/2652
f 3646/2704/2646 4135/2706/2648 3649/2710/2652 2532/2700/2642
f 2313/2709/2651 3650/2711/2653 4136/2712/2654 3649/2710/2652
f 3650/2711/2653 2041/2547/2489 3567/2545/2487 4136/2712/2654
f 4136/2712/2654 3567/2545/2487 2203/2543/2485 3644/2698/2640
f 3649/2710/2652 4136/2712/2654 3644/2698/2640 2532/2700/2642
f 2204/2559/2501 3573/2558/2500 4137/2713/2655 3652/2714/2656
f 3573/2558/2500 2041/2547/2489 3650/2711/2653 4137/2713/2655
f 4137/2713/2655 3650/2711/2653 2313/2709/2651 3651/2715/2657
f 3652/2714/2656 4137/2713/2655 3651/2715/2657 2533/2716/2658
f 2313/2709/2651 3648/2708/2650 4138/2717/2659 3651/2715/2657
f 3648/2708/2650 2051/2707/2649 3653/2718/2660 4138/2717/2659
f 4138/2717/2659 3653/2718/2660 2214/2719/2661 3654/2720/2662
f 3651/2715/2657 4138/2717/2659 3654/2720/2662 2533/2716/2658
f 2214/2719/2661 3655/2721/2663 4139/2722/2664 3654/2720/2662
f 3655/2721/2663 2052/2723/2665 3656/2724/2666 4139/2722/2664
f 4139/2722/2664 3656/2724/2666 2314/2725/2667 3657/2726/2668
f 3654/2720/2662 4139/2722/2664 3657/2726/2668 2533/2716/2658
f 2314/2725/2667 3658/2727/2669 4140/2728/2670 3657/2726/2668
f 3658/2727/2669 2042/2563/2505 3575/2561/2503 4140/2728/2670
f 4140/2728/2670 3575/2561/2503 2204/2559/2501 3652/2714/2656
f 3657/2726/2668 4140/2728/2670 3652/2714/2656 2533/2716/2658
f 2195/2575/2517 3581/2574/2516 4141/2729/2671 3660/2730/2672
f 3581/2574/2516 2042/2563/2505 3658/2727/2669 4141/2729/2671
f 4141/2729/2671 3658/2727/2669 2314/2725/2667 3659/2731/2673
f 3660/2730/2672 4141/2729/2671 3659/2731/2673 2534/2732/2674
f 2314/2725/2667 3656/2724/2666 4142/2733/2675 3659/2731/2673
f 3656/2724/2666 2052/2723/2665 3661/2734/2676 4142/2733/2675
f 4142/2733/2675 3661/2734/2676 2205/2735/2677 3662/2736/2678
f 3659/2731/2673 4142/2733/2675 3662/2736/2678 2534/2732/2674
f 2205/2735/2677 3663/2737/2679 4143/2738/2680 3662/2736/2678
f 3663/2737/2679 2043/2589/2531 3588/2587/2529 4143/2738/2680
f 4143/2738/2680 3588/2587/2529 2305/2584/2526 3664/2739/2681
f 3662/2736/2678 4143/2738/2680 3664/2739/2681 2534/2732/2674
f 2305/2584/2526 3585/2583/2525 4144/2740/2682 3664/2739/2681
f 3585/2583/2525 2033/2429/2371 3583/2577/2519 4144/2740/2682
f 4144/2740/2682 3583/2577/2519 2195/2575/2517 3660/2730/2672
f 3664/2739/2681 4144/2740/2682 3660/2730/2672 2534/2732/2674
f 2206/2591/2533 3589/2590/2532 4145/2590/2683 3667/2741/2684
f 3589/2590/2532 2043/2589/2531 3665/2589/2685 4145/2590/2683
f 4145/2590/2683 3665/2589/2685 2315/2589/2686 3666/2590/2687
f 3667/2741/2684 4145/2590/2683 3666/2590/2687 2535/2741/2688
f 2315/2589/2686 3668/2589/2689 4146/2742/2690 3666/2590/2687
f 3668/2589/2689 2053/2589/2691 3669/2590/2692 4146/2742/2690
f 4146/2742/2690 3669/2590/2692 2216/2591/2693 3670/2741/2694
f 3666/2590/2687 4146/2742/2690 3670/2741/2694 2535/2741/2688
f 2216/2591/2693 3671/2593/2695 4147/2593/2696 3670/2741/2694
f 3671/2593/2695 2054/2595/2697 3672/2595/2698 4147/2593/2696
f 4147/2593/2696 3672/2595/2698 2316/2595/2699 3673/2593/2700
f 3670/2741/2694 4147/2593/2696 3673/2593/2700 2535/2741/2688
f 2316/2595/2699 3674/2595/2701 4148/2743/2702 3673/2593/2700
f 3674/2595/2701 2044/2595/2537 3591/2593/2535 4148/2743/2702
f 4148/2743/2702 3591/2593/2535 2206/2591/2533 3667/2741/2684
f 3673/2593/2700 4148/2743/2702 3667/2741/2684 2535/2741/2688
f 2207/2607/2549 3597/2606/2548 4149/2606/2703 3676/2607/2704
f 3597/2606/2548 2044/2595/2537 3674/2595/2701 4149/2606/2703
f 4149/2606/2703 3674/2595/2701 2316/2595/2699 3675/2606/2705
f 3676/2607/2704 4149/2606/2703 3675/2606/2705 2536/2744/2706
f 2316/2595/2699 3672/2595/2698 4150/2606/2707 3675/2606/2705
f 3672/2595/2698 2054/2595/2697 3677/2606/2708 4150/2606/2707
f 4150/2606/2707 3677/2606/2708 2217/2607/2709 3678/2607/2710
f 3675/2606/2705 4150/2606/2707 3678/2607/2710 2536/2744/2706
f 2217/2607/2709 3679/2609/2711 4151/2609/2712 3678/2607/2710
f 3679/2609/2711 2055/2611/2713 3680/2611/2714 4151/2609/2712
f 4151/2609/2712 3680/2611/2714 2317/2611/2715 3681/2609/2716
f 3678/2607/2710 4151/2609/2712 3681/2609/2716 2536/2744/2706
f 2317/2611/2715 3682/2611/2717 4152/2609/2718 3681/2609/2716
f 3682/2611/2717 2045/2611/2553 3599/2609/2551 4152/2609/2718
f 4152/2609/2718 3599/2609/2551 2207/2607/2549 3676/2607/2704
f 3681/2609/2716 4152/2609/2718 3676/2607/2704 2536/2744/2706
f 2208/2623/2565 3605/2622/2564 4153/2622/2719 3684/2745/2720
f 3605/2622/2564 2045/2611/2553 3682/2611/2717 4153/2622/2719
f 4153/2622/2719 3682/2611/2717 2317/2611/2715 3683/2622/2721
f 3684/2745/2720 4153/2622/2719 3683/2622/2721 2537/2745/2722
f 2317/2611/2715 3680/2611/2714 4154/2622/2723 3683/2622/2721
f 3680/2611/2714 2055/2611/2713 3685/2622/2724 4154/2622/2723
f 4154/2622/2723 3685/2622/2724 2218/2623/2725 3686/2745/2726
f 3683/2622/2721 4154/2622/2723 3686/2745/2726 2537/2745/2722
f 2218/2623/2725 3687/2625/2727 4155/2625/2728 3686/2745/2726
f 3687/2625/2727 2056/2627/2729 3688/2627/2730 4155/2625/2728
f 4155/2625/2728 3688/2627/2730 2318/2627/2731 3689/2625/2732
f 3686/2745/2726 4155/2625/2728 3689/2625/2732 2537/2745/2722
f 2318/2627/2731 3690/2627/2733 4156/2625/2734 3689/2625/2732
f 3690/2627/2733 2046/2627/2569 3607/2625/2567 4156/2625/2734
f 4156/2625/2734 3607/2625/2567 2208/2623/2565 3684/2745/2720
f 3689/2625/2732 4156/2625/2734 3684/2745/2720 2537/2745/2722
f 2209/2639/2581 3613/2638/2580 4157/2638/2735 3692/2639/2736
f 3613/2638/2580 2046/2627/2569 3690/2627/2733 4157/2638/2735
f 4157/2638/2735 3690/2627/2733 2318/2627/2731 3691/2638/2737
f 3692/2639/2736 4157/2638/2735 3691/2638/2737 2538/2639/2738
f 2318/2627/2731 3688/2627/2730 4158/2638/2739 3691/2638/2737
f 3688/2627/2730 2056/2627/2729 3693/2638/2740 4158/2638/2739
f 4158/2638/2739 3693/2638/2740 2219/2639/2741 3694/2639/2742
f 3691/2638/2737 4158/2638/2739 3694/2639/2742 2538/2639/2738
f 2219/2639/2741 3695/2641/2743 4159/2641/2744 3694/2639/2742
f 3695/2641/2743 2057/2643/2745 3696/2643/2746 4159/2641/2744
f 4159/2641/2744 3696/2643/2746 2319/2643/2747 3697/2641/2748
f 3694/2639/2742 4159/2641/2744 3697/2641/2748 2538/2639/2738
f 2319/2643/2747 3698/2643/2749 4160/2641/2750 3697/2641/2748
f 3698/2643/2749 2047/2643/2585 3615/2641/2583 4160/2641/2750
f 4160/2641/2750 3615/2641/2583 2209/2639/2581 3692/2639/2736
f 3697/2641/2748 4160/2641/2750 3692/2639/2736 2538/2639/2738
f 2210/2655/2597 3621/2654/2596 4161/2654/2751 3700/2655/2752
f 3621/2654/2596 2047/2643/2585 3698/2643/2749 4161/2654/2751
f 4161/2654/2751 3698/2643/2749 2319/2643/2747 3699/2654/2753
f 3700/2655/2752 4161/2654/2751 3699/2654/2753 2539/2655/2754
f 2319/2643/2747 3696/2643/2746 4162/2746/2755 3699/2654/2753
f 3696/2643/2746 2057/2643/2745 3701/2654/2756 4162/2746/2755
f 4162/2746/2755 3701/2654/2756 2220/2655/2757 3702/2655/2758
f 3699/2654/2753 4162/2746/2755 3702/2655/2758 2539/2655/2754
f 2220/2655/2757 3703/2657/2759 4163/2657/2760 3702/2655/2758
f 3703/2657/2759 2058/2659/2761 3704/2659/2762 4163/2657/2760
f 4163/2657/2760 3704/2659/2762 2320/2659/2763 3705/2657/2764
f 3702/2655/2758 4163/2657/2760 3705/2657/2764 2539/2655/2754
f 2320/2659/2763 3706/2659/2765 4164/2657/2766 3705/2657/2764
f 3706/2659/2765 2048/2659/2601 3623/2657/2599 4164/2657/2766
f 4164/2657/2766 3623/2657/2599 2210/2655/2597 3700/2655/2752
f 3705/2657/2764 4164/2657/2766 3700/2655/2752 2539/2655/2754
f 2211/2671/2613 3629/2670/2612 4165/2670/2767 3708/2671/2768
f 3629/2670/2612 2048/2659/2601 3706/2659/2765 4165/2670/2767
f 4165/2670/2767 3706/2659/2765 2320/2659/2763 3707/2670/2769
f 3708/2671/2768 4165/2670/2767 3707/2670/2769 2540/2747/2770
f 2320/2659/2763 3704/2659/2762 4166/2670/2771 3707/2670/2769
f 3704/2659/2762 2058/2659/2761 3709/2670/2772 4166/2670/2771
f 4166/2670/2771 3709/2670/2772 2221/2671/2773 3710/2671/2774
f 3707/2670/2769 4166/2670/2771 3710/2671/2774 2540/2747/2770
f 2221/2671/2773 3711/2673/2775 4167/2748/2776 3710/2671/2774
f 3711/2673/2775 2059/2675/2777 3712/2675/2778 4167/2748/2776
f 4167/2748/2776 3712/2675/2778 2321/2675/2779 3713/2748/2780
f 3710/2671/2774 4167/2748/2776 3713/2748/2780 2540/2747/2770
f 2321/2675/2779 3714/2675/2781 4168/2748/2782 3713/2748/2780
f 3714/2675/2781 2049/2675/2617 3631/2673/2615 4168/2748/2782
f 4168/2748/2782 3631/2673/2615 2211/2671/2613 3708/2671/2768
f 3713/2748/2780 4168/2748/2782 3708/2671/2768 2540/2747/2770
f 2212/2687/2629 3637/2686/2628 4169/2686/2783 3716/2687/2784
f 3637/2686/2628 2049/2675/2617 3714/2675/2781 4169/2686/2783
f 4169/2686/2783 3714/2675/2781 2321/2675/2779 3715/2686/2785
f 3716/2687/2784 4169/2686/2783 3715/2686/2785 2541/2687/2786
f 2321/2675/2779 3712/2675/2778 4170/2686/2787 3715/2686/2785
f 3712/2675/2778 2059/2675/2777 3717/2686/2788 4170/2686/2787
f 4170/2686/2787 3717/2686/2788 2222/2687/2789 3718/2687/2790
f 3715/2686/2785 4170/2686/2787 3718/2687/2790 2541/2687/2786
f 2222/2687/2789 3719/2689/2791 4171/2689/2792 3718/2687/2790
f 3719/2689/2791 2060/2691/2793 3720/2691/2794 4171/2689/2792
f 4171/2689/2792 3720/2691/2794 2322/2691/2795 3721/2689/2796
f 3718/2687/2790 4171/2689/2792 3721/2689/2796 2541/2687/2786
f 2322/2691/2795 3722/2691/2797 4172/2689/2798 3721/2689/2796
f 3722/2691/2797 2050/2691/2633 3639/2689/2631 4172/2689/2798
f 4172/2689/2798 3639/2689/2631 2212/2687/2629 3716/2687/2784
f 3721/2689/2796 4172/2689/2798 3716/2687/2784 2541/2687/2786
f 2213/2703/2645 3645/2702/2644 4173/2749/2799 3724/2750/2800
f 3645/2702/2644 2050/2691/2633 3722/2691/2797 4173/2749/2799
f 4173/2749/2799 3722/2691/2797 2322/2691/2795 3723/2702/2801
f 3724/2750/2800 4173/2749/2799 3723/2702/2801 2542/2703/2802
f 2322/2691/2795 3720/2691/2794 4174/2749/2803 3723/2702/2801
f 3720/2691/2794 2060/2691/2793 3725/2702/2804 4174/2749/2803
f 4174/2749/2803 3725/2702/2804 2223/2703/2805 3726/2750/2806
f 3723/2702/2801 4174/2749/2803 3726/2750/2806 2542/2703/2802
f 2223/2703/2805 3727/2705/2807 4175/2705/2808 3726/2750/2806
f 3727/2705/2807 2061/2707/2809 3728/2707/2810 4175/2705/2808
f 4175/2705/2808 3728/2707/2810 2323/2707/2811 3729/2705/2812
f 3726/2750/2806 4175/2705/2808 3729/2705/2812 2542/2703/2802
f 2323/2707/2811 3730/2707/2813 4176/2705/2814 3729/2705/2812
f 3730/2707/2813 2051/2707/2649 3647/2705/2647 4176/2705/2814
f 4176/2705/2814 3647/2705/2647 2213/2703/2645 3724/2750/2800
f 3729/2705/2812 4176/2705/2814 3724/2750/2800 2542/2703/2802
f 2214/2719/2661 3653/2718/2660 4177/2718/2815 3732/2751/2816
f 3653/2718/2660 2051/2707/2649 3730/2707/2813 4177/2718/2815
f 4177/2718/2815 3730/2707/2813 2323/2707/2811 3731/2718/2817
f 3732/2751/2816 4177/2718/2815 3731/2718/2817 2543/2751/2818
f 2323/2707/2811 3728/2707/2810 4178/2718/2819 3731/2718/2817
f 3728/2707/2810 2061/2707/2809 3733/2718/2820 4178/2718/2819
f 4178/2718/2819 3733/2718/2820 2224/2719/2821 3734/2751/2822
f 3731/2718/2817 4178/2718/2819 3734/2751/2822 2543/2751/2818
f 2224/2719/2821 3735/2721/2823 4179/2721/2824 3734/2751/2822
f 3735/2721/2823 2062/2723/2825 3736/2723/2826 4179/2721/2824
f 4179/2721/2824 3736/2723/2826 2324/2723/2827 3737/2752/2828
f 3734/2751/2822 4179/2721/2824 3737/2752/2828 2543/2751/2818
f 2324/2723/2827 3738/2723/2829 4180/2752/2830 3737/2752/2828
f 3738/2723/2829 2052/2723/2665 3655/2721/2663 4180/2752/2830
f 4180/2752/2830 3655/2721/2663 2214/2719/2661 3732/2751/2816
f 3737/2752/2828 4180/2752/2830 3732/2751/2816 2543/2751/2818
f 2205/2735/2677 3661/2734/2676 4181/2734/2831 3740/2735/2832
f 3661/2734/2676 2052/2723/2665 3738/2723/2829 4181/2734/2831
f 4181/2734/2831 3738/2723/2829 2324/2723/2827 3739/2734/2833
f 3740/2735/2832 4181/2734/2831 3739/2734/2833 2544/2753/2834
f 2324/2723/2827 3736/2723/2826 4182/2754/2835 3739/2734/2833
f 3736/2723/2826 2062/2723/2825 3741/2734/2836 4182/2754/2835
f 4182/2754/2835 3741/2734/2836 2215/2735/2837 3742/2753/2838
f 3739/2734/2833 4182/2754/2835 3742/2753/2838 2544/2753/2834
f 2215/2735/2837 3743/2737/2839 4183/2737/2840 3742/2753/2838
f 3743/2737/2839 2053/2589/2691 3668/2589/2689 4183/2737/2840
f 4183/2737/2840 3668/2589/2689 2315/2589/2686 3744/2737/2841
f 3742/2753/2838 4183/2737/2840 3744/2737/2841 2544/2753/2834
f 2315/2589/2686 3665/2589/2685 4184/2737/2842 3744/2737/2841
f 3665/2589/2685 2043/2589/2531 3663/2737/2679 4184/2737/2842
f 4184/2737/2842 3663/2737/2679 2205/2735/2677 3740/2735/2832
f 3744/2737/2841 4184/2737/2842 3740/2735/2832 2544/2753/2834
f 2216/2755/2693 3669/2756/2692 4185/2757/2843 3747/2758/2844
f 3669/2756/2692 2053/2759/2691 3745/2760/2845 4185/2757/2843
f 4185/2757/2843 3745/2760/2845 2325/2761/2846 3746/2762/2847
f 3747/2758/2844 4185/2757/2843 3746/2762/2847 2545/2763/2848
f 2325/2761/2846 3748/2764/2849 4186/2765/2850 3746/2762/2847
f 3748/2764/2849 2063/2766/2851 3749/2767/2852 4186/2765/2850
f 4186/2765/2850 3749/2767/2852 2226/2768/2853 3750/2769/2854
f 3746/2762/2847 4186/2765/2850 3750/2769/2854 2545/2763/2848
f 2226/2768/2853 3751/2770/2855 4187/2771/2856 3750/2769/2854
f 3751/2770/2855 2064/2772/2857 3752/2773/2858 4187/2771/2856
f 4187/2771/2856 3752/2773/2858 2326/2774/2859 3753/2775/2860
f 3750/2769/2854 4187/2771/2856 3753/2775/2860 2545/2763/2848
f 2326/2774/2859 3754/2776/2861 4188/2777/2862 3753/2775/2860
f 3754/2776/2861 2054/2778/2697 3671/2779/2695 4188/2777/2862
f 4188/2777/2862 3671/2779/2695 2216/2755/2693 3747/2758/2844
f 3753/2775/2860 4188/2777/2862 3747/2758/2844 2545/2763/2848
f 2217/2780/2709 3677/2781/2708 4189/2782/2863 3756/2783/2864
f 3677/2781/2708 2054/2778/2697 3754/2776/2861 4189/2782/2863
f 4189/2782/2863 3754/2776/2861 2326/2774/2859 3755/2784/2865
f 3756/2783/2864 4189/2782/2863 3755/2784/2865 2546/2785/2866
f 2326/2774/2859 3752/2773/2858 4190/2786/2867 3755/2784/2865
f 3752/2773/2858 2064/2772/2857 3757/2787/2868 4190/2786/2867
f 4190/2786/2867 3757/2787/2868 2227/2788/2869 3758/2789/2870
f 3755/2784/2865 4190/2786/2867 3758/2789/2870 2546/2785/2866
f 2227/2788/2869 3759/2790/2871 4191/2791/2872 3758/2789/2870
f 3759/2790/2871 2065/2792/2873 3760/2793/2874 4191/2791/2872
f 4191/2791/2872 3760/2793/2874 2327/2794/2875 3761/2795/2876
f 3758/2789/2870 4191/2791/2872 3761/2795/2876 2546/2785/2866
f 2327/2794/2875 3762/2796/2877 4192/2797/2878 3761/2795/2876
f 3762/2796/2877 2055/2798/2713 3679/2799/2711 4192/2797/2878
f 4192/2797/2878 3679/2799/2711 2217/2780/2709 3756/2783/2864
f 3761/2795/2876 4192/2797/2878 3756/2783/2864 2546/2785/2866
f 2218/2800/2725 3685/2801/2724 4193/2802/2879 3764/2803/2880
f 3685/2801/2724 2055/2798/2713 3762/2796/2877 4193/2802/2879
f 4193/2802/2879 3762/2796/2877 2327/2794/2875 3763/2804/2881
f 3764/2803/2880 4193/2802/2879 3763/2804/2881 2547/2805/2882
f 2327/2794/2875 3760/2793/2874 4194/2806/2883 3763/2804/2881
f 3760/2793/2874 2065/2792/2873 3765/2807/2884 4194/2806/2883
f 4194/2806/2883 3765/2807/2884 2228/2808/2885 3766/2809/2886
f 3763/2804/2881 4194/2806/2883 3766/2809/2886 2547/2805/2882
f 2228/2808/2885 3767/2810/2887 4195/2811/2888 3766/2809/2886
f 3767/2810/2887 2066/2812/2889 3768/2813/2890 4195/2811/2888
f 4195/2811/2888 3768/2813/2890 2328/2814/2891 3769/2815/2892
f 3766/2809/2886 4195/2811/2888 3769/2815/2892 2547/2805/2882
f 2328/2814/2891 3770/2816/2893 4196/2817/2894 3769/2815/2892
f 3770/2816/2893 2056/2818/2729 3687/2819/2727 4196/2817/2894
f 4196/2817/2894 3687/2819/2727 2218/2800/2725 3764/2803/2880
f 3769/2815/2892 4196/2817/2894 3764/2803/2880 2547/2805/2882
f 2219/2820/2741 3693/2821/2740 4197/2822/2895 3772/2823/2896
f 3693/2821/2740 2056/2818/2729 3770/2816/2893 4197/2822/2895
f 4197/2822/2895 3770/2816/2893 2328/2814/2891 3771/2824/2897
f 3772/2823/2896 4197/2822/2895 3771/2824/2897 2548/2825/2898
f 2328/2814/2891 3768/2813/2890 4198/2826/2899 3771/2824/2897
f 3768/2813/2890 2066/2812/2889 3773/2827/2900 4198/2826/2899
f 4198/2826/2899 3773/2827/2900 2229/2828/2901 3774/2829/2902
f 3771/2824/2897 4198/2826/2899 3774/2829/2902 2548/2825/2898
f 2229/2828/2901 3775/2830/2903 4199/2831/2904 3774/2829/2902
f 3775/2830/2903 2067/2832/2905 3776/2833/2906 4199/2831/2904
f 4199/2831/2904 3776/2833/2906 2329/2834/2907 3777/2835/2908
f 3774/2829/2902 4199/2831/2904 3777/2835/2908 2548/2825/2898
f 2329/2834/2907 3778/2836/2909 4200/2837/2910 3777/2835/2908
f 3778/2836/2909 2057/2838/2745 3695/2839/2743 4200/2837/2910
f 4200/2837/2910 3695/2839/2743 2219/2820/2741 3772/2823/2896
f 3777/2835/2908 4200/2837/2910 3772/2823/2896 2548/2825/2898
f 2220/2840/2757 3701/2841/2756 4201/2842/2911 3780/2843/2912
f 3701/2841/2756 2057/2838/2745 3778/2836/2909 4201/2842/2911
f 4201/2842/2911 3778/2836/2909 2329/2834/2907 3779/2844/2913
f 3780/2843/2912 4201/2842/2911 3779/2844/2913 2549/2845/2914
f 2329/2834/2907 3776/2833/2906 4202/2846/2915 3779/2844/2913
f 3776/2833/2906 2067/2832/2905 3781/2847/2916 4202/2846/2915
f 4202/2846/2915 3781/2847/2916 2230/2848/2917 3782/2849/2918
f 3779/2844/2913 4202/2846/2915 3782/2849/2918 2549/2845/2914
f 2230/2848/2917 3783/2850/2919 4203/2851/2920 3782/2849/2918
f 3783/2850/2919 2068/2852/2921 3784/2853/2922 4203/2851/2920
f 4203/2851/2920 3784/2853/2922 2330/2854/2923 3785/2855/2924
f 3782/2849/2918 4203/2851/2920 3785/2855/2924 2549/2845/2914
f 2330/2854/2923 3786/2856/2925 4204/2857/2926 3785/2855/2924
f 3786/2856/2925 2058/2858/2761 3703/2859/2759 4204/2857/2926
f 4204/2857/2926 3703/2859/2759 2220/2840/2757 3780/2843/2912
f 3785/2855/2924 4204/2857/2926 3780/2843/2912 2549/2845/2914
f 2221/2860/2773 3709/2861/2772 4205/2862/2927 3788/2863/2928
f 3709/2861/2772 2058/2858/2761 3786/2856/2925 4205/2862/2927
f 4205/2862/2927 3786/2856/2925 2330/2854/2923 3787/2864/2929
f 3788/2863/2928 4205/2862/2927 3787/2864/2929 2550/2865/2930
f 2330/2854/2923 3784/2853/2922 4206/2866/2931 3787/2864/2929
f 3784/2853/2922 2068/2852/2921 3789/2867/2932 4206/2866/2931
f 4206/2866/2931 3789/2867/2932 2231/2868/2933 3790/2869/2934
f 3787/2864/2929 4206/2866/2931 3790/2869/2934 2550/2865/2930
f 2231/2868/2933 3791/2870/2935 4207/2871/2936 3790/2869/2934
f 3791/2870/2935 2069/2872/2937 3792/2873/2938 4207/2871/2936
f 4207/2871/2936 3792/2873/2938 2331/2874/2939 3793/2875/2940
f 3790/2869/2934 4207/2871/2936 3793/2875/2940 2550/2865/2930
f 2331/2874/2939 3794/2876/2941 4208/2877/2942 3793/2875/2940
f 3794/2876/2941 2059/2878/2777 3711/2879/2775 4208/2877/2942
f 4208/2877/2942 3711/2879/2775 2221/2860/2773 3788/2863/2928
f 3793/2875/2940 4208/2877/2942 3788/2863/2928 2550/2865/2930
f 2222/2880/2789 3717/2881/2788 4209/2882/2943 3796/2883/2944
f 3717/2881/2788 2059/2878/2777 3794/2876/2941 4209/2882/2943
f 4209/2882/2943 3794/2876/2941 2331/2874/2939 3795/2884/2945
f 3796/2883/2944 4209/2882/2943 3795/2884/2945 2551/2885/2946
f 2331/2874/2939 3792/2873/2938 4210/2886/2947 3795/2884/2945
f 3792/2873/2938 2069/2872/2937 3797/2887/2948 4210/2886/2947
f 4210/2886/2947 3797/2887/2948 2232/2888/2949 3798/2889/2950
f 3795/2884/2945 4210/2886/2947 3798/2889/2950 2551/2885/2946
f 2232/2888/2949 3799/2890/2951 4211/2891/2952 3798/2889/2950
f 3799/2890/2951 2070/2892/2953 3800/2893/2954 4211/2891/2952
f 4211/2891/2952 3800/2893/2954 2332/2894/2955 3801/2895/2956
f 3798/2889/2950 4211/2891/2952 3801/2895/2956 2551/2885/2946
f 2332/2894/2955 3802/2896/2957 4212/2897/2958 3801/2895/2956
f 3802/2896/2957 2060/2898/2793 3719/2899/2791 4212/2897/2958
f 4212/2897/2958 3719/2899/2791 2222/2880/2789 3796/2883/2944
f 3801/2895/2956 4212/2897/2958 3796/2883/2944 2551/2885/2946
f 2223/2900/2805 3725/2901/2804 4213/2902/2959 3804/2903/2960
f 3725/2901/2804 2060/2898/2793 3802/2896/2957 4213/2902/2959
f 4213/2902/2959 3802/2896/2957 2332/2894/2955 3803/2904/2961
f 3804/2903/2960 4213/2902/2959 3803/2904/2961 2552/2905/2962
f 2332/2894/2955 3800/2893/2954 4214/2906/2963 3803/2904/2961
f 3800/2893/2954 2070/2892/2953 3805/2907/2964 4214/2906/2963
f 4214/2906/2963 3805/2907/2964 2233/2908/2965 3806/2909/2966
f 3803/2904/2961 4214/2906/2963 3806/2909/2966 2552/2905/2962
f 2233/2908/2965 3807/2910/2967 4215/2911/2968 3806/2909/2966
f 3807/2910/2967 2071/2912/2969 3808/2913/2970 4215/2911/2968
f 4215/2911/2968 3808/2913/2970 2333/2914/2971 3809/2915/2972
f 3806/2909/2966 4215/2911/2968 3809/2915/2972 2552/2905/2962
f 2333/2914/2971 3810/2916/2973 4216/2917/2974 3809/2915/2972
f 3810/2916/2973 2061/2918/2809 3727/2919/2807 4216/2917/2974
f 4216/2917/2974 3727/2919/2807 2223/2900/2805 3804/2903/2960
f 3809/2915/2972 4216/2917/2974 3804/2903/2960 2552/2905/2962
f 2224/2920/2821 3733/2921/2820 4217/2922/2975 3812/2923/2976
f 3733/2921/2820 2061/2918/2809 3810/2916/2973 4217/2922/2975
f 4217/2922/2975 3810/2916/2973 2333/2914/2971 3811/2924/2977
f 3812/2923/2976 4217/2922/2975 3811/2924/2977 2553/2925/2978
f 2333/2914/2971 3808/2913/2970 4218/2926/2979 3811/2924/2977
f 3808/2913/2970 2071/2912/2969 3813/2927/2980 4218/2926/2979
f 4218/2926/2979 3813/2927/2980 2234/2928/2981 3814/2929/2982
f 3811/2924/2977 4218/2926/2979 3814/2929/2982 2553/2925/2978
f 2234/2928/2981 3815/2930/2983 4219/2931/2984 3814/2929/2982
f 3815/2930/2983 2072/2932/2985 3816/2933/2986 4219/2931/2984
f 4219/2931/2984 3816/2933/2986 2334/2934/2987 3817/2935/2988
f 3814/2929/2982 4219/2931/2984 3817/2935/2988 2553/2925/2978
f 2334/2934/2987 3818/2936/2989 4220/2937/2990 3817/2935/2988
f 3818/2936/2989 2062/2938/2825 3735/2939/2823 4220/2937/2990
f 4220/2937/2990 3735/2939/2823 2224/2920/2821 3812/2923/2976
f 3817/2935/2988 4220/2937/2990 3812/2923/2976 2553/2925/2978
f 2215/2940/2837 3741/2941/2836 4221/2942/2991 3820/2943/2992
f 3741/2941/2836 2062/2938/2825 3818/2936/2989 4221/2942/2991
f 4221/2942/2991 3818/2936/2989 2334/2934/2987 3819/2944/2993
f 3820/2943/2992 4221/2942/2991 3819/2944/2993 2554/2945/2994
f 2334/2934/2987 3816/2933/2986 4222/2946/2995 3819/2944/2993
f 3816/2933/2986 2072/2932/2985 3821/2947/2996 4222/2946/2995
f 4222/2946/2995 3821/2947/2996 2225/2948/2997 3822/2949/2998
f 3819/2944/2993 4222/2946/2995 3822/2949/2998 2554/2945/2994
f 2225/2948/2997 3823/2950/2999 4223/2951/3000 3822/2949/2998
f 3823/2950/2999 2063/2766/2851 3748/2764/2849 4223/2951/3000
f 4223/2951/3000 3748/2764/2849 2325/2761/2846 3824/2952/3001
f 3822/2949/2998 4223/2951/3000 3824/2952/3001 2554/2945/2994
f 2325/2761/2846 3745/2760/2845 4224/2953/3002 3824/2952/3001
f 3745/2760/2845 2053/2759/2691 3743/2954/2839 4224/2953/3002
f 4224/2953/3002 3743/2954/2839 2215/2940/2837 3820/2943/2992
f 3824/2952/3001 4224/2953/3002 3820/2943/2992 2554/2945/2994
f 2226/2768/2853 3749/2767/2852 4225/2955/3003 3827/2956/3004
f 3749/2767/2852 2063/2766/2851 3825/2957/3005 4225/2955/3003
f 4225/2955/3003 3825/2957/3005 2335/2958/3006 3826/2959/3007
f 3827/2956/3004 4225/2955/3003 3826/2959/3007 2555/2960/3008
f 2335/2958/3006 3828/2961/3009 4226/2962/3010 3826/2959/3007
f 3828/2961/3009 2163/2963/3011 3829/2964/3012 4226/2962/3010
f 4226/2962/3010 3829/2964/3012 2491/2965/3013 3830/2966/3014
f 3826/2959/3007 4226/2962/3010 3830/2966/3014 2555/2960/3008
f 2491/2965/3013 3831/2967/3015 4227/2968/3016 3830/2966/3014
f 3831/2967/3015 2162/2969/3017 3832/2970/3018 4227/2968/3016
f 4227/2968/3016 3832/2970/3018 2336/2971/3019 3833/2972/3020
f 3830/2966/3014 4227/2968/3016 3833/2972/3020 2555/2960/3008
f 2336/2971/3019 3834/2973/3021 4228/2974/3022 3833/2972/3020
f 3834/2973/3021 2064/2772/2857 3751/2770/2855 4228/2974/3022
f 4228/2974/3022 3751/2770/2855 2226/2768/2853 3827/2956/3004
f 3833/2972/3020 4228/2974/3022 3827/2956/3004 2555/2960/3008
f 2227/2788/2869 3757/2787/2868 4229/2975/3023 3836/2976/3024
f 3757/2787/2868 2064/2772/2857 3834/2973/3021 4229/2975/3023
f 4229/2975/3023 3834/2973/3021 2336/2971/3019 3835/2977/3025
f 3836/2976/3024 4229/2975/3023 3835/2977/3025 2556/2978/3026
f 2336/2971/3019 3832/2970/3018 4230/2979/3027 3835/2977/3025
f 3832/2970/3018 2162/2969/3017 3837/2980/3028 4230/2979/3027
f 4230/2979/3027 3837/2980/3028 2489/2981/3029 3838/2982/3030
f 3835/2977/3025 4230/2979/3027 3838/2982/3030 2556/2978/3026
f 2489/2981/3029 3839/2983/3031 4231/2984/3032 3838/2982/3030
f 3839/2983/3031 2161/2985/3033 3840/2986/3034 4231/2984/3032
f 4231/2984/3032 3840/2986/3034 2337/2987/3035 3841/2988/3036
f 3838/2982/3030 4231/2984/3032 3841/2988/3036 2556/2978/3026
f 2337/2987/3035 3842/2989/3037 4232/2990/3038 3841/2988/3036
f 3842/2989/3037 2065/2792/2873 3759/2790/2871 4232/2990/3038
f 4232/2990/3038 3759/2790/2871 2227/2788/2869 3836/2976/3024
f 3841/2988/3036 4232/2990/3038 3836/2976/3024 2556/2978/3026
f 2228/2808/2885 3765/2807/2884 4233/2991/3039 3844/2992/3040
f 3765/2807/2884 2065/2792/2873 3842/2989/3037 4233/2991/3039
f 4233/2991/3039 3842/2989/3037 2337/2987/3035 3843/2993/3041
f 3844/2992/3040 4233/2991/3039 3843/2993/3041 2557/2994/3042
f 2337/2987/3035 3840/2986/3034 4234/2995/3043 3843/2993/3041
f 3840/2986/3034 2161/2985/3033 3845/2996/3044 4234/2995/3043
f 4234/2995/3043 3845/2996/3044 2487/2997/3045 3846/2998/3046
f 3843/2993/3041 4234/2995/3043 3846/2998/3046 2557/2994/3042
f 2487/2997/3045 3847/2999/3047 4235/3000/3048 3846/2998/3046
f 3847/2999/3047 2160/3001/3049 3848/3002/3050 4235/3000/3048
f 4235/3000/3048 3848/3002/3050 2338/3003/3051 3849/3004/3052
f 3846/2998/3046 4235/3000/3048 3849/3004/3052 2557/2994/3042
f 2338/3003/3051 3850/3005/3053 4236/3006/3054 3849/3004/3052
f 3850/3005/3053 2066/2812/2889 3767/2810/2887 4236/3006/3054
f 4236/3006/3054 3767/2810/2887 2228/2808/2885 3844/2992/3040
f 3849/3004/3052 4236/3006/3054 3844/2992/3040 2557/2994/3042
f 2229/2828/2901 3773/2827/2900 4237/3007/3055 3852/3008/3056
f 3773/2827/2900 2066/2812/2889 3850/3005/3053 4237/3007/3055
f 4237/3007/3055 3850/3005/3053 2338/3003/3051 3851/3009/3057
f 3852/3008/3056 4237/3007/3055 3851/3009/3057 2558/3010/3058
f 2338/3003/3051 3848/3002/3050 4238/3011/3059 3851/3009/3057
f 3848/3002/3050 2160/3001/3049 3853/3012/3060 4238/3011/3059
f 4238/3011/3059 3853/3012/3060 2485/3013/3061 3854/3014/3062
f 3851/3009/3057 4238/3011/3059 3854/3014/3062 2558/3010/3058
f 2485/3013/3061 3855/3015/3063 4239/3016/3064 3854/3014/3062
f 3855/3015/3063 2159/3017/3065 3856/3018/3066 4239/3016/3064
f 4239/3016/3064 3856/3018/3066 2339/3019/3067 3857/3020/3068
f 3854/3014/3062 4239/3016/3064 3857/3020/3068 2558/3010/3058
f 2339/3019/3067 3858/3021/3069 4240/3022/3070 3857/3020/3068
f 3858/3021/3069 2067/2832/2905 3775/2830/2903 4240/3022/3070
f 4240/3022/3070 3775/2830/2903 2229/2828/2901 3852/3008/3056
f 3857/3020/3068 4240/3022/3070 3852/3008/3056 2558/3010/3058
f 2230/2848/2917 3781/2847/2916 4241/3023/3071 3860/3024/3072
f 3781/2847/2916 2067/2832/2905 3858/3021/3069 4241/3023/3071
f 4241/3023/3071 3858/3021/3069 2339/3019/3067 3859/3025/3073
f 3860/3024/3072 4241/3023/3071 3859/3025/3073 2559/3026/3074
f 2339/3019/3067 3856/3018/3066 4242/3027/3075 3859/3025/3073
f 3856/3018/3066 2159/3017/3065 3861/3028/3076 4242/3027/3075
f 4242/3027/3075 3861/3028/3076 2483/3029/3077 3862/3030/3078
f 3859/3025/3073 4242/3027/3075 3862/3030/3078 2559/3026/3074
f 2483/3029/3077 3863/3031/3079 4243/3032/3080 3862/3030/3078
f 3863/3031/3079 2158/3033/3081 3864/3034/3082 4243/3032/3080
f 4243/3032/3080 3864/3034/3082 2340/3035/3083 3865/3036/3084
f 3862/3030/3078 4243/3032/3080 3865/3036/3084 2559/3026/3074
f 2340/3035/3083 3866/3037/3085 4244/3038/3086 3865/3036/3084
f 3866/3037/3085 2068/2852/2921 3783/2850/2919 4244/3038/3086
f 4244/3038/3086 3783/2850/2919 2230/2848/2917 3860/3024/3072
f 3865/3036/3084 4244/3038/3086 3860/3024/3072 2559/3026/3074
f 2231/2868/2933 3789/2867/2932 4245/3039/3087 3868/3040/3088
f 3789/2867/2932 2068/2852/2921 3866/3037/3085 4245/3039/3087
f 4245/3039/3087 3866/3037/3085 2340/3035/3083 3867/3041/3089
f 3868/3040/3088 4245/3039/3087 3867/3041/3089 2560/3042/3090
f 2340/3035/3083 3864/3034/3082 4246/3043/3091 3867/3041/3089
f 3864/3034/3082 2158/3033/3081 3869/3044/3092 4246/3043/3091
f 4246/3043/3091 3869/3044/3092 2481/3045/3093 3870/3046/3094
f 3867/3041/3089 4246/3043/3091 3870/3046/3094 2560/3042/3090
f 2481/3045/3093 3871/3047/3095 4247/3048/3096 3870/3046/3094
f 3871/3047/3095 2157/3049/3097 3872/3050/3098 4247/3048/3096
f 4247/3048/3096 3872/3050/3098 2341/3051/3099 3873/3052/3100
f 3870/3046/3094 4247/3048/3096 3873/3052/3100 2560/3042/3090
f 2341/3051/3099 3874/3053/3101 4248/3054/3102 3873/3052/3100
f 3874/3053/3101 2069/2872/2937 3791/2870/2935 4248/3054/3102
f 4248/3054/3102 3791/2870/2935 2231/2868/2933 3868/3040/3088
f 3873/3052/3100 4248/3054/3102 3868/3040/3088 2560/3042/3090
f 2232/2888/2949 3797/2887/2948 4249/3055/3103 3876/3056/3104
f 3797/2887/2948 2069/2872/2937 3874/3053/3101 4249/3055/3103
f 4249/3055/3103 3874/3053/3101 2341/3051/3099 3875/3057/3105
f 3876/3056/3104 4249/3055/3103 3875/3057/3105 2561/3058/3106
f 2341/3051/3099 3872/3050/3098 4250/3059/3107 3875/3057/3105
f 3872/3050/3098 2157/3049/3097 3877/3060/3108 4250/3059/3107
f 4250/3059/3107 3877/3060/3108 2479/3061/3109 3878/3062/3110
f 3875/3057/3105 4250/3059/3107 3878/3062/3110 2561/3058/3106
f 2479/3061/3109 3879/3063/3111 4251/3064/3112 3878/3062/3110
f 3879/3063/3111 2156/3065/3113 3880/3066/3114 4251/3064/3112
f 4251/3064/3112 3880/3066/3114 2342/3067/3115 3881/3068/3116
f 3878/3062/3110 4251/3064/3112 3881/3068/3116 2561/3058/3106
f 2342/3067/3115 3882/3069/3117 4252/3070/3118 3881/3068/3116
f 3882/3069/3117 2070/2892/2953 3799/2890/2951 4252/3070/3118
f 4252/3070/3118 3799/2890/2951 2232/2888/2949 3876/3056/3104
f 3881/3068/3116 4252/3070/3118 3876/3056/3104 2561/3058/3106
f 2233/2908/2965 3805/2907/2964 4253/3071/3119 3884/3072/3120
f 3805/2907/2964 2070/2892/2953 3882/3069/3117 4253/3071/3119
f 4253/3071/3119 3882/3069/3117 2342/3067/3115 3883/3073/3121
f 3884/3072/3120 4253/3071/3119 3883/3073/3121 2562/3074/3122
f 2342/3067/3115 3880/3066/3114 4254/3075/3123 3883/3073/3121
f 3880/3066/3114 2156/3065/3113 3885/3076/3124 4254/3075/3123
f 4254/3075/3123 3885/3076/3124 2477/3077/3125 3886/3078/3126
f 3883/3073/3121 4254/3075/3123 3886/3078/3126 2562/3074/3122
f 2477/3077/3125 3887/3079/3127 4255/3080/3128 3886/3078/3126
f 3887/3079/3127 2155/3081/3129 3888/3082/3130 4255/3080/3128
f 4255/3080/3128 3888/3082/3130 2343/3083/3131 3889/3084/3132
f 3886/3078/3126 4255/3080/3128 3889/3084/3132 2562/3074/3122
f 2343/3083/3131 3890/3085/3133 4256/3086/3134 3889/3084/3132
f 3890/3085/3133 2071/2912/2969 3807/2910/2967 4256/3086/3134
f 4256/3086/3134 3807/2910/2967 2233/2908/2965 3884/3072/3120
f 3889/3084/3132 4256/3086/3134 3884/3072/3120 2562/3074/3122
f 2234/2928/2981 3813/2927/2980 4257/3087/3135 3892/3088/3136
f 3813/2927/2980 2071/2912/2969 3890/3085/3133 4257/3087/3135
f 4257/3087/3135 3890/3085/3133 2343/3083/3131 3891/3089/3137
f 3892/3088/3136 4257/3087/3135 3891/3089/3137 2563/3090/3138
f 2343/3083/3131 3888/3082/3130 4258/3091/3139 3891/3089/3137
f 3888/3082/3130 2155/3081/3129 3893/3092/3140 4258/3091/3139
f 4258/3091/3139 3893/3092/3140 2494/3093/3141 3894/3094/3142
f 3891/3089/3137 4258/3091/3139 3894/3094/3142 2563/3090/3138
f 2494/3093/3141 3895/3095/3143 4259/3096/3144 3894/3094/3142
f 3895/3095/3143 2164/3097/3145 3896/3098/3146 4259/3096/3144
f 4259/3096/3144 3896/3098/3146 2344/3099/3147 3897/3100/3148
f 3894/3094/3142 4259/3096/3144 3897/3100/3148 2563/3090/3138
f 2344/3099/3147 3898/3101/3149 4260/3102/3150 3897/3100/3148
f 3898/3101/3149 2072/2932/2985 3815/2930/2983 4260/3102/3150
f 4260/3102/3150 3815/2930/2983 2234/2928/2981 3892/3088/3136
f 3897/3100/3148 4260/3102/3150 3892/3088/3136 2563/3090/3138
f 2225/2948/2997 3821/2947/2996 4261/3103/3151 3900/3104/3152
f 3821/2947/2996 2072/2932/2985 3898/3101/3149 4261/3103/3151
f 4261/3103/3151 3898/3101/3149 2344/3099/3147 3899/3105/3153
f 3900/3104/3152 4261/3103/3151 3899/3105/3153 2564/3106/3154
f 2344/3099/3147 3896/3098/3146 4262/3107/3155 3899/3105/3153
f 3896/3098/3146 2164/3097/3145 3901/3108/3156 4262/3107/3155
f 4262/3107/3155 3901/3108/3156 2493/3109/3157 3902/3110/3158
f 3899/3105/3153 4262/3107/3155 3902/3110/3158 2564/3106/3154
f 2493/3109/3157 3903/3111/3159 4263/3112/3160 3902/3110/3158
f 3903/3111/3159 2163/2963/3011 3828/2961/3009 4263/3112/3160
f 4263/3112/3160 3828/2961/3009 2335/2958/3006 3904/3113/3161
f 3902/3110/3158 4263/3112/3160 3904/3113/3161 2564/3106/3154
f 2335/2958/3006 3825/2957/3005 4264/3114/3162 3904/3113/3161
f 3825/2957/3005 2063/2766/2851 3823/2950/2999 4264/3114/3162
f 4264/3114/3162 3823/2950/2999 2225/2948/2997 3900/3104/3152
f 3904/3113/3161 4264/3114/3162 3900/3104/3152 2564/3106/3154
f 2488/3115/3163 3905/3116/3164 4265/3117/3165 3907/3118/3166
f 3905/3116/3164 2162/2969/3017 3831/2967/3015 4265/3117/3165
f 4265/3117/3165 3831/2967/3015 2491/2965/3013 3906/3119/3167
f 3907/3118/3166 4265/3117/3165 3906/3119/3167 2565/3120/3168
f 2491/2965/3013 3829/2964/3012 4266/3121/3169 3906/3119/3167
f 3829/2964/3012 2163/2963/3011 3908/3122/3170 4266/3121/3169
f 4266/3121/3169 3908/3122/3170 2490/3123/3171 3909/3124/3172
f 3906/3119/3167 4266/3121/3169 3909/3124/3172 2565/3120/3168
f 2490/3123/3171 3910/3125/3173 4267/3126/3174 3909/3124/3172
f 3910/3125/3173 2073/3127/3175 3911/3128/3176 4267/3126/3174
f 4267/3126/3174 3911/3128/3176 2236/3129/3177 3912/3130/3178
f 3909/3124/3172 4267/3126/3174 3912/3130/3178 2565/3120/3168
f 2236/3129/3177 3913/3131/3179 4268/3132/3180 3912/3130/3178
f 3913/3131/3179 2074/3133/3181 3914/3134/3182 4268/3132/3180
f 4268/3132/3180 3914/3134/3182 2488/3115/3163 3907/3118/3166
f 3912/3130/3178 4268/3132/3180 3907/3118/3166 2565/3120/3168
f 2486/3135/3183 3915/3136/3184 4269/3137/3185 3917/3138/3186
f 3915/3136/3184 2161/2985/3033 3839/2983/3031 4269/3137/3185
f 4269/3137/3185 3839/2983/3031 2489/2981/3029 3916/3139/3187
f 3917/3138/3186 4269/3137/3185 3916/3139/3187 2566/3140/3188
f 2489/2981/3029 3837/2980/3028 4270/3141/3189 3916/3139/3187
f 3837/2980/3028 2162/2969/3017 3905/3116/3164 4270/3141/3189
f 4270/3141/3189 3905/3116/3164 2488/3115/3163 3918/3142/3190
f 3916/3139/3187 4270/3141/3189 3918/3142/3190 2566/3140/3188
f 2488/3115/3163 3914/3134/3182 4271/3143/3191 3918/3142/3190
f 3914/3134/3182 2074/3133/3181 3919/3144/3192 4271/3143/3191
f 4271/3143/3191 3919/3144/3192 2237/3145/3193 3920/3146/3194
f 3918/3142/3190 4271/3143/3191 3920/3146/3194 2566/3140/3188
f 2237/3145/3193 3921/3147/3195 4272/3148/3196 3920/3146/3194
f 3921/3147/3195 2075/3149/3197 3922/3150/3198 4272/3148/3196
f 4272/3148/3196 3922/3150/3198 2486/3135/3183 3917/3138/3186
f 3920/3146/3194 4272/3148/3196 3917/3138/3186 2566/3140/3188
f 2484/3151/3199 3923/3152/3200 4273/3153/3201 3925/3154/3202
f 3923/3152/3200 2160/3001/3049 3847/2999/3047 4273/3153/3201
f 4273/3153/3201 3847/2999/3047 2487/2997/3045 3924/3155/3203
f 3925/3154/3202 4273/3153/3201 3924/3155/3203 2567/3156/3204
f 2487/2997/3045 3845/2996/3044 4274/3157/3205 3924/3155/3203
f 3845/2996/3044 2161/2985/3033 3915/3136/3184 4274/3157/3205
f 4274/3157/3205 3915/3136/3184 2486/3135/3183 3926/3158/3206
f 3924/3155/3203 4274/3157/3205 3926/3158/3206 2567/3156/3204
f 2486/3135/3183 3922/3150/3198 4275/3159/3207 3926/3158/3206
f 3922/3150/3198 2075/3149/3197 3927/3160/3208 4275/3159/3207
f 4275/3159/3207 3927/3160/3208 2238/3161/3209 3928/3162/3210
f 3926/3158/3206 4275/3159/3207 3928/3162/3210 2567/3156/3204
f 2238/3161/3209 3929/3163/3211 4276/3164/3212 3928/3162/3210
f 3929/3163/3211 2076/3165/3213 3930/3166/3214 4276/3164/3212
f 4276/3164/3212 3930/3166/3214 2484/3151/3199 3925/3154/3202
f 3928/3162/3210 4276/3164/3212 3925/3154/3202 2567/3156/3204
f 2482/3167/3215 3931/3168/3216 4277/3169/3217 3933/3170/3218
f 3931/3168/3216 2159/3017/3065 3855/3015/3063 4277/3169/3217
f 4277/3169/3217 3855/3015/3063 2485/3013/3061 3932/3171/3219
f 3933/3170/3218 4277/3169/3217 3932/3171/3219 2568/3172/3220
f 2485/3013/3061 3853/3012/3060 4278/3173/3221 3932/3171/3219
f 3853/3012/3060 2160/3001/3049 3923/3152/3200 4278/3173/3221
f 4278/3173/3221 3923/3152/3200 2484/3151/3199 3934/3174/3222
f 3932/3171/3219 4278/3173/3221 3934/3174/3222 2568/3172/3220
f 2484/3151/3199 3930/3166/3214 4279/3175/3223 3934/3174/3222
f 3930/3166/3214 2076/3165/3213 3935/3176/3224 4279/3175/3223
f 4279/3175/3223 3935/3176/3224 2239/3177/3225 3936/3178/3226
f 3934/3174/3222 4279/3175/3223 3936/3178/3226 2568/3172/3220
f 2239/3177/3225 3937/3179/3227 4280/3180/3228 3936/3178/3226
f 3937/3179/3227 2077/3181/3229 3938/3182/3230 4280/3180/3228
f 4280/3180/3228 3938/3182/3230 2482/3167/3215 3933/3170/3218
f 3936/3178/3226 4280/3180/3228 3933/3170/3218 2568/3172/3220
f 2480/3183/3231 3939/3184/3232 4281/3185/3233 3941/3186/3234
f 3939/3184/3232 2158/3033/3081 3863/3031/3079 4281/3185/3233
f 4281/3185/3233 3863/3031/3079 2483/3029/3077 3940/3187/3235
f 3941/3186/3234 4281/3185/3233 3940/3187/3235 2569/3188/3236
f 2483/3029/3077 3861/3028/3076 4282/3189/3237 3940/3187/3235
f 3861/3028/3076 2159/3017/3065 3931/3168/3216 4282/3189/3237
f 4282/3189/3237 3931/3168/3216 2482/3167/3215 3942/3190/3238
f 3940/3187/3235 4282/3189/3237 3942/3190/3238 2569/3188/3236
f 2482/3167/3215 3938/3182/3230 4283/3191/3239 3942/3190/3238
f 3938/3182/3230 2077/3181/3229 3943/3192/3240 4283/3191/3239
f 4283/3191/3239 3943/3192/3240 2240/3193/3241 3944/3194/3242
f 3942/3190/3238 4283/3191/3239 3944/3194/3242 2569/3188/3236
f 2240/3193/3241 3945/3195/3243 4284/3196/3244 3944/3194/3242
f 3945/3195/3243 2078/3197/3245 3946/3198/3246 4284/3196/3244
f 4284/3196/3244 3946/3198/3246 2480/3183/3231 3941/3186/3234
f 3944/3194/3242 4284/3196/3244 3941/3186/3234 2569/3188/3236
f 2478/3199/3247 3947/3200/3248 4285/3201/3249 3949/3202/3250
f 3947/3200/3248 2157/3049/3097 3871/3047/3095 4285/3201/3249
f 4285/3201/3249 3871/3047/3095 2481/3045/3093 3948/3203/3251
f 3949/3202/3250 4285/3201/3249 3948/3203/3251 2570/3204/3252
f 2481/3045/3093 3869/3044/3092 4286/3205/3253 3948/3203/3251
f 3869/3044/3092 2158/3033/3081 3939/3184/3232 4286/3205/3253
f 4286/3205/3253 3939/3184/3232 2480/3183/3231 3950/3206/3254
f 3948/3203/3251 4286/3205/3253 3950/3206/3254 2570/3204/3252
f 2480/3183/3231 3946/3198/3246 4287/3207/3255 3950/3206/3254
f 3946/3198/3246 2078/3197/3245 3951/3208/3256 4287/3207/3255
f 4287/3207/3255 3951/3208/3256 2241/3209/3257 3952/3210/3258
f 3950/3206/3254 4287/3207/3255 3952/3210/3258 2570/3204/3252
f 2241/3209/3257 3953/3211/3259 4288/3212/3260 3952/3210/3258
f 3953/3211/3259 2079/3213/3261 3954/3214/3262 4288/3212/3260
f 4288/3212/3260 3954/3214/3262 2478/3199/3247 3949/3202/3250
f 3952/3210/3258 4288/3212/3260 3949/3202/3250 2570/3204/3252
f 2476/3215/3263 3955/3216/3264 4289/3217/3265 3957/3218/3266
f 3955/3216/3264 2156/3065/3113 3879/3063/3111 4289/3217/3265
f 4289/3217/3265 3879/3063/3111 2479/3061/3109 3956/3219/3267
f 3957/3218/3266 4289/3217/3265 3956/3219/3267 2571/3220/3268
f 2479/3061/3109 3877/3060/3108 4290/3221/3269 3956/3219/3267
f 3877/3060/3108 2157/3049/3097 3947/3200/3248 4290/3221/3269
f 4290/3221/3269 3947/3200/3248 2478/3199/3247 3958/3222/3270
f 3956/3219/3267 4290/3221/3269 3958/3222/3270 2571/3220/3268
f 2478/3199/3247 3954/3214/3262 4291/3223/3271 3958/3222/3270
f 3954/3214/3262 2079/3213/3261 3959/3224/3272 4291/3223/3271
f 4291/3223/3271 3959/3224/3272 2242/3225/3273 3960/3226/3274
f 3958/3222/3270 4291/3223/3271 3960/3226/3274 2571/3220/3268
f 2242/3225/3273 3961/3227/3275 4292/3228/3276 3960/3226/3274
f 3961/3227/3275 2080/3229/3277 3962/3230/3278 4292/3228/3276
f 4292/3228/3276 3962/3230/3278 2476/3215/3263 3957/3218/3266
f 3960/3226/3274 4292/3228/3276 3957/3218/3266 2571/3220/3268
f 2475/3231/3279 3963/3232/3280 4293/3233/3281 3965/3234/3282
f 3963/3232/3280 2155/3081/3129 3887/3079/3127 4293/3233/3281
f 4293/3233/3281 3887/3079/3127 2477/3077/3125 3964/3235/3283
f 3965/3234/3282 4293/3233/3281 3964/3235/3283 2572/3236/3284
f 2477/3077/3125 3885/3076/3124 4294/3237/3285 3964/3235/3283
f 3885/3076/3124 2156/3065/3113 3955/3216/3264 4294/3237/3285
f 4294/3237/3285 3955/3216/3264 2476/3215/3263 3966/3238/3286
f 3964/3235/3283 4294/3237/3285 3966/3238/3286 2572/3236/3284
f 2476/3215/3263 3962/3230/3278 4295/3239/3287 3966/3238/3286
f 3962/3230/3278 2080/3229/3277 3967/3240/3288 4295/3239/3287
f 4295/3239/3287 3967/3240/3288 2243/3241/3289 3968/3242/3290
f 3966/3238/3286 4295/3239/3287 3968/3242/3290 2572/3236/3284
f 2243/3241/3289 3969/3243/3291 4296/3244/3292 3968/3242/3290
f 3969/3243/3291 2081/3245/3293 3970/3246/3294 4296/3244/3292
f 4296/3244/3292 3970/3246/3294 2475/3231/3279 3965/3234/3282
f 3968/3242/3290 4296/3244/3292 3965/3234/3282 2572/3236/3284
f 2492/3247/3295 3971/3248/3296 4297/3249/3297 3973/3250/3298
f 3971/3248/3296 2164/3097/3145 3895/3095/3143 4297/3249/3297
f 4297/3249/3297 3895/3095/3143 2494/3093/3141 3972/3251/3299
f 3973/3250/3298 4297/3249/3297 3972/3251/3299 2573/3252/3300
f 2494/3093/3141 3893/3092/3140 4298/3253/3301 3972/3251/3299
f 3893/3092/3140 2155/3081/3129 3963/3232/3280 4298/3253/3301
f 4298/3253/3301 3963/3232/3280 2475/3231/3279 3974/3254/3302
f 3972/3251/3299 4298/3253/3301 3974/3254/3302 2573/3252/3300
f 2475/3231/3279 3970/3246/3294 4299/3255/3303 3974/3254/3302
f 3970/3246/3294 2081/3245/3293 3975/3256/3304 4299/3255/3303
f 4299/3255/3303 3975/3256/3304 2244/3257/3305 3976/3258/3306
f 3974/3254/3302 4299/3255/3303 3976/3258/3306 2573/3252/3300
f 2244/3257/3305 3977/3259/3307 4300/3260/3308 3976/3258/3306
f 3977/3259/3307 2082/3261/3309 3978/3262/3310 4300/3260/3308
f 4300/3260/3308 3978/3262/3310 2492/3247/3295 3973/3250/3298
f 3976/3258/3306 4300/3260/3308 3973/3250/3298 2573/3252/3300
f 2490/3123/3171 3908/3122/3170 4301/3263/3311 3980/3264/3312
f 3908/3122/3170 2163/2963/3011 3903/3111/3159 4301/3263/3311
f 4301/3263/3311 3903/3111/3159 2493/3109/3157 3979/3265/3313
f 3980/3264/3312 4301/3263/3311 3979/3265/3313 2574/3266/3314
f 2493/3109/3157 3901/3108/3156 4302/3267/3315 3979/3265/3313
f 3901/3108/3156 2164/3097/3145 3971/3248/3296 4302/3267/3315
f 4302/3267/3315 3971/3248/3296 2492/3247/3295 3981/3268/3316
f 3979/3265/3313 4302/3267/3315 3981/3268/3316 2574/3266/3314
f 2492/3247/3295 3978/3262/3310 4303/3269/3317 3981/3268/3316
f 3978/3262/3310 2082/3261/3309 3982/3270/3318 4303/3269/3317
f 4303/3269/3317 3982/3270/3318 2235/3271/3319 3983/3272/3320
f 3981/3268/3316 4303/3269/3317 3983/3272/3320 2574/3266/3314
f 2235/3271/3319 3984/3273/3321 4304/3274/3322 3983/3272/3320
f 3984/3273/3321 2073/3127/3175 3910/3125/3173 4304/3274/3322
f 4304/3274/3322 3910/3125/3173 2490/3123/3171 3980/3264/3312
f 3983/3272/3320 4304/3274/3322 3980/3264/3312 2574/3266/3314
f 2379/3275/3323 2665/3276/3324 4305/3277/3325 2667/3278/3326
f 2665/3276/3324 2074/3133/3181 3913/3131/3179 4305/3277/3325
f 4305/3277/3325 3913/3131/3179 2236/3129/3177 2666/3279/3327
f 2667/3278/3326 4305/3277/3325 2666/3279/3327 2575/3280/3328
f 2236/3129/3177 3911/3128/3176 4306/3281/3329 2666/3279/3327
f 3911/3128/3176 2073/3127/3175 2668/3282/3330 4306/3281/3329
f 4306/3281/3329 2668/3282/3330 2380/3283/3331 2669/3284/3332
f 2666/3279/3327 4306/3281/3329 2669/3284/3332 2575/3280/3328
f 2380/3283/3331 2670/3285/3333 4307/3286/3334 2669/3284/3332
f 2670/3285/3333 2083/3287/3335 2671/3288/3336 4307/3286/3334
f 4307/3286/3334 2671/3288/3336 2245/3289/3337 2672/3290/3338
f 2669/3284/3332 4307/3286/3334 2672/3290/3338 2575/3280/3328
f 2245/3289/3337 2673/3291/3339 4308/3292/3340 2672/3290/3338
f 2673/3291/3339 2084/3293/3341 2674/3294/3342 4308/3292/3340
f 4308/3292/3340 2674/3294/3342 2379/3275/3323 2667/3278/3326
f 2672/3290/3338 4308/3292/3340 2667/3278/3326 2575/3280/3328
f 2378/3295/3343 2675/3296/3344 4309/3297/3345 2677/3298/3346
f 2675/3296/3344 2075/3149/3197 3921/3147/3195 4309/3297/3345
f 4309/3297/3345 3921/3147/3195 2237/3145/3193 2676/3299/3347
f 2677/3298/3346 4309/3297/3345 2676/3299/3347 2576/3300/3348
f 2237/3145/3193 3919/3144/3192 4310/3301/3349 2676/3299/3347
f 3919/3144/3192 2074/3133/3181 2665/3276/3324 4310/3301/3349
f 4310/3301/3349 2665/3276/3324 2379/3275/3323 2678/3302/3350
f 2676/3299/3347 4310/3301/3349 2678/3302/3350 2576/3300/3348
f 2379/3275/3323 2674/3294/3342 4311/3303/3351 2678/3302/3350
f 2674/3294/3342 2084/3293/3341 2679/3304/3352 4311/3303/3351
f 4311/3303/3351 2679/3304/3352 2246/3305/3353 2680/3306/3354
f 2678/3302/3350 4311/3303/3351 2680/3306/3354 2576/3300/3348
f 2246/3305/3353 2681/3307/3355 4312/3308/3356 2680/3306/3354
f 2681/3307/3355 2085/3309/3357 2682/3310/3358 4312/3308/3356
f 4312/3308/3356 2682/3310/3358 2378/3295/3343 2677/3298/3346
f 2680/3306/3354 4312/3308/3356 2677/3298/3346 2576/3300/3348
f 2377/3311/3359 2683/3312/3360 4313/3313/3361 2685/3314/3362
f 2683/3312/3360 2076/3165/3213 3929/3163/3211 4313/3313/3361
f 4313/3313/3361 3929/3163/3211 2238/3161/3209 2684/3315/3363
f 2685/3314/3362 4313/3313/3361 2684/3315/3363 2577/3316/3364
f 2238/3161/3209 3927/3160/3208 4314/3317/3365 2684/3315/3363
f 3927/3160/3208 2075/3149/3197 2675/3296/3344 4314/3317/3365
f 4314/3317/3365 2675/3296/3344 2378/3295/3343 2686/3318/3366
f 2684/3315/3363 4314/3317/3365 2686/3318/3366 2577/3316/3364
f 2378/3295/3343 2682/3310/3358 4315/3319/3367 2686/3318/3366
f 2682/3310/3358 2085/3309/3357 2687/3320/3368 4315/3319/3367
f 4315/3319/3367 2687/3320/3368 2247/3321/3369 2688/3322/3370
f 2686/3318/3366 4315/3319/3367 2688/3322/3370 2577/3316/3364
f 2247/3321/3369 2689/3323/3371 4316/3324/3372 2688/3322/3370
f 2689/3323/3371 2086/3325/3373 2690/3326/3374 4316/3324/3372
f 4316/3324/3372 2690/3326/3374 2377/3311/3359 2685/3314/3362
f 2688/3322/3370 4316/3324/3372 2685/3314/3362 2577/3316/3364
f 2376/3327/3375 2691/3328/3376 4317/3329/3377 2693/3330/3378
f 2691/3328/3376 2077/3181/3229 3937/3179/3227 4317/3329/3377
f 4317/3329/3377 3937/3179/3227 2239/3177/3225 2692/3331/3379
f 2693/3330/3378 4317/3329/3377 2692/3331/3379 2578/3332/3380
f 2239/3177/3225 3935/3176/3224 4318/3333/3381 2692/3331/3379
f 3935/3176/3224 2076/3165/3213 2683/3312/3360 4318/3333/3381
f 4318/3333/3381 2683/3312/3360 2377/3311/3359 2694/3334/3382
f 2692/3331/3379 4318/3333/3381 2694/3334/3382 2578/3332/3380
f 2377/3311/3359 2690/3326/3374 4319/3335/3383 2694/3334/3382
f 2690/3326/3374 2086/3325/3373 2695/3336/3384 4319/3335/3383
f 4319/3335/3383 2695/3336/3384 2248/3337/3385 2696/3338/3386
f 2694/3334/3382 4319/3335/3383 2696/3338/3386 2578/3332/3380
f 2248/3337/3385 2697/3339/3387 4320/3340/3388 2696/3338/3386
f 2697/3339/3387 2087/3341/3389 2698/3342/3390 4320/3340/3388
f 4320/3340/3388 2698/3342/3390 2376/3327/3375 2693/3330/3378
f 2696/3338/3386 4320/3340/3388 2693/3330/3378 2578/3332/3380
f 2345/3343/3391 2699/3344/3392 4321/3345/3393 2701/3346/3394
f 2699/3344/3392 2078/3197/3245 3945/3195/3243 4321/3345/3393
f 4321/3345/3393 3945/3195/3243 2240/3193/3241 2700/3347/3395
f 2701/3346/3394 4321/3345/3393 2700/3347/3395 2579/3348/3396
f 2240/3193/3241 3943/3192/3240 4322/3349/3397 2700/3347/3395
f 3943/3192/3240 2077/3181/3229 2691/3328/3376 4322/3349/3397
f 4322/3349/3397 2691/3328/3376 2376/3327/3375 2702/3350/3398
f 2700/3347/3395 4322/3349/3397 2702/3350/3398 2579/3348/3396
f 2376/3327/3375 2698/3342/3390 4323/3351/3399 2702/3350/3398
f 2698/3342/3390 2087/3341/3389 2703/3352/3400 4323/3351/3399
f 4323/3351/3399 2703/3352/3400 2249/3353/3401 2704/3354/3402
f 2702/3350/3398 4323/3351/3399 2704/3354/3402 2579/3348/3396
f 2249/3353/3401 2705/3355/3403 4324/3356/3404 2704/3354/3402
f 2705/3355/3403 2088/3357/3405 2706/3358/3406 4324/3356/3404
f 4324/3356/3404 2706/3358/3406 2345/3343/3391 2701/3346/3394
f 2704/3354/3402 4324/3356/3404 2701/3346/3394 2579/3348/3396
f 2384/3359/3407 2707/3360/3408 4325/3361/3409 2709/3362/3410
f 2707/3360/3408 2079/3213/3261 3953/3211/3259 4325/3361/3409
f 4325/3361/3409 3953/3211/3259 2241/3209/3257 2708/3363/3411
f 2709/3362/3410 4325/3361/3409 2708/3363/3411 2580/3364/3412
f 2241/3209/3257 3951/3208/3256 4326/3365/3413 2708/3363/3411
f 3951/3208/3256 2078/3197/3245 2699/3344/3392 4326/3365/3413
f 4326/3365/3413 2699/3344/3392 2345/3343/3391 2710/3366/3414
f 2708/3363/3411 4326/3365/3413 2710/3366/3414 2580/3364/3412
f 2345/3343/3391 2706/3358/3406 4327/3367/3415 2710/3366/3414
f 2706/3358/3406 2088/3357/3405 2711/3368/3416 4327/3367/3415
f 4327/3367/3415 2711/3368/3416 2250/3369/3417 2712/3370/3418
f 2710/3366/3414 4327/3367/3415 2712/3370/3418 2580/3364/3412
f 2250/3369/3417 2713/3371/3419 4328/3372/3420 2712/3370/3418
f 2713/3371/3419 2089/3373/3421 2714/3374/3422 4328/3372/3420
f 4328/3372/3420 2714/3374/3422 2384/3359/3407 2709/3362/3410
f 2712/3370/3418 4328/3372/3420 2709/3362/3410 2580/3364/3412
f 2383/3375/3423 2715/3376/3424 4329/3377/3425 2717/3378/3426
f 2715/3376/3424 2080/3229/3277 3961/3227/3275 4329/3377/3425
f 4329/3377/3425 3961/3227/3275 2242/3225/3273 2716/3379/3427
f 2717/3378/3426 4329/3377/3425 2716/3379/3427 2581/3380/3428
f 2242/3225/3273 3959/3224/3272 4330/3381/3429 2716/3379/3427
f 3959/3224/3272 2079/3213/3261 2707/3360/3408 4330/3381/3429
f 4330/3381/3429 2707/3360/3408 2384/3359/3407 2718/3382/3430
f 2716/3379/3427 4330/3381/3429 2718/3382/3430 2581/3380/3428
f 2384/3359/3407 2714/3374/3422 4331/3383/3431 2718/3382/3430
f 2714/3374/3422 2089/3373/3421 2719/3384/3432 4331/3383/3431
f 4331/3383/3431 2719/3384/3432 2251/3385/3433 2720/3386/3434
f 2718/3382/3430 4331/3383/3431 2720/3386/3434 2581/3380/3428
f 2251/3385/3433 2721/3387/3435 4332/3388/3436 2720/3386/3434
f 2721/3387/3435 2090/3389/3437 2722/3390/3438 4332/3388/3436
f 4332/3388/3436 2722/3390/3438 2383/3375/3423 2717/3378/3426
f 2720/3386/3434 4332/3388/3436 2717/3378/3426 2581/3380/3428
f 2382/3391/3439 2723/3392/3440 4333/3393/3441 2725/3394/3442
f 2723/3392/3440 2081/3245/3293 3969/3243/3291 4333/3393/3441
f 4333/3393/3441 3969/3243/3291 2243/3241/3289 2724/3395/3443
f 2725/3394/3442 4333/3393/3441 2724/3395/3443 2582/3396/3444
f 2243/3241/3289 3967/3240/3288 4334/3397/3445 2724/3395/3443
f 3967/3240/3288 2080/3229/3277 2715/3376/3424 4334/3397/3445
f 4334/3397/3445 2715/3376/3424 2383/3375/3423 2726/3398/3446
f 2724/3395/3443 4334/3397/3445 2726/3398/3446 2582/3396/3444
f 2383/3375/3423 2722/3390/3438 4335/3399/3447 2726/3398/3446
f 2722/3390/3438 2090/3389/3437 2727/3400/3448 4335/3399/3447
f 4335/3399/3447 2727/3400/3448 2252/3401/3449 2728/3402/3450
f 2726/3398/3446 4335/3399/3447 2728/3402/3450 2582/3396/3444
f 2252/3401/3449 2729/3403/3451 4336/3404/3452 2728/3402/3450
f 2729/3403/3451 2091/3405/3453 2730/3406/3454 4336/3404/3452
f 4336/3404/3452 2730/3406/3454 2382/3391/3439 2725/3394/3442
f 2728/3402/3450 4336/3404/3452 2725/3394/3442 2582/3396/3444
f 2381/3407/3455 2731/3408/3456 4337/3409/3457 2733/3410/3458
f 2731/3408/3456 2082/3261/3309 3977/3259/3307 4337/3409/3457
f 4337/3409/3457 3977/3259/3307 2244/3257/3305 2732/3411/3459
f 2733/3410/3458 4337/3409/3457 2732/3411/3459 2583/3412/3460
f 2244/3257/3305 3975/3256/3304 4338/3413/3461 2732/3411/3459
f 3975/3256/3304 2081/3245/3293 2723/3392/3440 4338/3413/3461
f 4338/3413/3461 2723/3392/3440 2382/3391/3439 2734/3414/3462
f 2732/3411/3459 4338/3413/3461 2734/3414/3462 2583/3412/3460
f 2382/3391/3439 2730/3406/3454 4339/3415/3463 2734/3414/3462
f 2730/3406/3454 2091/3405/3453 2735/3416/3464 4339/3415/3463
f 4339/3415/3463 2735/3416/3464 2253/3417/3465 2736/3418/3466
f 2734/3414/3462 4339/3415/3463 2736/3418/3466 2583/3412/3460
f 2253/3417/3465 2737/3419/3467 4340/3420/3468 2736/3418/3466
f 2737/3419/3467 2092/3421/3469 2738/3422/3470 4340/3420/3468
f 4340/3420/3468 2738/3422/3470 2381/3407/3455 2733/3410/3458
f 2736/3418/3466 4340/3420/3468 2733/3410/3458 2583/3412/3460
f 2380/3283/3331 2668/3282/3330 4341/3423/3471 2740/3424/3472
f 2668/3282/3330 2073/3127/3175 3984/3273/3321 4341/3423/3471
f 4341/3423/3471 3984/3273/3321 2235/3271/3319 2739/3425/3473
f 2740/3424/3472 4341/3423/3471 2739/3425/3473 2584/3426/3474
f 2235/3271/3319 3982/3270/3318 4342/3427/3475 2739/3425/3473
f 3982/3270/3318 2082/3261/3309 2731/3408/3456 4342/3427/3475
f 4342/3427/3475 2731/3408/3456 2381/3407/3455 2741/3428/3476
f 2739/3425/3473 4342/3427/3475 2741/3428/3476 2584/3426/3474
f 2381/3407/3455 2738/3422/3470 4343/3429/3477 2741/3428/3476
f 2738/3422/3470 2092/3421/3469 2742/3430/3478 4343/3429/3477
f 4343/3429/3477 2742/3430/3478 2254/3431/3479 2743/3432/3480
f 2741/3428/3476 4343/3429/3477 2743/3432/3480 2584/3426/3474
f 2254/3431/3479 2744/3433/3481 4344/3434/3482 2743/3432/3480
f 2744/3433/3481 2083/3287/3335 2670/3285/3333 4344/3434/3482
f 4344/3434/3482 2670/3285/3333 2380/3283/3331 2740/3424/3472
f 2743/3432/3480 4344/3434/3482 2740/3424/3472 2584/3426/3474
f 2256/3435/3483 2745/3436/3484 4345/3437/3485 2748/3438/3486
f 2745/3436/3484 2094/3439/3487 2746/3440/3488 4345/3437/3485
f 4345/3437/3485 2746/3440/3488 2347/3441/3489 2747/3442/3490
f 2748/3438/3486 4345/3437/3485 2747/3442/3490 2585/3443/3491
f 2347/3441/3489 2749/3444/3492 4346/3445/3493 2747/3442/3490
f 2749/3444/3492 2084/3293/3341 2673/3291/3339 4346/3445/3493
f 4346/3445/3493 2673/3291/3339 2245/3289/3337 2750/3446/3494
f 2747/3442/3490 4346/3445/3493 2750/3446/3494 2585/3443/3491
f 2245/3289/3337 2671/3288/3336 4347/3447/3495 2750/3446/3494
f 2671/3288/3336 2083/3287/3335 2751/3448/3496 4347/3447/3495
f 4347/3447/3495 2751/3448/3496 2346/3449/3497 2752/3450/3498
f 2750/3446/3494 4347/3447/3495 2752/3450/3498 2585/3443/3491
f 2346/3449/3497 2753/3451/3499 4348/3452/3500 2752/3450/3498
f 2753/3451/3499 2093/3453/3501 2754/3454/3502 4348/3452/3500
f 4348/3452/3500 2754/3454/3502 2256/3435/3483 2748/3438/3486
f 2752/3450/3498 4348/3452/3500 2748/3438/3486 2585/3443/3491
f 2257/3455/3503 2755/3456/3504 4349/3457/3505 2758/3458/3506
f 2755/3456/3504 2095/3459/3507 2756/3460/3508 4349/3457/3505
f 4349/3457/3505 2756/3460/3508 2348/3461/3509 2757/3462/3510
f 2758/3458/3506 4349/3457/3505 2757/3462/3510 2586/3463/3511
f 2348/3461/3509 2759/3464/3512 4350/3465/3513 2757/3462/3510
f 2759/3464/3512 2085/3309/3357 2681/3307/3355 4350/3465/3513
f 4350/3465/3513 2681/3307/3355 2246/3305/3353 2760/3466/3514
f 2757/3462/3510 4350/3465/3513 2760/3466/3514 2586/3463/3511
f 2246/3305/3353 2679/3304/3352 4351/3467/3515 2760/3466/3514
f 2679/3304/3352 2084/3293/3341 2749/3444/3492 4351/3467/3515
f 4351/3467/3515 2749/3444/3492 2347/3441/3489 2761/3468/3516
f 2760/3466/3514 4351/3467/3515 2761/3468/3516 2586/3463/3511
f 2347/3441/3489 2746/3440/3488 4352/3469/3517 2761/3468/3516
f 2746/3440/3488 2094/3439/3487 2762/3470/3518 4352/3469/3517
f 4352/3469/3517 2762/3470/3518 2257/3455/3503 2758/3458/3506
f 2761/3468/3516 4352/3469/3517 2758/3458/3506 2586/3463/3511
f 2258/3471/3519 2763/3472/3520 4353/3473/3521 2766/3474/3522
f 2763/3472/3520 2096/3475/3523 2764/3476/3524 4353/3473/3521
f 4353/3473/3521 2764/3476/3524 2349/3477/3525 2765/3478/3526
f 2766/3474/3522 4353/3473/3521 2765/3478/3526 2587/3479/3527
f 2349/3477/3525 2767/3480/3528 4354/3481/3529 2765/3478/3526
f 2767/3480/3528 2086/3325/3373 2689/3323/3371 4354/3481/3529
f 4354/3481/3529 2689/3323/3371 2247/3321/3369 2768/3482/3530
f 2765/3478/3526 4354/3481/3529 2768/3482/3530 2587/3479/3527
f 2247/3321/3369 2687/3320/3368 4355/3483/3531 2768/3482/3530
f 2687/3320/3368 2085/3309/3357 2759/3464/3512 4355/3483/3531
f 4355/3483/3531 2759/3464/3512 2348/3461/3509 2769/3484/3532
f 2768/3482/3530 4355/3483/3531 2769/3484/3532 2587/3479/3527
f 2348/3461/3509 2756/3460/3508 4356/3485/3533 2769/3484/3532
f 2756/3460/3508 2095/3459/3507 2770/3486/3534 4356/3485/3533
f 4356/3485/3533 2770/3486/3534 2258/3471/3519 2766/3474/3522
f 2769/3484/3532 4356/3485/3533 2766/3474/3522 2587/3479/3527
f 2259/3487/3535 2771/3488/3536 4357/3489/3537 2774/3490/3538
f 2771/3488/3536 2097/3491/3539 2772/3492/3540 4357/3489/3537
f 4357/3489/3537 2772/3492/3540 2350/3493/3541 2773/3494/3542
f 2774/3490/3538 4357/3489/3537 2773/3494/3542 2588/3495/3543
f 2350/3493/3541 2775/3496/3544 4358/3497/3545 2773/3494/3542
f 2775/3496/3544 2087/3341/3389 2697/3339/3387 4358/3497/3545
f 4358/3497/3545 2697/3339/3387 2248/3337/3385 2776/3498/3546
f 2773/3494/3542 4358/3497/3545 2776/3498/3546 2588/3495/3543
f 2248/3337/3385 2695/3336/3384 4359/3499/3547 2776/3498/3546
f 2695/3336/3384 2086/3325/3373 2767/3480/3528 4359/3499/3547
f 4359/3499/3547 2767/3480/3528 2349/3477/3525 2777/3500/3548
f 2776/3498/3546 4359/3499/3547 2777/3500/3548 2588/3495/3543
f 2349/3477/3525 2764/3476/3524 4360/3501/3549 2777/3500/3548
f 2764/3476/3524 2096/3475/3523 2778/3502/3550 4360/3501/3549
f 4360/3501/3549 2778/3502/3550 2259/3487/3535 2774/3490/3538
f 2777/3500/3548 4360/3501/3549 2774/3490/3538 2588/3495/3543
f 2260/3503/3551 2779/3504/3552 4361/3505/3553 2782/3506/3554
f 2779/3504/3552 2098/3507/3555 2780/3508/3556 4361/3505/3553
f 4361/3505/3553 2780/3508/3556 2351/3509/3557 2781/3510/3558
f 2782/3506/3554 4361/3505/3553 2781/3510/3558 2589/3511/3559
f 2351/3509/3557 2783/3512/3560 4362/3513/3561 2781/3510/3558
f 2783/3512/3560 2088/3357/3405 2705/3355/3403 4362/3513/3561
f 4362/3513/3561 2705/3355/3403 2249/3353/3401 2784/3514/3562
f 2781/3510/3558 4362/3513/3561 2784/3514/3562 2589/3511/3559
f 2249/3353/3401 2703/3352/3400 4363/3515/3563 2784/3514/3562
f 2703/3352/3400 2087/3341/3389 2775/3496/3544 4363/3515/3563
f 4363/3515/3563 2775/3496/3544 2350/3493/3541 2785/3516/3564
f 2784/3514/3562 4363/3515/3563 2785/3516/3564 2589/3511/3559
f 2350/3493/3541 2772/3492/3540 4364/3517/3565 2785/3516/3564
f 2772/3492/3540 2097/3491/3539 2786/3518/3566 4364/3517/3565
f 4364/3517/3565 2786/3518/3566 2260/3503/3551 2782/3506/3554
f 2785/3516/3564 4364/3517/3565 2782/3506/3554 2589/3511/3559
f 2261/3519/3567 2787/3520/3568 4365/3521/3569 2790/3522/3570
f 2787/3520/3568 2099/3523/3571 2788/3524/3572 4365/3521/3569
f 4365/3521/3569 2788/3524/3572 2352/3525/3573 2789/3526/3574
f 2790/3522/3570 4365/3521/3569 2789/3526/3574 2590/3527/3575
f 2352/3525/3573 2791/3528/3576 4366/3529/3577 2789/3526/3574
f 2791/3528/3576 2089/3373/3421 2713/3371/3419 4366/3529/3577
f 4366/3529/3577 2713/3371/3419 2250/3369/3417 2792/3530/3578
f 2789/3526/3574 4366/3529/3577 2792/3530/3578 2590/3527/3575
f 2250/3369/3417 2711/3368/3416 4367/3531/3579 2792/3530/3578
f 2711/3368/3416 2088/3357/3405 2783/3512/3560 4367/3531/3579
f 4367/3531/3579 2783/3512/3560 2351/3509/3557 2793/3532/3580
f 2792/3530/3578 4367/3531/3579 2793/3532/3580 2590/3527/3575
f 2351/3509/3557 2780/3508/3556 4368/3533/3581 2793/3532/3580
f 2780/3508/3556 2098/3507/3555 2794/3534/3582 4368/3533/3581
f 4368/3533/3581 2794/3534/3582 2261/3519/3567 2790/3522/3570
f 2793/3532/3580 4368/3533/3581 2790/3522/3570 2590/3527/3575
f 2262/3535/3583 2795/3536/3584 4369/3537/3585 2798/3538/3586
f 2795/3536/3584 2100/3539/3587 2796/3540/3588 4369/3537/3585
f 4369/3537/3585 2796/3540/3588 2353/3541/3589 2797/3542/3590
f 2798/3538/3586 4369/3537/3585 2797/3542/3590 2591/3543/3591
f 2353/3541/3589 2799/3544/3592 4370/3545/3593 2797/3542/3590
f 2799/3544/3592 2090/3389/3437 2721/3387/3435 4370/3545/3593
f 4370/3545/3593 2721/3387/3435 2251/3385/3433 2800/3546/3594
f 2797/3542/3590 4370/3545/3593 2800/3546/3594 2591/3543/3591
f 2251/3385/3433 2719/3384/3432 4371/3547/3595 2800/3546/3594
f 2719/3384/3432 2089/3373/3421 2791/3528/3576 4371/3547/3595
f 4371/3547/3595 2791/3528/3576 2352/3525/3573 2801/3548/3596
f 2800/3546/3594 4371/3547/3595 2801/3548/3596 2591/3543/3591
f 2352/3525/3573 2788/3524/3572 4372/3549/3597 2801/3548/3596
f 2788/3524/3572 2099/3523/3571 2802/3550/3598 4372/3549/3597
f 4372/3549/3597 2802/3550/3598 2262/3535/3583 2798/3538/3586
f 2801/3548/3596 4372/3549/3597 2798/3538/3586 2591/3543/3591
f 2263/3551/3599 2803/3552/3600 4373/3553/3601 2806/3554/3602
f 2803/3552/3600 2101/3555/3603 2804/3556/3604 4373/3553/3601
f 4373/3553/3601 2804/3556/3604 2354/3557/3605 2805/3558/3606
f 2806/3554/3602 4373/3553/3601 2805/3558/3606 2592/3559/3607
f 2354/3557/3605 2807/3560/3608 4374/3561/3609 2805/3558/3606
f 2807/3560/3608 2091/3405/3453 2729/3403/3451 4374/3561/3609
f 4374/3561/3609 2729/3403/3451 2252/3401/3449 2808/3562/3610
f 2805/3558/3606 4374/3561/3609 2808/3562/3610 2592/3559/3607
f 2252/3401/3449 2727/3400/3448 4375/3563/3611 2808/3562/3610
f 2727/3400/3448 2090/3389/3437 2799/3544/3592 4375/3563/3611
f 4375/3563/3611 2799/3544/3592 2353/3541/3589 2809/3564/3612
f 2808/3562/3610 4375/3563/3611 2809/3564/3612 2592/3559/3607
f 2353/3541/3589 2796/3540/3588 4376/3565/3613 2809/3564/3612
f 2796/3540/3588 2100/3539/3587 2810/3566/3614 4376/3565/3613
f 4376/3565/3613 2810/3566/3614 2263/3551/3599 2806/3554/3602
f 2809/3564/3612 4376/3565/3613 2806/3554/3602 2592/3559/3607
f 2264/3567/3615 2811/3568/3616 4377/3569/3617 2814/3570/3618
f 2811/3568/3616 2102/3571/3619 2812/3572/3620 4377/3569/3617
f 4377/3569/3617 2812/3572/3620 2355/3573/3621 2813/3574/3622
f 2814/3570/3618 4377/3569/3617 2813/3574/3622 2593/3575/3623
f 2355/3573/3621 2815/3576/3624 4378/3577/3625 2813/3574/3622
f 2815/3576/3624 2092/3421/3469 2737/3419/3467 4378/3577/3625
f 4378/3577/3625 2737/3419/3467 2253/3417/3465 2816/3578/3626
f 2813/3574/3622 4378/3577/3625 2816/3578/3626 2593/3575/3623
f 2253/3417/3465 2735/3416/3464 4379/3579/3627 2816/3578/3626
f 2735/3416/3464 2091/3405/3453 2807/3560/3608 4379/3579/3627
f 4379/3579/3627 2807/3560/3608 2354/3557/3605 2817/3580/3628
f 2816/3578/3626 4379/3579/3627 2817/3580/3628 2593/3575/3623
f 2354/3557/3605 2804/3556/3604 4380/3581/3629 2817/3580/3628
f 2804/3556/3604 2101/3555/3603 2818/3582/3630 4380/3581/3629
f 4380/3581/3629 2818/3582/3630 2264/3567/3615 2814/3570/3618
f 2817/3580/3628 4380/3581/3629 2814/3570/3618 2593/3575/3623
f 2255/3583/3631 2819/3584/3632 4381/3585/3633 2821/3586/3634
f 2819/3584/3632 2093/3453/3501 2753/3451/3499 4381/3585/3633
f 4381/3585/3633 2753/3451/3499 2346/3449/3497 2820/3587/3635
f 2821/3586/3634 4381/3585/3633 2820/3587/3635 2594/3588/3636
f 2346/3449/3497 2751/3448/3496 4382/3589/3637 2820/3587/3635
f 2751/3448/3496 2083/3287/3335 2744/3433/3481 4382/3589/3637
f 4382/3589/3637 2744/3433/3481 2254/3431/3479 2822/3590/3638
f 2820/3587/3635 4382/3589/3637 2822/3590/3638 2594/3588/3636
f 2254/3431/3479 2742/3430/3478 4383/3591/3639 2822/3590/3638
f 2742/3430/3478 2092/3421/3469 2815/3576/3624 4383/3591/3639
f 4383/3591/3639 2815/3576/3624 2355/3573/3621 2823/3592/3640
f 2822/3590/3638 4383/3591/3639 2823/3592/3640 2594/3588/3636
f 2355/3573/3621 2812/3572/3620 4384/3593/3641 2823/3592/3640
f 2812/3572/3620 2102/3571/3619 2824/3594/3642 4384/3593/3641
f 4384/3593/3641 2824/3594/3642 2255/3583/3631 2821/3586/3634
f 2823/3592/3640 4384/3593/3641 2821/3586/3634 2594/3588/3636
f 2266/3595/3643 2825/3596/3644 4385/3597/3645 2828/3598/3646
f 2825/3596/3644 2104/3599/3647 2826/3600/3648 4385/3597/3645
f 4385/3597/3645 2826/3600/3648 2357/3601/3649 2827/3602/3650
f 2828/3598/3646 4385/3597/3645 2827/3602/3650 2595/3603/3651
f 2357/3601/3649 2829/3604/3652 4386/3605/3653 2827/3602/3650
f 2829/3604/3652 2094/3439/3487 2745/3436/3484 4386/3605/3653
f 4386/3605/3653 2745/3436/3484 2256/3435/3483 2830/3606/3654
f 2827/3602/3650 4386/3605/3653 2830/3606/3654 2595/3603/3651
f 2256/3435/3483 2754/3454/3502 4387/3607/3655 2830/3606/3654
f 2754/3454/3502 2093/3453/3501 2831/3608/3656 4387/3607/3655
f 4387/3607/3655 2831/3608/3656 2356/3609/3657 2832/3610/3658
f 2830/3606/3654 4387/3607/3655 2832/3610/3658 2595/3603/3651
f 2356/3609/3657 2833/3611/3659 4388/3612/3660 2832/3610/3658
f 2833/3611/3659 2103/3613/3661 2834/3614/3662 4388/3612/3660
f 4388/3612/3660 2834/3614/3662 2266/3595/3643 2828/3598/3646
f 2832/3610/3658 4388/3612/3660 2828/3598/3646 2595/3603/3651
f 2267/3615/3663 2835/3616/3664 4389/3617/3665 2838/3618/3666
f 2835/3616/3664 2105/3619/3667 2836/3620/3668 4389/3617/3665
f 4389/3617/3665 2836/3620/3668 2358/3621/3669 2837/3622/3670
f 2838/3618/3666 4389/3617/3665 2837/3622/3670 2596/3623/3671
f 2358/3621/3669 2839/3624/3672 4390/3625/3673 2837/3622/3670
f 2839/3624/3672 2095/3459/3507 2755/3456/3504 4390/3625/3673
f 4390/3625/3673 2755/3456/3504 2257/3455/3503 2840/3626/3674
f 2837/3622/3670 4390/3625/3673 2840/3626/3674 2596/3623/3671
f 2257/3455/3503 2762/3470/3518 4391/3627/3675 2840/3626/3674
f 2762/3470/3518 2094/3439/3487 2829/3604/3652 4391/3627/3675
f 4391/3627/3675 2829/3604/3652 2357/3601/3649 2841/3628/3676
f 2840/3626/3674 4391/3627/3675 2841/3628/3676 2596/3623/3671
f 2357/3601/3649 2826/3600/3648 4392/3629/3677 2841/3628/3676
f 2826/3600/3648 2104/3599/3647 2842/3630/3678 4392/3629/3677
f 4392/3629/3677 2842/3630/3678 2267/3615/3663 2838/3618/3666
f 2841/3628/3676 4392/3629/3677 2838/3618/3666 2596/3623/3671
f 2268/3631/3679 2843/3632/3680 4393/3633/3681 2846/3634/3682
f 2843/3632/3680 2106/3635/3683 2844/3636/3684 4393/3633/3681
f 4393/3633/3681 2844/3636/3684 2359/3637/3685 2845/3638/3686
f 2846/3634/3682 4393/3633/3681 2845/3638/3686 2597/3639/3687
f 2359/3637/3685 2847/3640/3688 4394/3641/3689 2845/3638/3686
f 2847/3640/3688 2096/3475/3523 2763/3472/3520 4394/3641/3689
f 4394/3641/3689 2763/3472/3520 2258/3471/3519 2848/3642/3690
f 2845/3638/3686 4394/3641/3689 2848/3642/3690 2597/3639/3687
f 2258/3471/3519 2770/3486/3534 4395/3643/3691 2848/3642/3690
f 2770/3486/3534 2095/3459/3507 2839/3624/3672 4395/3643/3691
f 4395/3643/3691 2839/3624/3672 2358/3621/3669 2849/3644/3692
f 2848/3642/3690 4395/3643/3691 2849/3644/3692 2597/3639/3687
f 2358/3621/3669 2836/3620/3668 4396/3645/3693 2849/3644/3692
f 2836/3620/3668 2105/3619/3667 2850/3646/3694 4396/3645/3693
f 4396/3645/3693 2850/3646/3694 2268/3631/3679 2846/3634/3682
f 2849/3644/3692 4396/3645/3693 2846/3634/3682 2597/3639/3687
f 2269/3647/3695 2851/3648/3696 4397/3649/3697 2854/3650/3698
f 2851/3648/3696 2107/3651/3699 2852/3652/3700 4397/3649/3697
f 4397/3649/3697 2852/3652/3700 2360/3653/3701 2853/3654/3702
f 2854/3650/3698 4397/3649/3697 2853/3654/3702 2598/3655/3703
f 2360/3653/3701 2855/3656/3704 4398/3657/3705 2853/3654/3702
f 2855/3656/3704 2097/3491/3539 2771/3488/3536 4398/3657/3705
f 4398/3657/3705 2771/3488/3536 2259/3487/3535 2856/3658/3706
f 2853/3654/3702 4398/3657/3705 2856/3658/3706 2598/3655/3703
f 2259/3487/3535 2778/3502/3550 4399/3659/3707 2856/3658/3706
f 2778/3502/3550 2096/3475/3523 2847/3640/3688 4399/3659/3707
f 4399/3659/3707 2847/3640/3688 2359/3637/3685 2857/3660/3708
f 2856/3658/3706 4399/3659/3707 2857/3660/3708 2598/3655/3703
f 2359/3637/3685 2844/3636/3684 4400/3661/3709 2857/3660/3708
f 2844/3636/3684 2106/3635/3683 2858/3662/3710 4400/3661/3709
f 4400/3661/3709 2858/3662/3710 2269/3647/3695 2854/3650/3698
f 2857/3660/3708 4400/3661/3709 2854/3650/3698 2598/3655/3703
f 2270/3663/3711 2859/3664/3712 4401/3665/3713 2862/3666/3714
f 2859/3664/3712 2108/3667/3715 2860/3668/3716 4401/3665/3713
f 4401/3665/3713 2860/3668/3716 2361/3669/3717 2861/3670/3718
f 2862/3666/3714 4401/3665/3713 2861/3670/3718 2599/3671/3719
f 2361/3669/3717 2863/3672/3720 4402/3673/3721 2861/3670/3718
f 2863/3672/3720 2098/3507/3555 2779/3504/3552 4402/3673/3721
f 4402/3673/3721 2779/3504/3552 2260/3503/3551 2864/3674/3722
f 2861/3670/3718 4402/3673/3721 2864/3674/3722 2599/3671/3719
f 2260/3503/3551 2786/3518/3566 4403/3675/3723 2864/3674/3722
f 2786/3518/3566 2097/3491/3539 2855/3656/3704 4403/3675/3723
f 4403/3675/3723 2855/3656/3704 2360/3653/3701 2865/3676/3724
f 2864/3674/3722 4403/3675/3723 2865/3676/3724 2599/3671/3719
f 2360/3653/3701 2852/3652/3700 4404/3677/3725 2865/3676/3724
f 2852/3652/3700 2107/3651/3699 2866/3678/3726 4404/3677/3725
f 4404/3677/3725 2866/3678/3726 2270/3663/3711 2862/3666/3714
f 2865/3676/3724 4404/3677/3725 2862/3666/3714 2599/3671/3719
f 2271/3679/3727 2867/3680/3728 4405/3681/3729 2870/3682/3730
f 2867/3680/3728 2109/3683/3731 2868/3684/3732 4405/3681/3729
f 4405/3681/3729 2868/3684/3732 2362/3685/3733 2869/3686/3734
f 2870/3682/3730 4405/3681/3729 2869/3686/3734 2600/3687/3735
f 2362/3685/3733 2871/3688/3736 4406/3689/3737 2869/3686/3734
f 2871/3688/3736 2099/3523/3571 2787/3520/3568 4406/3689/3737
f 4406/3689/3737 2787/3520/3568 2261/3519/3567 2872/3690/3738
f 2869/3686/3734 4406/3689/3737 2872/3690/3738 2600/3687/3735
f 2261/3519/3567 2794/3534/3582 4407/3691/3739 2872/3690/3738
f 2794/3534/3582 2098/3507/3555 2863/3672/3720 4407/3691/3739
f 4407/3691/3739 2863/3672/3720 2361/3669/3717 2873/3692/3740
f 2872/3690/3738 4407/3691/3739 2873/3692/3740 2600/3687/3735
f 2361/3669/3717 2860/3668/3716 4408/3693/3741 2873/3692/3740
f 2860/3668/3716 2108/3667/3715 2874/3694/3742 4408/3693/3741
f 4408/3693/3741 2874/3694/3742 2271/3679/3727 2870/3682/3730
f 2873/3692/3740 4408/3693/3741 2870/3682/3730 2600/3687/3735
f 2272/3695/3743 2875/3696/3744 4409/3697/3745 2878/3698/3746
f 2875/3696/3744 2110/3699/3747 2876/3700/3748 4409/3697/3745
f 4409/3697/3745 2876/3700/3748 2363/3701/3749 2877/3702/3750
f 2878/3698/3746 4409/3697/3745 2877/3702/3750 2601/3703/3751
f 2363/3701/3749 2879/3704/3752 4410/3705/3753 2877/3702/3750
f 2879/3704/3752 2100/3539/3587 2795/3536/3584 4410/3705/3753
f 4410/3705/3753 2795/3536/3584 2262/3535/3583 2880/3706/3754
f 2877/3702/3750 4410/3705/3753 2880/3706/3754 2601/3703/3751
f 2262/3535/3583 2802/3550/3598 4411/3707/3755 2880/3706/3754
f 2802/3550/3598 2099/3523/3571 2871/3688/3736 4411/3707/3755
f 4411/3707/3755 2871/3688/3736 2362/3685/3733 2881/3708/3756
f 2880/3706/3754 4411/3707/3755 2881/3708/3756 2601/3703/3751
f 2362/3685/3733 2868/3684/3732 4412/3709/3757 2881/3708/3756
f 2868/3684/3732 2109/3683/3731 2882/3710/3758 4412/3709/3757
f 4412/3709/3757 2882/3710/3758 2272/3695/3743 2878/3698/3746
f 2881/3708/3756 4412/3709/3757 2878/3698/3746 2601/3703/3751
f 2273/3711/3759 2883/3712/3760 4413/3713/3761 2886/3714/3762
f 2883/3712/3760 2111/3715/3763 2884/3716/3764 4413/3713/3761
f 4413/3713/3761 2884/3716/3764 2364/3717/3765 2885/3718/3766
f 2886/3714/3762 4413/3713/3761 2885/3718/3766 2602/3719/3767
f 2364/3717/3765 2887/3720/3768 4414/3721/3769 2885/3718/3766
f 2887/3720/3768 2101/3555/3603 2803/3552/3600 4414/3721/3769
f 4414/3721/3769 2803/3552/3600 2263/3551/3599 2888/3722/3770
f 2885/3718/3766 4414/3721/3769 2888/3722/3770 2602/3719/3767
f 2263/3551/3599 2810/3566/3614 4415/3723/3771 2888/3722/3770
f 2810/3566/3614 2100/3539/3587 2879/3704/3752 4415/3723/3771
f 4415/3723/3771 2879/3704/3752 2363/3701/3749 2889/3724/3772
f 2888/3722/3770 4415/3723/3771 2889/3724/3772 2602/3719/3767
f 2363/3701/3749 2876/3700/3748 4416/3725/3773 2889/3724/3772
f 2876/3700/3748 2110/3699/3747 2890/3726/3774 4416/3725/3773
f 4416/3725/3773 2890/3726/3774 2273/3711/3759 2886/3714/3762
f 2889/3724/3772 4416/3725/3773 2886/3714/3762 2602/3719/3767
f 2274/3727/3775 2891/3728/3776 4417/3729/3777 2894/3730/3778
f 2891/3728/3776 2112/3731/3779 2892/3732/3780 4417/3729/3777
f 4417/3729/3777 2892/3732/3780 2365/3733/3781 2893/3734/3782
f 2894/3730/3778 4417/3729/3777 2893/3734/3782 2603/3735/3783
f 2365/3733/3781 2895/3736/3784 4418/3737/3785 2893/3734/3782
f 2895/3736/3784 2102/3571/3619 2811/3568/3616 4418/3737/3785
f 4418/3737/3785 2811/3568/3616 2264/3567/3615 2896/3738/3786
f 2893/3734/3782 4418/3737/3785 2896/3738/3786 2603/3735/3783
f 2264/3567/3615 2818/3582/3630 4419/3739/3787 2896/3738/3786
f 2818/3582/3630 2101/3555/3603 2887/3720/3768 4419/3739/3787
f 4419/3739/3787 2887/3720/3768 2364/3717/3765 2897/3740/3788
f 2896/3738/3786 4419/3739/3787 2897/3740/3788 2603/3735/3783
f 2364/3717/3765 2884/3716/3764 4420/3741/3789 2897/3740/3788
f 2884/3716/3764 2111/3715/3763 2898/3742/3790 4420/3741/3789
f 4420/3741/3789 2898/3742/3790 2274/3727/3775 2894/3730/3778
f 2897/3740/3788 4420/3741/3789 2894/3730/3778 2603/3735/3783
f 2265/3743/3791 2899/3744/3792 4421/3745/3793 2901/3746/3794
f 2899/3744/3792 2103/3613/3661 2833/3611/3659 4421/3745/3793
f 4421/3745/3793 2833/3611/3659 2356/3609/3657 2900/3747/3795
f 2901/3746/3794 4421/3745/3793 2900/3747/3795 2604/3748/3796
f 2356/3609/3657 2831/3608/3656 4422/3749/3797 2900/3747/3795
f 2831/3608/3656 2093/3453/3501 2819/3584/3632 4422/3749/3797
f 4422/3749/3797 2819/3584/3632 2255/3583/3631 2902/3750/3798
f 2900/3747/3795 4422/3749/3797 2902/3750/3798 2604/3748/3796
f 2255/3583/3631 2824/3594/3642 4423/3751/3799 2902/3750/3798
f 2824/3594/3642 2102/3571/3619 2895/3736/3784 4423/3751/3799
f 4423/3751/3799 2895/3736/3784 2365/3733/3781 2903/3752/3800
f 2902/3750/3798 4423/3751/3799 2903/3752/3800 2604/3748/3796
f 2365/3733/3781 2892/3732/3780 4424/3753/3801 2903/3752/3800
f 2892/3732/3780 2112/3731/3779 2904/3754/3802 4424/3753/3801
f 4424/3753/3801 2904/3754/3802 2265/3743/3791 2901/3746/3794
f 2903/3752/3800 4424/3753/3801 2901/3746/3794 2604/3748/3796
f 2367/3755/3803 2905/3756/3804 4425/3757/3805 2908/3758/3806
f 2905/3756/3804 2113/3759/3807 2906/3760/3808 4425/3757/3805
f 4425/3757/3805 2906/3760/3808 2366/3761/3809 2907/3762/3810
f 2908/3758/3806 4425/3757/3805 2907/3762/3810 2605/3763/3811
f 2366/3761/3809 2909/3764/3812 4426/3765/3813 2907/3762/3810
f 2909/3764/3812 2003/2065/2007 3325/2062/2004 4426/3765/3813
f 4426/3765/3813 3325/2062/2004 2165/2061/2003 2910/3766/3814
f 2907/3762/3810 4426/3765/3813 2910/3766/3814 2605/3763/3811
f 2165/2061/2003 3336/2085/2027 4427/3767/3815 2910/3766/3814
f 3336/2085/2027 2004/2084/2026 2911/3768/3816 4427/3767/3815
f 4427/3767/3815 2911/3768/3816 2367/3755/3803 2908/3758/3806
f 2910/3766/3814 4427/3767/3815 2908/3758/3806 2605/3763/3811
f 2368/3769/3817 2912/3770/3818 4428/3771/3819 2914/3772/3820
f 2912/3770/3818 2113/3759/3807 2905/3756/3804 4428/3771/3819
f 4428/3771/3819 2905/3756/3804 2367/3755/3803 2913/3773/3821
f 2914/3772/3820 4428/3771/3819 2913/3773/3821 2606/3774/3822
f 2367/3755/3803 2911/3768/3816 4429/3775/3823 2913/3773/3821
f 2911/3768/3816 2004/2084/2026 3337/2087/2029 4429/3775/3823
f 4429/3775/3823 3337/2087/2029 2166/2086/2028 2915/3776/3824
f 2913/3773/3821 4429/3775/3823 2915/3776/3824 2606/3774/3822
f 2166/2086/2028 3346/2105/2047 4430/3777/3825 2915/3776/3824
f 3346/2105/2047 2005/2104/2046 2916/3778/3826 4430/3777/3825
f 4430/3777/3825 2916/3778/3826 2368/3769/3817 2914/3772/3820
f 2915/3776/3824 4430/3777/3825 2914/3772/3820 2606/3774/3822
f 2369/3779/3827 2917/3780/3828 4431/3781/3829 2919/3782/3830
f 2917/3780/3828 2113/3759/3807 2912/3770/3818 4431/3781/3829
f 4431/3781/3829 2912/3770/3818 2368/3769/3817 2918/3783/3831
f 2919/3782/3830 4431/3781/3829 2918/3783/3831 2607/3784/3832
f 2368/3769/3817 2916/3778/3826 4432/3785/3833 2918/3783/3831
f 2916/3778/3826 2005/2104/2046 3347/2107/2049 4432/3785/3833
f 4432/3785/3833 3347/2107/2049 2167/2106/2048 2920/3786/3834
f 2918/3783/3831 4432/3785/3833 2920/3786/3834 2607/3784/3832
f 2167/2106/2048 3356/2125/2067 4433/3787/3835 2920/3786/3834
f 3356/2125/2067 2006/2124/2066 2921/3788/3836 4433/3787/3835
f 4433/3787/3835 2921/3788/3836 2369/3779/3827 2919/3782/3830
f 2920/3786/3834 4433/3787/3835 2919/3782/3830 2607/3784/3832
f 2370/3789/3837 2922/3790/3838 4434/3791/3839 2924/3792/3840
f 2922/3790/3838 2113/3759/3807 2917/3780/3828 4434/3791/3839
f 4434/3791/3839 2917/3780/3828 2369/3779/3827 2923/3793/3841
f 2924/3792/3840 4434/3791/3839 2923/3793/3841 2608/3794/3842
f 2369/3779/3827 2921/3788/3836 4435/3795/3843 2923/3793/3841
f 2921/3788/3836 2006/2124/2066 3357/2127/2069 4435/3795/3843
f 4435/3795/3843 3357/2127/2069 2168/2126/2068 2925/3796/3844
f 2923/3793/3841 4435/3795/3843 2925/3796/3844 2608/3794/3842
f 2168/2126/2068 3366/2145/2087 4436/3797/3845 2925/3796/3844
f 3366/2145/2087 2007/2144/2086 2926/3798/3846 4436/3797/3845
f 4436/3797/3845 2926/3798/3846 2370/3789/3837 2924/3792/3840
f 2925/3796/3844 4436/3797/3845 2924/3792/3840 2608/3794/3842
f 2371/3799/3847 2927/3800/3848 4437/3801/3849 2929/3802/3850
f 2927/3800/3848 2113/3759/3807 2922/3790/3838 4437/3801/3849
f 4437/3801/3849 2922/3790/3838 2370/3789/3837 2928/3803/3851
f 2929/3802/3850 4437/3801/3849 2928/3803/3851 2609/3804/3852
f 2370/3789/3837 2926/3798/3846 4438/3805/3853 2928/3803/3851
f 2926/3798/3846 2007/2144/2086 3367/2147/2089 4438/3805/3853
f 4438/3805/3853 3367/2147/2089 2169/2146/2088 2930/3806/3854
f 2928/3803/3851 4438/3805/3853 2930/3806/3854 2609/3804/3852
f 2169/2146/2088 3376/2165/2107 4439/3807/3855 2930/3806/3854
f 3376/2165/2107 2008/2164/2106 2931/3808/3856 4439/3807/3855
f 4439/3807/3855 2931/3808/3856 2371/3799/3847 2929/3802/3850
f 2930/3806/3854 4439/3807/3855 2929/3802/3850 2609/3804/3852
f 2372/3809/3857 2932/3810/3858 4440/3811/3859 2934/3812/3860
f 2932/3810/3858 2113/3759/3807 2927/3800/3848 4440/3811/3859
f 4440/3811/3859 2927/3800/3848 2371/3799/3847 2933/3813/3861
f 2934/3812/3860 4440/3811/3859 2933/3813/3861 2610/3814/3862
f 2371/3799/3847 2931/3808/3856 4441/3815/3863 2933/3813/3861
f 2931/3808/3856 2008/2164/2106 3377/2167/2109 4441/3815/3863
f 4441/3815/3863 3377/2167/2109 2170/2166/2108 2935/3816/3864
f 2933/3813/3861 4441/3815/3863 2935/3816/3864 2610/3814/3862
f 2170/2166/2108 3386/2185/2127 4442/3817/3865 2935/3816/3864
f 3386/2185/2127 2009/2184/2126 2936/3818/3866 4442/3817/3865
f 4442/3817/3865 2936/3818/3866 2372/3809/3857 2934/3812/3860
f 2935/3816/3864 4442/3817/3865 2934/3812/3860 2610/3814/3862
f 2373/3819/3867 2937/3820/3868 4443/3821/3869 2939/3822/3870
f 2937/3820/3868 2113/3759/3807 2932/3810/3858 4443/3821/3869
f 4443/3821/3869 2932/3810/3858 2372/3809/3857 2938/3823/3871
f 2939/3822/3870 4443/3821/3869 2938/3823/3871 2611/3824/3872
f 2372/3809/3857 2936/3818/3866 4444/3825/3873 2938/3823/3871
f 2936/3818/3866 2009/2184/2126 3387/2187/2129 4444/3825/3873
f 4444/3825/3873 3387/2187/2129 2171/2186/2128 2940/3826/3874
f 2938/3823/3871 4444/3825/3873 2940/3826/3874 2611/3824/3872
f 2171/2186/2128 3396/2205/2147 4445/3827/3875 2940/3826/3874
f 3396/2205/2147 2010/2204/2146 2941/3828/3876 4445/3827/3875
f 4445/3827/3875 2941/3828/3876 2373/3819/3867 2939/3822/3870
f 2940/3826/3874 4445/3827/3875 2939/3822/3870 2611/3824/3872
f 2374/3829/3877 2942/3830/3878 4446/3831/3879 2944/3832/3880
f 2942/3830/3878 2113/3759/3807 2937/3820/3868 4446/3831/3879
f 4446/3831/3879 2937/3820/3868 2373/3819/3867 2943/3833/3881
f 2944/3832/3880 4446/3831/3879 2943/3833/3881 2612/3834/3882
f 2373/3819/3867 2941/3828/3876 4447/3835/3883 2943/3833/3881
f 2941/3828/3876 2010/2204/2146 3397/2207/2149 4447/3835/3883
f 4447/3835/3883 3397/2207/2149 2172/2206/2148 2945/3836/3884
f 2943/3833/3881 4447/3835/3883 2945/3836/3884 2612/3834/3882
f 2172/2206/2148 3406/2225/2167 4448/3837/3885 2945/3836/3884
f 3406/2225/2167 2011/2224/2166 2946/3838/3886 4448/3837/3885
f 4448/3837/3885 2946/3838/3886 2374/3829/3877 2944/3832/3880
f 2945/3836/3884 4448/3837/3885 2944/3832/3880 2612/3834/3882
f 2375/3839/3887 2947/3840/3888 4449/3841/3889 2949/3842/3890
f 2947/3840/3888 2113/3759/3807 2942/3830/3878 4449/3841/3889
f 4449/3841/3889 2942/3830/3878 2374/3829/3877 2948/3843/3891
f 2949/3842/3890 4449/3841/3889 2948/3843/3891 2613/3844/3892
f 2374/3829/3877 2946/3838/3886 4450/3845/3893 2948/3843/3891
f 2946/3838/3886 2011/2224/2166 3407/2227/2169 4450/3845/3893
f 4450/3845/3893 3407/2227/2169 2173/2226/2168 2950/3846/3894
f 2948/3843/3891 4450/3845/3893 2950/3846/3894 2613/3844/3892
f 2173/2226/2168 3416/2245/2187 4451/3847/3895 2950/3846/3894
f 3416/2245/2187 2012/2244/2186 2951/3848/3896 4451/3847/3895
f 4451/3847/3895 2951/3848/3896 2375/3839/3887 2949/3842/3890
f 2950/3846/3894 4451/3847/3895 2949/3842/3890 2613/3844/3892
f 2366/3761/3809 2906/3760/3808 4452/3849/3897 2953/3850/3898
f 2906/3760/3808 2113/3759/3807 2947/3840/3888 4452/3849/3897
f 4452/3849/3897 2947/3840/3888 2375/3839/3887 2952/3851/3899
f 2953/3850/3898 4452/3849/3897 2952/3851/3899 2614/3852/3900
f 2375/3839/3887 2951/3848/3896 4453/3853/3901 2952/3851/3899
f 2951/3848/3896 2012/2244/2186 3417/2247/2189 4453/3853/3901
f 4453/3853/3901 3417/2247/2189 2174/2246/2188 2954/3854/3902
f 2952/3851/3899 4453/3853/3901 2954/3854/3902 2614/3852/3900
f 2174/2246/2188 3424/2260/2202 4454/3855/3903 2954/3854/3902
f 3424/2260/2202 2003/2065/2007 2909/3764/3812 4454/3855/3903
f 4454/3855/3903 2909/3764/3812 2366/3761/3809 2953/3850/3898
f 2954/3854/3902 4454/3855/3903 2953/3850/3898 2614/3852/3900
f 2449/3856/3904 2955/3857/3905 4455/3858/3906 2958/3859/3907
f 2955/3857/3905 2146/3860/3908 2956/3861/3909 4455/3858/3906
f 4455/3858/3906 2956/3861/3909 2448/3862/3910 2957/3863/3911
f 2958/3859/3907 4455/3858/3906 2957/3863/3911 2615/3864/3912
f 2448/3862/3910 2959/3865/3913 4456/3866/3914 2957/3863/3911
f 2959/3865/3913 2144/3867/3915 2960/3868/3916 4456/3866/3914
f 4456/3866/3914 2960/3868/3916 2446/3869/3917 2961/3870/3918
f 2957/3863/3911 4456/3866/3914 2961/3870/3918 2615/3864/3912
f 2446/3869/3917 2962/3871/3919 4457/3872/3920 2961/3870/3918
f 2962/3871/3919 2145/3873/3921 2963/3874/3922 4457/3872/3920
f 4457/3872/3920 2963/3874/3922 2449/3856/3904 2958/3859/3907
f 2961/3870/3918 4457/3872/3920 2958/3859/3907 2615/3864/3912
f 2452/3875/3923 2964/3876/3924 4458/3877/3925 2967/3878/3926
f 2964/3876/3924 2147/3879/3927 2965/3880/3928 4458/3877/3925
f 4458/3877/3925 2965/3880/3928 2451/3881/3929 2966/3882/3930
f 2967/3878/3926 4458/3877/3925 2966/3882/3930 2616/3883/3931
f 2451/3881/3929 2968/3884/3932 4459/3885/3933 2966/3882/3930
f 2968/3884/3932 2146/3860/3908 2955/3857/3905 4459/3885/3933
f 4459/3885/3933 2955/3857/3905 2449/3856/3904 2969/3886/3934
f 2966/3882/3930 4459/3885/3933 2969/3886/3934 2616/3883/3931
f 2449/3856/3904 2963/3874/3922 4460/3887/3935 2969/3886/3934
f 2963/3874/3922 2145/3873/3921 2970/3888/3936 4460/3887/3935
f 4460/3887/3935 2970/3888/3936 2452/3875/3923 2967/3878/3926
f 2969/3886/3934 4460/3887/3935 2967/3878/3926 2616/3883/3931
f 2455/3889/3937 2971/3890/3938 4461/3891/3939 2974/3892/3940
f 2971/3890/3938 2148/3893/3941 2972/3894/3942 4461/3891/3939
f 4461/3891/3939 2972/3894/3942 2454/3895/3943 2973/3896/3944
f 2974/3892/3940 4461/3891/3939 2973/3896/3944 2617/3897/3945
f 2454/3895/3943 2975/3898/3946 4462/3899/3947 2973/3896/3944
f 2975/3898/3946 2147/3879/3927 2964/3876/3924 4462/3899/3947
f 4462/3899/3947 2964/3876/3924 2452/3875/3923 2976/3900/3948
f 2973/3896/3944 4462/3899/3947 2976/3900/3948 2617/3897/3945
f 2452/3875/3923 2970/3888/3936 4463/3901/3949 2976/3900/3948
f 2970/3888/3936 2145/3873/3921 2977/3902/3950 4463/3901/3949
f 4463/3901/3949 2977/3902/3950 2455/3889/3937 2974/3892/3940
f 2976/3900/3948 4463/3901/3949 2974/3892/3940 2617/3897/3945
f 2458/3903/3951 2978/3904/3952 4464/3905/3953 2981/3906/3954
f 2978/3904/3952 2149/3907/3955 2979/3908/3956 4464/3905/3953
f 4464/3905/3953 2979/3908/3956 2457/3909/3957 2980/3910/3958
f 2981/3906/3954 4464/3905/3953 2980/3910/3958 2618/3911/3959
f 2457/3909/3957 2982/3912/3960 4465/3913/3961 2980/3910/3958
f 2982/3912/3960 2148/3893/3941 2971/3890/3938 4465/3913/3961
f 4465/3913/3961 2971/3890/3938 2455/3889/3937 2983/3914/3962
f 2980/3910/3958 4465/3913/3961 2983/3914/3962 2618/3911/3959
f 2455/3889/3937 2977/3902/3950 4466/3915/3963 2983/3914/3962
f 2977/3902/3950 2145/3873/3921 2984/3916/3964 4466/3915/3963
f 4466/3915/3963 2984/3916/3964 2458/3903/3951 2981/3906/3954
f 2983/3914/3962 4466/3915/3963 2981/3906/3954 2618/3911/3959
f 2461/3917/3965 2985/3918/3966 4467/3919/3967 2988/3920/3968
f 2985/3918/3966 2150/3921/3969 2986/3922/3970 4467/3919/3967
f 4467/3919/3967 2986/3922/3970 2460/3923/3971 2987/3924/3972
f 2988/3920/3968 4467/3919/3967 2987/3924/3972 2619/3925/3973
f 2460/3923/3971 2989/3926/3974 4468/3927/3975 2987/3924/3972
f 2989/3926/3974 2149/3907/3955 2978/3904/3952 4468/3927/3975
f 4468/3927/3975 2978/3904/3952 2458/3903/3951 2990/3928/3976
f 2987/3924/3972 4468/3927/3975 2990/3928/3976 2619/3925/3973
f 2458/3903/3951 2984/3916/3964 4469/3929/3977 2990/3928/3976
f 2984/3916/3964 2145/3873/3921 2991/3930/3978 4469/3929/3977
f 4469/3929/3977 2991/3930/3978 2461/3917/3965 2988/3920/3968
f 2990/3928/3976 4469/3929/3977 2988/3920/3968 2619/3925/3973
f 2464/3931/3979 2992/3932/3980 4470/3933/3981 2995/3934/3982
f 2992/3932/3980 2151/3935/3983 2993/3936/3984 4470/3933/3981
f 4470/3933/3981 2993/3936/3984 2463/3937/3985 2994/3938/3986
f 2995/3934/3982 4470/3933/3981 2994/3938/3986 2620/3939/3987
f 2463/3937/3985 2996/3940/3988 4471/3941/3989 2994/3938/3986
f 2996/3940/3988 2150/3921/3969 2985/3918/3966 4471/3941/3989
f 4471/3941/3989 2985/3918/3966 2461/3917/3965 2997/3942/3990
f 2994/3938/3986 4471/3941/3989 2997/3942/3990 2620/3939/3987
f 2461/3917/3965 2991/3930/3978 4472/3943/3991 2997/3942/3990
f 2991/3930/3978 2145/3873/3921 2998/3944/3992 4472/3943/3991
f 4472/3943/3991 2998/3944/3992 2464/3931/3979 2995/3934/3982
f 2997/3942/3990 4472/3943/3991 2995/3934/3982 2620/3939/3987
f 2467/3945/3993 2999/3946/3994 4473/3947/3995 3002/3948/3996
f 2999/3946/3994 2152/3949/3997 3000/3950/3998 4473/3947/3995
f 4473/3947/3995 3000/3950/3998 2466/3951/3999 3001/3952/4000
f 3002/3948/3996 4473/3947/3995 3001/3952/4000 2621/3953/4001
f 2466/3951/3999 3003/3954/4002 4474/3955/4003 3001/3952/4000
f 3003/3954/4002 2151/3935/3983 2992/3932/3980 4474/3955/4003
f 4474/3955/4003 2992/3932/3980 2464/3931/3979 3004/3956/4004
f 3001/3952/4000 4474/3955/4003 3004/3956/4004 2621/3953/4001
f 2464/3931/3979 2998/3944/3992 4475/3957/4005 3004/3956/4004
f 2998/3944/3992 2145/3873/3921 3005/3958/4006 4475/3957/4005
f 4475/3957/4005 3005/3958/4006 2467/3945/3993 3002/3948/3996
f 3004/3956/4004 4475/3957/4005 3002/3948/3996 2621/3953/4001
f 2470/3959/4007 3006/3960/4008 4476/3961/4009 3009/3962/4010
f 3006/3960/4008 2153/3963/4011 3007/3964/4012 4476/3961/4009
f 4476/3961/4009 3007/3964/4012 2469/3965/4013 3008/3966/4014
f 3009/3962/4010 4476/3961/4009 3008/3966/4014 2622/3967/4015
f 2469/3965/4013 3010/3968/4016 4477/3969/4017 3008/3966/4014
f 3010/3968/4016 2152/3949/3997 2999/3946/3994 4477/3969/4017
f 4477/3969/4017 2999/3946/3994 2467/3945/3993 3011/3970/4018
f 3008/3966/4014 4477/3969/4017 3011/3970/4018 2622/3967/4015
f 2467/3945/3993 3005/3958/4006 4478/3971/4019 3011/3970/4018
f 3005/3958/4006 2145/3873/3921 3012/3972/4020 4478/3971/4019
f 4478/3971/4019 3012/3972/4020 2470/3959/4007 3009/3962/4010
f 3011/3970/4018 4478/3971/4019 3009/3962/4010 2622/3967/4015
f 2473/3973/4021 3013/3974/4022 4479/3975/4023 3016/3976/4024
f 3013/3974/4022 2154/3977/4025 3014/3978/4026 4479/3975/4023
f 4479/3975/4023 3014/3978/4026 2472/3979/4027 3015/3980/4028
f 3016/3976/4024 4479/3975/4023 3015/3980/4028 2623/3981/4029
f 2472/3979/4027 3017/3982/4030 4480/3983/4031 3015/3980/4028
f 3017/3982/4030 2153/3963/4011 3006/3960/4008 4480/3983/4031
f 4480/3983/4031 3006/3960/4008 2470/3959/4007 3018/3984/4032
f 3015/3980/4028 4480/3983/4031 3018/3984/4032 2623/3981/4029
f 2470/3959/4007 3012/3972/4020 4481/3985/4033 3018/3984/4032
f 3012/3972/4020 2145/3873/3921 3019/3986/4034 4481/3985/4033
f 4481/3985/4033 3019/3986/4034 2473/3973/4021 3016/3976/4024
f 3018/3984/4032 4481/3985/4033 3016/3976/4024 2623/3981/4029
f 2446/3869/3917 2960/3868/3916 4482/3987/4035 3022/3988/4036
f 2960/3868/3916 2144/3867/3915 3020/3989/4037 4482/3987/4035
f 4482/3987/4035 3020/3989/4037 2474/3990/4038 3021/3991/4039
f 3022/3988/4036 4482/3987/4035 3021/3991/4039 2624/3992/4040
f 2474/3990/4038 3023/3993/4041 4483/3994/4042 3021/3991/4039
f 3023/3993/4041 2154/3977/4025 3013/3974/4022 4483/3994/4042
f 4483/3994/4042 3013/3974/4022 2473/3973/4021 3024/3995/4043
f 3021/3991/4039 4483/3994/4042 3024/3995/4043 2624/3992/4040
f 2473/3973/4021 3019/3986/4034 4484/3996/4044 3024/3995/4043
f 3019/3986/4034 2145/3873/3921 2962/3871/3919 4484/3996/4044
f 4484/3996/4044 2962/3871/3919 2446/3869/3917 3022/3988/4036
f 3024/3995/4043 4484/3996/4044 3022/3988/4036 2624/3992/4040
f 2388/3997/4045 3025/3998/4046 4485/3999/4047 3028/4000/4048
f 3025/3998/4046 2115/4001/4049 3026/4002/4050 4485/3999/4047
f 4485/3999/4047 3026/4002/4050 2387/4003/4051 3027/4004/4052
f 3028/4000/4048 4485/3999/4047 3027/4004/4052 2625/4005/4053
f 2387/4003/4051 3029/4006/4054 4486/4007/4055 3027/4004/4052
f 3029/4006/4054 2104/3599/3647 2825/3596/3644 4486/4007/4055
f 4486/4007/4055 2825/3596/3644 2266/3595/3643 3030/4008/4056
f 3027/4004/4052 4486/4007/4055 3030/4008/4056 2625/4005/4053
f 2266/3595/3643 2834/3614/3662 4487/4009/4057 3030/4008/4056
f 2834/3614/3662 2103/3613/3661 3031/4010/4058 4487/4009/4057
f 4487/4009/4057 3031/4010/4058 2385/4011/4059 3032/4012/4060
f 3030/4008/4056 4487/4009/4057 3032/4012/4060 2625/4005/4053
f 2385/4011/4059 3033/4013/4061 4488/4014/4062 3032/4012/4060
f 3033/4013/4061 2114/4015/4063 3034/4016/4064 4488/4014/4062
f 4488/4014/4062 3034/4016/4064 2388/3997/4045 3028/4000/4048
f 3032/4012/4060 4488/4014/4062 3028/4000/4048 2625/4005/4053
f 2390/4017/4065 3035/4018/4066 4489/4019/4067 3038/4020/4068
f 3035/4018/4066 2116/4021/4069 3036/4022/4070 4489/4019/4067
f 4489/4019/4067 3036/4022/4070 2389/4023/4071 3037/4024/4072
f 3038/4020/4068 4489/4019/4067 3037/4024/4072 2626/4025/4073
f 2389/4023/4071 3039/4026/4074 4490/4027/4075 3037/4024/4072
f 3039/4026/4074 2105/3619/3667 2835/3616/3664 4490/4027/4075
f 4490/4027/4075 2835/3616/3664 2267/3615/3663 3040/4028/4076
f 3037/4024/4072 4490/4027/4075 3040/4028/4076 2626/4025/4073
f 2267/3615/3663 2842/3630/3678 4491/4029/4077 3040/4028/4076
f 2842/3630/3678 2104/3599/3647 3029/4006/4054 4491/4029/4077
f 4491/4029/4077 3029/4006/4054 2387/4003/4051 3041/4030/4078
f 3040/4028/4076 4491/4029/4077 3041/4030/4078 2626/4025/4073
f 2387/4003/4051 3026/4002/4050 4492/4031/4079 3041/4030/4078
f 3026/4002/4050 2115/4001/4049 3042/4032/4080 4492/4031/4079
f 4492/4031/4079 3042/4032/4080 2390/4017/4065 3038/4020/4068
f 3041/4030/4078 4492/4031/4079 3038/4020/4068 2626/4025/4073
f 2392/4033/4081 3043/4034/4082 4493/4035/4083 3046/4036/4084
f 3043/4034/4082 2117/4037/4085 3044/4038/4086 4493/4035/4083
f 4493/4035/4083 3044/4038/4086 2391/4039/4087 3045/4040/4088
f 3046/4036/4084 4493/4035/4083 3045/4040/4088 2627/4041/4089
f 2391/4039/4087 3047/4042/4090 4494/4043/4091 3045/4040/4088
f 3047/4042/4090 2106/3635/3683 2843/3632/3680 4494/4043/4091
f 4494/4043/4091 2843/3632/3680 2268/3631/3679 3048/4044/4092
f 3045/4040/4088 4494/4043/4091 3048/4044/4092 2627/4041/4089
f 2268/3631/3679 2850/3646/3694 4495/4045/4093 3048/4044/4092
f 2850/3646/3694 2105/3619/3667 3039/4026/4074 4495/4045/4093
f 4495/4045/4093 3039/4026/4074 2389/4023/4071 3049/4046/4094
f 3048/4044/4092 4495/4045/4093 3049/4046/4094 2627/4041/4089
f 2389/4023/4071 3036/4022/4070 4496/4047/4095 3049/4046/4094
f 3036/4022/4070 2116/4021/4069 3050/4048/4096 4496/4047/4095
f 4496/4047/4095 3050/4048/4096 2392/4033/4081 3046/4036/4084
f 3049/4046/4094 4496/4047/4095 3046/4036/4084 2627/4041/4089
f 2394/4049/4097 3051/4050/4098 4497/4051/4099 3054/4052/4100
f 3051/4050/4098 2118/4053/4101 3052/4054/4102 4497/4051/4099
f 4497/4051/4099 3052/4054/4102 2393/4055/4103 3053/4056/4104
f 3054/4052/4100 4497/4051/4099 3053/4056/4104 2628/4057/4105
f 2393/4055/4103 3055/4058/4106 4498/4059/4107 3053/4056/4104
f 3055/4058/4106 2107/3651/3699 2851/3648/3696 4498/4059/4107
f 4498/4059/4107 2851/3648/3696 2269/3647/3695 3056/4060/4108
f 3053/4056/4104 4498/4059/4107 3056/4060/4108 2628/4057/4105
f 2269/3647/3695 2858/3662/3710 4499/4061/4109 3056/4060/4108
f 2858/3662/3710 2106/3635/3683 3047/4042/4090 4499/4061/4109
f 4499/4061/4109 3047/4042/4090 2391/4039/4087 3057/4062/4110
f 3056/4060/4108 4499/4061/4109 3057/4062/4110 2628/4057/4105
f 2391/4039/4087 3044/4038/4086 4500/4063/4111 3057/4062/4110
f 3044/4038/4086 2117/4037/4085 3058/4064/4112 4500/4063/4111
f 4500/4063/4111 3058/4064/4112 2394/4049/4097 3054/4052/4100
f 3057/4062/4110 4500/4063/4111 3054/4052/4100 2628/4057/4105
f 2396/4065/4113 3059/4066/4114 4501/4067/4115 3062/4068/4116
f 3059/4066/4114 2119/4069/4117 3060/4070/4118 4501/4067/4115
f 4501/4067/4115 3060/4070/4118 2395/4071/4119 3061/4072/4120
f 3062/4068/4116 4501/4067/4115 3061/4072/4120 2629/4073/4121
f 2395/4071/4119 3063/4074/4122 4502/4075/4123 3061/4072/4120
f 3063/4074/4122 2108/3667/3715 2859/3664/3712 4502/4075/4123
f 4502/4075/4123 2859/3664/3712 2270/3663/3711 3064/4076/4124
f 3061/4072/4120 4502/4075/4123 3064/4076/4124 2629/4073/4121
f 2270/3663/3711 2866/3678/3726 4503/4077/4125 3064/4076/4124
f 2866/3678/3726 2107/3651/3699 3055/4058/4106 4503/4077/4125
f 4503/4077/4125 3055/4058/4106 2393/4055/4103 3065/4078/4126
f 3064/4076/4124 4503/4077/4125 3065/4078/4126 2629/4073/4121
f 2393/4055/4103 3052/4054/4102 4504/4079/4127 3065/4078/4126
f 3052/4054/4102 2118/4053/4101 3066/4080/4128 4504/4079/4127
f 4504/4079/4127 3066/4080/4128 2396/4065/4113 3062/4068/4116
f 3065/4078/4126 4504/4079/4127 3062/4068/4116 2629/4073/4121
f 2398/4081/4129 3067/4082/4130 4505/4083/4131 3070/4084/4132
f 3067/4082/4130 2120/4085/4133 3068/4086/4134 4505/4083/4131
f 4505/4083/4131 3068/4086/4134 2397/4087/4135 3069/4088/4136
f 3070/4084/4132 4505/4083/4131 3069/4088/4136 2630/4089/4137
f 2397/4087/4135 3071/4090/4138 4506/4091/4139 3069/4088/4136
f 3071/4090/4138 2109/3683/3731 2867/3680/3728 4506/4091/4139
f 4506/4091/4139 2867/3680/3728 2271/3679/3727 3072/4092/4140
f 3069/4088/4136 4506/4091/4139 3072/4092/4140 2630/4089/4137
f 2271/3679/3727 2874/3694/3742 4507/4093/4141 3072/4092/4140
f 2874/3694/3742 2108/3667/3715 3063/4074/4122 4507/4093/4141
f 4507/4093/4141 3063/4074/4122 2395/4071/4119 3073/4094/4142
f 3072/4092/4140 4507/4093/4141 3073/4094/4142 2630/4089/4137
f 2395/4071/4119 3060/4070/4118 4508/4095/4143 3073/4094/4142
f 3060/4070/4118 2119/4069/4117 3074/4096/4144 4508/4095/4143
f 4508/4095/4143 3074/4096/4144 2398/4081/4129 3070/4084/4132
f 3073/4094/4142 4508/4095/4143 3070/4084/4132 2630/4089/4137
f 2400/4097/4145 3075/4098/4146 4509/4099/4147 3078/4100/4148
f 3075/4098/4146 2121/4101/4149 3076/4102/4150 4509/4099/4147
f 4509/4099/4147 3076/4102/4150 2399/4103/4151 3077/4104/4152
f 3078/4100/4148 4509/4099/4147 3077/4104/4152 2631/4105/4153
f 2399/4103/4151 3079/4106/4154 4510/4107/4155 3077/4104/4152
f 3079/4106/4154 2110/3699/3747 2875/3696/3744 4510/4107/4155
f 4510/4107/4155 2875/3696/3744 2272/3695/3743 3080/4108/4156
f 3077/4104/4152 4510/4107/4155 3080/4108/4156 2631/4105/4153
f 2272/3695/3743 2882/3710/3758 4511/4109/4157 3080/4108/4156
f 2882/3710/3758 2109/3683/3731 3071/4090/4138 4511/4109/4157
f 4511/4109/4157 3071/4090/4138 2397/4087/4135 3081/4110/4158
f 3080/4108/4156 4511/4109/4157 3081/4110/4158 2631/4105/4153
f 2397/4087/4135 3068/4086/4134 4512/4111/4159 3081/4110/4158
f 3068/4086/4134 2120/4085/4133 3082/4112/4160 4512/4111/4159
f 4512/4111/4159 3082/4112/4160 2400/4097/4145 3078/4100/4148
f 3081/4110/4158 4512/4111/4159 3078/4100/4148 2631/4105/4153
f 2402/4113/4161 3083/4114/4162 4513/4115/4163 3086/4116/4164
f 3083/4114/4162 2122/4117/4165 3084/4118/4166 4513/4115/4163
f 4513/4115/4163 3084/4118/4166 2401/4119/4167 3085/4120/4168
f 3086/4116/4164 4513/4115/4163 3085/4120/4168 2632/4121/4169
f 2401/4119/4167 3087/4122/4170 4514/4123/4171 3085/4120/4168
f 3087/4122/4170 2111/3715/3763 2883/3712/3760 4514/4123/4171
f 4514/4123/4171 2883/3712/3760 2273/3711/3759 3088/4124/4172
f 3085/4120/4168 4514/4123/4171 3088/4124/4172 2632/4121/4169
f 2273/3711/3759 2890/3726/3774 4515/4125/4173 3088/4124/4172
f 2890/3726/3774 2110/3699/3747 3079/4106/4154 4515/4125/4173
f 4515/4125/4173 3079/4106/4154 2399/4103/4151 3089/4126/4174
f 3088/4124/4172 4515/4125/4173 3089/4126/4174 2632/4121/4169
f 2399/4103/4151 3076/4102/4150 4516/4127/4175 3089/4126/4174
f 3076/4102/4150 2121/4101/4149 3090/4128/4176 4516/4127/4175
f 4516/4127/4175 3090/4128/4176 2402/4113/4161 3086/4116/4164
f 3089/4126/4174 4516/4127/4175 3086/4116/4164 2632/4121/4169
f 2404/4129/4177 3091/4130/4178 4517/4131/4179 3094/4132/4180
f 3091/4130/4178 2123/4133/4181 3092/4134/4182 4517/4131/4179
f 4517/4131/4179 3092/4134/4182 2403/4135/4183 3093/4136/4184
f 3094/4132/4180 4517/4131/4179 3093/4136/4184 2633/4137/4185
f 2403/4135/4183 3095/4138/4186 4518/4139/4187 3093/4136/4184
f 3095/4138/4186 2112/3731/3779 2891/3728/3776 4518/4139/4187
f 4518/4139/4187 2891/3728/3776 2274/3727/3775 3096/4140/4188
f 3093/4136/4184 4518/4139/4187 3096/4140/4188 2633/4137/4185
f 2274/3727/3775 2898/3742/3790 4519/4141/4189 3096/4140/4188
f 2898/3742/3790 2111/3715/3763 3087/4122/4170 4519/4141/4189
f 4519/4141/4189 3087/4122/4170 2401/4119/4167 3097/4142/4190
f 3096/4140/4188 4519/4141/4189 3097/4142/4190 2633/4137/4185
f 2401/4119/4167 3084/4118/4166 4520/4143/4191 3097/4142/4190
f 3084/4118/4166 2122/4117/4165 3098/4144/4192 4520/4143/4191
f 4520/4143/4191 3098/4144/4192 2404/4129/4177 3094/4132/4180
f 3097/4142/4190 4520/4143/4191 3094/4132/4180 2633/4137/4185
f 2386/4145/4193 3099/4146/4194 4521/4147/4195 3101/4148/4196
f 3099/4146/4194 2114/4015/4063 3033/4013/4061 4521/4147/4195
f 4521/4147/4195 3033/4013/4061 2385/4011/4059 3100/4149/4197
f 3101/4148/4196 4521/4147/4195 3100/4149/4197 2634/4150/4198
f 2385/4011/4059 3031/4010/4058 4522/4151/4199 3100/4149/4197
f 3031/4010/4058 2103/3613/3661 2899/3744/3792 4522/4151/4199
f 4522/4151/4199 2899/3744/3792 2265/3743/3791 3102/4152/4200
f 3100/4149/4197 4522/4151/4199 3102/4152/4200 2634/4150/4198
f 2265/3743/3791 2904/3754/3802 4523/4153/4201 3102/4152/4200
f 2904/3754/3802 2112/3731/3779 3095/4138/4186 4523/4153/4201
f 4523/4153/4201 3095/4138/4186 2403/4135/4183 3103/4154/4202
f 3102/4152/4200 4523/4153/4201 3103/4154/4202 2634/4150/4198
f 2403/4135/4183 3092/4134/4182 4524/4155/4203 3103/4154/4202
f 3092/4134/4182 2123/4133/4181 3104/4156/4204 4524/4155/4203
f 4524/4155/4203 3104/4156/4204 2386/4145/4193 3101/4148/4196
f 3103/4154/4202 4524/4155/4203 3101/4148/4196 2634/4150/4198
f 2408/4157/4205 3105/4158/4206 4525/4159/4207 3108/4160/4208
f 3105/4158/4206 2125/4161/4209 3106/4162/4210 4525/4159/4207
f 4525/4159/4207 3106/4162/4210 2407/4163/4211 3107/4164/4212
f 3108/4160/4208 4525/4159/4207 3107/4164/4212 2635/4165/4213
f 2407/4163/4211 3109/4166/4214 4526/4167/4215 3107/4164/4212
f 3109/4166/4214 2115/4001/4049 3025/3998/4046 4526/4167/4215
f 4526/4167/4215 3025/3998/4046 2388/3997/4045 3110/4168/4216
f 3107/4164/4212 4526/4167/4215 3110/4168/4216 2635/4165/4213
f 2388/3997/4045 3034/4016/4064 4527/4169/4217 3110/4168/4216
f 3034/4016/4064 2114/4015/4063 3111/4170/4218 4527/4169/4217
f 4527/4169/4217 3111/4170/4218 2405/4171/4219 3112/4172/4220
f 3110/4168/4216 4527/4169/4217 3112/4172/4220 2635/4165/4213
f 2405/4171/4219 3113/4173/4221 4528/4174/4222 3112/4172/4220
f 3113/4173/4221 2124/4175/4223 3114/4176/4224 4528/4174/4222
f 4528/4174/4222 3114/4176/4224 2408/4157/4205 3108/4160/4208
f 3112/4172/4220 4528/4174/4222 3108/4160/4208 2635/4165/4213
f 2410/4177/4225 3115/4178/4226 4529/4179/4227 3118/4180/4228
f 3115/4178/4226 2126/4181/4229 3116/4182/4230 4529/4179/4227
f 4529/4179/4227 3116/4182/4230 2409/4183/4231 3117/4184/4232
f 3118/4180/4228 4529/4179/4227 3117/4184/4232 2636/4185/4233
f 2409/4183/4231 3119/4186/4234 4530/4187/4235 3117/4184/4232
f 3119/4186/4234 2116/4021/4069 3035/4018/4066 4530/4187/4235
f 4530/4187/4235 3035/4018/4066 2390/4017/4065 3120/4188/4236
f 3117/4184/4232 4530/4187/4235 3120/4188/4236 2636/4185/4233
f 2390/4017/4065 3042/4032/4080 4531/4189/4237 3120/4188/4236
f 3042/4032/4080 2115/4001/4049 3109/4166/4214 4531/4189/4237
f 4531/4189/4237 3109/4166/4214 2407/4163/4211 3121/4190/4238
f 3120/4188/4236 4531/4189/4237 3121/4190/4238 2636/4185/4233
f 2407/4163/4211 3106/4162/4210 4532/4191/4239 3121/4190/4238
f 3106/4162/4210 2125/4161/4209 3122/4192/4240 4532/4191/4239
f 4532/4191/4239 3122/4192/4240 2410/4177/4225 3118/4180/4228
f 3121/4190/4238 4532/4191/4239 3118/4180/4228 2636/4185/4233
f 2412/4193/4241 3123/4194/4242 4533/4195/4243 3126/4196/4244
f 3123/4194/4242 2127/4197/4245 3124/4198/4246 4533/4195/4243
f 4533/4195/4243 3124/4198/4246 2411/4199/4247 3125/4200/4248
f 3126/4196/4244 4533/4195/4243 3125/4200/4248 2637/4201/4249
f 2411/4199/4247 3127/4202/4250 4534/4203/4251 3125/4200/4248
f 3127/4202/4250 2117/4037/4085 3043/4034/4082 4534/4203/4251
f 4534/4203/4251 3043/4034/4082 2392/4033/4081 3128/4204/4252
f 3125/4200/4248 4534/4203/4251 3128/4204/4252 2637/4201/4249
f 2392/4033/4081 3050/4048/4096 4535/4205/4253 3128/4204/4252
f 3050/4048/4096 2116/4021/4069 3119/4186/4234 4535/4205/4253
f 4535/4205/4253 3119/4186/4234 2409/4183/4231 3129/4206/4254
f 3128/4204/4252 4535/4205/4253 3129/4206/4254 2637/4201/4249
f 2409/4183/4231 3116/4182/4230 4536/4207/4255 3129/4206/4254
f 3116/4182/4230 2126/4181/4229 3130/4208/4256 4536/4207/4255
f 4536/4207/4255 3130/4208/4256 2412/4193/4241 3126/4196/4244
f 3129/4206/4254 4536/4207/4255 3126/4196/4244 2637/4201/4249
f 2414/4209/4257 3131/4210/4258 4537/4211/4259 3134/4212/4260
f 3131/4210/4258 2128/4213/4261 3132/4214/4262 4537/4211/4259
f 4537/4211/4259 3132/4214/4262 2413/4215/4263 3133/4216/4264
f 3134/4212/4260 4537/4211/4259 3133/4216/4264 2638/4217/4265
f 2413/4215/4263 3135/4218/4266 4538/4219/4267 3133/4216/4264
f 3135/4218/4266 2118/4053/4101 3051/4050/4098 4538/4219/4267
f 4538/4219/4267 3051/4050/4098 2394/4049/4097 3136/4220/4268
f 3133/4216/4264 4538/4219/4267 3136/4220/4268 2638/4217/4265
f 2394/4049/4097 3058/4064/4112 4539/4221/4269 3136/4220/4268
f 3058/4064/4112 2117/4037/4085 3127/4202/4250 4539/4221/4269
f 4539/4221/4269 3127/4202/4250 2411/4199/4247 3137/4222/4270
f 3136/4220/4268 4539/4221/4269 3137/4222/4270 2638/4217/4265
f 2411/4199/4247 3124/4198/4246 4540/4223/4271 3137/4222/4270
f 3124/4198/4246 2127/4197/4245 3138/4224/4272 4540/4223/4271
f 4540/4223/4271 3138/4224/4272 2414/4209/4257 3134/4212/4260
f 3137/4222/4270 4540/4223/4271 3134/4212/4260 2638/4217/4265
f 2416/4225/4273 3139/4226/4274 4541/4227/4275 3142/4228/4276
f 3139/4226/4274 2129/4229/4277 3140/4230/4278 4541/4227/4275
f 4541/4227/4275 3140/4230/4278 2415/4231/4279 3141/4232/4280
f 3142/4228/4276 4541/4227/4275 3141/4232/4280 2639/4233/4281
f 2415/4231/4279 3143/4234/4282 4542/4235/4283 3141/4232/4280
f 3143/4234/4282 2119/4069/4117 3059/4066/4114 4542/4235/4283
f 4542/4235/4283 3059/4066/4114 2396/4065/4113 3144/4236/4284
f 3141/4232/4280 4542/4235/4283 3144/4236/4284 2639/4233/4281
f 2396/4065/4113 3066/4080/4128 4543/4237/4285 3144/4236/4284
f 3066/4080/4128 2118/4053/4101 3135/4218/4266 4543/4237/4285
f 4543/4237/4285 3135/4218/4266 2413/4215/4263 3145/4238/4286
f 3144/4236/4284 4543/4237/4285 3145/4238/4286 2639/4233/4281
f 2413/4215/4263 3132/4214/4262 4544/4239/4287 3145/4238/4286
f 3132/4214/4262 2128/4213/4261 3146/4240/4288 4544/4239/4287
f 4544/4239/4287 3146/4240/4288 2416/4225/4273 3142/4228/4276
f 3145/4238/4286 4544/4239/4287 3142/4228/4276 2639/4233/4281
f 2418/4241/4289 3147/4242/4290 4545/4243/4291 3150/4244/4292
f 3147/4242/4290 2130/4245/4293 3148/4246/4294 4545/4243/4291
f 4545/4243/4291 3148/4246/4294 2417/4247/4295 3149/4248/4296
f 3150/4244/4292 4545/4243/4291 3149/4248/4296 2640/4249/4297
f 2417/4247/4295 3151/4250/4298 4546/4251/4299 3149/4248/4296
f 3151/4250/4298 2120/4085/4133 3067/4082/4130 4546/4251/4299
f 4546/4251/4299 3067/4082/4130 2398/4081/4129 3152/4252/4300
f 3149/4248/4296 4546/4251/4299 3152/4252/4300 2640/4249/4297
f 2398/4081/4129 3074/4096/4144 4547/4253/4301 3152/4252/4300
f 3074/4096/4144 2119/4069/4117 3143/4234/4282 4547/4253/4301
f 4547/4253/4301 3143/4234/4282 2415/4231/4279 3153/4254/4302
f 3152/4252/4300 4547/4253/4301 3153/4254/4302 2640/4249/4297
f 2415/4231/4279 3140/4230/4278 4548/4255/4303 3153/4254/4302
f 3140/4230/4278 2129/4229/4277 3154/4256/4304 4548/4255/4303
f 4548/4255/4303 3154/4256/4304 2418/4241/4289 3150/4244/4292
f 3153/4254/4302 4548/4255/4303 3150/4244/4292 2640/4249/4297
f 2420/4257/4305 3155/4258/4306 4549/4259/4307 3158/4260/4308
f 3155/4258/4306 2131/4261/4309 3156/4262/4310 4549/4259/4307
f 4549/4259/4307 3156/4262/4310 2419/4263/4311 3157/4264/4312
f 3158/4260/4308 4549/4259/4307 3157/4264/4312 2641/4265/4313
f 2419/4263/4311 3159/4266/4314 4550/4267/4315 3157/4264/4312
f 3159/4266/4314 2121/4101/4149 3075/4098/4146 4550/4267/4315
f 4550/4267/4315 3075/4098/4146 2400/4097/4145 3160/4268/4316
f 3157/4264/4312 4550/4267/4315 3160/4268/4316 2641/4265/4313
f 2400/4097/4145 3082/4112/4160 4551/4269/4317 3160/4268/4316
f 3082/4112/4160 2120/4085/4133 3151/4250/4298 4551/4269/4317
f 4551/4269/4317 3151/4250/4298 2417/4247/4295 3161/4270/4318
f 3160/4268/4316 4551/4269/4317 3161/4270/4318 2641/4265/4313
f 2417/4247/4295 3148/4246/4294 4552/4271/4319 3161/4270/4318
f 3148/4246/4294 2130/4245/4293 3162/4272/4320 4552/4271/4319
f 4552/4271/4319 3162/4272/4320 2420/4257/4305 3158/4260/4308
f 3161/4270/4318 4552/4271/4319 3158/4260/4308 2641/4265/4313
f 2422/4273/4321 3163/4274/4322 4553/4275/4323 3166/4276/4324
f 3163/4274/4322 2132/4277/4325 3164/4278/4326 4553/4275/4323
f 4553/4275/4323 3164/4278/4326 2421/4279/4327 3165/4280/4328
f 3166/4276/4324 4553/4275/4323 3165/4280/4328 2642/4281/4329
f 2421/4279/4327 3167/4282/4330 4554/4283/4331 3165/4280/4328
f 3167/4282/4330 2122/4117/4165 3083/4114/4162 4554/4283/4331
f 4554/4283/4331 3083/4114/4162 2402/4113/4161 3168/4284/4332
f 3165/4280/4328 4554/4283/4331 3168/4284/4332 2642/4281/4329
f 2402/4113/4161 3090/4128/4176 4555/4285/4333 3168/4284/4332
f 3090/4128/4176 2121/4101/4149 3159/4266/4314 4555/4285/4333
f 4555/4285/4333 3159/4266/4314 2419/4263/4311 3169/4286/4334
f 3168/4284/4332 4555/4285/4333 3169/4286/4334 2642/4281/4329
f 2419/4263/4311 3156/4262/4310 4556/4287/4335 3169/4286/4334
f 3156/4262/4310 2131/4261/4309 3170/4288/4336 4556/4287/4335
f 4556/4287/4335 3170/4288/4336 2422/4273/4321 3166/4276/4324
f 3169/4286/4334 4556/4287/4335 3166/4276/4324 2642/4281/4329
f 2424/4289/4337 3171/4290/4338 4557/4291/4339 3174/4292/4340
f 3171/4290/4338 2133/4293/4341 3172/4294/4342 4557/4291/4339
f 4557/4291/4339 3172/4294/4342 2423/4295/4343 3173/4296/4344
f 3174/4292/4340 4557/4291/4339 3173/4296/4344 2643/4297/4345
f 2423/4295/4343 3175/4298/4346 4558/4299/4347 3173/4296/4344
f 3175/4298/4346 2123/4133/4181 3091/4130/4178 4558/4299/4347
f 4558/4299/4347 3091/4130/4178 2404/4129/4177 3176/4300/4348
f 3173/4296/4344 4558/4299/4347 3176/4300/4348 2643/4297/4345
f 2404/4129/4177 3098/4144/4192 4559/4301/4349 3176/4300/4348
f 3098/4144/4192 2122/4117/4165 3167/4282/4330 4559/4301/4349
f 4559/4301/4349 3167/4282/4330 2421/4279/4327 3177/4302/4350
f 3176/4300/4348 4559/4301/4349 3177/4302/4350 2643/4297/4345
f 2421/4279/4327 3164/4278/4326 4560/4303/4351 3177/4302/4350
f 3164/4278/4326 2132/4277/4325 3178/4304/4352 4560/4303/4351
f 4560/4303/4351 3178/4304/4352 2424/4289/4337 3174/4292/4340
f 3177/4302/4350 4560/4303/4351 3174/4292/4340 2643/4297/4345
f 2406/4305/4353 3179/4306/4354 4561/4307/4355 3181/4308/4356
f 3179/4306/4354 2124/4175/4223 3113/4173/4221 4561/4307/4355
f 4561/4307/4355 3113/4173/4221 2405/4171/4219 3180/4309/4357
f 3181/4308/4356 4561/4307/4355 3180/4309/4357 2644/4310/4358
f 2405/4171/4219 3111/4170/4218 4562/4311/4359 3180/4309/4357
f 3111/4170/4218 2114/4015/4063 3099/4146/4194 4562/4311/4359
f 4562/4311/4359 3099/4146/4194 2386/4145/4193 3182/4312/4360
f 3180/4309/4357 4562/4311/4359 3182/4312/4360 2644/4310/4358
f 2386/4145/4193 3104/4156/4204 4563/4313/4361 3182/4312/4360
f 3104/4156/4204 2123/4133/4181 3175/4298/4346 4563/4313/4361
f 4563/4313/4361 3175/4298/4346 2423/4295/4343 3183/4314/4362
f 3182/4312/4360 4563/4313/4361 3183/4314/4362 2644/4310/4358
f 2423/4295/4343 3172/4294/4342 4564/4315/4363 3183/4314/4362
f 3172/4294/4342 2133/4293/4341 3184/4316/4364 4564/4315/4363
f 4564/4315/4363 3184/4316/4364 2406/4305/4353 3181/4308/4356
f 3183/4314/4362 4564/4315/4363 3181/4308/4356 2644/4310/4358
f 2428/4317/4365 3185/4318/4366 4565/4319/4367 3188/4320/4368
f 3185/4318/4366 2135/4321/4369 3186/4322/4370 4565/4319/4367
f 4565/4319/4367 3186/4322/4370 2427/4323/4371 3187/4324/4372
f 3188/4320/4368 4565/4319/4367 3187/4324/4372 2645/4325/4373
f 2427/4323/4371 3189/4326/4374 4566/4327/4375 3187/4324/4372
f 3189/4326/4374 2125/4161/4209 3105/4158/4206 4566/4327/4375
f 4566/4327/4375 3105/4158/4206 2408/4157/4205 3190/4328/4376
f 3187/4324/4372 4566/4327/4375 3190/4328/4376 2645/4325/4373
f 2408/4157/4205 3114/4176/4224 4567/4329/4377 3190/4328/4376
f 3114/4176/4224 2124/4175/4223 3191/4330/4378 4567/4329/4377
f 4567/4329/4377 3191/4330/4378 2425/4331/4379 3192/4332/4380
f 3190/4328/4376 4567/4329/4377 3192/4332/4380 2645/4325/4373
f 2425/4331/4379 3193/4333/4381 4568/4334/4382 3192/4332/4380
f 3193/4333/4381 2134/4335/4383 3194/4336/4384 4568/4334/4382
f 4568/4334/4382 3194/4336/4384 2428/4317/4365 3188/4320/4368
f 3192/4332/4380 4568/4334/4382 3188/4320/4368 2645/4325/4373
f 2430/4337/4385 3195/4338/4386 4569/4339/4387 3198/4340/4388
f 3195/4338/4386 2136/4341/4389 3196/4342/4390 4569/4339/4387
f 4569/4339/4387 3196/4342/4390 2429/4343/4391 3197/4344/4392
f 3198/4340/4388 4569/4339/4387 3197/4344/4392 2646/4345/4393
f 2429/4343/4391 3199/4346/4394 4570/4347/4395 3197/4344/4392
f 3199/4346/4394 2126/4181/4229 3115/4178/4226 4570/4347/4395
f 4570/4347/4395 3115/4178/4226 2410/4177/4225 3200/4348/4396
f 3197/4344/4392 4570/4347/4395 3200/4348/4396 2646/4345/4393
f 2410/4177/4225 3122/4192/4240 4571/4349/4397 3200/4348/4396
f 3122/4192/4240 2125/4161/4209 3189/4326/4374 4571/4349/4397
f 4571/4349/4397 3189/4326/4374 2427/4323/4371 3201/4350/4398
f 3200/4348/4396 4571/4349/4397 3201/4350/4398 2646/4345/4393
f 2427/4323/4371 3186/4322/4370 4572/4351/4399 3201/4350/4398
f 3186/4322/4370 2135/4321/4369 3202/4352/4400 4572/4351/4399
f 4572/4351/4399 3202/4352/4400 2430/4337/4385 3198/4340/4388
f 3201/4350/4398 4572/4351/4399 3198/4340/4388 2646/4345/4393
f 2432/4353/4401 3203/4354/4402 4573/4355/4403 3206/4356/4404
f 3203/4354/4402 2137/4357/4405 3204/4358/4406 4573/4355/4403
f 4573/4355/4403 3204/4358/4406 2431/4359/4407 3205/4360/4408
f 3206/4356/4404 4573/4355/4403 3205/4360/4408 2647/4361/4409
f 2431/4359/4407 3207/4362/4410 4574/4363/4411 3205/4360/4408
f 3207/4362/4410 2127/4197/4245 3123/4194/4242 4574/4363/4411
f 4574/4363/4411 3123/4194/4242 2412/4193/4241 3208/4364/4412
f 3205/4360/4408 4574/4363/4411 3208/4364/4412 2647/4361/4409
f 2412/4193/4241 3130/4208/4256 4575/4365/4413 3208/4364/4412
f 3130/4208/4256 2126/4181/4229 3199/4346/4394 4575/4365/4413
f 4575/4365/4413 3199/4346/4394 2429/4343/4391 3209/4366/4414
f 3208/4364/4412 4575/4365/4413 3209/4366/4414 2647/4361/4409
f 2429/4343/4391 3196/4342/4390 4576/4367/4415 3209/4366/4414
f 3196/4342/4390 2136/4341/4389 3210/4368/4416 4576/4367/4415
f 4576/4367/4415 3210/4368/4416 2432/4353/4401 3206/4356/4404
f 3209/4366/4414 4576/4367/4415 3206/4356/4404 2647/4361/4409
f 2434/4369/4417 3211/4370/4418 4577/4371/4419 3214/4372/4420
f 3211/4370/4418 2138/4373/4421 3212/4374/4422 4577/4371/4419
f 4577/4371/4419 3212/4374/4422 2433/4375/4423 3213/4376/4424
f 3214/4372/4420 4577/4371/4419 3213/4376/4424 2648/4377/4425
f 2433/4375/4423 3215/4378/4426 4578/4379/4427 3213/4376/4424
f 3215/4378/4426 2128/4213/4261 3131/4210/4258 4578/4379/4427
f 4578/4379/4427 3131/4210/4258 2414/4209/4257 3216/4380/4428
f 3213/4376/4424 4578/4379/4427 3216/4380/4428 2648/4377/4425
f 2414/4209/4257 3138/4224/4272 4579/4381/4429 3216/4380/4428
f 3138/4224/4272 2127/4197/4245 3207/4362/4410 4579/4381/4429
f 4579/4381/4429 3207/4362/4410 2431/4359/4407 3217/4382/4430
f 3216/4380/4428 4579/4381/4429 3217/4382/4430 2648/4377/4425
f 2431/4359/4407 3204/4358/4406 4580/4383/4431 3217/4382/4430
f 3204/4358/4406 2137/4357/4405 3218/4384/4432 4580/4383/4431
f 4580/4383/4431 3218/4384/4432 2434/4369/4417 3214/4372/4420
f 3217/4382/4430 4580/4383/4431 3214/4372/4420 2648/4377/4425
f 2436/4385/4433 3219/4386/4434 4581/4387/4435 3222/4388/4436
f 3219/4386/4434 2139/4389/4437 3220/4390/4438 4581/4387/4435
f 4581/4387/4435 3220/4390/4438 2435/4391/4439 3221/4392/4440
f 3222/4388/4436 4581/4387/4435 3221/4392/4440 2649/4393/4441
f 2435/4391/4439 3223/4394/4442 4582/4395/4443 3221/4392/4440
f 3223/4394/4442 2129/4229/4277 3139/4226/4274 4582/4395/4443
f 4582/4395/4443 3139/4226/4274 2416/4225/4273 3224/4396/4444
f 3221/4392/4440 4582/4395/4443 3224/4396/4444 2649/4393/4441
f 2416/4225/4273 3146/4240/4288 4583/4397/4445 3224/4396/4444
f 3146/4240/4288 2128/4213/4261 3215/4378/4426 4583/4397/4445
f 4583/4397/4445 3215/4378/4426 2433/4375/4423 3225/4398/4446
f 3224/4396/4444 4583/4397/4445 3225/4398/4446 2649/4393/4441
f 2433/4375/4423 3212/4374/4422 4584/4399/4447 3225/4398/4446
f 3212/4374/4422 2138/4373/4421 3226/4400/4448 4584/4399/4447
f 4584/4399/4447 3226/4400/4448 2436/4385/4433 3222/4388/4436
f 3225/4398/4446 4584/4399/4447 3222/4388/4436 2649/4393/4441
f 2438/4401/4449 3227/4402/4450 4585/4403/4451 3230/4404/4452
f 3227/4402/4450 2140/4405/4453 3228/4406/4454 4585/4403/4451
f 4585/4403/4451 3228/4406/4454 2437/4407/4455 3229/4408/4456
f 3230/4404/4452 4585/4403/4451 3229/4408/4456 2650/4409/4457
f 2437/4407/4455 3231/4410/4458 4586/4411/4459 3229/4408/4456
f 3231/4410/4458 2130/4245/4293 3147/4242/4290 4586/4411/4459
f 4586/4411/4459 3147/4242/4290 2418/4241/4289 3232/4412/4460
f 3229/4408/4456 4586/4411/4459 3232/4412/4460 2650/4409/4457
f 2418/4241/4289 3154/4256/4304 4587/4413/4461 3232/4412/4460
f 3154/4256/4304 2129/4229/4277 3223/4394/4442 4587/4413/4461
f 4587/4413/4461 3223/4394/4442 2435/4391/4439 3233/4414/4462
f 3232/4412/4460 4587/4413/4461 3233/4414/4462 2650/4409/4457
f 2435/4391/4439 3220/4390/4438 4588/4415/4463 3233/4414/4462
f 3220/4390/4438 2139/4389/4437 3234/4416/4464 4588/4415/4463
f 4588/4415/4463 3234/4416/4464 2438/4401/4449 3230/4404/4452
f 3233/4414/4462 4588/4415/4463 3230/4404/4452 2650/4409/4457
f 2440/4417/4465 3235/4418/4466 4589/4419/4467 3238/4420/4468
f 3235/4418/4466 2141/4421/4469 3236/4422/4470 4589/4419/4467
f 4589/4419/4467 3236/4422/4470 2439/4423/4471 3237/4424/4472
f 3238/4420/4468 4589/4419/4467 3237/4424/4472 2651/4425/4473
f 2439/4423/4471 3239/4426/4474 4590/4427/4475 3237/4424/4472
f 3239/4426/4474 2131/4261/4309 3155/4258/4306 4590/4427/4475
f 4590/4427/4475 3155/4258/4306 2420/4257/4305 3240/4428/4476
f 3237/4424/4472 4590/4427/4475 3240/4428/4476 2651/4425/4473
f 2420/4257/4305 3162/4272/4320 4591/4429/4477 3240/4428/4476
f 3162/4272/4320 2130/4245/4293 3231/4410/4458 4591/4429/4477
f 4591/4429/4477 3231/4410/4458 2437/4407/4455 3241/4430/4478
f 3240/4428/4476 4591/4429/4477 3241/4430/4478 2651/4425/4473
f 2437/4407/4455 3228/4406/4454 4592/4431/4479 3241/4430/4478
f 3228/4406/4454 2140/4405/4453 3242/4432/4480 4592/4431/4479
f 4592/4431/4479 3242/4432/4480 2440/4417/4465 3238/4420/4468
f 3241/4430/4478 4592/4431/4479 3238/4420/4468 2651/4425/4473
f 2442/4433/4481 3243/4434/4482 4593/4435/4483 3246/4436/4484
f 3243/4434/4482 2142/4437/4485 3244/4438/4486 4593/4435/4483
f 4593/4435/4483 3244/4438/4486 2441/4439/4487 3245/4440/4488
f 3246/4436/4484 4593/4435/4483 3245/4440/4488 2652/4441/4489
f 2441/4439/4487 3247/4442/4490 4594/4443/4491 3245/4440/4488
f 3247/4442/4490 2132/4277/4325 3163/4274/4322 4594/4443/4491
f 4594/4443/4491 3163/4274/4322 2422/4273/4321 3248/4444/4492
f 3245/4440/4488 4594/4443/4491 3248/4444/4492 2652/4441/4489
f 2422/4273/4321 3170/4288/4336 4595/4445/4493 3248/4444/4492
f 3170/4288/4336 2131/4261/4309 3239/4426/4474 4595/4445/4493
f 4595/4445/4493 3239/4426/4474 2439/4423/4471 3249/4446/4494
f 3248/4444/4492 4595/4445/4493 3249/4446/4494 2652/4441/4489
f 2439/4423/4471 3236/4422/4470 4596/4447/4495 3249/4446/4494
f 3236/4422/4470 2141/4421/4469 3250/4448/4496 4596/4447/4495
f 4596/4447/4495 3250/4448/4496 2442/4433/4481 3246/4436/4484
f 3249/4446/4494 4596/4447/4495 3246/4436/4484 2652/4441/4489
f 2444/4449/4497 3251/4450/4498 4597/4451/4499 3254/4452/4500
f 3251/4450/4498 2143/4453/4501 3252/4454/4502 4597/4451/4499
f 4597/4451/4499 3252/4454/4502 2443/4455/4503 3253/4456/4504
f 3254/4452/4500 4597/4451/4499 3253/4456/4504 2653/4457/4505
f 2443/4455/4503 3255/4458/4506 4598/4459/4507 3253/4456/4504
f 3255/4458/4506 2133/4293/4341 3171/4290/4338 4598/4459/4507
f 4598/4459/4507 3171/4290/4338 2424/4289/4337 3256/4460/4508
f 3253/4456/4504 4598/4459/4507 3256/4460/4508 2653/4457/4505
f 2424/4289/4337 3178/4304/4352 4599/4461/4509 3256/4460/4508
f 3178/4304/4352 2132/4277/4325 3247/4442/4490 4599/4461/4509
f 4599/4461/4509 3247/4442/4490 2441/4439/4487 3257/4462/4510
f 3256/4460/4508 4599/4461/4509 3257/4462/4510 2653/4457/4505
f 2441/4439/4487 3244/4438/4486 4600/4463/4511 3257/4462/4510
f 3244/4438/4486 2142/4437/4485 3258/4464/4512 4600/4463/4511
f 4600/4463/4511 3258/4464/4512 2444/4449/4497 3254/4452/4500
f 3257/4462/4510 4600/4463/4511 3254/4452/4500 2653/4457/4505
f 2426/4465/4513 3259/4466/4514 4601/4467/4515 3261/4468/4516
f 3259/4466/4514 2134/4335/4383 3193/4333/4381 4601/4467/4515
f 4601/4467/4515 3193/4333/4381 2425/4331/4379 3260/4469/4517
f 3261/4468/4516 4601/4467/4515 3260/4469/4517 2654/4470/4518
f 2425/4331/4379 3191/4330/4378 4602/4471/4519 3260/4469/4517
f 3191/4330/4378 2124/4175/4223 3179/4306/4354 4602/4471/4519
f 4602/4471/4519 3179/4306/4354 2406/4305/4353 3262/4472/4520
f 3260/4469/4517 4602/4471/4519 3262/4472/4520 2654/4470/4518
f 2406/4305/4353 3184/4316/4364 4603/4473/4521 3262/4472/4520
f 3184/4316/4364 2133/4293/4341 3255/4458/4506 4603/4473/4521
f 4603/4473/4521 3255/4458/4506 2443/4455/4503 3263/4474/4522
f 3262/4472/4520 4603/4473/4521 3263/4474/4522 2654/4470/4518
f 2443/4455/4503 3252/4454/4502 4604/4475/4523 3263/4474/4522
f 3252/4454/4502 2143/4453/4501 3264/4476/4524 4604/4475/4523
f 4604/4475/4523 3264/4476/4524 2426/4465/4513 3261/4468/4516
f 3263/4474/4522 4604/4475/4523 3261/4468/4516 2654/4470/4518
f 2448/3862/3910 2956/3861/3909 4605/4477/4525 3267/4478/4526
f 2956/3861/3909 2146/3860/3908 3265/4479/4527 4605/4477/4525
f 4605/4477/4525 3265/4479/4527 2447/4480/4528 3266/4481/4529
f 3267/4478/4526 4605/4477/4525 3266/4481/4529 2655/4482/4530
f 2447/4480/4528 3268/4483/4531 4606/4484/4532 3266/4481/4529
f 3268/4483/4531 2135/4321/4369 3185/4318/4366 4606/4484/4532
f 4606/4484/4532 3185/4318/4366 2428/4317/4365 3269/4485/4533
f 3266/4481/4529 4606/4484/4532 3269/4485/4533 2655/4482/4530
f 2428/4317/4365 3194/4336/4384 4607/4486/4534 3269/4485/4533
f 3194/4336/4384 2134/4335/4383 3270/4487/4535 4607/4486/4534
f 4607/4486/4534 3270/4487/4535 2445/4488/4536 3271/4489/4537
f 3269/4485/4533 4607/4486/4534 3271/4489/4537 2655/4482/4530
f 2445/4488/4536 3272/4490/4538 4608/4491/4539 3271/4489/4537
f 3272/4490/4538 2144/3867/3915 2959/3865/3913 4608/4491/4539
f 4608/4491/4539 2959/3865/3913 2448/3862/3910 3267/4478/4526
f 3271/4489/4537 4608/4491/4539 3267/4478/4526 2655/4482/4530
f 2451/3881/3929 2965/3880/3928 4609/4492/4540 3275/4493/4541
f 2965/3880/3928 2147/3879/3927 3273/4494/4542 4609/4492/4540
f 4609/4492/4540 3273/4494/4542 2450/4495/4543 3274/4496/4544
f 3275/4493/4541 4609/4492/4540 3274/4496/4544 2656/4497/4545
f 2450/4495/4543 3276/4498/4546 4610/4499/4547 3274/4496/4544
f 3276/4498/4546 2136/4341/4389 3195/4338/4386 4610/4499/4547
f 4610/4499/4547 3195/4338/4386 2430/4337/4385 3277/4500/4548
f 3274/4496/4544 4610/4499/4547 3277/4500/4548 2656/4497/4545
f 2430/4337/4385 3202/4352/4400 4611/4501/4549 3277/4500/4548
f 3202/4352/4400 2135/4321/4369 3268/4483/4531 4611/4501/4549
f 4611/4501/4549 3268/4483/4531 2447/4480/4528 3278/4502/4550
f 3277/4500/4548 4611/4501/4549 3278/4502/4550 2656/4497/4545
f 2447/4480/4528 3265/4479/4527 4612/4503/4551 3278/4502/4550
f 3265/4479/4527 2146/3860/3908 2968/3884/3932 4612/4503/4551
f 4612/4503/4551 2968/3884/3932 2451/3881/3929 3275/4493/4541
f 3278/4502/4550 4612/4503/4551 3275/4493/4541 2656/4497/4545
f 2454/3895/3943 2972/3894/3942 4613/4504/4552 3281/4505/4553
f 2972/3894/3942 2148/3893/3941 3279/4506/4554 4613/4504/4552
f 4613/4504/4552 3279/4506/4554 2453/4507/4555 3280/4508/4556
f 3281/4505/4553 4613/4504/4552 3280/4508/4556 2657/4509/4557
f 2453/4507/4555 3282/4510/4558 4614/4511/4559 3280/4508/4556
f 3282/4510/4558 2137/4357/4405 3203/4354/4402 4614/4511/4559
f 4614/4511/4559 3203/4354/4402 2432/4353/4401 3283/4512/4560
f 3280/4508/4556 4614/4511/4559 3283/4512/4560 2657/4509/4557
f 2432/4353/4401 3210/4368/4416 4615/4513/4561 3283/4512/4560
f 3210/4368/4416 2136/4341/4389 3276/4498/4546 4615/4513/4561
f 4615/4513/4561 3276/4498/4546 2450/4495/4543 3284/4514/4562
f 3283/4512/4560 4615/4513/4561 3284/4514/4562 2657/4509/4557
f 2450/4495/4543 3273/4494/4542 4616/4515/4563 3284/4514/4562
f 3273/4494/4542 2147/3879/3927 2975/3898/3946 4616/4515/4563
f 4616/4515/4563 2975/3898/3946 2454/3895/3943 3281/4505/4553
f 3284/4514/4562 4616/4515/4563 3281/4505/4553 2657/4509/4557
f 2457/3909/3957 2979/3908/3956 4617/4516/4564 3287/4517/4565
f 2979/3908/3956 2149/3907/3955 3285/4518/4566 4617/4516/4564
f 4617/4516/4564 3285/4518/4566 2456/4519/4567 3286/4520/4568
f 3287/4517/4565 4617/4516/4564 3286/4520/4568 2658/4521/4569
f 2456/4519/4567 3288/4522/4570 4618/4523/4571 3286/4520/4568
f 3288/4522/4570 2138/4373/4421 3211/4370/4418 4618/4523/4571
f 4618/4523/4571 3211/4370/4418 2434/4369/4417 3289/4524/4572
f 3286/4520/4568 4618/4523/4571 3289/4524/4572 2658/4521/4569
f 2434/4369/4417 3218/4384/4432 4619/4525/4573 3289/4524/4572
f 3218/4384/4432 2137/4357/4405 3282/4510/4558 4619/4525/4573
f 4619/4525/4573 3282/4510/4558 2453/4507/4555 3290/4526/4574
f 3289/4524/4572 4619/4525/4573 3290/4526/4574 2658/4521/4569
f 2453/4507/4555 3279/4506/4554 4620/4527/4575 3290/4526/4574
f 3279/4506/4554 2148/3893/3941 2982/3912/3960 4620/4527/4575
f 4620/4527/4575 2982/3912/3960 2457/3909/3957 3287/4517/4565
f 3290/4526/4574 4620/4527/4575 3287/4517/4565 2658/4521/4569
f 2460/3923/3971 2986/3922/3970 4621/4528/4576 3293/4529/4577
f 2986/3922/3970 2150/3921/3969 3291/4530/4578 4621/4528/4576
f 4621/4528/4576 3291/4530/4578 2459/4531/4579 3292/4532/4580
f 3293/4529/4577 4621/4528/4576 3292/4532/4580 2659/4533/4581
f 2459/4531/4579 3294/4534/4582 4622/4535/4583 3292/4532/4580
f 3294/4534/4582 2139/4389/4437 3219/4386/4434 4622/4535/4583
f 4622/4535/4583 3219/4386/4434 2436/4385/4433 3295/4536/4584
f 3292/4532/4580 4622/4535/4583 3295/4536/4584 2659/4533/4581
f 2436/4385/4433 3226/4400/4448 4623/4537/4585 3295/4536/4584
f 3226/4400/4448 2138/4373/4421 3288/4522/4570 4623/4537/4585
f 4623/4537/4585 3288/4522/4570 2456/4519/4567 3296/4538/4586
f 3295/4536/4584 4623/4537/4585 3296/4538/4586 2659/4533/4581
f 2456/4519/4567 3285/4518/4566 4624/4539/4587 3296/4538/4586
f 3285/4518/4566 2149/3907/3955 2989/3926/3974 4624/4539/4587
f 4624/4539/4587 2989/3926/3974 2460/3923/3971 3293/4529/4577
f 3296/4538/4586 4624/4539/4587 3293/4529/4577 2659/4533/4581
f 2463/3937/3985 2993/3936/3984 4625/4540/4588 3299/4541/4589
f 2993/3936/3984 2151/3935/3983 3297/4542/4590 4625/4540/4588
f 4625/4540/4588 3297/4542/4590 2462/4543/4591 3298/4544/4592
f 3299/4541/4589 4625/4540/4588 3298/4544/4592 2660/4545/4593
f 2462/4543/4591 3300/4546/4594 4626/4547/4595 3298/4544/4592
f 3300/4546/4594 2140/4405/4453 3227/4402/4450 4626/4547/4595
f 4626/4547/4595 3227/4402/4450 2438/4401/4449 3301/4548/4596
f 3298/4544/4592 4626/4547/4595 3301/4548/4596 2660/4545/4593
f 2438/4401/4449 3234/4416/4464 4627/4549/4597 3301/4548/4596
f 3234/4416/4464 2139/4389/4437 3294/4534/4582 4627/4549/4597
f 4627/4549/4597 3294/4534/4582 2459/4531/4579 3302/4550/4598
f 3301/4548/4596 4627/4549/4597 3302/4550/4598 2660/4545/4593
f 2459/4531/4579 3291/4530/4578 4628/4551/4599 3302/4550/4598
f 3291/4530/4578 2150/3921/3969 2996/3940/3988 4628/4551/4599
f 4628/4551/4599 2996/3940/3988 2463/3937/3985 3299/4541/4589
f 3302/4550/4598 4628/4551/4599 3299/4541/4589 2660/4545/4593
f 2466/3951/3999 3000/3950/3998 4629/4552/4600 3305/4553/4601
f 3000/3950/3998 2152/3949/3997 3303/4554/4602 4629/4552/4600
f 4629/4552/4600 3303/4554/4602 2465/4555/4603 3304/4556/4604
f 3305/4553/4601 4629/4552/4600 3304/4556/4604 2661/4557/4605
f 2465/4555/4603 3306/4558/4606 4630/4559/4607 3304/4556/4604
f 3306/4558/4606 2141/4421/4469 3235/4418/4466 4630/4559/4607
f 4630/4559/4607 3235/4418/4466 2440/4417/4465 3307/4560/4608
f 3304/4556/4604 4630/4559/4607 3307/4560/4608 2661/4557/4605
f 2440/4417/4465 3242/4432/4480 4631/4561/4609 3307/4560/4608
f 3242/4432/4480 2140/4405/4453 3300/4546/4594 4631/4561/4609
f 4631/4561/4609 3300/4546/4594 2462/4543/4591 3308/4562/4610
f 3307/4560/4608 4631/4561/4609 3308/4562/4610 2661/4557/4605
f 2462/4543/4591 3297/4542/4590 4632/4563/4611 3308/4562/4610
f 3297/4542/4590 2151/3935/3983 3003/3954/4002 4632/4563/4611
f 4632/4563/4611 3003/3954/4002 2466/3951/3999 3305/4553/4601
f 3308/4562/4610 4632/4563/4611 3305/4553/4601 2661/4557/4605
f 2469/3965/4013 3007/3964/4012 4633/4564/4612 3311/4565/4613
f 3007/3964/4012 2153/3963/4011 3309/4566/4614 4633/4564/4612
f 4633/4564/4612 3309/4566/4614 2468/4567/4615 3310/4568/4616
f 3311/4565/4613 4633/4564/4612 3310/4568/4616 2662/4569/4617
f 2468/4567/4615 3312/4570/4618 4634/4571/4619 3310/4568/4616
f 3312/4570/4618 2142/4437/4485 3243/4434/4482 4634/4571/4619
f 4634/4571/4619 3243/4434/4482 2442/4433/4481 3313/4572/4620
f 3310/4568/4616 4634/4571/4619 3313/4572/4620 2662/4569/4617
f 2442/4433/4481 3250/4448/4496 4635/4573/4621 3313/4572/4620
f 3250/4448/4496 2141/4421/4469 3306/4558/4606 4635/4573/4621
f 4635/4573/4621 3306/4558/4606 2465/4555/4603 3314/4574/4622
f 3313/4572/4620 4635/4573/4621 3314/4574/4622 2662/4569/4617
f 2465/4555/4603 3303/4554/4602 4636/4575/4623 3314/4574/4622
f 3303/4554/4602 2152/3949/3997 3010/3968/4016 4636/4575/4623
f 4636/4575/4623 3010/3968/4016 2469/3965/4013 3311/4565/4613
f 3314/4574/4622 4636/4575/4623 3311/4565/4613 2662/4569/4617
f 2472/3979/4027 3014/3978/4026 4637/4576/4624 3317/4577/4625
f 3014/3978/4026 2154/3977/4025 3315/4578/4626 4637/4576/4624
f 4637/4576/4624 3315/4578/4626 2471/4579/2589 3316/4580/4627
f 3317/4577/4625 4637/4576/4624 3316/4580/4627 2663/4581/4628
f 2471/4579/2589 3318/4582/4629 4638/4583/4630 3316/4580/4627
f 3318/4582/4629 2143/4453/4501 3251/4450/4498 4638/4583/4630
f 4638/4583/4630 3251/4450/4498 2444/4449/4497 3319/4584/4631
f 3316/4580/4627 4638/4583/4630 3319/4584/4631 2663/4581/4628
f 2444/4449/4497 3258/4464/4512 4639/4585/4632 3319/4584/4631
f 3258/4464/4512 2142/4437/4485 3312/4570/4618 4639/4585/4632
f 4639/4585/4632 3312/4570/4618 2468/4567/4615 3320/4586/4633
f 3319/4584/4631 4639/4585/4632 3320/4586/4633 2663/4581/4628
f 2468/4567/4615 3309/4566/4614 4640/4587/4634 3320/4586/4633
f 3309/4566/4614 2153/3963/4011 3017/3982/4030 4640/4587/4634
f 4640/4587/4634 3017/3982/4030 2472/3979/4027 3317/4577/4625
f 3320/4586/4633 4640/4587/4634 3317/4577/4625 2663/4581/4628
f 2445/4488/4536 3270/4487/4535 4641/4588/4635 3322/4589/4636
f 3270/4487/4535 2134/4335/4383 3259/4466/4514 4641/4588/4635
f 4641/4588/4635 3259/4466/4514 2426/4465/4513 3321/4590/4637
f 3322/4589/4636 4641/4588/4635 3321/4590/4637 2664/4591/4638
f 2426/4465/4513 3264/4476/4524 4642/4592/4639 3321/4590/4637
f 3264/4476/4524 2143/4453/4501 3318/4582/4629 4642/4592/4639
f 4642/4592/4639 3318/4582/4629 2471/4579/2589 3323/4593/4640
f 3321/4590/4637 4642/4592/4639 3323/4593/4640 2664/4591/4638
f 2471/4579/2589 3315/4578/4626 4643/4594/4641 3323/4593/4640
f 3315/4578/4626 2154/3977/4025 3023/3993/4041 4643/4594/4641
f 4643/4594/4641 3023/3993/4041 2474/3990/4038 3324/4595/4642
f 3323/4593/4640 4643/4594/4641 3324/4595/4642 2664/4591/4638
f 2474/3990/4038 3020/3989/4037 4644/4596/4643 3324/4595/4642
f 3020/3989/4037 2144/3867/3915 3272/4490/4538 4644/4596/4643
f 4644/4596/4643 3272/4490/4538 2445/4488/4536 3322/4589/4636
f 3324/4595/4642 4644/4596/4643 3322/4589/4636 2664/4591/4638
