# Blender 5.1.0
# www.blender.org
mtllib right eyes.mtl
o Eye_2_R.001
v -0.487674 0.491055 0.702198
v -0.470801 0.469833 0.702174
v -0.469357 0.442580 0.702627
v -0.483892 0.419707 0.703384
v -0.508856 0.409949 0.704157
v -0.534712 0.417034 0.704650
v -0.551585 0.438256 0.704674
v -0.553030 0.465509 0.704221
v -0.538494 0.488383 0.703463
v -0.513530 0.498141 0.702691
v -0.453309 0.544679 0.723371
v -0.412177 0.492944 0.723312
v -0.408655 0.426508 0.724417
v -0.444090 0.370747 0.726263
v -0.504946 0.346959 0.728147
v -0.567979 0.364231 0.729348
v -0.609111 0.415966 0.729407
v -0.612632 0.482402 0.728302
v -0.577197 0.538163 0.726456
v -0.516341 0.561951 0.724572
v -0.420314 0.595750 0.764644
v -0.356249 0.515171 0.764552
v -0.350764 0.411695 0.766273
v -0.405955 0.324845 0.769149
v -0.500741 0.287794 0.772083
v -0.598916 0.314697 0.773953
v -0.662981 0.395275 0.774045
v -0.668466 0.498752 0.772325
v -0.613275 0.585602 0.769448
v -0.518490 0.622652 0.766515
v -0.395674 0.633355 0.822535
v -0.314947 0.531820 0.822418
v -0.308036 0.401432 0.824586
v -0.377581 0.291994 0.828211
v -0.497017 0.245309 0.831908
v -0.620725 0.279207 0.834264
v -0.701452 0.380742 0.834381
v -0.708363 0.511130 0.832213
v -0.638819 0.620568 0.828588
v -0.519382 0.667253 0.824891
v -0.381799 0.653812 0.891375
v -0.292313 0.541260 0.891246
v -0.284652 0.396724 0.893650
v -0.361743 0.275412 0.897667
v -0.494139 0.223660 0.901765
v -0.631271 0.261237 0.904378
v -0.720757 0.373789 0.904507
v -0.728418 0.518326 0.902104
v -0.651327 0.639638 0.898086
v -0.518931 0.691389 0.893988
v -0.380049 0.655120 0.964428
v -0.290563 0.542568 0.964299
v -0.282902 0.398031 0.966702
v -0.359993 0.276719 0.970720
v -0.492389 0.224968 0.974818
v -0.629521 0.262544 0.977430
v -0.719007 0.375097 0.977559
v -0.726668 0.519633 0.975156
v -0.649577 0.640945 0.971138
v -0.517181 0.692697 0.967040
v -0.390023 0.638082 1.032957
v -0.308858 0.535996 1.032840
v -0.301909 0.404901 1.035020
v -0.371831 0.294870 1.038664
v -0.491915 0.247932 1.042381
v -0.616294 0.282014 1.044750
v -0.697458 0.384100 1.044868
v -0.704406 0.515194 1.042688
v -0.634485 0.625225 1.039043
v -0.514401 0.672164 1.035327
v -0.424213 0.582694 1.114787
v -0.368952 0.513189 1.114707
v -0.364221 0.423932 1.116191
v -0.411827 0.349016 1.118673
v -0.493588 0.317057 1.121203
v -0.578272 0.340263 1.122816
v -0.633534 0.409769 1.122896
v -0.638265 0.499026 1.121412
v -0.590658 0.573941 1.118931
v -0.508897 0.605900 1.116400
v -0.442614 0.553469 1.129408
v -0.400787 0.500861 1.129348
v -0.397207 0.433304 1.130471
v -0.433239 0.376602 1.132349
v -0.495122 0.352413 1.134265
v -0.559218 0.369977 1.135486
v -0.601045 0.422584 1.135546
v -0.604626 0.490142 1.134423
v -0.568593 0.546844 1.132545
v -0.506710 0.571033 1.130630
v -0.461442 0.523845 1.130161
v -0.433119 0.488221 1.130120
v -0.430694 0.442475 1.130881
v -0.455094 0.404079 1.132153
v -0.496998 0.387700 1.133449
v -0.540401 0.399593 1.134276
v -0.568724 0.435216 1.134317
v -0.571149 0.480963 1.133556
v -0.546749 0.519359 1.132285
v -0.504844 0.535739 1.130988
v -0.478942 0.496253 1.133812
v -0.463220 0.476479 1.133789
v -0.461874 0.451086 1.134211
v -0.475418 0.429773 1.134917
v -0.498678 0.420681 1.135637
v -0.522770 0.427282 1.136096
v -0.538492 0.447057 1.136119
v -0.539838 0.472450 1.135696
v -0.526294 0.493763 1.134990
v -0.503034 0.502855 1.134271
v -0.511324 0.453947 0.697989
v -0.487535 0.482753 1.133101
v -0.477959 0.470708 1.133087
v -0.477139 0.455240 1.133344
v -0.485389 0.442258 1.133774
v -0.499557 0.436720 1.134213
v -0.514232 0.440741 1.134493
v -0.523808 0.452786 1.134506
v -0.524628 0.468254 1.134249
v -0.516378 0.481236 1.133819
v -0.502210 0.486774 1.133381
v -0.489368 0.479969 1.128109
v -0.481020 0.469469 1.128097
v -0.480305 0.455984 1.128321
v -0.487497 0.444666 1.128696
v -0.499849 0.439837 1.129078
v -0.512643 0.443343 1.129322
v -0.520992 0.453844 1.129334
v -0.521706 0.467329 1.129110
v -0.514514 0.478646 1.128735
v -0.502162 0.483475 1.128352
v -0.487430 0.483149 1.121450
v -0.477578 0.470758 1.121436
v -0.476735 0.454845 1.121700
v -0.485222 0.441489 1.122143
v -0.499798 0.435792 1.122594
v -0.514895 0.439929 1.122881
v -0.524747 0.452320 1.122896
v -0.525590 0.468232 1.122631
v -0.517103 0.481588 1.122189
v -0.502527 0.487286 1.121737
v -0.486653 0.484511 1.114312
v -0.501509 0.461280 1.107681
v -0.476122 0.471266 1.114297
v -0.475220 0.454257 1.114580
v -0.484293 0.439980 1.115053
v -0.499873 0.433890 1.115535
v -0.516011 0.438313 1.115842
v -0.526542 0.451558 1.115858
v -0.527444 0.468567 1.115575
v -0.518371 0.482843 1.115102
v -0.502791 0.488934 1.114620
v -0.612198 0.599594 1.088992
v -0.670891 0.507233 1.092051
v -0.665058 0.397191 1.093881
v -0.596928 0.311499 1.093783
v -0.492523 0.282890 1.091794
v -0.391724 0.322291 1.088674
v -0.333030 0.414652 1.085615
v -0.338863 0.524694 1.083785
v -0.406993 0.610385 1.083884
v -0.511398 0.638994 1.085872
v -0.477208 0.482121 0.702145
v -0.467467 0.456344 0.702373
v -0.474429 0.429690 0.703017
v -0.495432 0.412339 0.703831
v -0.522455 0.410917 0.704504
v -0.545177 0.425969 0.704778
v -0.554917 0.451746 0.704550
v -0.547956 0.478400 0.703907
v -0.526952 0.495752 0.703093
v -0.499929 0.497173 0.702420
v -0.483514 0.558334 0.723850
v -0.428787 0.522079 0.723188
v -0.405327 0.459994 0.723738
v -0.422094 0.395792 0.725288
v -0.472684 0.353999 0.727248
v -0.537773 0.350576 0.728868
v -0.592500 0.386831 0.729531
v -0.615961 0.448916 0.728981
v -0.599194 0.513117 0.727431
v -0.548604 0.554911 0.725471
v -0.467360 0.617019 0.765391
v -0.382121 0.560550 0.764359
v -0.345580 0.463850 0.765215
v -0.371695 0.363855 0.767630
v -0.450491 0.298759 0.770683
v -0.551871 0.293427 0.773207
v -0.637109 0.349897 0.774238
v -0.673650 0.446597 0.773382
v -0.647535 0.546592 0.770967
v -0.568739 0.611688 0.767915
v -0.454955 0.660156 0.823475
v -0.347547 0.589001 0.822176
v -0.301503 0.467151 0.823254
v -0.334410 0.341150 0.826297
v -0.433699 0.259125 0.830144
v -0.561444 0.252406 0.833324
v -0.668852 0.323562 0.834623
v -0.714896 0.445411 0.833545
v -0.681989 0.571412 0.830502
v -0.582700 0.653437 0.826655
v -0.447513 0.683522 0.892418
v -0.328451 0.604646 0.890977
v -0.277410 0.469574 0.892172
v -0.313888 0.329900 0.895546
v -0.423950 0.238975 0.899810
v -0.565557 0.231528 0.903335
v -0.684620 0.310404 0.904776
v -0.735659 0.445475 0.903581
v -0.699182 0.585149 0.900207
v -0.589119 0.676074 0.895943
v -0.445763 0.684829 0.965470
v -0.326701 0.605953 0.964030
v -0.275661 0.470882 0.965225
v -0.312138 0.331208 0.968598
v -0.422200 0.240282 0.972862
v -0.563807 0.232835 0.976388
v -0.682869 0.311711 0.977828
v -0.733910 0.446783 0.976633
v -0.697432 0.586456 0.973260
v -0.587370 0.677381 0.968996
v -0.449625 0.665028 1.033903
v -0.341635 0.593487 1.032596
v -0.295341 0.470977 1.033680
v -0.328426 0.344292 1.036740
v -0.428253 0.261822 1.040607
v -0.556691 0.255068 1.043805
v -0.664681 0.326609 1.045111
v -0.710975 0.449119 1.044028
v -0.677889 0.575803 1.040968
v -0.578063 0.658273 1.037101
v -0.464794 0.601041 1.115431
v -0.391268 0.552332 1.114541
v -0.359749 0.468920 1.115279
v -0.382275 0.382665 1.117362
v -0.450244 0.326515 1.119996
v -0.537691 0.321916 1.122173
v -0.611217 0.370625 1.123062
v -0.642737 0.454038 1.122324
v -0.620211 0.540292 1.120241
v -0.552243 0.596442 1.117608
v -0.417678 0.530488 1.129222
v -0.393822 0.467355 1.129781
v -0.410872 0.402070 1.131358
v -0.462315 0.359571 1.133351
v -0.528503 0.356090 1.134999
v -0.584154 0.392958 1.135672
v -0.608010 0.456091 1.135113
v -0.590961 0.521375 1.133536
v -0.539517 0.563874 1.131543
v -0.473329 0.567355 1.129896
v -0.482241 0.533248 1.130491
v -0.444557 0.508283 1.130035
v -0.428402 0.465533 1.130413
v -0.439948 0.421325 1.131481
v -0.474783 0.392546 1.132831
v -0.519602 0.390189 1.133946
v -0.557286 0.415154 1.134402
v -0.573441 0.457905 1.134024
v -0.561896 0.502113 1.132956
v -0.527060 0.530891 1.131607
v -0.490486 0.501473 1.133995
v -0.469569 0.487615 1.133742
v -0.460601 0.463885 1.133952
v -0.467010 0.439346 1.134544
v -0.486346 0.423371 1.135293
v -0.511225 0.422063 1.135913
v -0.532143 0.435921 1.136166
v -0.541110 0.459651 1.135956
v -0.534701 0.484190 1.135363
v -0.515365 0.500164 1.134614
v -0.471580 0.516205 0.710257
v -0.443313 0.480653 0.710216
v -0.440893 0.434998 0.710976
v -0.465244 0.396679 0.712245
v -0.507065 0.380332 0.713539
v -0.550381 0.392201 0.714364
v -0.578647 0.427754 0.714405
v -0.581067 0.473409 0.713646
v -0.556717 0.511728 0.712377
v -0.514896 0.528075 0.711082
v -0.435956 0.571606 0.741642
v -0.382703 0.504628 0.741565
v -0.378145 0.418616 0.742995
v -0.424021 0.346424 0.745386
v -0.502809 0.315627 0.747825
v -0.584414 0.337989 0.749379
v -0.637666 0.404968 0.749456
v -0.642225 0.490979 0.748026
v -0.596350 0.563171 0.745635
v -0.517562 0.593968 0.743197
v -0.406780 0.616495 0.791840
v -0.333484 0.524307 0.791734
v -0.327210 0.405922 0.793702
v -0.390353 0.306559 0.796993
v -0.498795 0.264170 0.800350
v -0.611115 0.294949 0.802490
v -0.684410 0.387137 0.802595
v -0.690686 0.505522 0.800627
v -0.627543 0.604886 0.797336
v -0.519100 0.647273 0.793980
v -0.387284 0.645887 0.855993
v -0.301119 0.537514 0.855868
v -0.293743 0.398344 0.858182
v -0.367972 0.281535 0.862051
v -0.495453 0.231705 0.865997
v -0.627493 0.267886 0.868512
v -0.713657 0.376261 0.868637
v -0.721034 0.515430 0.866323
v -0.646805 0.632239 0.862454
v -0.519324 0.682069 0.858508
v -0.379375 0.656905 0.927821
v -0.288776 0.542954 0.927690
v -0.281020 0.396622 0.930123
v -0.359069 0.273802 0.934191
v -0.493111 0.221408 0.938340
v -0.631946 0.259452 0.940985
v -0.722544 0.373402 0.941115
v -0.730300 0.519735 0.938682
v -0.652251 0.642554 0.934614
v -0.518210 0.694949 0.930466
v -0.383770 0.648563 1.000135
v -0.297562 0.540135 1.000010
v -0.290181 0.400894 1.002326
v -0.364448 0.284026 1.006196
v -0.491994 0.234170 1.010144
v -0.624101 0.270371 1.012661
v -0.710309 0.378799 1.012785
v -0.717690 0.518040 1.010470
v -0.643423 0.634908 1.006599
v -0.515877 0.684763 1.002652
v -0.398140 0.624760 1.061005
v -0.323274 0.530597 1.060897
v -0.316865 0.409675 1.062908
v -0.381361 0.308182 1.066270
v -0.492127 0.264886 1.069698
v -0.606854 0.296323 1.071883
v -0.681720 0.390487 1.071992
v -0.688129 0.511409 1.069981
v -0.623634 0.612901 1.066619
v -0.512868 0.656197 1.063191
v -0.568777 0.355028 1.131267
v -0.451984 0.538714 1.130340
v -0.416888 0.494572 1.130289
v -0.413883 0.437885 1.131232
v -0.444118 0.390306 1.132808
v -0.496044 0.370009 1.134415
v -0.549827 0.384747 1.135440
v -0.584923 0.428890 1.135490
v -0.587928 0.485577 1.134548
v -0.557693 0.533156 1.132972
v -0.505767 0.553452 1.131365
v -0.470876 0.508976 1.131824
v -0.449341 0.481891 1.131793
v -0.447497 0.447108 1.132371
v -0.466049 0.417914 1.133338
v -0.497910 0.405461 1.134324
v -0.530911 0.414503 1.134953
v -0.552446 0.441589 1.134984
v -0.554289 0.476371 1.134406
v -0.535737 0.505565 1.133439
v -0.503876 0.518019 1.132453
v -0.499108 0.473143 0.698757
v -0.490368 0.462150 0.698745
v -0.489619 0.448034 0.698979
v -0.497149 0.436186 0.699372
v -0.510079 0.431132 0.699772
v -0.523472 0.434802 0.700027
v -0.532212 0.445794 0.700040
v -0.532960 0.459911 0.699805
v -0.525431 0.471759 0.699413
v -0.512501 0.476813 0.699012
v -0.494296 0.334619 1.129848
v -0.422388 0.362727 1.127622
v -0.380517 0.428616 1.125440
v -0.384678 0.507118 1.124135
v -0.433281 0.568249 1.124205
v -0.507761 0.588658 1.125624
v -0.579670 0.560550 1.127849
v -0.621541 0.494662 1.130032
v -0.617380 0.416159 1.131337
v -0.484364 0.487717 1.134200
v -0.494567 0.485932 1.133213
v -0.472535 0.472839 1.134183
v -0.481826 0.477491 1.133059
v -0.471523 0.453732 1.134501
v -0.476364 0.463037 1.133186
v -0.481713 0.437696 1.135032
v -0.480268 0.448090 1.133548
v -0.499215 0.430855 1.135574
v -0.492046 0.438359 1.134004
v -0.517342 0.435822 1.135919
v -0.507199 0.437562 1.134381
v -0.529171 0.450701 1.135936
v -0.519941 0.446003 1.134535
v -0.530184 0.469807 1.135618
v -0.525403 0.460458 1.134407
v -0.519993 0.485843 1.135087
v -0.521499 0.475405 1.134046
v -0.502492 0.492685 1.134546
v -0.509721 0.485135 1.133590
v -0.489079 0.480368 1.130951
v -0.495499 0.482741 1.128206
v -0.480571 0.469668 1.130939
v -0.484391 0.475382 1.128072
v -0.479843 0.455927 1.131167
v -0.479629 0.462780 1.128183
v -0.487172 0.444394 1.131549
v -0.483032 0.449750 1.128498
v -0.499759 0.439474 1.131939
v -0.493301 0.441267 1.128896
v -0.512796 0.443046 1.132187
v -0.506512 0.440572 1.129225
v -0.521302 0.453747 1.132200
v -0.517620 0.447930 1.129359
v -0.522031 0.467487 1.131971
v -0.522381 0.460532 1.129248
v -0.514702 0.479020 1.131589
v -0.518978 0.473563 1.128933
v -0.502115 0.483940 1.131200
v -0.508710 0.482046 1.128535
v -0.488727 0.481041 1.124891
v -0.494664 0.486419 1.121565
v -0.479864 0.469893 1.124878
v -0.481556 0.477736 1.121406
v -0.479106 0.455577 1.125116
v -0.475937 0.462865 1.121537
v -0.486741 0.443562 1.125514
v -0.479953 0.447488 1.121909
v -0.499854 0.438436 1.125920
v -0.492070 0.437478 1.122378
v -0.513436 0.442158 1.126179
v -0.507660 0.436658 1.122766
v -0.522299 0.453306 1.126192
v -0.520768 0.445342 1.122925
v -0.523058 0.467621 1.125954
v -0.526387 0.460212 1.122793
v -0.515422 0.479637 1.125556
v -0.522371 0.475589 1.122422
v -0.502309 0.484762 1.125150
v -0.510254 0.485600 1.121953
v -0.486014 0.485446 1.117901
v -0.491384 0.477141 1.110822
v -0.475086 0.471702 1.117885
v -0.480017 0.479020 1.114381
v -0.484183 0.468084 1.110811
v -0.474150 0.454052 1.118179
v -0.473909 0.462856 1.114524
v -0.483566 0.456453 1.111005
v -0.483564 0.439238 1.118669
v -0.478275 0.446142 1.114928
v -0.489770 0.446691 1.111328
v -0.499732 0.432919 1.119170
v -0.491446 0.435260 1.115438
v -0.500424 0.442526 1.111658
v -0.516477 0.437508 1.119489
v -0.508392 0.434369 1.115860
v -0.511459 0.445550 1.111868
v -0.527405 0.451252 1.119504
v -0.522640 0.443808 1.116032
v -0.518660 0.454607 1.111879
v -0.528340 0.468901 1.119211
v -0.528748 0.459972 1.115889
v -0.519277 0.466238 1.111685
v -0.518926 0.483715 1.118720
v -0.524383 0.476687 1.115486
v -0.513073 0.476000 1.111362
v -0.502759 0.490034 1.118220
v -0.511212 0.487568 1.114975
v -0.502419 0.480165 1.111032
v -0.494266 0.488459 1.114553
v -0.601332 0.586753 1.106194
v -0.654458 0.503151 1.108963
v -0.648632 0.558109 1.090608
v -0.649179 0.403544 1.110619
v -0.676404 0.451768 1.093176
v -0.587509 0.325979 1.110530
v -0.637545 0.348932 1.094086
v -0.493006 0.300083 1.108729
v -0.546897 0.288880 1.092989
v -0.401765 0.335747 1.105906
v -0.439085 0.294550 1.090305
v -0.348638 0.419350 1.103137
v -0.355289 0.363776 1.087059
v -0.353917 0.518957 1.101480
v -0.327517 0.470116 1.084490
v -0.415587 0.596521 1.101569
v -0.366377 0.572953 1.083580
v -0.510091 0.622417 1.103370
v -0.457024 0.633004 1.084677
v -0.564837 0.627334 1.087361
v -0.454688 0.500709 0.710134
v -0.438553 0.458012 0.710511
v -0.450084 0.413861 0.711578
v -0.484875 0.385119 0.712926
v -0.529637 0.382765 0.714040
v -0.567273 0.407698 0.714495
v -0.583407 0.450395 0.714118
v -0.571876 0.494546 0.713051
v -0.537086 0.523288 0.711703
v -0.492323 0.525642 0.710589
v -0.404209 0.542348 0.741405
v -0.373835 0.461968 0.742116
v -0.395543 0.378850 0.744124
v -0.461040 0.324741 0.746661
v -0.545308 0.320309 0.748759
v -0.616161 0.367247 0.749616
v -0.646535 0.447627 0.748905
v -0.624827 0.530745 0.746898
v -0.559330 0.584854 0.744360
v -0.475062 0.589286 0.742262
v -0.363084 0.576224 0.791514
v -0.321279 0.465592 0.792493
v -0.351156 0.351189 0.795256
v -0.441305 0.276714 0.798748
v -0.557291 0.270615 0.801636
v -0.654811 0.335220 0.802816
v -0.696616 0.445853 0.801837
v -0.666739 0.560255 0.799074
v -0.576590 0.634730 0.795581
v -0.460604 0.640829 0.792694
v -0.335916 0.598546 0.855610
v -0.286770 0.468489 0.856760
v -0.321893 0.334001 0.860008
v -0.427870 0.246451 0.864114
v -0.564219 0.239280 0.867509
v -0.678861 0.315228 0.868895
v -0.728007 0.445285 0.867745
v -0.692883 0.579773 0.864497
v -0.586907 0.667323 0.860391
v -0.450558 0.674494 0.856996
v -0.325362 0.607128 0.927418
v -0.273688 0.470378 0.928627
v -0.310619 0.328968 0.932043
v -0.422049 0.236913 0.936360
v -0.565416 0.229373 0.939929
v -0.685957 0.309229 0.941388
v -0.737632 0.445979 0.940178
v -0.700701 0.587388 0.936762
v -0.589271 0.679444 0.932446
v -0.445904 0.686983 0.928876
v -0.332376 0.601198 0.999752
v -0.283205 0.471075 1.000903
v -0.318347 0.336518 1.004153
v -0.424376 0.248924 1.008260
v -0.560795 0.241750 1.011657
v -0.675496 0.317736 1.013044
v -0.724666 0.447859 1.011893
v -0.689524 0.582415 1.008643
v -0.583495 0.670010 1.004535
v -0.447076 0.677184 1.001139
v -0.353508 0.583626 1.060672
v -0.310807 0.470623 1.061672
v -0.341325 0.353769 1.064494
v -0.433405 0.277698 1.068062
v -0.551876 0.271468 1.071011
v -0.651486 0.337457 1.072216
v -0.694188 0.450461 1.071217
v -0.663670 0.567315 1.068394
v -0.571589 0.643385 1.064827
v -0.453118 0.649616 1.061877
v -0.378822 0.562638 1.101295
v -0.343648 0.469555 1.102118
v -0.368786 0.373299 1.104443
v -0.444635 0.310637 1.107382
v -0.542223 0.305505 1.109811
v -0.624275 0.359863 1.110804
v -0.659449 0.452947 1.109981
v -0.634310 0.549202 1.107656
v -0.558461 0.611863 1.104717
v -0.460873 0.616995 1.102288
v -0.404305 0.541545 1.123989
v -0.376584 0.468183 1.124638
v -0.396396 0.392322 1.126470
v -0.456174 0.342937 1.128786
v -0.533085 0.338892 1.130701
v -0.597752 0.381733 1.131483
v -0.625473 0.455094 1.130834
v -0.605661 0.530955 1.129002
v -0.545883 0.580340 1.126686
v -0.468972 0.584385 1.124771
v -0.431061 0.519431 1.130184
v -0.411043 0.466456 1.130653
v -0.425350 0.411677 1.131976
v -0.468516 0.376016 1.133648
v -0.524054 0.373095 1.135031
v -0.570750 0.404030 1.135596
v -0.590767 0.457005 1.135127
v -0.576461 0.511785 1.133804
v -0.533295 0.547446 1.132132
v -0.477757 0.550367 1.130749
v -0.458038 0.497144 1.131728
v -0.445755 0.464639 1.132016
v -0.454533 0.431027 1.132828
v -0.481020 0.409146 1.133854
v -0.515097 0.407354 1.134702
v -0.543749 0.426335 1.135049
v -0.556032 0.458840 1.134761
v -0.547253 0.492452 1.133949
v -0.520767 0.514333 1.132923
v -0.486690 0.516126 1.132075
v -0.490581 0.471080 0.699102
v -0.484649 0.455382 0.699241
v -0.488888 0.439149 0.699633
v -0.501680 0.428582 0.700129
v -0.518137 0.427716 0.700538
v -0.531975 0.436883 0.700706
v -0.537907 0.452581 0.700567
v -0.533667 0.468814 0.700175
v -0.520876 0.479381 0.699679
v -0.504418 0.480247 0.699269
v -0.484836 0.475045 1.111581
v -0.480089 0.462482 1.111692
v -0.483482 0.449490 1.112006
v -0.493719 0.441033 1.112402
v -0.506890 0.440341 1.112730
v -0.517965 0.447677 1.112864
v -0.522712 0.460240 1.112753
v -0.519320 0.473232 1.112439
v -0.509082 0.481689 1.112043
v -0.495911 0.482382 1.111715
v -0.477313 0.481218 1.134148
v -0.470566 0.463363 1.134306
v -0.475387 0.444899 1.134752
v -0.489937 0.432880 1.135315
v -0.508655 0.431895 1.135781
v -0.524394 0.442322 1.135972
v -0.531141 0.460177 1.135814
v -0.526319 0.478640 1.135368
v -0.511770 0.490660 1.134804
v -0.493051 0.491644 1.134338
v -0.484007 0.475694 1.130913
v -0.479155 0.462853 1.131027
v -0.482622 0.449574 1.131348
v -0.493086 0.440930 1.131753
v -0.506548 0.440222 1.132088
v -0.517867 0.447721 1.132225
v -0.522719 0.460562 1.132112
v -0.519252 0.473840 1.131791
v -0.508788 0.482484 1.131386
v -0.495326 0.483192 1.131050
v -0.483444 0.476170 1.124852
v -0.478388 0.462793 1.124970
v -0.482001 0.448959 1.125304
v -0.492902 0.439953 1.125726
v -0.506927 0.439215 1.126076
v -0.518720 0.447028 1.126218
v -0.523775 0.460406 1.126100
v -0.520162 0.474240 1.125766
v -0.509261 0.483245 1.125344
v -0.495236 0.483983 1.124994
v -0.479463 0.479471 1.117864
v -0.473220 0.462951 1.118010
v -0.477682 0.445867 1.118423
v -0.491144 0.434746 1.118944
v -0.508464 0.433835 1.119375
v -0.523027 0.443483 1.119552
v -0.529270 0.460003 1.119405
v -0.524808 0.477087 1.118993
v -0.511346 0.488208 1.118471
v -0.494026 0.489119 1.118040
v -0.376737 0.510188 1.119910
v -0.397720 0.546993 1.119754
v -0.393169 0.525103 1.124016
v -0.428697 0.575541 1.119986
v -0.417779 0.556056 1.124052
v -0.437931 0.560873 1.127370
v -0.429273 0.542976 1.129277
v -0.410975 0.536029 1.127169
v -0.408094 0.516339 1.129246
v -0.392715 0.504001 1.127305
v -0.372289 0.426264 1.121306
v -0.368084 0.468564 1.120448
v -0.377034 0.448230 1.125005
v -0.379141 0.487979 1.124345
v -0.396022 0.484391 1.129529
v -0.385185 0.467780 1.127773
v -0.394209 0.450183 1.130097
v -0.388843 0.430969 1.128520
v -0.417051 0.355824 1.123639
v -0.389264 0.387463 1.122407
v -0.408260 0.376478 1.127038
v -0.387060 0.409841 1.125933
v -0.402837 0.417147 1.130895
v -0.403616 0.397204 1.129478
v -0.421082 0.388435 1.131846
v -0.427797 0.369671 1.130550
v -0.493926 0.325775 1.126018
v -0.453171 0.334668 1.124883
v -0.474922 0.337255 1.129336
v -0.438511 0.351487 1.128210
v -0.447114 0.366929 1.132855
v -0.459230 0.351260 1.131632
v -0.478449 0.354681 1.133825
v -0.494695 0.343521 1.132620
v -0.573551 0.347594 1.127535
v -0.535395 0.330343 1.126930
v -0.551555 0.345542 1.131024
v -0.513842 0.335208 1.130306
v -0.511943 0.352920 1.134659
v -0.530782 0.347497 1.133414
v -0.544398 0.361813 1.135277
v -0.563986 0.362509 1.133940
v -0.625511 0.412947 1.127610
v -0.604528 0.376142 1.127766
v -0.608889 0.398175 1.131455
v -0.584279 0.367221 1.131420
v -0.572559 0.380469 1.135617
v -0.590943 0.387352 1.134141
v -0.593738 0.407107 1.135648
v -0.609203 0.419380 1.134006
v -0.629960 0.496871 1.126215
v -0.634164 0.454571 1.127073
v -0.625024 0.475048 1.130466
v -0.622917 0.435299 1.131127
v -0.605810 0.439055 1.135365
v -0.616733 0.455602 1.133538
v -0.607623 0.473263 1.134797
v -0.613074 0.492413 1.132791
v -0.585197 0.567311 1.123882
v -0.612984 0.535672 1.125114
v -0.593797 0.546799 1.128434
v -0.614998 0.513437 1.129539
v -0.598995 0.506299 1.133999
v -0.598301 0.526178 1.131833
v -0.580750 0.535010 1.133048
v -0.574121 0.553711 1.130761
v -0.508321 0.597360 1.121502
v -0.549076 0.588467 1.122638
v -0.527136 0.586022 1.126135
v -0.563547 0.571790 1.127262
v -0.554718 0.556517 1.132039
v -0.542688 0.572122 1.129679
v -0.523383 0.568765 1.131070
v -0.507222 0.579860 1.128690
v -0.466853 0.592792 1.120591
v -0.450503 0.577735 1.124448
v -0.488216 0.588069 1.125166
v -0.489889 0.570526 1.130236
v -0.471135 0.575885 1.127897
v -0.457434 0.561633 1.129617
v -0.438067 0.498702 1.130051
v -0.424973 0.491408 1.130112
v -0.423019 0.507558 1.130204
v -0.437784 0.513878 1.130017
v -0.408835 0.497721 1.130189
v -0.424366 0.524962 1.130073
v -0.447294 0.546092 1.130244
v -0.440790 0.529910 1.130229
v -0.456696 0.531308 1.130158
v -0.452408 0.516740 1.130072
v -0.428664 0.453905 1.130628
v -0.422257 0.440169 1.130965
v -0.411368 0.452048 1.130918
v -0.419690 0.465995 1.130441
v -0.405543 0.435603 1.131222
v -0.402431 0.466912 1.130587
v -0.412889 0.480751 1.130441
v -0.429892 0.477068 1.130242
v -0.446861 0.412092 1.131812
v -0.449586 0.397163 1.132389
v -0.433917 0.400236 1.132386
v -0.432621 0.416480 1.131637
v -0.438674 0.383466 1.132948
v -0.418108 0.406884 1.132037
v -0.418607 0.424327 1.131588
v -0.434507 0.431534 1.131168
v -0.485708 0.389235 1.133152
v -0.496521 0.378817 1.133842
v -0.482053 0.371913 1.134046
v -0.471639 0.384246 1.133148
v -0.495574 0.361225 1.134709
v -0.465409 0.367807 1.133869
v -0.455761 0.382190 1.133232
v -0.464490 0.397529 1.132495
v -0.530365 0.394065 1.134135
v -0.545135 0.392138 1.134768
v -0.537390 0.377897 1.135264
v -0.521839 0.381607 1.134398
v -0.554510 0.377375 1.135832
v -0.526268 0.364606 1.135384
v -0.510158 0.370435 1.134745
v -0.508388 0.388043 1.133716
v -0.563776 0.424735 1.134386
v -0.576858 0.432038 1.134813
v -0.578791 0.415903 1.135576
v -0.564047 0.409568 1.134909
v -0.592968 0.425746 1.135888
v -0.577437 0.398505 1.136003
v -0.561020 0.393552 1.135550
v -0.549435 0.406698 1.134366
v -0.573178 0.469533 1.133810
v -0.579574 0.483278 1.133961
v -0.590443 0.471414 1.134861
v -0.582141 0.457451 1.134485
v -0.596261 0.487864 1.134855
v -0.599373 0.456555 1.135490
v -0.588921 0.442710 1.135339
v -0.571951 0.446369 1.134195
v -0.554981 0.511345 1.132626
v -0.552245 0.526283 1.132537
v -0.567894 0.523226 1.133394
v -0.569210 0.506967 1.133289
v -0.563129 0.540000 1.133128
v -0.583696 0.516583 1.134040
v -0.583203 0.499134 1.134192
v -0.567336 0.491904 1.133270
v -0.516135 0.534203 1.131286
v -0.505310 0.544629 1.131084
v -0.519757 0.551549 1.131734
v -0.530192 0.539200 1.131778
v -0.506229 0.562242 1.131367
v -0.536395 0.555660 1.132207
v -0.546050 0.541272 1.132548
v -0.537353 0.525909 1.131943
v -0.471478 0.529373 1.130303
v -0.464420 0.545564 1.130515
v -0.479992 0.541840 1.130528
v -0.475536 0.558860 1.130692
v -0.491653 0.553027 1.131034
v -0.493455 0.535395 1.130721
v -0.465966 0.482297 1.133751
v -0.456742 0.479005 1.132892
v -0.453103 0.489859 1.131740
v -0.464186 0.492062 1.132837
v -0.441354 0.485006 1.130775
v -0.451401 0.502628 1.130700
v -0.466233 0.516297 1.130811
v -0.464007 0.503574 1.131756
v -0.475177 0.502191 1.132919
v -0.473927 0.492309 1.133762
v -0.460747 0.457430 1.134071
v -0.455164 0.449230 1.133387
v -0.445954 0.455798 1.132179
v -0.453672 0.464237 1.133083
v -0.439224 0.444822 1.131443
v -0.437211 0.465076 1.131032
v -0.446888 0.473410 1.131886
v -0.461429 0.470288 1.133857
v -0.470848 0.434221 1.134728
v -0.471045 0.424240 1.134215
v -0.459790 0.424007 1.133079
v -0.461187 0.435464 1.133778
v -0.460657 0.411095 1.132560
v -0.447352 0.426244 1.131970
v -0.450396 0.438789 1.132590
v -0.463990 0.445012 1.134371
v -0.492411 0.421533 1.135472
v -0.498319 0.413579 1.135059
v -0.489326 0.406629 1.134098
v -0.483860 0.416733 1.134656
v -0.497466 0.396708 1.133699
v -0.477952 0.400965 1.133155
v -0.473193 0.412935 1.133599
v -0.480633 0.426137 1.135107
v -0.517200 0.424214 1.136017
v -0.526568 0.421320 1.135597
v -0.523280 0.410301 1.134845
v -0.513031 0.415199 1.135383
v -0.535591 0.407155 1.134426
v -0.517321 0.398895 1.134136
v -0.506571 0.405722 1.134527
v -0.505001 0.420871 1.135785
v -0.535746 0.441239 1.136157
v -0.545003 0.444505 1.135624
v -0.548684 0.433620 1.135036
v -0.537558 0.431448 1.135679
v -0.560470 0.438446 1.134461
v -0.550423 0.420824 1.134536
v -0.537780 0.419906 1.135021
v -0.527785 0.431227 1.136146
v -0.540965 0.466105 1.135837
v -0.546581 0.474280 1.135129
v -0.555833 0.467681 1.134598
v -0.548073 0.459273 1.135433
v -0.562599 0.478630 1.133793
v -0.564613 0.458376 1.134204
v -0.554899 0.450069 1.134891
v -0.540283 0.453247 1.136051
v -0.530864 0.489315 1.135180
v -0.530700 0.499271 1.134301
v -0.541997 0.499473 1.133698
v -0.540558 0.488046 1.134738
v -0.541166 0.512357 1.132676
v -0.554471 0.497208 1.133266
v -0.551390 0.484690 1.134187
v -0.537721 0.478523 1.135537
v -0.509301 0.502002 1.134436
v -0.503426 0.509932 1.133457
v -0.512461 0.516851 1.132679
v -0.517885 0.506777 1.133860
v -0.504358 0.526745 1.131537
v -0.523872 0.522487 1.132081
v -0.528593 0.510545 1.133179
v -0.521079 0.497398 1.134800
v -0.484512 0.499322 1.133890
v -0.478506 0.513179 1.131932
v -0.488714 0.508311 1.133134
v -0.484502 0.524557 1.131100
v -0.495217 0.517758 1.132250
v -0.496711 0.502665 1.134123
v -0.498926 0.458798 0.698178
v -0.504099 0.465305 0.698185
v -0.494835 0.471390 0.698772
v -0.491165 0.466774 0.698767
v -0.493818 0.481436 0.700005
v -0.485547 0.475236 0.699994
v -0.481311 0.465704 0.699987
v -0.498483 0.450443 0.698317
v -0.487915 0.458175 0.698843
v -0.487601 0.452247 0.698941
v -0.478180 0.455740 0.700166
v -0.480240 0.445501 0.700323
v -0.502939 0.443430 0.698549
v -0.489923 0.443355 0.699156
v -0.493085 0.438380 0.699321
v -0.483445 0.435580 0.700653
v -0.491015 0.428545 0.700884
v -0.510593 0.440438 0.698786
v -0.500092 0.432592 0.699592
v -0.505522 0.430469 0.699760
v -0.499331 0.422456 0.701269
v -0.509521 0.421311 0.701457
v -0.518521 0.442610 0.698937
v -0.514537 0.429995 0.699985
v -0.520161 0.431536 0.700092
v -0.519770 0.421381 0.701777
v -0.528688 0.426563 0.701822
v -0.523694 0.449117 0.698944
v -0.527741 0.436557 0.700184
v -0.531411 0.441173 0.700189
v -0.536956 0.432766 0.701985
v -0.541196 0.442295 0.701840
v -0.524137 0.457472 0.698805
v -0.534660 0.449773 0.700113
v -0.534974 0.455700 0.700014
v -0.544323 0.452262 0.701813
v -0.542267 0.462498 0.701504
v -0.519680 0.464485 0.698573
v -0.532652 0.464592 0.699800
v -0.529490 0.469567 0.699635
v -0.539058 0.472422 0.701326
v -0.531492 0.479454 0.700943
v -0.512026 0.467477 0.698336
v -0.522484 0.475356 0.699363
v -0.517054 0.477478 0.699195
v -0.523172 0.485546 0.700711
v -0.512986 0.486688 0.700370
v -0.508038 0.477953 0.698971
v -0.502415 0.476412 0.698864
v -0.502733 0.486621 0.700202
v -0.479275 0.470017 1.112509
v -0.477798 0.475342 1.114329
v -0.482289 0.477147 1.112712
v -0.484800 0.471963 1.111048
v -0.483088 0.481996 1.114337
v -0.488508 0.481630 1.112522
v -0.487787 0.475721 1.111053
v -0.495176 0.471206 1.109298
v -0.490667 0.465534 1.109292
v -0.478485 0.455105 1.112756
v -0.474230 0.458554 1.114544
v -0.476820 0.462674 1.112840
v -0.481832 0.459961 1.111192
v -0.474683 0.467099 1.114402
v -0.482087 0.464786 1.111112
v -0.490281 0.458250 1.109413
v -0.486439 0.442589 1.113171
v -0.481014 0.442858 1.114987
v -0.480729 0.447708 1.113201
v -0.486344 0.448489 1.111505
v -0.476456 0.450030 1.114750
v -0.483770 0.452539 1.111371
v -0.494166 0.452137 1.109615
v -0.500098 0.437250 1.113594
v -0.495558 0.434250 1.115490
v -0.492522 0.437965 1.113658
v -0.496612 0.441930 1.111869
v -0.487730 0.437309 1.115248
v -0.492192 0.443658 1.111732
v -0.500838 0.449529 1.109822
v -0.514247 0.441127 1.113863
v -0.512307 0.436017 1.115860
v -0.507695 0.437168 1.114036
v -0.508715 0.442789 1.112143
v -0.504199 0.433795 1.115705
v -0.504137 0.441534 1.112056
v -0.507748 0.451423 1.109954
v -0.523479 0.452739 1.113877
v -0.524863 0.447484 1.115955
v -0.520453 0.445619 1.114190
v -0.518029 0.450737 1.112224
v -0.519573 0.440830 1.115947
v -0.515042 0.446980 1.112220
v -0.512258 0.457095 1.109960
v -0.524269 0.467652 1.113629
v -0.528431 0.464272 1.115740
v -0.525922 0.460092 1.114062
v -0.520997 0.462740 1.112080
v -0.527978 0.455727 1.115882
v -0.520741 0.457914 1.112161
v -0.512644 0.464378 1.109839
v -0.516316 0.480168 1.113214
v -0.521647 0.479968 1.115297
v -0.522013 0.475058 1.113701
v -0.516485 0.474212 1.111767
v -0.526205 0.472796 1.115534
v -0.519059 0.470162 1.111901
v -0.508759 0.470492 1.109637
v -0.502656 0.485507 1.112791
v -0.507103 0.488577 1.114794
v -0.510220 0.484801 1.113244
v -0.506217 0.480771 1.111403
v -0.514931 0.485517 1.115036
v -0.510637 0.479044 1.111540
v -0.502087 0.473100 1.109430
v -0.490354 0.486810 1.114425
v -0.495047 0.485599 1.112866
v -0.494114 0.479913 1.111129
v -0.498461 0.489031 1.114579
v -0.498692 0.481167 1.111216
v -0.479632 0.474251 1.133064
v -0.475662 0.471613 1.133793
v -0.474602 0.477216 1.134154
v -0.479913 0.479070 1.133762
v -0.468436 0.474442 1.134200
v -0.473904 0.484033 1.134160
v -0.481976 0.491473 1.134220
v -0.480592 0.484749 1.134163
v -0.486190 0.484855 1.133808
v -0.484481 0.480350 1.133071
v -0.476453 0.459105 1.133259
v -0.474760 0.454608 1.134076
v -0.470675 0.458506 1.134395
v -0.473908 0.463178 1.133902
v -0.467277 0.452572 1.134564
v -0.466181 0.463595 1.134341
v -0.471188 0.468180 1.134234
v -0.476868 0.466937 1.133129
v -0.482606 0.444968 1.133659
v -0.483830 0.440335 1.134549
v -0.478275 0.441043 1.134890
v -0.478200 0.446746 1.134299
v -0.478942 0.434217 1.135172
v -0.471700 0.442461 1.134851
v -0.473115 0.449163 1.134621
v -0.478428 0.451541 1.133442
v -0.495740 0.437240 1.134112
v -0.499407 0.434247 1.135031
v -0.494499 0.431497 1.135449
v -0.491149 0.436048 1.134801
v -0.498975 0.426386 1.135792
v -0.488354 0.428704 1.135496
v -0.485638 0.434960 1.135175
v -0.488566 0.440044 1.133890
v -0.510839 0.438873 1.134445
v -0.515540 0.438667 1.135338
v -0.513150 0.433514 1.135860
v -0.507809 0.435172 1.135216
v -0.519724 0.432072 1.136187
v -0.509781 0.427577 1.136030
v -0.503972 0.430998 1.135685
v -0.503408 0.436836 1.134303
v -0.522135 0.449243 1.134530
v -0.526068 0.451909 1.135353
v -0.527105 0.446323 1.135965
v -0.521817 0.444452 1.135385
v -0.533264 0.449102 1.136207
v -0.527796 0.439511 1.136248
v -0.521115 0.438790 1.135956
v -0.517286 0.443144 1.134523
v -0.525314 0.464389 1.134335
v -0.526970 0.468914 1.135071
v -0.531032 0.465033 1.135724
v -0.527822 0.460343 1.135245
v -0.534423 0.470972 1.135843
v -0.535519 0.459949 1.136067
v -0.530519 0.455359 1.135885
v -0.524899 0.456557 1.134465
v -0.519162 0.478526 1.133934
v -0.517900 0.483187 1.134598
v -0.523432 0.482497 1.135230
v -0.523530 0.476776 1.134848
v -0.522758 0.489328 1.135235
v -0.529999 0.481083 1.135556
v -0.528592 0.474377 1.135499
v -0.523339 0.471953 1.134152
v -0.506027 0.486254 1.133481
v -0.502323 0.489275 1.134116
v -0.507208 0.492043 1.134670
v -0.510581 0.487474 1.134346
v -0.502726 0.497158 1.134615
v -0.513346 0.494841 1.134911
v -0.516069 0.488579 1.134944
v -0.513201 0.483450 1.133703
v -0.490928 0.484622 1.133149
v -0.488556 0.490026 1.134259
v -0.493921 0.488350 1.133931
v -0.491919 0.495968 1.134378
v -0.497735 0.492541 1.134434
v -0.498359 0.486658 1.133290
v -0.482478 0.472557 1.128076
v -0.481030 0.469477 1.129583
v -0.482058 0.472816 1.130918
v -0.484394 0.475377 1.129558
v -0.479572 0.470069 1.132121
v -0.483171 0.476382 1.132095
v -0.488484 0.481279 1.132134
v -0.486365 0.478234 1.130924
v -0.489359 0.479953 1.129595
v -0.486705 0.477874 1.128083
v -0.479706 0.459353 1.128246
v -0.480317 0.456023 1.129807
v -0.479233 0.459360 1.131091
v -0.479643 0.462804 1.129669
v -0.478809 0.455673 1.132361
v -0.478087 0.462929 1.132214
v -0.479602 0.466318 1.130976
v -0.480068 0.466181 1.128133
v -0.485070 0.447028 1.128596
v -0.487492 0.444731 1.130181
v -0.484699 0.446800 1.131447
v -0.483038 0.449803 1.129983
v -0.486487 0.443590 1.132761
v -0.481721 0.449017 1.132550
v -0.480988 0.452640 1.131254
v -0.481429 0.452759 1.128406
v -0.496521 0.440290 1.128990
v -0.499816 0.439915 1.130562
v -0.496367 0.439935 1.131849
v -0.493283 0.441340 1.130380
v -0.499673 0.438436 1.133169
v -0.492683 0.439961 1.132974
v -0.489994 0.442426 1.131652
v -0.490266 0.442735 1.128797
v -0.509684 0.441714 1.129280
v -0.512580 0.443412 1.130805
v -0.509781 0.441386 1.132145
v -0.506464 0.440647 1.130708
v -0.513332 0.442179 1.133429
v -0.506787 0.439220 1.133326
v -0.503180 0.439577 1.132019
v -0.503206 0.439939 1.129157
v -0.519533 0.450755 1.129354
v -0.520909 0.453889 1.130817
v -0.519816 0.450599 1.132221
v -0.517546 0.447989 1.130842
v -0.522244 0.453389 1.133442
v -0.518645 0.447076 1.133469
v -0.515508 0.445180 1.132214
v -0.515305 0.445438 1.129348
v -0.522304 0.463960 1.129184
v -0.521623 0.467342 1.130594
v -0.522641 0.464054 1.132047
v -0.522297 0.460561 1.130731
v -0.523008 0.467785 1.133203
v -0.523728 0.460529 1.133350
v -0.522272 0.457097 1.132163
v -0.521942 0.457132 1.129298
v -0.516941 0.476284 1.128835
v -0.514447 0.478634 1.130220
v -0.517175 0.476613 1.131691
v -0.518902 0.473562 1.130417
v -0.515329 0.479867 1.132803
v -0.520095 0.474440 1.133014
v -0.520886 0.470774 1.131885
v -0.520582 0.470554 1.129025
v -0.505490 0.483022 1.128440
v -0.502123 0.483451 1.129838
v -0.505507 0.483479 1.131289
v -0.508657 0.482025 1.130020
v -0.502143 0.485022 1.132394
v -0.509133 0.483496 1.132589
v -0.511880 0.480988 1.131486
v -0.511745 0.480577 1.128634
v -0.492326 0.481598 1.128151
v -0.492093 0.482028 1.130994
v -0.495476 0.482719 1.129692
v -0.495029 0.484238 1.132238
v -0.498694 0.483837 1.131119
v -0.498804 0.483374 1.128274
v -0.479299 0.474403 1.121412
v -0.478834 0.470281 1.123177
v -0.481413 0.473172 1.124857
v -0.482594 0.476876 1.123149
v -0.480612 0.469614 1.126523
v -0.484059 0.475659 1.126498
v -0.489146 0.480349 1.126536
v -0.485900 0.478817 1.124863
v -0.488144 0.481991 1.123191
v -0.484288 0.480678 1.121419
v -0.476029 0.458821 1.121612
v -0.478037 0.455244 1.123427
v -0.478470 0.459154 1.125037
v -0.477283 0.462823 1.123274
v -0.479881 0.455830 1.126753
v -0.479191 0.462777 1.126612
v -0.478854 0.466403 1.124917
v -0.476456 0.466878 1.121478
v -0.482358 0.444277 1.122024
v -0.486057 0.442622 1.123845
v -0.484165 0.446070 1.125408
v -0.481079 0.448292 1.123625
v -0.487233 0.444260 1.127136
v -0.482670 0.449456 1.126933
v -0.480299 0.452153 1.125206
v -0.478061 0.451039 1.121800
v -0.495870 0.436326 1.122490
v -0.499832 0.437238 1.124272
v -0.496320 0.438917 1.125827
v -0.492529 0.438831 1.124068
v -0.499860 0.439324 1.127527
v -0.493166 0.440784 1.127340
v -0.489681 0.441512 1.125621
v -0.488490 0.439211 1.122262
v -0.511404 0.438006 1.122832
v -0.514099 0.441147 1.124543
v -0.510295 0.440428 1.126135
v -0.507262 0.438056 1.124435
v -0.512939 0.442908 1.127776
v -0.506672 0.440074 1.127676
v -0.503418 0.438544 1.126004
v -0.503760 0.435911 1.122686
v -0.523025 0.448675 1.122919
v -0.523409 0.452858 1.124557
v -0.520751 0.450026 1.126213
v -0.519649 0.446263 1.124585
v -0.521474 0.453642 1.127788
v -0.518027 0.447597 1.127814
v -0.516263 0.444381 1.126207
v -0.518037 0.442400 1.122912
v -0.526296 0.464257 1.122719
v -0.524206 0.467895 1.124307
v -0.523693 0.464045 1.126033
v -0.524959 0.460316 1.124461
v -0.522204 0.467427 1.127559
v -0.522895 0.460479 1.127700
v -0.523309 0.456796 1.126153
v -0.525869 0.456200 1.122853
v -0.519967 0.478801 1.122307
v -0.516186 0.480516 1.123889
v -0.517999 0.477129 1.125662
v -0.521165 0.474848 1.124110
v -0.514852 0.478997 1.127176
v -0.519416 0.473800 1.127378
v -0.521865 0.471045 1.125864
v -0.524264 0.472038 1.122531
v -0.506454 0.486752 1.121841
v -0.502411 0.485901 1.123463
v -0.505843 0.484281 1.125243
v -0.509714 0.484307 1.123666
v -0.502225 0.483933 1.126785
v -0.508919 0.482472 1.126971
v -0.512482 0.481686 1.125449
v -0.513835 0.483867 1.122070
v -0.490921 0.485072 1.121499
v -0.491867 0.482770 1.124935
v -0.494981 0.485082 1.123299
v -0.495414 0.483182 1.126635
v -0.498745 0.484655 1.125067
v -0.498565 0.487166 1.121645
v -0.474901 0.471759 1.116092
v -0.476979 0.475763 1.117864
v -0.479209 0.479685 1.116105
v -0.476154 0.471300 1.119669
v -0.480379 0.478712 1.119637
v -0.486618 0.484461 1.119684
v -0.482507 0.482718 1.117872
v -0.485923 0.485624 1.116108
v -0.473957 0.453955 1.116388
v -0.473344 0.458467 1.118087
v -0.472881 0.462939 1.116253
v -0.475258 0.454398 1.119950
v -0.474411 0.462917 1.119777
v -0.473817 0.467397 1.117938
v -0.483453 0.439012 1.116883
v -0.480367 0.442320 1.118544
v -0.477404 0.445624 1.116671
v -0.484272 0.440213 1.120420
v -0.478676 0.446584 1.120172
v -0.475603 0.449815 1.118296
v -0.499761 0.432638 1.117388
v -0.495364 0.433490 1.119061
v -0.491049 0.434351 1.117200
v -0.499754 0.434161 1.120899
v -0.491546 0.435952 1.120670
v -0.487184 0.436688 1.118808
v -0.516653 0.437266 1.117709
v -0.512608 0.435351 1.119441
v -0.508604 0.433428 1.117637
v -0.515789 0.438555 1.121204
v -0.508105 0.435081 1.121083
v -0.504135 0.433029 1.119280
v -0.527676 0.451130 1.117725
v -0.525512 0.447190 1.119538
v -0.523365 0.443206 1.117816
v -0.526253 0.451717 1.121220
v -0.522028 0.444304 1.121251
v -0.519983 0.440236 1.119530
v -0.528619 0.468934 1.117429
v -0.529146 0.464487 1.119316
v -0.529693 0.459952 1.117668
v -0.527149 0.468618 1.120939
v -0.527996 0.460099 1.121111
v -0.528673 0.455557 1.119464
v -0.519123 0.483878 1.116935
v -0.522124 0.480634 1.118858
v -0.525170 0.477268 1.117249
v -0.518135 0.482804 1.120469
v -0.523730 0.476432 1.120717
v -0.526887 0.473139 1.119107
v -0.502815 0.490252 1.116430
v -0.507127 0.489464 1.118341
v -0.511525 0.488541 1.116721
v -0.502653 0.488855 1.119990
v -0.510861 0.487064 1.120218
v -0.515307 0.486266 1.118594
v -0.494302 0.487935 1.119806
v -0.489882 0.487603 1.117962
v -0.498355 0.489925 1.118123
v -0.493970 0.489464 1.116284
v -0.482058 0.486966 0.702156
v -0.480116 0.502873 0.705608
v -0.462540 0.509129 0.710169
v -0.466701 0.490794 0.705518
v -0.462499 0.530369 0.716171
v -0.440190 0.534360 0.723242
v -0.441829 0.511319 0.716016
v -0.419362 0.508164 0.723212
v -0.427828 0.486761 0.716120
v -0.448233 0.491133 0.710149
v -0.457886 0.474913 0.705576
v -0.473562 0.476281 0.702144
v -0.468606 0.463164 0.702259
v -0.440066 0.469520 0.710340
v -0.453975 0.457117 0.705816
v -0.407490 0.476746 0.723489
v -0.422053 0.458986 0.716479
v -0.405707 0.443107 0.724049
v -0.424859 0.430761 0.717052
v -0.438841 0.446410 0.710724
v -0.455983 0.439009 0.706173
v -0.467878 0.449442 0.702488
v -0.471420 0.435879 0.702815
v -0.444678 0.424060 0.711264
v -0.463070 0.422293 0.706657
v -0.414192 0.410618 0.724834
v -0.436187 0.404870 0.717786
v -0.432135 0.382384 0.725769
v -0.454728 0.383759 0.718608
v -0.457004 0.404664 0.711906
v -0.475134 0.408873 0.707171
v -0.478739 0.424362 0.703197
v -0.489427 0.415533 0.703611
v -0.474615 0.390115 0.712588
v -0.490511 0.399623 0.707720
v -0.457735 0.361235 0.726760
v -0.478830 0.369641 0.719438
v -0.488549 0.349189 0.727714
v -0.506025 0.363707 0.720196
v -0.495783 0.381840 0.713244
v -0.508023 0.396017 0.708189
v -0.501997 0.410620 0.704000
v -0.515747 0.409897 0.704342
v -0.518443 0.380649 0.713808
v -0.525818 0.397766 0.708599
v -0.521487 0.347458 0.728534
v -0.533696 0.366756 0.720804
v -0.553404 0.356203 0.729142
v -0.559156 0.378266 0.721208
v -0.540368 0.386657 0.714226
v -0.542088 0.405352 0.708838
v -0.528766 0.413464 0.704590
v -0.540328 0.421123 0.704730
v -0.559420 0.399278 0.714456
v -0.555503 0.417431 0.708958
v -0.581098 0.374550 0.729477
v -0.579826 0.397316 0.721362
v -0.601925 0.400746 0.729507
v -0.593828 0.421874 0.721258
v -0.573728 0.417274 0.714477
v -0.564318 0.433311 0.708870
v -0.548824 0.431809 0.704742
v -0.553780 0.444925 0.704626
v -0.581895 0.438887 0.714286
v -0.568229 0.451108 0.708660
v -0.613797 0.432163 0.729230
v -0.599601 0.449649 0.720899
v -0.615580 0.465803 0.728670
v -0.596796 0.477875 0.720327
v -0.583120 0.461997 0.713901
v -0.566221 0.469216 0.708273
v -0.554507 0.458647 0.704398
v -0.550965 0.472210 0.704070
v -0.577283 0.484346 0.713361
v -0.559134 0.485933 0.707819
v -0.607095 0.498291 0.727885
v -0.585468 0.503765 0.719592
v -0.589153 0.526526 0.726950
v -0.566927 0.524877 0.718770
v -0.564957 0.503743 0.712719
v -0.547071 0.499352 0.707274
v -0.543646 0.483727 0.703689
v -0.532959 0.492557 0.703275
v -0.547346 0.518292 0.712037
v -0.531692 0.508603 0.706756
v -0.563552 0.547675 0.725958
v -0.542825 0.538994 0.717940
v -0.532738 0.559720 0.725005
v -0.515630 0.544928 0.717183
v -0.526177 0.526567 0.711381
v -0.514182 0.512208 0.706257
v -0.520389 0.497470 0.702886
v -0.506638 0.498193 0.702544
v -0.503518 0.527758 0.710817
v -0.496386 0.510460 0.705877
v -0.499800 0.561452 0.724185
v -0.487960 0.541879 0.716574
v -0.467884 0.552706 0.723577
v -0.481592 0.521750 0.710400
v -0.493619 0.494626 0.702296
v -0.444444 0.558451 0.731883
v -0.418971 0.558247 0.741474
v -0.416223 0.532442 0.731673
v -0.427896 0.584066 0.752584
v -0.399881 0.579678 0.764443
v -0.392817 0.551737 0.752322
v -0.367441 0.538877 0.764396
v -0.369056 0.510059 0.752499
v -0.392007 0.524333 0.741435
v -0.397106 0.498911 0.731815
v -0.376637 0.483658 0.741795
v -0.389223 0.460990 0.732305
v -0.348950 0.489943 0.764829
v -0.359257 0.462924 0.753108
v -0.346173 0.437548 0.765700
v -0.364018 0.415022 0.754079
v -0.374328 0.440106 0.742519
v -0.393054 0.422452 0.733086
v -0.385313 0.398044 0.743535
v -0.408520 0.387103 0.734089
v -0.359388 0.386946 0.766922
v -0.383242 0.371084 0.755326
v -0.387334 0.342970 0.768378
v -0.414708 0.335256 0.756721
v -0.408542 0.361490 0.744746
v -0.433834 0.358278 0.735211
v -0.441687 0.334109 0.746030
v -0.466742 0.339003 0.736345
v -0.427208 0.310029 0.769923
v -0.455611 0.311297 0.758130
v -0.475202 0.291269 0.771409
v -0.501763 0.301228 0.759415
v -0.481580 0.318515 0.747265
v -0.503872 0.330902 0.737379
v -0.524224 0.316272 0.748326
v -0.541651 0.335064 0.738210
v -0.526504 0.288571 0.772686
v -0.548722 0.306401 0.760448
v -0.576215 0.302193 0.773633
v -0.591931 0.325935 0.761133
v -0.565544 0.327595 0.749113
v -0.576414 0.350780 0.738761
v -0.601399 0.351348 0.749547
v -0.604635 0.376789 0.738972
v -0.619350 0.330768 0.774155
v -0.627009 0.358264 0.761395
v -0.651789 0.371569 0.774202
v -0.650771 0.399942 0.761218
v -0.628363 0.385262 0.749586
v -0.623752 0.410320 0.738829
v -0.643733 0.425938 0.749226
v -0.631635 0.448241 0.738340
v -0.670280 0.420504 0.773769
v -0.660569 0.447078 0.760609
v -0.673057 0.472899 0.772897
v -0.655808 0.494979 0.759638
v -0.646042 0.469489 0.748502
v -0.627805 0.486779 0.737558
v -0.635057 0.511551 0.747486
v -0.612339 0.522128 0.736555
v -0.659842 0.523500 0.771675
v -0.636584 0.538918 0.758391
v -0.631896 0.567477 0.770219
v -0.605119 0.574746 0.756996
v -0.611828 0.548105 0.746276
v -0.587024 0.550953 0.735433
v -0.578683 0.575486 0.744992
v -0.554116 0.570227 0.734299
v -0.592022 0.600418 0.768674
v -0.564215 0.598704 0.755587
v -0.544028 0.619178 0.767189
v -0.518064 0.608774 0.754301
v -0.538790 0.591080 0.743757
v -0.516986 0.578329 0.733265
v -0.496146 0.593323 0.742695
v -0.479207 0.574167 0.732435
v -0.492726 0.621875 0.765911
v -0.471104 0.603601 0.753269
v -0.443015 0.608254 0.764964
v -0.454825 0.582000 0.741908
v -0.413263 0.606579 0.777760
v -0.383403 0.598108 0.791609
v -0.372192 0.568727 0.777453
v -0.400904 0.625440 0.806795
v -0.369926 0.613104 0.822280
v -0.354851 0.582997 0.806451
v -0.329050 0.561692 0.822221
v -0.323655 0.528280 0.806683
v -0.346289 0.551429 0.791555
v -0.344371 0.519929 0.777660
v -0.325134 0.495444 0.792051
v -0.332898 0.464741 0.778373
v -0.305750 0.500031 0.822767
v -0.310791 0.466397 0.807483
v -0.302250 0.434009 0.823865
v -0.317042 0.403509 0.808758
v -0.321957 0.435500 0.793047
v -0.338473 0.408656 0.779510
v -0.337076 0.377608 0.794446
v -0.360980 0.357211 0.780970
v -0.318903 0.370247 0.825405
v -0.342280 0.345823 0.810395
v -0.354117 0.314834 0.827240
v -0.383591 0.298786 0.812226
v -0.369049 0.327295 0.796112
v -0.397822 0.315262 0.782604
v -0.414668 0.289609 0.797879
v -0.445714 0.287210 0.784253
v -0.404361 0.273326 0.829187
v -0.437291 0.267332 0.814076
v -0.464837 0.249687 0.831058
v -0.497882 0.254111 0.815764
v -0.469577 0.268146 0.799579
v -0.499750 0.275420 0.785758
v -0.528270 0.265059 0.801040
v -0.554732 0.281477 0.786967
v -0.529481 0.246287 0.832668
v -0.559533 0.260903 0.817119
v -0.592120 0.263451 0.833861
v -0.616260 0.286550 0.818019
v -0.585143 0.280643 0.802123
v -0.605322 0.304349 0.787770
v -0.634493 0.313336 0.802721
v -0.646393 0.342201 0.788076
v -0.646473 0.299459 0.834518
v -0.662314 0.328993 0.818363
v -0.687349 0.350871 0.834578
v -0.693510 0.383710 0.818131
v -0.671605 0.360015 0.802774
v -0.674215 0.390999 0.787869
v -0.692761 0.416000 0.802279
v -0.685687 0.446188 0.787156
v -0.710649 0.412532 0.834032
v -0.706374 0.445593 0.817331
v -0.714148 0.478553 0.832934
v -0.700123 0.508481 0.816056
v -0.695938 0.475944 0.801282
v -0.680113 0.502273 0.786019
v -0.680819 0.533836 0.799884
v -0.657604 0.553718 0.784559
v -0.697496 0.542315 0.831394
v -0.674885 0.566166 0.814419
v -0.662283 0.597728 0.829559
v -0.633574 0.613204 0.812587
v -0.648847 0.584149 0.798218
v -0.620763 0.595667 0.782926
v -0.603228 0.621836 0.796450
v -0.572872 0.623718 0.781276
v -0.612039 0.639236 0.827613
v -0.579874 0.644657 0.810738
v -0.551562 0.662875 0.825741
v -0.519283 0.657878 0.809050
v -0.548319 0.643299 0.794751
v -0.518836 0.635508 0.779771
v -0.489625 0.646385 0.793289
v -0.463853 0.629451 0.778562
v -0.486918 0.666275 0.824131
v -0.457632 0.651086 0.807695
v -0.424278 0.649111 0.822938
v -0.432752 0.630801 0.792206
v -0.391126 0.640181 0.838970
v -0.359802 0.624272 0.855721
v -0.341225 0.594192 0.838597
v -0.384167 0.650442 0.873497
v -0.353258 0.631364 0.891093
v -0.331648 0.602039 0.873105
v -0.307947 0.574373 0.891028
v -0.296071 0.539638 0.873370
v -0.316173 0.569398 0.855658
v -0.307423 0.534903 0.838849
v -0.291303 0.503583 0.856240
v -0.293483 0.467850 0.839715
v -0.282118 0.506021 0.891633
v -0.281400 0.469065 0.874281
v -0.278239 0.432836 0.892850
v -0.288529 0.397346 0.875736
v -0.287568 0.433115 0.857412
v -0.300257 0.399708 0.841097
v -0.305342 0.365058 0.859056
v -0.327604 0.337203 0.842871
v -0.296698 0.362155 0.894557
v -0.317311 0.331561 0.877603
v -0.335733 0.300729 0.896591
v -0.364423 0.277918 0.879691
v -0.342928 0.305913 0.861015
v -0.372366 0.286235 0.844855
v -0.396556 0.261609 0.863093
v -0.430553 0.252154 0.846859
v -0.391429 0.254717 0.898749
v -0.425664 0.242048 0.881800
v -0.458467 0.228513 0.900824
v -0.494763 0.226971 0.883725
v -0.461105 0.236378 0.865090
v -0.496206 0.237829 0.848688
v -0.530104 0.232749 0.866808
v -0.563008 0.245188 0.850157
v -0.530126 0.224744 0.902608
v -0.565071 0.234716 0.885271
v -0.599562 0.243771 0.903931
v -0.629764 0.263964 0.886297
v -0.596962 0.251070 0.868082
v -0.624475 0.272977 0.851132
v -0.654975 0.289502 0.868784
v -0.674376 0.318966 0.851504
v -0.659812 0.283686 0.904660
v -0.682284 0.312367 0.886689
v -0.705123 0.340676 0.904725
v -0.717860 0.374768 0.886425
v -0.698604 0.344377 0.868847
v -0.708178 0.378255 0.851252
v -0.723474 0.410191 0.868265
v -0.722117 0.445308 0.850386
v -0.730952 0.409028 0.904120
v -0.732532 0.445341 0.885513
v -0.734832 0.482214 0.902903
v -0.725403 0.517060 0.884058
v -0.727209 0.480659 0.867093
v -0.715344 0.513451 0.849005
v -0.709435 0.548716 0.865449
v -0.687997 0.575955 0.847231
v -0.716372 0.552894 0.901196
v -0.696620 0.582845 0.882192
v -0.677337 0.614320 0.899162
v -0.649509 0.636487 0.880103
v -0.671849 0.607861 0.863490
v -0.643235 0.626923 0.845246
v -0.618222 0.652165 0.861412
v -0.585048 0.661004 0.843242
v -0.621641 0.660332 0.897004
v -0.588268 0.672358 0.877994
v -0.554603 0.686536 0.894929
v -0.519169 0.687435 0.876069
v -0.553672 0.677396 0.859415
v -0.519395 0.675330 0.841413
v -0.484673 0.681025 0.857697
v -0.452593 0.667970 0.839945
v -0.482944 0.690305 0.893145
v -0.448861 0.679689 0.874523
v -0.413508 0.671278 0.891822
v -0.417815 0.662704 0.856423
v -0.380201 0.655968 0.909521
v -0.350478 0.634177 0.927535
v -0.326355 0.606343 0.909119
v -0.379323 0.656623 0.946161
v -0.351508 0.632671 0.964146
v -0.325477 0.606999 0.945759
v -0.306196 0.575681 0.964081
v -0.289003 0.543022 0.946030
v -0.304604 0.576479 0.927469
v -0.289880 0.542366 0.909391
v -0.278454 0.507278 0.928081
v -0.274839 0.470012 0.910325
v -0.280368 0.507329 0.964685
v -0.273962 0.470668 0.946965
v -0.276489 0.434143 0.965902
v -0.281270 0.397139 0.948456
v -0.274527 0.433183 0.929313
v -0.282148 0.396483 0.911816
v -0.293216 0.361624 0.931042
v -0.311657 0.329037 0.913730
v -0.294948 0.363463 0.967609
v -0.310779 0.329693 0.950370
v -0.333983 0.302037 0.969644
v -0.359079 0.274696 0.952511
v -0.332736 0.299434 0.933101
v -0.359958 0.274040 0.915872
v -0.389123 0.252851 0.935286
v -0.422745 0.237264 0.918034
v -0.389679 0.256024 0.971801
v -0.421867 0.237920 0.954674
v -0.456717 0.229820 0.973876
v -0.492710 0.222462 0.956647
v -0.456995 0.226321 0.937387
v -0.493588 0.221807 0.920008
v -0.529545 0.222506 0.939193
v -0.565671 0.229747 0.921592
v -0.528376 0.226052 0.975660
v -0.564793 0.230403 0.958232
v -0.597812 0.245079 0.976983
v -0.631120 0.260389 0.959284
v -0.599843 0.241769 0.940532
v -0.631997 0.259733 0.922645
v -0.660842 0.282180 0.941270
v -0.685843 0.309359 0.923046
v -0.658062 0.284993 0.977712
v -0.684965 0.310014 0.959686
v -0.703373 0.341984 0.977777
v -0.721440 0.373990 0.959415
v -0.706716 0.339878 0.941336
v -0.722318 0.373335 0.922775
v -0.732866 0.409079 0.940724
v -0.737359 0.445688 0.921840
v -0.729202 0.410335 0.977173
v -0.736481 0.446344 0.958480
v -0.733081 0.483521 0.975956
v -0.729172 0.519874 0.956989
v -0.736793 0.483174 0.939492
v -0.730050 0.519218 0.920349
v -0.718104 0.554733 0.937764
v -0.700541 0.586664 0.918435
v -0.714622 0.554201 0.974249
v -0.699663 0.587320 0.955075
v -0.675587 0.615627 0.972214
v -0.651363 0.642317 0.952934
v -0.678584 0.616922 0.935704
v -0.652241 0.641661 0.916294
v -0.622196 0.663506 0.933519
v -0.589453 0.678437 0.914132
v -0.619891 0.661639 0.970057
v -0.588575 0.679093 0.950771
v -0.552853 0.687844 0.967982
v -0.517732 0.694550 0.948798
v -0.554325 0.690036 0.931419
v -0.518610 0.693894 0.912158
v -0.481776 0.693851 0.929613
v -0.446527 0.685953 0.910573
v -0.481194 0.691612 0.966198
v -0.445649 0.686609 0.947213
v -0.411758 0.672585 0.964875
v -0.411477 0.674588 0.928273
v -0.381556 0.652393 0.982508
v -0.356274 0.626937 0.999864
v -0.329036 0.603990 0.982117
v -0.386617 0.643753 1.017040
v -0.364135 0.617721 1.032702
v -0.336611 0.597667 1.016667
v -0.323038 0.566030 1.032642
v -0.302738 0.538254 1.016919
v -0.312623 0.572034 0.999800
v -0.293460 0.541589 0.982381
v -0.287740 0.506187 1.000383
v -0.278789 0.471016 0.983293
v -0.299611 0.504035 1.033191
v -0.288770 0.471061 1.017787
v -0.296092 0.437655 1.034294
v -0.295557 0.402776 1.019172
v -0.284003 0.435683 1.001555
v -0.285917 0.399298 0.984747
v -0.301786 0.367592 1.003200
v -0.314700 0.333512 0.986614
v -0.312835 0.373548 1.035843
v -0.322961 0.340141 1.020950
v -0.348240 0.317834 1.037688
v -0.367816 0.289067 1.022938
v -0.339391 0.308416 1.005160
v -0.361811 0.279869 0.988703
v -0.393046 0.264089 1.007238
v -0.423052 0.243998 0.990812
v -0.398756 0.276101 1.039645
v -0.426126 0.254913 1.024946
v -0.459560 0.252333 1.041527
v -0.491915 0.240558 1.026779
v -0.457629 0.238845 1.009237
v -0.492151 0.228922 0.992737
v -0.526662 0.235215 1.010956
v -0.562460 0.236667 0.994282
v -0.524555 0.248915 1.043145
v -0.558857 0.247933 1.028251
v -0.587534 0.266173 1.044345
v -0.620452 0.275780 1.029228
v -0.593554 0.253545 1.012230
v -0.627153 0.265915 0.995309
v -0.651597 0.291997 1.012932
v -0.679673 0.314318 0.995700
v -0.642181 0.302375 1.045006
v -0.670458 0.321866 1.029601
v -0.683278 0.354066 1.045065
v -0.704331 0.381279 1.029349
v -0.695248 0.346900 1.012995
v -0.715249 0.376719 0.995436
v -0.720131 0.412747 1.012413
v -0.729920 0.447292 0.994524
v -0.706705 0.416061 1.044517
v -0.718300 0.448472 1.028481
v -0.710224 0.482440 1.043413
v -0.711512 0.516757 1.027096
v -0.723868 0.483251 1.011241
v -0.722791 0.519010 0.993070
v -0.706084 0.551342 1.009596
v -0.694009 0.584796 0.991203
v -0.693481 0.546548 1.041865
v -0.684108 0.579392 1.025319
v -0.658076 0.602261 1.040020
v -0.639252 0.630466 1.023330
v -0.668480 0.610518 1.007636
v -0.646898 0.638438 0.989114
v -0.614825 0.654844 1.005557
v -0.585656 0.674309 0.987005
v -0.607560 0.643995 1.038063
v -0.580944 0.664620 1.021322
v -0.546755 0.667762 1.036181
v -0.515154 0.678974 1.019489
v -0.550242 0.680088 1.003559
v -0.516557 0.689386 0.985080
v -0.481209 0.683719 1.001840
v -0.446249 0.681640 0.983535
v -0.481761 0.671180 1.034563
v -0.448212 0.671600 1.018018
v -0.418782 0.653923 1.033363
v -0.414317 0.665389 1.000566
v -0.393914 0.631671 1.047618
v -0.374262 0.605979 1.060770
v -0.347339 0.588747 1.047271
v -0.402551 0.617585 1.073100
v -0.385263 0.593294 1.083669
v -0.359926 0.578302 1.072782
v -0.350766 0.549904 1.083619
v -0.331052 0.527657 1.072997
v -0.336354 0.558300 1.060715
v -0.315790 0.533410 1.047505
v -0.314745 0.501115 1.061221
v -0.302779 0.470826 1.048314
v -0.331101 0.497865 1.084079
v -0.319145 0.470381 1.073737
v -0.328148 0.442146 1.085006
v -0.324931 0.412174 1.074917
v -0.311500 0.439886 1.062239
v -0.309101 0.407225 1.049604
v -0.326943 0.380754 1.063667
v -0.334625 0.348887 1.051260
v -0.342202 0.388333 1.086306
v -0.348290 0.358783 1.076432
v -0.371921 0.341566 1.087854
v -0.386526 0.315247 1.078127
v -0.359600 0.329363 1.065369
v -0.376404 0.301316 1.053112
v -0.406197 0.290869 1.067174
v -0.430713 0.269506 1.054982
v -0.414325 0.306535 1.089497
v -0.436229 0.286135 1.079839
v -0.465364 0.286585 1.091077
v -0.492309 0.273898 1.081401
v -0.462283 0.268946 1.068910
v -0.491990 0.256136 1.056689
v -0.522234 0.265793 1.070403
v -0.554340 0.263004 1.058060
v -0.519922 0.283715 1.092435
v -0.549371 0.280184 1.082656
v -0.572787 0.298201 1.093442
v -0.601876 0.303922 1.083488
v -0.580325 0.281711 1.071509
v -0.611710 0.288941 1.058970
v -0.630732 0.315104 1.072119
v -0.658285 0.331865 1.059317
v -0.618658 0.328590 1.093997
v -0.644501 0.343205 1.083807
v -0.653156 0.371980 1.094047
v -0.673374 0.393850 1.083592
v -0.668640 0.362784 1.072174
v -0.689834 0.387203 1.059083
v -0.690249 0.419968 1.071668
v -0.702845 0.449787 1.058274
v -0.672820 0.424019 1.093587
v -0.685281 0.451126 1.082852
v -0.675774 0.479739 1.092660
v -0.679496 0.509333 1.081671
v -0.693494 0.481196 1.070650
v -0.696523 0.513387 1.056984
v -0.678051 0.540329 1.069222
v -0.670999 0.571726 1.055329
v -0.661720 0.533552 1.091361
v -0.656136 0.562724 1.080156
v -0.632001 0.580318 1.089812
v -0.617900 0.606260 1.078461
v -0.645393 0.591720 1.067520
v -0.629220 0.619296 1.053477
v -0.598797 0.630215 1.065715
v -0.574911 0.651107 1.051606
v -0.589597 0.615349 1.088169
v -0.568197 0.635373 1.076750
v -0.538557 0.635299 1.086589
v -0.512117 0.647609 1.075187
v -0.542711 0.652137 1.063979
v -0.513634 0.664477 1.049899
v -0.482760 0.655290 1.062486
v -0.451284 0.657609 1.048529
v -0.483999 0.638169 1.085231
v -0.455055 0.641322 1.073933
v -0.431134 0.623683 1.084224
v -0.424669 0.639372 1.061379
v -0.346448 0.521808 1.093244
v -0.372645 0.567756 1.093050
v -0.364691 0.541776 1.101330
v -0.411318 0.603398 1.093338
v -0.395918 0.581051 1.101375
v -0.419864 0.589654 1.108684
v -0.406588 0.568831 1.114613
v -0.384999 0.557522 1.108423
v -0.378606 0.533638 1.114573
v -0.361382 0.516098 1.108599
v -0.340895 0.417032 1.094986
v -0.335646 0.469842 1.093916
v -0.344219 0.444236 1.102585
v -0.346892 0.494672 1.101747
v -0.362656 0.491428 1.114946
v -0.351643 0.469249 1.109204
v -0.360260 0.446233 1.115697
v -0.356375 0.421639 1.110170
v -0.396779 0.329091 1.097899
v -0.362089 0.368591 1.096361
v -0.383840 0.353195 1.105164
v -0.356940 0.395527 1.103762
v -0.371660 0.402584 1.116752
v -0.375482 0.377967 1.111409
v -0.395765 0.364651 1.118008
v -0.406757 0.342356 1.112796
v -0.492754 0.291576 1.100870
v -0.441874 0.302678 1.099452
v -0.468423 0.303428 1.108081
v -0.422223 0.321486 1.106651
v -0.430160 0.336236 1.119340
v -0.447412 0.318544 1.114196
v -0.471559 0.320054 1.120622
v -0.493282 0.308535 1.115474
v -0.592162 0.318816 1.102763
v -0.544526 0.297280 1.102008
v -0.565657 0.313943 1.110222
v -0.517806 0.300830 1.109310
v -0.515811 0.317727 1.121723
v -0.539957 0.313677 1.116500
v -0.558691 0.329477 1.122540
v -0.582902 0.333093 1.117181
v -0.657032 0.400407 1.102857
v -0.630835 0.354458 1.103052
v -0.638405 0.380725 1.110769
v -0.607179 0.341450 1.110724
v -0.595898 0.354126 1.122991
v -0.617768 0.365225 1.117441
v -0.623880 0.389320 1.123031
v -0.641385 0.406650 1.117266
v -0.662585 0.505182 1.101115
v -0.667835 0.452372 1.102186
v -0.658878 0.478265 1.109514
v -0.656205 0.427829 1.110353
v -0.639830 0.431530 1.122658
v -0.651124 0.453499 1.116660
v -0.642225 0.476725 1.121906
v -0.646391 0.501109 1.115695
v -0.606701 0.593123 1.098202
v -0.641391 0.553623 1.099740
v -0.619256 0.569305 1.106935
v -0.646157 0.526974 1.108337
v -0.630826 0.520373 1.120852
v -0.627285 0.544780 1.114456
v -0.606721 0.558307 1.119596
v -0.596010 0.580391 1.113069
v -0.510726 0.630638 1.095232
v -0.561606 0.619536 1.096649
v -0.534674 0.619073 1.104018
v -0.580873 0.601015 1.105448
v -0.572326 0.586721 1.118263
v -0.555355 0.604203 1.111669
v -0.530927 0.602903 1.116982
v -0.509484 0.614212 1.110391
v -0.458954 0.624934 1.094094
v -0.437439 0.608557 1.101877
v -0.485291 0.621670 1.102789
v -0.486674 0.605230 1.115880
v -0.462811 0.609070 1.109365
v -0.443794 0.593480 1.115063
v -0.472932 0.497354 0.705542
v -0.451440 0.521671 0.716061
v -0.433885 0.499590 0.716036
v -0.461695 0.483221 0.705526
v -0.455245 0.466150 0.705677
v -0.423878 0.473108 0.716270
v -0.422375 0.444752 0.716742
v -0.454283 0.448001 0.705978
v -0.458893 0.430348 0.706405
v -0.429527 0.417367 0.717403
v -0.444651 0.393568 0.718191
v -0.468573 0.415115 0.706909
v -0.482483 0.403624 0.707448
v -0.466230 0.375740 0.719027
v -0.492204 0.365588 0.719831
v -0.499108 0.397125 0.707963
v -0.517005 0.396184 0.708408
v -0.519968 0.364128 0.720522
v -0.546871 0.371499 0.721035
v -0.534225 0.400903 0.708736
v -0.549272 0.410871 0.708918
v -0.570214 0.386964 0.721317
v -0.587770 0.409045 0.721343
v -0.560509 0.425004 0.708935
v -0.566960 0.442075 0.708784
v -0.597777 0.435528 0.721108
v -0.599280 0.463883 0.720637
v -0.567921 0.460224 0.708482
v -0.563311 0.477877 0.708055
v -0.592128 0.491268 0.719976
v -0.577004 0.515068 0.719187
v -0.553631 0.493110 0.707551
v -0.539721 0.504601 0.707012
v -0.555425 0.532895 0.718351
v -0.529451 0.543048 0.717547
v -0.523096 0.511100 0.706498
v -0.505199 0.512041 0.706052
v -0.501687 0.544508 0.716856
v -0.474785 0.537136 0.716344
v -0.487980 0.507323 0.705724
v -0.429346 0.546575 0.731734
v -0.409128 0.569305 0.752398
v -0.379335 0.531832 0.752355
v -0.405376 0.516428 0.731699
v -0.391713 0.480270 0.732019
v -0.362352 0.486889 0.752753
v -0.359802 0.438767 0.753553
v -0.389661 0.441555 0.732663
v -0.399426 0.404166 0.733566
v -0.371939 0.392293 0.754676
v -0.397605 0.351903 0.756013
v -0.420075 0.371671 0.734642
v -0.449538 0.347331 0.735784
v -0.434227 0.321649 0.757432
v -0.478307 0.304419 0.758796
v -0.485001 0.333469 0.736881
v -0.522909 0.331475 0.737825
v -0.525425 0.301941 0.759969
v -0.571081 0.314452 0.760839
v -0.559640 0.341541 0.738525
v -0.591512 0.362655 0.738910
v -0.610698 0.340696 0.761318
v -0.640491 0.378169 0.761362
v -0.615482 0.392803 0.738945
v -0.629145 0.428961 0.738625
v -0.657474 0.423113 0.760964
v -0.660025 0.471234 0.760164
v -0.631197 0.467675 0.737981
v -0.621432 0.505065 0.737078
v -0.647887 0.517709 0.759041
v -0.622221 0.558098 0.757704
v -0.600783 0.537559 0.736002
v -0.571320 0.561900 0.734861
v -0.585599 0.588353 0.756285
v -0.541519 0.605583 0.754920
v -0.535856 0.575762 0.733763
v -0.497949 0.577755 0.732819
v -0.494401 0.608061 0.753747
v -0.448745 0.595550 0.752878
v -0.461218 0.567690 0.732120
v -0.391290 0.589297 0.777543
v -0.376266 0.606061 0.806552
v -0.337151 0.556864 0.806495
v -0.356406 0.545422 0.777492
v -0.336522 0.492800 0.777958
v -0.314855 0.497860 0.807017
v -0.311506 0.434682 0.808067
v -0.333536 0.436457 0.778895
v -0.347747 0.382043 0.780209
v -0.327441 0.373667 0.809541
v -0.361138 0.320641 0.811297
v -0.377798 0.334753 0.781775
v -0.420676 0.299330 0.783436
v -0.409217 0.280921 0.813160
v -0.467088 0.258301 0.814951
v -0.472287 0.279156 0.785034
v -0.527454 0.276255 0.786407
v -0.528947 0.255048 0.816491
v -0.588888 0.271472 0.817633
v -0.580911 0.290903 0.787426
v -0.627295 0.321632 0.787987
v -0.640899 0.305929 0.818262
v -0.680014 0.355126 0.818319
v -0.662179 0.365507 0.788037
v -0.682063 0.418128 0.787572
v -0.702310 0.414130 0.817797
v -0.705659 0.477307 0.816746
v -0.685050 0.474471 0.786635
v -0.670839 0.528886 0.785320
v -0.689724 0.538322 0.815273
v -0.656027 0.591348 0.813516
v -0.640787 0.576176 0.783754
v -0.597909 0.611598 0.782093
v -0.607948 0.631068 0.811654
v -0.550077 0.653689 0.809863
v -0.546298 0.631772 0.780496
v -0.491131 0.634673 0.779122
v -0.488217 0.656942 0.808323
v -0.428277 0.640517 0.807181
v -0.437674 0.620025 0.778104
v -0.364429 0.619183 0.838706
v -0.356069 0.628342 0.873219
v -0.311462 0.572236 0.873155
v -0.322046 0.565876 0.838645
v -0.297887 0.501942 0.839210
v -0.286034 0.504946 0.873750
v -0.282216 0.432898 0.874948
v -0.294259 0.433486 0.840349
v -0.311525 0.367373 0.841945
v -0.300388 0.363315 0.876629
v -0.338816 0.302843 0.878632
v -0.348037 0.309917 0.843848
v -0.400133 0.266879 0.845867
v -0.393647 0.257545 0.880756
v -0.459645 0.231749 0.882799
v -0.462839 0.242368 0.847808
v -0.529867 0.238843 0.849476
v -0.530191 0.228038 0.884555
v -0.598548 0.246770 0.885857
v -0.594816 0.256640 0.850714
v -0.651172 0.293975 0.851395
v -0.657862 0.286064 0.886575
v -0.702470 0.342169 0.886639
v -0.693555 0.347282 0.851456
v -0.717714 0.411217 0.850891
v -0.727897 0.409459 0.886044
v -0.731716 0.481508 0.884846
v -0.721342 0.479672 0.849753
v -0.704076 0.545785 0.848156
v -0.713544 0.551091 0.883165
v -0.675115 0.611563 0.881162
v -0.667564 0.603241 0.846253
v -0.615468 0.646279 0.844235
v -0.620284 0.656860 0.879038
v -0.554287 0.682657 0.876996
v -0.552762 0.670790 0.842294
v -0.485734 0.674315 0.840625
v -0.483741 0.686367 0.875239
v -0.415384 0.667636 0.873937
v -0.420786 0.656518 0.839388
v -0.351393 0.633309 0.909237
v -0.350515 0.633965 0.945876
v -0.304782 0.576444 0.945810
v -0.305660 0.575788 0.909171
v -0.279590 0.506799 0.909781
v -0.278713 0.507455 0.946421
v -0.274798 0.433588 0.947649
v -0.275675 0.432932 0.911009
v -0.294306 0.361593 0.912732
v -0.293429 0.362248 0.949372
v -0.332827 0.300249 0.951425
v -0.333705 0.299594 0.914786
v -0.389920 0.253153 0.916963
v -0.389042 0.253808 0.953603
v -0.456705 0.227360 0.955697
v -0.457583 0.226705 0.919058
v -0.529910 0.222901 0.920858
v -0.529032 0.223557 0.957498
v -0.599115 0.242761 0.958833
v -0.599993 0.242105 0.922193
v -0.660805 0.282392 0.922929
v -0.659927 0.283048 0.959569
v -0.705661 0.340569 0.959635
v -0.706538 0.339913 0.922995
v -0.732607 0.408902 0.922385
v -0.731730 0.409558 0.959025
v -0.735645 0.483425 0.957796
v -0.736523 0.482769 0.921157
v -0.717892 0.554109 0.919434
v -0.717014 0.554764 0.956073
v -0.677615 0.616763 0.954020
v -0.678493 0.616107 0.917380
v -0.622278 0.662548 0.915202
v -0.621400 0.663204 0.951842
v -0.553737 0.689652 0.949748
v -0.554615 0.688996 0.913108
v -0.482288 0.692800 0.911308
v -0.481410 0.693456 0.947947
v -0.411327 0.674251 0.946612
v -0.412205 0.673596 0.909972
v -0.353458 0.630293 0.982231
v -0.359863 0.622711 1.016776
v -0.317392 0.569292 1.016715
v -0.308850 0.574187 0.982166
v -0.283423 0.506898 0.982762
v -0.293182 0.505224 1.017282
v -0.289546 0.436625 1.018422
v -0.279604 0.434849 0.983960
v -0.297777 0.365266 0.985640
v -0.306848 0.370374 1.020022
v -0.343437 0.312798 1.021929
v -0.336205 0.304794 0.987643
v -0.391036 0.259496 0.989767
v -0.395642 0.269669 1.023952
v -0.458479 0.245107 1.025897
v -0.457033 0.233699 0.991810
v -0.527579 0.229989 0.993566
v -0.525647 0.241575 1.027569
v -0.590731 0.259409 1.028809
v -0.595936 0.248721 0.994869
v -0.655251 0.288015 0.995586
v -0.647206 0.296823 1.029492
v -0.689677 0.350241 1.029553
v -0.699858 0.344121 0.995651
v -0.725286 0.411411 0.995055
v -0.713887 0.414309 1.028987
v -0.717523 0.482908 1.027846
v -0.729105 0.483459 0.993857
v -0.710932 0.553042 0.992177
v -0.700221 0.549159 1.026246
v -0.663632 0.606735 1.024339
v -0.672504 0.613513 0.990174
v -0.617673 0.658811 0.988050
v -0.611427 0.649863 1.022316
v -0.548590 0.674426 1.020371
v -0.551676 0.684608 0.986007
v -0.481130 0.688318 0.984251
v -0.481422 0.677958 1.018699
v -0.416338 0.660124 1.017459
v -0.412772 0.669587 0.982948
v -0.368996 0.612073 1.047372
v -0.379746 0.599649 1.072875
v -0.343543 0.554114 1.072822
v -0.329438 0.562319 1.047315
v -0.306889 0.502646 1.047843
v -0.322907 0.499502 1.073305
v -0.319807 0.441028 1.074278
v -0.303503 0.438752 1.048905
v -0.319618 0.377046 1.050396
v -0.334556 0.384555 1.075642
v -0.365744 0.335476 1.077267
v -0.353696 0.323419 1.052172
v -0.402321 0.283249 1.054056
v -0.410245 0.298712 1.078991
v -0.463808 0.277776 1.080649
v -0.460847 0.260372 1.055867
v -0.523408 0.257082 1.057425
v -0.521062 0.274765 1.082074
v -0.576541 0.289967 1.083131
v -0.584027 0.273693 1.058580
v -0.636628 0.308540 1.059216
v -0.624680 0.321858 1.083714
v -0.660883 0.367393 1.083766
v -0.676186 0.358294 1.059273
v -0.698735 0.417967 1.058745
v -0.681520 0.422005 1.083283
v -0.684619 0.480480 1.082311
v -0.702122 0.481860 1.057683
v -0.686006 0.543566 1.056192
v -0.669871 0.536953 1.080947
v -0.638682 0.586031 1.079321
v -0.651928 0.597193 1.054416
v -0.603303 0.637363 1.052533
v -0.594182 0.622794 1.077597
v -0.540619 0.643731 1.075939
v -0.544777 0.660240 1.050721
v -0.482216 0.663530 1.049164
v -0.483364 0.646743 1.074514
v -0.427886 0.631540 1.073457
v -0.421597 0.646919 1.048009
v -0.357781 0.545812 1.093086
v -0.390628 0.587125 1.093134
v -0.401212 0.574983 1.108499
v -0.371599 0.537738 1.108457
v -0.336246 0.443210 1.094407
v -0.339058 0.496263 1.093524
v -0.354719 0.493068 1.108852
v -0.352184 0.445239 1.109647
v -0.377924 0.347445 1.097119
v -0.349627 0.391973 1.095644
v -0.364248 0.399047 1.110763
v -0.389758 0.358903 1.112092
v -0.466895 0.295095 1.100187
v -0.418298 0.314090 1.098683
v -0.426158 0.328832 1.113503
v -0.469970 0.311707 1.114859
v -0.569176 0.306156 1.102439
v -0.518841 0.292363 1.101480
v -0.516801 0.309244 1.116024
v -0.562180 0.321679 1.116889
v -0.645699 0.376403 1.103015
v -0.612852 0.335090 1.102968
v -0.601555 0.347764 1.117365
v -0.631168 0.385009 1.117408
v -0.667234 0.479004 1.101695
v -0.664422 0.425952 1.102577
v -0.648048 0.429679 1.117013
v -0.650583 0.477509 1.116218
v -0.625556 0.574770 1.098982
v -0.653853 0.530241 1.100457
v -0.638519 0.523701 1.115102
v -0.613008 0.563845 1.113772
v -0.536584 0.627120 1.095914
v -0.585182 0.608124 1.097418
v -0.576609 0.593915 1.112362
v -0.532797 0.611040 1.111006
v -0.434304 0.616059 1.093662
v -0.484638 0.629851 1.094621
v -0.485966 0.613503 1.109840
v -0.440587 0.601068 1.108976
v -0.385814 0.529415 1.119784
v -0.412124 0.562506 1.119822
v -0.423509 0.549530 1.127228
v -0.400614 0.520733 1.127195
v -0.368565 0.447232 1.120842
v -0.370817 0.489727 1.120135
v -0.387564 0.486196 1.127501
v -0.385603 0.449216 1.128115
v -0.401948 0.370525 1.123014
v -0.379283 0.406192 1.121833
v -0.394930 0.413502 1.128978
v -0.414654 0.382464 1.130006
v -0.473214 0.328593 1.125472
v -0.434288 0.343808 1.124267
v -0.442797 0.359214 1.131096
v -0.476671 0.345973 1.132145
v -0.555140 0.337453 1.127276
v -0.514822 0.326405 1.126508
v -0.512879 0.344069 1.133046
v -0.547964 0.353683 1.133714
v -0.616434 0.393720 1.127737
v -0.590124 0.360629 1.127699
v -0.578408 0.373852 1.134083
v -0.601304 0.402649 1.134116
v -0.633683 0.475903 1.126679
v -0.631431 0.433408 1.127386
v -0.614354 0.437186 1.133810
v -0.616315 0.474166 1.133195
v -0.600299 0.552610 1.124507
v -0.622965 0.516943 1.125688
v -0.606988 0.509880 1.132333
v -0.587264 0.540918 1.131305
v -0.529034 0.594542 1.122049
v -0.567960 0.579327 1.123254
v -0.559121 0.564168 1.130215
v -0.525247 0.577408 1.129166
v -0.447108 0.585682 1.120245
v -0.487426 0.596730 1.121013
v -0.489039 0.579312 1.128265
v -0.453953 0.569698 1.127596
v -0.430515 0.503146 1.130035
v -0.415554 0.511951 1.130095
v -0.435027 0.536445 1.130123
v -0.446578 0.523350 1.130058
v -0.419984 0.452971 1.130681
v -0.402787 0.451123 1.130878
v -0.404454 0.482576 1.130355
v -0.421359 0.478915 1.130250
v -0.440365 0.406138 1.132007
v -0.427496 0.394347 1.132486
v -0.410720 0.420746 1.131612
v -0.426527 0.427914 1.131286
v -0.483876 0.380538 1.133508
v -0.480244 0.363311 1.134305
v -0.451432 0.374573 1.133413
v -0.460110 0.389827 1.132772
v -0.533894 0.385947 1.134609
v -0.540882 0.369868 1.135640
v -0.511041 0.361691 1.135072
v -0.509279 0.379202 1.134140
v -0.571316 0.420300 1.134891
v -0.586249 0.411515 1.135981
v -0.566776 0.387023 1.135953
v -0.555253 0.400097 1.134868
v -0.581848 0.470476 1.134245
v -0.599017 0.472344 1.135199
v -0.597350 0.440891 1.135722
v -0.580472 0.444531 1.134676
v -0.561466 0.517308 1.132919
v -0.574308 0.529120 1.133590
v -0.591084 0.502720 1.134465
v -0.575304 0.495532 1.133640
v -0.517956 0.542909 1.131418
v -0.521560 0.560156 1.131772
v -0.550371 0.548894 1.132663
v -0.541721 0.533620 1.132154
v -0.467937 0.537500 1.130317
v -0.460922 0.553599 1.130436
v -0.490763 0.561776 1.131005
v -0.492552 0.544245 1.130786
v -0.459963 0.485826 1.132847
v -0.445701 0.494212 1.130714
v -0.458298 0.510056 1.130732
v -0.469297 0.497566 1.132861
v -0.453843 0.456669 1.133222
v -0.437441 0.454862 1.131220
v -0.438520 0.475209 1.130882
v -0.454642 0.471746 1.132972
v -0.465687 0.429455 1.133993
v -0.453426 0.418134 1.132261
v -0.442573 0.435212 1.131695
v -0.457646 0.442109 1.133574
v -0.490970 0.414578 1.134865
v -0.487548 0.398057 1.133437
v -0.468910 0.405342 1.132861
v -0.477160 0.419976 1.134438
v -0.520036 0.417722 1.135505
v -0.526775 0.402299 1.134301
v -0.507471 0.397009 1.133933
v -0.505732 0.413802 1.135233
v -0.541783 0.437684 1.135669
v -0.556123 0.429240 1.134522
v -0.543526 0.413396 1.134504
v -0.532448 0.425944 1.135655
v -0.547902 0.466841 1.135293
v -0.564382 0.468590 1.134016
v -0.563304 0.448243 1.134354
v -0.547103 0.451765 1.135544
v -0.536058 0.494055 1.134523
v -0.548398 0.505318 1.132975
v -0.559251 0.488240 1.133541
v -0.544100 0.481402 1.134942
v -0.510775 0.508932 1.133651
v -0.514276 0.525396 1.131799
v -0.532914 0.518110 1.132375
v -0.524585 0.503534 1.134078
v -0.481709 0.505789 1.133011
v -0.475049 0.521153 1.130935
v -0.494353 0.526443 1.131303
v -0.496013 0.509709 1.133283
v -0.498480 0.464556 0.698246
v -0.489360 0.478586 0.699987
v -0.483122 0.470740 0.699978
v -0.494804 0.454829 0.698333
v -0.479339 0.460730 0.700067
v -0.478805 0.450655 0.700234
v -0.497431 0.444769 0.698575
v -0.481509 0.440304 0.700484
v -0.486882 0.431848 0.700764
v -0.505358 0.438220 0.698883
v -0.495039 0.425109 0.701080
v -0.504268 0.421502 0.701366
v -0.515556 0.437684 0.699136
v -0.514763 0.420950 0.701627
v -0.524321 0.423569 0.701809
v -0.524131 0.443365 0.699240
v -0.533145 0.429414 0.701916
v -0.539383 0.437260 0.701925
v -0.527807 0.453093 0.699154
v -0.543166 0.447270 0.701836
v -0.543700 0.457345 0.701669
v -0.525180 0.463152 0.698911
v -0.540996 0.467697 0.701419
v -0.535622 0.476153 0.701139
v -0.517253 0.469701 0.698604
v -0.527466 0.482892 0.700823
v -0.518237 0.486499 0.700537
v -0.507055 0.470237 0.698350
v -0.507742 0.487051 0.700276
v -0.498184 0.484432 0.700094
v -0.480560 0.473791 1.112601
v -0.485152 0.479566 1.112608
v -0.490267 0.470562 1.109813
v -0.477352 0.458926 1.112790
v -0.477745 0.466341 1.112667
v -0.487063 0.462082 1.109888
v -0.483319 0.444998 1.113183
v -0.479364 0.451222 1.112977
v -0.489353 0.453313 1.110100
v -0.496183 0.437327 1.113628
v -0.489390 0.439982 1.113418
v -0.496263 0.447604 1.110368
v -0.511030 0.438845 1.113957
v -0.503994 0.436917 1.113823
v -0.505153 0.447137 1.110589
v -0.522188 0.448970 1.114043
v -0.517597 0.443195 1.114036
v -0.512628 0.452089 1.110680
v -0.525396 0.463835 1.113853
v -0.525003 0.456420 1.113977
v -0.515833 0.460569 1.110605
v -0.519429 0.477764 1.113461
v -0.523384 0.471540 1.113667
v -0.513543 0.469338 1.110393
v -0.506565 0.485434 1.113016
v -0.513358 0.482779 1.113226
v -0.506633 0.475047 1.110125
v -0.491719 0.483917 1.112687
v -0.498755 0.485845 1.112821
v -0.497742 0.475514 1.109904
v -0.477501 0.475508 1.133768
v -0.470802 0.479452 1.134167
v -0.477658 0.488076 1.134177
v -0.482832 0.482213 1.133775
v -0.474006 0.458856 1.133982
v -0.466306 0.458037 1.134443
v -0.466894 0.469110 1.134259
v -0.474462 0.467467 1.133839
v -0.480770 0.443314 1.134422
v -0.475006 0.438048 1.135009
v -0.469100 0.447342 1.134701
v -0.476178 0.450541 1.134183
v -0.495210 0.434818 1.134920
v -0.493577 0.427121 1.135650
v -0.483433 0.431086 1.135336
v -0.487323 0.437901 1.134676
v -0.511809 0.436613 1.135286
v -0.514926 0.429429 1.136120
v -0.504419 0.426551 1.135920
v -0.503640 0.434374 1.135130
v -0.524229 0.448014 1.135379
v -0.530898 0.444092 1.136240
v -0.524042 0.435469 1.136230
v -0.518898 0.441309 1.135371
v -0.527724 0.464666 1.135165
v -0.535393 0.465508 1.135964
v -0.534806 0.454434 1.136148
v -0.527268 0.456055 1.135308
v -0.520960 0.480208 1.134725
v -0.526694 0.485497 1.135398
v -0.532600 0.476202 1.135706
v -0.525552 0.472981 1.134964
v -0.506520 0.488704 1.134227
v -0.508123 0.496424 1.134758
v -0.518267 0.492459 1.135072
v -0.514407 0.485621 1.134471
v -0.489920 0.486909 1.133861
v -0.486774 0.494115 1.134288
v -0.497280 0.496994 1.134488
v -0.498090 0.489148 1.134017
v -0.482485 0.472559 1.129563
v -0.481129 0.473367 1.132100
v -0.485642 0.479043 1.132106
v -0.486703 0.477864 1.129569
v -0.479720 0.459385 1.129732
v -0.478170 0.459270 1.132281
v -0.478556 0.466559 1.132160
v -0.480081 0.466197 1.129619
v -0.485071 0.447088 1.130080
v -0.483896 0.446112 1.132654
v -0.480008 0.452230 1.132451
v -0.481438 0.452806 1.129891
v -0.496496 0.440366 1.130474
v -0.496120 0.438920 1.133075
v -0.489443 0.441529 1.132869
v -0.490256 0.442805 1.130281
v -0.509629 0.441786 1.130764
v -0.510173 0.440439 1.133385
v -0.503258 0.438544 1.133253
v -0.503166 0.440015 1.130641
v -0.519455 0.450807 1.130838
v -0.520687 0.450091 1.133464
v -0.516174 0.444415 1.133457
v -0.515237 0.445502 1.130832
v -0.522220 0.463981 1.130668
v -0.523646 0.464188 1.133283
v -0.523260 0.456899 1.133404
v -0.521859 0.457169 1.130781
v -0.516868 0.476277 1.130320
v -0.517920 0.477346 1.132910
v -0.521807 0.471228 1.133112
v -0.520502 0.470560 1.130509
v -0.505444 0.482999 1.129926
v -0.505695 0.484538 1.132488
v -0.512373 0.481928 1.132695
v -0.511684 0.480560 1.130119
v -0.492311 0.481579 1.129637
v -0.491643 0.483019 1.132179
v -0.498558 0.484914 1.132311
v -0.498774 0.483350 1.129760
v -0.480460 0.473726 1.123155
v -0.482103 0.472772 1.126503
v -0.486424 0.478207 1.126509
v -0.485175 0.479655 1.123161
v -0.477370 0.459001 1.123344
v -0.479270 0.459274 1.126676
v -0.479639 0.466253 1.126560
v -0.477773 0.466615 1.123217
v -0.483351 0.445256 1.123733
v -0.484753 0.446674 1.127033
v -0.481030 0.452532 1.126839
v -0.479290 0.451647 1.123522
v -0.496121 0.437743 1.124174
v -0.496458 0.439787 1.127437
v -0.490065 0.442286 1.127239
v -0.489146 0.440469 1.123958
v -0.510800 0.439330 1.124497
v -0.509915 0.441242 1.127733
v -0.503293 0.439427 1.127607
v -0.503576 0.437351 1.124359
v -0.521783 0.449413 1.124580
v -0.519983 0.450484 1.127809
v -0.515661 0.445049 1.127803
v -0.517069 0.443483 1.124573
v -0.524873 0.464138 1.124390
v -0.522816 0.463983 1.127635
v -0.522446 0.457003 1.127751
v -0.524470 0.456524 1.124517
v -0.518892 0.477883 1.124001
v -0.517333 0.476582 1.127278
v -0.521055 0.470724 1.127472
v -0.522953 0.471492 1.124213
v -0.506122 0.485396 1.123560
v -0.505627 0.483470 1.126875
v -0.512021 0.480970 1.127073
v -0.513097 0.482670 1.123776
v -0.491443 0.483808 1.123237
v -0.492170 0.482014 1.126578
v -0.498793 0.483829 1.126704
v -0.498667 0.485788 1.123375
v -0.476761 0.475909 1.116088
v -0.477982 0.475172 1.119643
v -0.483280 0.481836 1.119651
v -0.482325 0.482908 1.116096
v -0.473072 0.458423 1.116313
v -0.474508 0.458621 1.119856
v -0.474961 0.467179 1.119714
v -0.473549 0.467410 1.116163
v -0.480162 0.442090 1.116775
v -0.481231 0.443173 1.120294
v -0.476667 0.450356 1.120056
v -0.475368 0.449634 1.116525
v -0.495320 0.433151 1.117298
v -0.495583 0.434729 1.120789
v -0.487744 0.437793 1.120546
v -0.487087 0.436369 1.117043
v -0.512758 0.435019 1.117682
v -0.512081 0.436513 1.121152
v -0.503962 0.434288 1.120998
v -0.504230 0.432682 1.117520
v -0.525815 0.446981 1.117781
v -0.524425 0.447845 1.121245
v -0.519127 0.441180 1.121238
v -0.520250 0.439982 1.117773
v -0.529502 0.464468 1.117556
v -0.527899 0.464395 1.121032
v -0.527445 0.455837 1.121174
v -0.529026 0.455480 1.117706
v -0.522413 0.480800 1.117094
v -0.521176 0.479843 1.120595
v -0.525741 0.472660 1.120833
v -0.527207 0.473256 1.117344
v -0.507255 0.489740 1.116571
v -0.506824 0.488287 1.120100
v -0.514663 0.485223 1.120342
v -0.515488 0.486522 1.116826
v -0.490326 0.486503 1.119736
v -0.498445 0.488728 1.119891
v -0.498345 0.490208 1.116349
v -0.489817 0.487872 1.116187
vn 0.1743 0.1396 -0.9748
vn 0.1413 0.1707 -0.9751
vn 0.1741 0.2006 -0.9641
vn 0.2084 0.1667 -0.9637
vn 0.1136 0.1891 -0.9754
vn 0.1384 0.2264 -0.9642
vn 0.1643 0.2653 -0.9501
vn 0.2071 0.2335 -0.9500
vn 0.2445 0.1954 -0.9498
vn 0.1941 0.3099 -0.9308
vn 0.2439 0.2723 -0.9308
vn 0.2300 0.3636 -0.9027
vn 0.2879 0.3197 -0.9027
vn 0.3368 0.2688 -0.9024
vn 0.2862 0.2286 -0.9305
vn 0.3770 0.2111 -0.9019
vn 0.3207 0.1787 -0.9302
vn 0.4082 0.1463 -0.9011
vn 0.3475 0.1231 -0.9296
vn 0.2971 0.1038 -0.9492
vn 0.2745 0.1516 -0.9496
vn 0.2530 0.0870 -0.9635
vn 0.2350 0.1267 -0.9637
vn 0.2109 0.0710 -0.9749
vn 0.1984 0.1014 -0.9749
vn 0.2303 -0.0040 -0.9731
vn 0.2222 0.0402 -0.9742
vn 0.2666 0.0457 -0.9627
vn 0.2739 -0.0015 -0.9618
vn 0.3127 0.0536 -0.9483
vn 0.3202 0.0012 -0.9474
vn 0.3654 0.0641 -0.9286
vn 0.4288 0.0775 -0.9000
vn 0.4381 0.0083 -0.8989
vn 0.3734 0.0044 -0.9276
vn 0.4362 -0.0615 -0.8977
vn 0.3717 -0.0559 -0.9267
vn 0.4230 -0.1321 -0.8965
vn 0.3603 -0.1164 -0.9256
vn 0.3081 -0.1033 -0.9457
vn 0.3183 -0.0516 -0.9466
vn 0.2625 -0.0917 -0.9606
vn 0.2716 -0.0492 -0.9612
vn 0.2189 -0.0806 -0.9724
vn 0.2270 -0.0488 -0.9727
vn 0.1897 -0.1526 -0.9699
vn 0.2097 -0.1122 -0.9713
vn 0.2487 -0.1330 -0.9594
vn 0.2265 -0.1756 -0.9581
vn 0.2907 -0.1530 -0.9445
vn 0.2654 -0.1998 -0.9432
vn 0.3395 -0.1746 -0.9243
vn 0.3988 -0.1998 -0.8950
vn 0.3649 -0.2614 -0.8936
vn 0.3104 -0.2278 -0.9229
vn 0.3217 -0.3172 -0.8921
vn 0.2730 -0.2757 -0.9217
vn 0.2687 -0.3670 -0.8906
vn 0.2274 -0.3183 -0.9203
vn 0.1931 -0.2778 -0.9410
vn 0.2323 -0.2417 -0.9421
vn 0.1632 -0.2423 -0.9564
vn 0.1961 -0.2130 -0.9572
vn 0.1346 -0.2083 -0.9688
vn 0.1603 -0.1871 -0.9692
vn 0.0678 -0.2499 -0.9659
vn 0.1083 -0.2285 -0.9675
vn 0.1273 -0.2679 -0.9550
vn 0.0837 -0.2895 -0.9535
vn 0.1491 -0.3081 -0.9396
vn 0.1006 -0.3315 -0.9381
vn 0.1757 -0.3536 -0.9188
vn 0.2084 -0.4080 -0.8889
vn 0.1440 -0.4385 -0.8871
vn 0.1201 -0.3799 -0.9172
vn 0.0754 -0.4586 -0.8854
vn 0.0610 -0.3971 -0.9157
vn 0.0026 -0.4682 -0.8836
vn -0.0015 -0.4051 -0.9143
vn -0.0047 -0.3528 -0.9357
vn 0.0486 -0.3463 -0.9369
vn -0.0075 -0.3070 -0.9517
vn 0.0366 -0.3022 -0.9525
vn -0.0102 -0.2631 -0.9647
vn 0.0233 -0.2607 -0.9651
vn -0.0891 -0.2581 -0.9620
vn -0.0437 -0.2643 -0.9635
vn -0.0519 -0.3069 -0.9503
vn -0.1001 -0.2992 -0.9489
vn -0.0585 -0.3519 -0.9342
vn -0.1117 -0.3427 -0.9328
vn -0.0644 -0.4037 -0.9126
vn -0.0708 -0.4663 -0.8818
vn -0.1411 -0.4535 -0.8800
vn -0.1250 -0.3928 -0.9111
vn -0.2083 -0.4299 -0.8785
vn -0.1830 -0.3724 -0.9098
vn -0.2727 -0.3955 -0.8771
vn -0.2381 -0.3428 -0.9087
vn -0.2094 -0.2989 -0.9310
vn -0.1624 -0.3245 -0.9318
vn -0.1842 -0.2605 -0.9477
vn -0.1458 -0.2822 -0.9482
vn -0.1600 -0.2238 -0.9614
vn -0.1316 -0.2412 -0.9615
vn -0.2206 -0.1742 -0.9597
vn -0.1876 -0.2054 -0.9605
vn -0.2199 -0.2348 -0.9468
vn -0.2541 -0.2009 -0.9461
vn -0.2521 -0.2671 -0.9301
vn -0.2895 -0.2290 -0.9294
vn -0.2880 -0.3052 -0.9077
vn -0.3306 -0.3515 -0.8759
vn -0.3794 -0.3006 -0.8750
vn -0.3302 -0.2614 -0.9070
vn -0.4195 -0.2429 -0.8746
vn -0.3647 -0.2116 -0.9067
vn -0.4508 -0.1780 -0.8747
vn -0.3916 -0.1559 -0.9068
vn -0.3421 -0.1374 -0.9296
vn -0.3195 -0.1852 -0.9293
vn -0.2988 -0.1212 -0.9466
vn -0.2808 -0.1609 -0.9462
vn -0.2572 -0.1056 -0.9606
vn -0.2448 -0.1360 -0.9600
vn -0.2766 -0.0306 -0.9605
vn -0.2686 -0.0748 -0.9603
vn -0.3123 -0.0799 -0.9466
vn -0.3196 -0.0327 -0.9470
vn -0.3577 -0.0872 -0.9298
vn -0.3651 -0.0348 -0.9303
vn -0.4094 -0.0969 -0.9072
vn -0.4714 -0.1093 -0.8751
vn -0.4806 -0.0400 -0.8760
vn -0.4174 -0.0372 -0.9080
vn -0.4787 0.0298 -0.8775
vn -0.4157 0.0230 -0.9092
vn -0.4655 0.1003 -0.8793
vn -0.4042 0.0835 -0.9108
vn -0.3531 0.0696 -0.9330
vn -0.3633 0.0180 -0.9315
vn -0.3083 0.0575 -0.9496
vn -0.3173 0.0150 -0.9482
vn -0.2653 0.0460 -0.9631
vn -0.2733 0.0141 -0.9618
vn -0.2361 0.1180 -0.9645
vn -0.2561 0.0775 -0.9635
vn -0.2945 0.0989 -0.9505
vn -0.2722 0.1414 -0.9518
vn -0.3357 0.1194 -0.9344
vn -0.3105 0.1662 -0.9359
vn -0.3835 0.1417 -0.9126
vn -0.4413 0.1680 -0.8815
vn -0.4075 0.2296 -0.8839
vn -0.3544 0.1949 -0.9146
vn -0.3643 0.2854 -0.8865
vn -0.3170 0.2428 -0.9168
vn -0.3114 0.3351 -0.8893
vn -0.2714 0.2854 -0.9192
vn -0.2382 0.2441 -0.9400
vn -0.2774 0.2081 -0.9380
vn -0.2090 0.2081 -0.9555
vn -0.2418 0.1788 -0.9537
vn -0.1810 0.1736 -0.9680
vn -0.2066 0.1525 -0.9665
vn -0.1142 0.2152 -0.9699
vn -0.1546 0.1939 -0.9688
vn -0.1731 0.2336 -0.9568
vn -0.1295 0.2553 -0.9582
vn -0.1942 0.2745 -0.9418
vn -0.1457 0.2978 -0.9434
vn -0.2197 0.3206 -0.9214
vn -0.2511 0.3761 -0.8919
vn -0.1866 0.4066 -0.8943
vn -0.1642 0.3469 -0.9234
vn -0.1181 0.4267 -0.8966
vn -0.1051 0.3642 -0.9254
vn -0.0453 0.4363 -0.8987
vn -0.0427 0.3722 -0.9272
vn -0.0403 0.3191 -0.9469
vn -0.0937 0.3125 -0.9453
vn -0.0383 0.2728 -0.9613
vn -0.0824 0.2680 -0.9599
vn -0.0362 0.2284 -0.9729
vn -0.0697 0.2261 -0.9716
vn 0.0427 0.2234 -0.9738
vn -0.0027 0.2296 -0.9733
vn 0.0061 0.2727 -0.9621
vn 0.0543 0.2650 -0.9627
vn 0.0134 0.3182 -0.9479
vn 0.0666 0.3090 -0.9487
vn 0.0203 0.3708 -0.9285
vn 0.0281 0.4344 -0.9003
vn 0.0984 0.4216 -0.9014
vn 0.0809 0.3598 -0.9295
vn 0.1657 0.3981 -0.9023
vn 0.1389 0.3395 -0.9303
vn 0.1174 0.2909 -0.9495
vn 0.1000 0.2480 -0.9636
vn 0.0852 0.2065 -0.9747
vn 0.3349 0.3703 -0.8665
vn 0.3909 0.3118 -0.8660
vn 0.2684 0.4208 -0.8665
vn 0.3050 0.4753 -0.8253
vn 0.3796 0.4185 -0.8251
vn 0.4424 0.3527 -0.8245
vn 0.3398 0.5271 -0.7789
vn 0.4220 0.4642 -0.7787
vn 0.3728 0.5760 -0.7274
vn 0.4623 0.5074 -0.7272
vn 0.5375 0.4282 -0.7264
vn 0.4913 0.3915 -0.7780
vn 0.5992 0.3385 -0.7255
vn 0.5481 0.3092 -0.7771
vn 0.6472 0.2382 -0.7241
vn 0.5924 0.2170 -0.7759
vn 0.5342 0.1945 -0.8227
vn 0.4940 0.2781 -0.8238
vn 0.4728 0.1710 -0.8644
vn 0.4369 0.2454 -0.8654
vn 0.4964 0.0920 -0.8632
vn 0.5070 0.0125 -0.8618
vn 0.5606 0.1059 -0.8213
vn 0.5724 0.0167 -0.8198
vn 0.6214 0.1192 -0.7744
vn 0.6789 0.1318 -0.7223
vn 0.6930 0.0248 -0.7205
vn 0.6345 0.0208 -0.7727
vn 0.6902 -0.0832 -0.7188
vn 0.6319 -0.0784 -0.7711
vn 0.6701 -0.1923 -0.7170
vn 0.6134 -0.1787 -0.7693
vn 0.5532 -0.1642 -0.8167
vn 0.5701 -0.0732 -0.8183
vn 0.4898 -0.1486 -0.8591
vn 0.5049 -0.0676 -0.8605
vn 0.4620 -0.2264 -0.8575
vn 0.4232 -0.2972 -0.8559
vn 0.5221 -0.2515 -0.8150
vn 0.4787 -0.3311 -0.8132
vn 0.5791 -0.2751 -0.7674
vn 0.6330 -0.2972 -0.7148
vn 0.5811 -0.3928 -0.7128
vn 0.5313 -0.3629 -0.7655
vn 0.5146 -0.4796 -0.7108
vn 0.4701 -0.4426 -0.7636
vn 0.4329 -0.5572 -0.7086
vn 0.3949 -0.5137 -0.7616
vn 0.3549 -0.4675 -0.8096
vn 0.4231 -0.4031 -0.8115
vn 0.3129 -0.4186 -0.8526
vn 0.3737 -0.3614 -0.8543
vn 0.2436 -0.4659 -0.8507
vn 0.1696 -0.5009 -0.8487
vn 0.2772 -0.5207 -0.8075
vn 0.1940 -0.5601 -0.8054
vn 0.3092 -0.5725 -0.7594
vn 0.3396 -0.6214 -0.7061
vn 0.2397 -0.6690 -0.7035
vn 0.2175 -0.6162 -0.7570
vn 0.1333 -0.7006 -0.7010
vn 0.1197 -0.6451 -0.7546
vn 0.0202 -0.7155 -0.6983
vn 0.0159 -0.6588 -0.7521
vn 0.0115 -0.5987 -0.8009
vn 0.1056 -0.5863 -0.8032
vn 0.0071 -0.5351 -0.8448
vn 0.0908 -0.5241 -0.8468
vn -0.0773 -0.5329 -0.8426
vn -0.1580 -0.5182 -0.8406
vn -0.0833 -0.5962 -0.7985
vn -0.1740 -0.5795 -0.7962
vn -0.0888 -0.6562 -0.7494
vn -0.0938 -0.7126 -0.6953
vn -0.2029 -0.6923 -0.6925
vn -0.1889 -0.6375 -0.7469
vn -0.3073 -0.6554 -0.6900
vn -0.2848 -0.6038 -0.7445
vn -0.4067 -0.6014 -0.6877
vn -0.3762 -0.5543 -0.7424
vn -0.3437 -0.5043 -0.7922
vn -0.2608 -0.5490 -0.7941
vn -0.3091 -0.4513 -0.8371
vn -0.2353 -0.4910 -0.8388
vn -0.3756 -0.4008 -0.8356
vn -0.4317 -0.3422 -0.8346
vn -0.4183 -0.4474 -0.7905
vn -0.4811 -0.3816 -0.7893
vn -0.4585 -0.4914 -0.7405
vn -0.4961 -0.5327 -0.6856
vn -0.5713 -0.4534 -0.6841
vn -0.5277 -0.4186 -0.7391
vn -0.6331 -0.3638 -0.6833
vn -0.5845 -0.3363 -0.7384
vn -0.6809 -0.2633 -0.6834
vn -0.6286 -0.2441 -0.7384
vn -0.5727 -0.2234 -0.7887
vn -0.5327 -0.3070 -0.7887
vn -0.5135 -0.2014 -0.8341
vn -0.4777 -0.2758 -0.8341
vn -0.5371 -0.1224 -0.8346
vn -0.5477 -0.0429 -0.8356
vn -0.5992 -0.1347 -0.7892
vn -0.6110 -0.0455 -0.7903
vn -0.6577 -0.1463 -0.7389
vn -0.7125 -0.1569 -0.6839
vn -0.7266 -0.0499 -0.6852
vn -0.6707 -0.0479 -0.7402
vn -0.7239 0.0580 -0.6875
vn -0.6681 0.0514 -0.7423
vn -0.7038 0.1671 -0.6905
vn -0.6496 0.1516 -0.7450
vn -0.5918 0.1353 -0.7947
vn -0.6087 0.0444 -0.7922
vn -0.5304 0.1182 -0.8395
vn -0.5455 0.0372 -0.8373
vn -0.5027 0.1960 -0.8420
vn -0.4640 0.2668 -0.8447
vn -0.5607 0.2227 -0.7975
vn -0.5173 0.3022 -0.8007
vn -0.6154 0.2480 -0.7482
vn -0.6667 0.2720 -0.6940
vn -0.6148 0.3676 -0.6977
vn -0.5676 0.3358 -0.7517
vn -0.5484 0.4543 -0.7020
vn -0.5065 0.4154 -0.7556
vn -0.4668 0.5319 -0.7065
vn -0.4314 0.4865 -0.7597
vn -0.3937 0.4386 -0.8079
vn -0.4618 0.3742 -0.8042
vn -0.3536 0.3881 -0.8511
vn -0.4144 0.3309 -0.8478
vn -0.2844 0.4353 -0.8542
vn -0.2104 0.4704 -0.8570
vn -0.3160 0.4917 -0.8114
vn -0.2329 0.5312 -0.8146
vn -0.3457 0.5453 -0.7636
vn -0.3736 0.5960 -0.7108
vn -0.2737 0.6436 -0.7147
vn -0.2540 0.5889 -0.7672
vn -0.1673 0.6752 -0.7184
vn -0.1563 0.6179 -0.7706
vn -0.0543 0.6901 -0.7217
vn -0.0525 0.6315 -0.7736
vn -0.0504 0.5697 -0.8203
vn -0.1444 0.5573 -0.8177
vn -0.0480 0.5046 -0.8620
vn -0.1317 0.4936 -0.8597
vn 0.0364 0.5024 -0.8639
vn 0.1172 0.4876 -0.8652
vn 0.0444 0.5672 -0.8223
vn 0.1352 0.5505 -0.8238
vn 0.0522 0.6288 -0.7758
vn 0.0598 0.6871 -0.7241
vn 0.1689 0.6669 -0.7257
vn 0.1524 0.6103 -0.7774
vn 0.2733 0.6300 -0.7269
vn 0.2483 0.5766 -0.7784
vn 0.2220 0.5200 -0.8248
vn 0.1945 0.4605 -0.8661
vn 0.4997 0.5476 -0.6711
vn 0.5805 0.4623 -0.6704
vn 0.4036 0.6215 -0.6714
vn 0.4318 0.6630 -0.6116
vn 0.5338 0.5842 -0.6114
vn 0.6196 0.4934 -0.6105
vn 0.4574 0.7005 -0.5478
vn 0.5648 0.6173 -0.5477
vn 0.4804 0.7339 -0.4802
vn 0.5925 0.6468 -0.4801
vn 0.6867 0.5465 -0.4794
vn 0.6550 0.5214 -0.5469
vn 0.7638 0.4334 -0.4784
vn 0.7289 0.4133 -0.5459
vn 0.8235 0.3070 -0.4770
vn 0.7864 0.2923 -0.5442
vn 0.7445 0.2759 -0.6079
vn 0.6899 0.3907 -0.6094
vn 0.6981 0.2579 -0.6679
vn 0.6467 0.3659 -0.6692
vn 0.7320 0.1436 -0.6660
vn 0.7471 0.0286 -0.6641
vn 0.7804 0.1544 -0.6060
vn 0.7964 0.0322 -0.6039
vn 0.8240 0.1643 -0.5422
vn 0.8629 0.1732 -0.4748
vn 0.8804 0.0388 -0.4727
vn 0.8408 0.0356 -0.5401
vn 0.8772 -0.0967 -0.4703
vn 0.8376 -0.0942 -0.5380
vn 0.8522 -0.2339 -0.4680
vn 0.8138 -0.2255 -0.5356
vn 0.7705 -0.2157 -0.5998
vn 0.7934 -0.0911 -0.6019
vn 0.7227 -0.2047 -0.6602
vn 0.7442 -0.0874 -0.6622
vn 0.6829 -0.3174 -0.6579
vn 0.6272 -0.4203 -0.6557
vn 0.7284 -0.3356 -0.5973
vn 0.6694 -0.4451 -0.5949
vn 0.7695 -0.3518 -0.5331
vn 0.8061 -0.3659 -0.4651
vn 0.7414 -0.4865 -0.4622
vn 0.7075 -0.4671 -0.5303
vn 0.6583 -0.5961 -0.4597
vn 0.6278 -0.5720 -0.5279
vn 0.5561 -0.6945 -0.4565
vn 0.5298 -0.6660 -0.5252
vn 0.5005 -0.6335 -0.5900
vn 0.5937 -0.5445 -0.5925
vn 0.4682 -0.5973 -0.6512
vn 0.5560 -0.5137 -0.6534
vn 0.3680 -0.6664 -0.6484
vn 0.2606 -0.7178 -0.6457
vn 0.3940 -0.7072 -0.5871
vn 0.2798 -0.7620 -0.5841
vn 0.4177 -0.7437 -0.5219
vn 0.4388 -0.7759 -0.4532
vn 0.3131 -0.8365 -0.4497
vn 0.2973 -0.8016 -0.5187
vn 0.1789 -0.8768 -0.4463
vn 0.1689 -0.8399 -0.5157
vn 0.0361 -0.8958 -0.4429
vn 0.0324 -0.8581 -0.5124
vn 0.0285 -0.8155 -0.5781
vn 0.1580 -0.7983 -0.5812
vn 0.0244 -0.7679 -0.6401
vn 0.1461 -0.7519 -0.6429
vn -0.0982 -0.7647 -0.6369
vn -0.2156 -0.7428 -0.6338
vn -0.1021 -0.8120 -0.5747
vn -0.2270 -0.7885 -0.5716
vn -0.1053 -0.8544 -0.5088
vn -0.1079 -0.8919 -0.4392
vn -0.2456 -0.8659 -0.4358
vn -0.2370 -0.8297 -0.5054
vn -0.3771 -0.8188 -0.4328
vn -0.3627 -0.7847 -0.5026
vn -0.5022 -0.7502 -0.4301
vn -0.4825 -0.7192 -0.4999
vn -0.4601 -0.6841 -0.5660
vn -0.3463 -0.7461 -0.5686
vn -0.4348 -0.6448 -0.6287
vn -0.3279 -0.7030 -0.6311
vn -0.5308 -0.5708 -0.6264
vn -0.6115 -0.4854 -0.6248
vn -0.5620 -0.6053 -0.5638
vn -0.6477 -0.5143 -0.5620
vn -0.5899 -0.6360 -0.4975
vn -0.6143 -0.6631 -0.4278
vn -0.7083 -0.5627 -0.4263
vn -0.6800 -0.5401 -0.4960
vn -0.7854 -0.4496 -0.4255
vn -0.7538 -0.4319 -0.4952
vn -0.8452 -0.3232 -0.4257
vn -0.8112 -0.3109 -0.4953
vn -0.7725 -0.2969 -0.5613
vn -0.7179 -0.4117 -0.5613
vn -0.7292 -0.2810 -0.6240
vn -0.6777 -0.3890 -0.6241
vn -0.7630 -0.1667 -0.6246
vn -0.7781 -0.0517 -0.6260
vn -0.8084 -0.1753 -0.5620
vn -0.8244 -0.0531 -0.5635
vn -0.8488 -0.1829 -0.4960
vn -0.8844 -0.1894 -0.4265
vn -0.9020 -0.0549 -0.4282
vn -0.8657 -0.0542 -0.4977
vn -0.8987 0.0806 -0.4311
vn -0.8626 0.0756 -0.5002
vn -0.8738 0.2177 -0.4347
vn -0.8386 0.2069 -0.5039
vn -0.7986 0.1948 -0.5695
vn -0.8213 0.0702 -0.5661
vn -0.7536 0.1816 -0.6318
vn -0.7752 0.0643 -0.6285
vn -0.7139 0.2943 -0.6354
vn -0.6583 0.3971 -0.6395
vn -0.7564 0.3147 -0.5734
vn -0.6975 0.4241 -0.5776
vn -0.7944 0.3332 -0.5078
vn -0.8277 0.3497 -0.4388
vn -0.7631 0.4702 -0.4434
vn -0.7324 0.4484 -0.5124
vn -0.6801 0.5799 -0.4485
vn -0.6529 0.5533 -0.5173
vn -0.5779 0.6782 -0.4540
vn -0.5549 0.6472 -0.5227
vn -0.5288 0.6125 -0.5876
vn -0.6218 0.5234 -0.5825
vn -0.4994 0.5740 -0.6489
vn -0.5871 0.4905 -0.6440
vn -0.3992 0.6431 -0.6535
vn -0.2918 0.6944 -0.6577
vn -0.4223 0.6861 -0.5925
vn -0.3080 0.7408 -0.5969
vn -0.4428 0.7250 -0.5276
vn -0.4607 0.7596 -0.4590
vn -0.3349 0.8202 -0.4638
vn -0.3224 0.7827 -0.5324
vn -0.2008 0.8604 -0.4685
vn -0.1941 0.8211 -0.5367
vn -0.0580 0.8795 -0.4724
vn -0.0576 0.8394 -0.5405
vn -0.0568 0.7943 -0.6048
vn -0.1863 0.7772 -0.6011
vn -0.0557 0.7446 -0.6652
vn -0.1774 0.7285 -0.6617
vn 0.0670 0.7414 -0.6678
vn 0.1844 0.7195 -0.6696
vn 0.0738 0.7908 -0.6076
vn 0.1987 0.7675 -0.6095
vn 0.0801 0.8355 -0.5436
vn 0.0860 0.8755 -0.4755
vn 0.2237 0.8496 -0.4777
vn 0.2118 0.8108 -0.5456
vn 0.3552 0.8025 -0.4794
vn 0.3376 0.7660 -0.5470
vn 0.3181 0.7250 -0.6109
vn 0.2967 0.6797 -0.6708
vn 0.6166 0.6723 -0.4096
vn 0.7140 0.5682 -0.4092
vn 0.5003 0.7628 -0.4098
vn 0.5171 0.7868 -0.3369
vn 0.6366 0.6936 -0.3371
vn 0.7368 0.5863 -0.3367
vn 0.5306 0.8060 -0.2623
vn 0.6527 0.7106 -0.2627
vn 0.5412 0.8203 -0.1848
vn 0.6650 0.7234 -0.1858
vn 0.7689 0.6117 -0.1858
vn 0.7551 0.6008 -0.2625
vn 0.8540 0.4862 -0.1852
vn 0.8389 0.4772 -0.2618
vn 0.9200 0.3461 -0.1840
vn 0.9040 0.3393 -0.2601
vn 0.8826 0.3306 -0.3343
vn 0.8189 0.4655 -0.3358
vn 0.8558 0.3198 -0.4067
vn 0.7938 0.4509 -0.4082
vn 0.8963 0.1811 -0.4047
vn 0.9146 0.0418 -0.4023
vn 0.9243 0.1879 -0.3324
vn 0.9429 0.0445 -0.3302
vn 0.9465 0.1935 -0.2582
vn 0.9631 0.1980 -0.1821
vn 0.9826 0.0491 -0.1793
vn 0.9656 0.0469 -0.2558
vn 0.9791 -0.1009 -0.1768
vn 0.9622 -0.1008 -0.2531
vn 0.9518 -0.2527 -0.1736
vn 0.9352 -0.2503 -0.2503
vn 0.9131 -0.2463 -0.3248
vn 0.9395 -0.1001 -0.3277
vn 0.8855 -0.2409 -0.3973
vn 0.9112 -0.0987 -0.3999
vn 0.8378 -0.3777 -0.3943
vn 0.7707 -0.5028 -0.3913
vn 0.8640 -0.3872 -0.3218
vn 0.7952 -0.5160 -0.3185
vn 0.8851 -0.3943 -0.2473
vn 0.9010 -0.3990 -0.1702
vn 0.8296 -0.5329 -0.1668
vn 0.8149 -0.5260 -0.2435
vn 0.7381 -0.6548 -0.1629
vn 0.7246 -0.6460 -0.2402
vn 0.6252 -0.7642 -0.1584
vn 0.6133 -0.7537 -0.2363
vn 0.5980 -0.7385 -0.3115
vn 0.7068 -0.6332 -0.3155
vn 0.5789 -0.7188 -0.3849
vn 0.6849 -0.6166 -0.3882
vn 0.4574 -0.8034 -0.3813
vn 0.3269 -0.8663 -0.3778
vn 0.4729 -0.8256 -0.3078
vn 0.3387 -0.8905 -0.3038
vn 0.4857 -0.8428 -0.2319
vn 0.4953 -0.8549 -0.1544
vn 0.3559 -0.9224 -0.1498
vn 0.3483 -0.9093 -0.2279
vn 0.2069 -0.9674 -0.1460
vn 0.2017 -0.9534 -0.2242
vn 0.0485 -0.9887 -0.1420
vn 0.0458 -0.9744 -0.2200
vn 0.0428 -0.9542 -0.2960
vn 0.1954 -0.9337 -0.3000
vn 0.0396 -0.9279 -0.3706
vn 0.1877 -0.9081 -0.3743
vn -0.1098 -0.9238 -0.3667
vn -0.2526 -0.8968 -0.3633
vn -0.1110 -0.9498 -0.2925
vn -0.2581 -0.9219 -0.2889
vn -0.1116 -0.9700 -0.2161
vn -0.1114 -0.9841 -0.1381
vn -0.2642 -0.9550 -0.1347
vn -0.2619 -0.9413 -0.2130
vn -0.4100 -0.9025 -0.1318
vn -0.4055 -0.8897 -0.2097
vn -0.5487 -0.8260 -0.1292
vn -0.5420 -0.8144 -0.2071
vn -0.5320 -0.7979 -0.2835
vn -0.3985 -0.8714 -0.2861
vn -0.5187 -0.7765 -0.3577
vn -0.3890 -0.8479 -0.3602
vn -0.6348 -0.6860 -0.3555
vn -0.7323 -0.5818 -0.3538
vn -0.6515 -0.7046 -0.2812
vn -0.7516 -0.5973 -0.2798
vn -0.6641 -0.7189 -0.2052
vn -0.6725 -0.7290 -0.1278
vn -0.7765 -0.6173 -0.1265
vn -0.7663 -0.6092 -0.2044
vn -0.8615 -0.4918 -0.1266
vn -0.8502 -0.4856 -0.2036
vn -0.9275 -0.3516 -0.1269
vn -0.9151 -0.3476 -0.2041
vn -0.8972 -0.3416 -0.2799
vn -0.8337 -0.4765 -0.2793
vn -0.8740 -0.3334 -0.3536
vn -0.8121 -0.4645 -0.3532
vn -0.9145 -0.1947 -0.3545
vn -0.9327 -0.0554 -0.3563
vn -0.9388 -0.1989 -0.2813
vn -0.9576 -0.0555 -0.2827
vn -0.9576 -0.2018 -0.2055
vn -0.9706 -0.2035 -0.1286
vn -0.9899 -0.0546 -0.1307
vn -0.9766 -0.0552 -0.2078
vn -0.9864 0.0954 -0.1336
vn -0.9732 0.0925 -0.2107
vn -0.9592 0.2473 -0.1372
vn -0.9463 0.2420 -0.2144
vn -0.9278 0.2354 -0.2895
vn -0.9542 0.0891 -0.2856
vn -0.9038 0.2273 -0.3627
vn -0.9294 0.0851 -0.3592
vn -0.8560 0.3641 -0.3669
vn -0.7891 0.4891 -0.3716
vn -0.8788 0.3762 -0.2934
vn -0.8100 0.5049 -0.2982
vn -0.8962 0.3860 -0.2186
vn -0.9084 0.3935 -0.1413
vn -0.8371 0.5273 -0.1458
vn -0.8261 0.5176 -0.2228
vn -0.7457 0.6491 -0.1504
vn -0.7358 0.6376 -0.2282
vn -0.6326 0.7587 -0.1559
vn -0.6247 0.7453 -0.2332
vn -0.6129 0.7274 -0.3086
vn -0.7217 0.6221 -0.3034
vn -0.5972 0.7051 -0.3823
vn -0.7032 0.6029 -0.3769
vn -0.4758 0.7896 -0.3876
vn -0.3454 0.8525 -0.3924
vn -0.4878 0.8145 -0.3141
vn -0.3535 0.8793 -0.3190
vn -0.4969 0.8344 -0.2384
vn -0.5029 0.8492 -0.1610
vn -0.3634 0.9168 -0.1658
vn -0.3596 0.9008 -0.2433
vn -0.2147 0.9618 -0.1700
vn -0.2131 0.9451 -0.2478
vn -0.0560 0.9830 -0.1747
vn -0.0571 0.9660 -0.2522
vn -0.0578 0.9430 -0.3278
vn -0.2103 0.9226 -0.3234
vn -0.0581 0.9141 -0.4013
vn -0.2062 0.8943 -0.3971
vn 0.0914 0.9100 -0.4044
vn 0.2342 0.8829 -0.4070
vn 0.0961 0.9387 -0.3312
vn 0.2432 0.9108 -0.3337
vn 0.1002 0.9614 -0.2561
vn 0.1038 0.9785 -0.1784
vn 0.2566 0.9494 -0.1812
vn 0.2506 0.9329 -0.2588
vn 0.4026 0.8969 -0.1830
vn 0.3942 0.8812 -0.2609
vn 0.3836 0.8603 -0.3357
vn 0.3706 0.8341 -0.4085
vn 0.6732 0.7316 -0.1077
vn 0.7780 0.6189 -0.1079
vn 0.5481 0.8296 -0.1067
vn 0.5520 0.8334 -0.0281
vn 0.6771 0.7353 -0.0294
vn 0.7823 0.6222 -0.0299
vn 0.5521 0.8323 0.0504
vn 0.6769 0.7344 0.0491
vn 0.5487 0.8260 0.1292
vn 0.6725 0.7290 0.1278
vn 0.7764 0.6173 0.1268
vn 0.7819 0.6215 0.0481
vn 0.8615 0.4918 0.1266
vn 0.8677 0.4948 0.0481
vn 0.9274 0.3517 0.1273
vn 0.9341 0.3535 0.0492
vn 0.9351 0.3532 -0.0287
vn 0.8684 0.4950 -0.0297
vn 0.9305 0.3505 -0.1060
vn 0.8638 0.4921 -0.1075
vn 0.9739 0.2012 -0.1047
vn 0.9935 0.0510 -0.1018
vn 0.9788 0.2032 -0.0271
vn 0.9983 0.0525 -0.0248
vn 0.9777 0.2038 0.0504
vn 0.9706 0.2035 0.1286
vn 0.9899 0.0546 0.1307
vn 0.9972 0.0537 0.0525
vn 0.9864 -0.0954 0.1336
vn 0.9937 -0.0977 0.0557
vn 0.9592 -0.2472 0.1369
vn 0.9662 -0.2510 0.0592
vn 0.9672 -0.2532 -0.0186
vn 0.9948 -0.0994 -0.0220
vn 0.9625 -0.2536 -0.0961
vn 0.9899 -0.1005 -0.0997
vn 0.9112 -0.4014 -0.0927
vn 0.8393 -0.5364 -0.0887
vn 0.9159 -0.4012 -0.0148
vn 0.8437 -0.5367 -0.0106
vn 0.9149 -0.3986 0.0632
vn 0.9085 -0.3935 0.1410
vn 0.8372 -0.5272 0.1455
vn 0.8430 -0.5336 0.0676
vn 0.7456 -0.6492 0.1507
vn 0.7507 -0.6567 0.0722
vn 0.6326 -0.7586 0.1559
vn 0.6367 -0.7673 0.0772
vn 0.6367 -0.7711 -0.0015
vn 0.7511 -0.6602 -0.0062
vn 0.6329 -0.7701 -0.0801
vn 0.7469 -0.6595 -0.0846
vn 0.5020 -0.8616 -0.0755
vn 0.3611 -0.9298 -0.0711
vn 0.5054 -0.8629 0.0033
vn 0.3642 -0.9313 0.0079
vn 0.5057 -0.8588 0.0822
vn 0.5029 -0.8492 0.1610
vn 0.3634 -0.9168 0.1658
vn 0.3651 -0.9269 0.0866
vn 0.2145 -0.9617 0.1704
vn 0.2146 -0.9724 0.0915
vn 0.0560 -0.9830 0.1747
vn 0.0546 -0.9939 0.0954
vn 0.0529 -0.9985 0.0166
vn 0.2134 -0.9769 0.0124
vn 0.0509 -0.9967 -0.0626
vn 0.2108 -0.9752 -0.0668
vn -0.1105 -0.9921 -0.0588
vn -0.2648 -0.9627 -0.0555
vn -0.1089 -0.9938 0.0204
vn -0.2637 -0.9643 0.0236
vn -0.1067 -0.9893 0.0995
vn -0.1039 -0.9785 0.1780
vn -0.2567 -0.9494 0.1809
vn -0.2612 -0.9599 0.1022
vn -0.4026 -0.8969 0.1832
vn -0.4082 -0.9068 0.1049
vn -0.5412 -0.8203 0.1848
vn -0.5481 -0.8296 0.1067
vn -0.5517 -0.8336 0.0281
vn -0.4114 -0.9111 0.0262
vn -0.5522 -0.8322 -0.0503
vn -0.4120 -0.9097 -0.0528
vn -0.6769 -0.7344 -0.0491
vn -0.7818 -0.6217 -0.0484
vn -0.6771 -0.7353 0.0294
vn -0.7823 -0.6222 0.0299
vn -0.6732 -0.7316 0.1077
vn -0.6650 -0.7234 0.1858
vn -0.7691 -0.6116 0.1854
vn -0.7780 -0.6189 0.1079
vn -0.8540 -0.4862 0.1852
vn -0.8638 -0.4921 0.1075
vn -0.9200 -0.3461 0.1840
vn -0.9304 -0.3507 0.1065
vn -0.9351 -0.3532 0.0287
vn -0.8684 -0.4951 0.0297
vn -0.9341 -0.3535 -0.0492
vn -0.8676 -0.4949 -0.0484
vn -0.9777 -0.2040 -0.0507
vn -0.9972 -0.0537 -0.0529
vn -0.9788 -0.2032 0.0271
vn -0.9983 -0.0525 0.0249
vn -0.9739 -0.2012 0.1047
vn -0.9631 -0.1980 0.1821
vn -0.9825 -0.0491 0.1795
vn -0.9934 -0.0510 0.1024
vn -0.9790 0.1010 0.1772
vn -0.9899 0.1005 0.0997
vn -0.9518 0.2528 0.1737
vn -0.9624 0.2538 0.0964
vn -0.9672 0.2532 0.0186
vn -0.9948 0.0994 0.0221
vn -0.9662 0.2510 -0.0592
vn -0.9937 0.0977 -0.0557
vn -0.9150 0.3985 -0.0629
vn -0.8430 0.5336 -0.0676
vn -0.9159 0.4012 0.0148
vn -0.8437 0.5367 0.0106
vn -0.9112 0.4014 0.0927
vn -0.9010 0.3990 0.1702
vn -0.8296 0.5329 0.1668
vn -0.8393 0.5364 0.0887
vn -0.7383 0.6546 0.1625
vn -0.7469 0.6595 0.0845
vn -0.6253 0.7642 0.1582
vn -0.6329 0.7701 0.0801
vn -0.6367 0.7711 0.0015
vn -0.7511 0.6602 0.0062
vn -0.6367 0.7673 -0.0772
vn -0.7507 0.6567 -0.0722
vn -0.5057 0.8588 -0.0822
vn -0.3649 0.9270 -0.0869
vn -0.5054 0.8629 -0.0033
vn -0.3642 0.9313 -0.0079
vn -0.5020 0.8616 0.0755
vn -0.4954 0.8549 0.1540
vn -0.3559 0.9224 0.1498
vn -0.3611 0.9298 0.0711
vn -0.2069 0.9674 0.1460
vn -0.2110 0.9752 0.0665
vn -0.0485 0.9887 0.1416
vn -0.0509 0.9967 0.0626
vn -0.0529 0.9985 -0.0166
vn -0.2134 0.9769 -0.0124
vn -0.0547 0.9939 -0.0957
vn -0.2148 0.9724 -0.0912
vn 0.1067 0.9893 -0.0995
vn 0.2612 0.9599 -0.1022
vn 0.1089 0.9938 -0.0204
vn 0.2637 0.9643 -0.0236
vn 0.1105 0.9921 0.0588
vn 0.1114 0.9841 0.1381
vn 0.2642 0.9550 0.1347
vn 0.2648 0.9627 0.0555
vn 0.4100 0.9025 0.1318
vn 0.4120 0.9097 0.0528
vn 0.4114 0.9111 -0.0262
vn 0.4084 0.9068 -0.1046
vn 0.6643 0.7193 0.2035
vn 0.7667 0.6094 0.2022
vn 0.5422 0.8148 0.2052
vn 0.5330 0.7995 0.2771
vn 0.6527 0.7060 0.2749
vn 0.7530 0.5984 0.2737
vn 0.5209 0.7799 0.3470
vn 0.6376 0.6890 0.3447
vn 0.5054 0.7553 0.4172
vn 0.6183 0.6675 0.4149
vn 0.7130 0.5664 0.4133
vn 0.7354 0.5843 0.3432
vn 0.7906 0.4525 0.4127
vn 0.8155 0.4664 0.3426
vn 0.8508 0.3252 0.4128
vn 0.8777 0.3347 0.3429
vn 0.8990 0.3421 0.2735
vn 0.8352 0.4773 0.2731
vn 0.9155 0.3478 0.2023
vn 0.8505 0.4858 0.2017
vn 0.9580 0.2018 0.2036
vn 0.9771 0.0552 0.2057
vn 0.9407 0.1991 0.2747
vn 0.9594 0.0555 0.2765
vn 0.9185 0.1954 0.3438
vn 0.8903 0.1904 0.4137
vn 0.9079 0.0550 0.4155
vn 0.9367 0.0554 0.3457
vn 0.9047 -0.0815 0.4183
vn 0.9334 -0.0857 0.3485
vn 0.8797 -0.2195 0.4219
vn 0.9076 -0.2285 0.3523
vn 0.9296 -0.2360 0.2831
vn 0.9560 -0.0894 0.2794
vn 0.9467 -0.2422 0.2123
vn 0.9736 -0.0926 0.2085
vn 0.8967 -0.3862 0.2165
vn 0.8265 -0.5179 0.2208
vn 0.8805 -0.3771 0.2873
vn 0.8116 -0.5061 0.2919
vn 0.8597 -0.3660 0.3564
vn 0.8332 -0.3525 0.4260
vn 0.7681 -0.4739 0.4306
vn 0.7924 -0.4916 0.3611
vn 0.6846 -0.5843 0.4358
vn 0.7062 -0.6060 0.3662
vn 0.5816 -0.6834 0.4412
vn 0.5998 -0.7086 0.3717
vn 0.6140 -0.7291 0.3025
vn 0.7231 -0.6236 0.2970
vn 0.6249 -0.7456 0.2314
vn 0.7363 -0.6379 0.2259
vn 0.4971 -0.8349 0.2364
vn 0.3598 -0.9013 0.2413
vn 0.4887 -0.8163 0.3079
vn 0.3542 -0.8813 0.3128
vn 0.4778 -0.7935 0.3769
vn 0.4637 -0.7654 0.4463
vn 0.3370 -0.8264 0.4512
vn 0.3467 -0.8567 0.3819
vn 0.2018 -0.8669 0.4558
vn 0.2069 -0.8988 0.3865
vn 0.0580 -0.8861 0.4598
vn 0.0580 -0.9187 0.3907
vn 0.0577 -0.9451 0.3216
vn 0.2106 -0.9247 0.3173
vn 0.0571 -0.9665 0.2503
vn 0.2131 -0.9455 0.2460
vn -0.1004 -0.9620 0.2540
vn -0.2509 -0.9334 0.2565
vn -0.0965 -0.9408 0.3249
vn -0.2439 -0.9128 0.3276
vn -0.0921 -0.9145 0.3939
vn -0.0870 -0.8821 0.4629
vn -0.2257 -0.8559 0.4652
vn -0.2356 -0.8874 0.3963
vn -0.3582 -0.8086 0.4668
vn -0.3727 -0.8383 0.3981
vn -0.4842 -0.7394 0.4678
vn -0.5030 -0.7666 0.3991
vn -0.5184 -0.7886 0.3307
vn -0.3846 -0.8623 0.3294
vn -0.5311 -0.8064 0.2600
vn -0.3945 -0.8818 0.2586
vn -0.6532 -0.7109 0.2605
vn -0.7556 -0.6011 0.2603
vn -0.6381 -0.6951 0.3312
vn -0.7385 -0.5876 0.3307
vn -0.6197 -0.6757 0.3993
vn -0.5971 -0.6517 0.4677
vn -0.6919 -0.5506 0.4670
vn -0.7176 -0.5710 0.3987
vn -0.7695 -0.4367 0.4660
vn -0.7978 -0.4532 0.3977
vn -0.8298 -0.3095 0.4644
vn -0.8600 -0.3215 0.3962
vn -0.8845 -0.3314 0.3283
vn -0.8207 -0.4666 0.3297
vn -0.9045 -0.3395 0.2581
vn -0.8394 -0.4775 0.2595
vn -0.9470 -0.1936 0.2562
vn -0.9661 -0.0470 0.2539
vn -0.9263 -0.1884 0.3262
vn -0.9450 -0.0447 0.3241
vn -0.9008 -0.1822 0.3943
vn -0.8693 -0.1748 0.4623
vn -0.8870 -0.0394 0.4601
vn -0.9190 -0.0422 0.3919
vn -0.8837 0.0971 0.4579
vn -0.9157 0.0989 0.3895
vn -0.8586 0.2353 0.4554
vn -0.8899 0.2418 0.3869
vn -0.9152 0.2467 0.3186
vn -0.9416 0.1001 0.3215
vn -0.9357 0.2504 0.2484
vn -0.9626 0.1008 0.2515
vn -0.8857 0.3945 0.2450
vn -0.8152 0.5262 0.2420
vn -0.8661 0.3879 0.3154
vn -0.7970 0.5169 0.3123
vn -0.8419 0.3793 0.3838
vn -0.8122 0.3682 0.4526
vn -0.7470 0.4896 0.4497
vn -0.7746 0.5049 0.3808
vn -0.6635 0.6001 0.4469
vn -0.6884 0.6193 0.3777
vn -0.5605 0.6992 0.4438
vn -0.5819 0.7220 0.3744
vn -0.5994 0.7399 0.3053
vn -0.7086 0.6344 0.3089
vn -0.6138 0.7540 0.2340
vn -0.7251 0.6462 0.2381
vn -0.4859 0.8432 0.2300
vn -0.3486 0.9097 0.2257
vn -0.4741 0.8272 0.3015
vn -0.3396 0.8923 0.2975
vn -0.4598 0.8069 0.3707
vn -0.4424 0.7812 0.4403
vn -0.3157 0.8422 0.4370
vn -0.3288 0.8702 0.3671
vn -0.1806 0.8829 0.4335
vn -0.1889 0.9122 0.3635
vn -0.0367 0.9021 0.4300
vn -0.0401 0.9321 0.3599
vn -0.0431 0.9561 0.2899
vn -0.1959 0.9356 0.2937
vn -0.0458 0.9748 0.2182
vn -0.2019 0.9539 0.2220
vn 0.1116 0.9704 0.2142
vn 0.2621 0.9418 0.2105
vn 0.1111 0.9517 0.2861
vn 0.2585 0.9238 0.2826
vn 0.1100 0.9280 0.3560
vn 0.1083 0.8980 0.4264
vn 0.2470 0.8719 0.4229
vn 0.2535 0.9008 0.3526
vn 0.3794 0.8245 0.4199
vn 0.3905 0.8516 0.3496
vn 0.3992 0.8732 0.2797
vn 0.4057 0.8901 0.2078
vn 0.5957 0.6425 0.4819
vn 0.6868 0.5455 0.4803
vn 0.4873 0.7267 0.4843
vn 0.4685 0.6973 0.5424
vn 0.5726 0.6169 0.5400
vn 0.6599 0.5241 0.5384
vn 0.4500 0.6684 0.5922
vn 0.5496 0.5916 0.5899
vn 0.4322 0.6407 0.6346
vn 0.5276 0.5673 0.6323
vn 0.6078 0.4825 0.6307
vn 0.6333 0.5028 0.5882
vn 0.6736 0.3867 0.6299
vn 0.7020 0.4027 0.5875
vn 0.7247 0.2794 0.6299
vn 0.7553 0.2906 0.5875
vn 0.7872 0.3022 0.5376
vn 0.7316 0.4194 0.5375
vn 0.8194 0.3139 0.4796
vn 0.7615 0.4362 0.4795
vn 0.8575 0.1845 0.4804
vn 0.8745 0.0544 0.4820
vn 0.8237 0.1782 0.5383
vn 0.8401 0.0535 0.5399
vn 0.7903 0.1719 0.5881
vn 0.7583 0.1658 0.6305
vn 0.7733 0.0515 0.6319
vn 0.8060 0.0525 0.5896
vn 0.7705 -0.0637 0.6343
vn 0.8030 -0.0678 0.5921
vn 0.7491 -0.1802 0.6375
vn 0.7807 -0.1895 0.5955
vn 0.8138 -0.1993 0.5459
vn 0.8370 -0.0722 0.5424
vn 0.8471 -0.2094 0.4883
vn 0.8713 -0.0768 0.4847
vn 0.8025 -0.3371 0.4923
vn 0.7398 -0.4536 0.4969
vn 0.7708 -0.3216 0.5499
vn 0.7107 -0.4333 0.5542
vn 0.7396 -0.3066 0.5992
vn 0.7095 -0.2922 0.6412
vn 0.6543 -0.3944 0.6453
vn 0.6819 -0.4133 0.6035
vn 0.5835 -0.4871 0.6498
vn 0.6080 -0.5103 0.6082
vn 0.4964 -0.5701 0.6546
vn 0.5171 -0.5971 0.6132
vn 0.5387 -0.6256 0.5643
vn 0.6336 -0.5347 0.5591
vn 0.5605 -0.6547 0.5072
vn 0.6595 -0.5597 0.5018
vn 0.4471 -0.7332 0.5123
vn 0.3255 -0.7917 0.5170
vn 0.4300 -0.7007 0.5693
vn 0.3135 -0.7566 0.5738
vn 0.4131 -0.6690 0.6179
vn 0.3969 -0.6388 0.6592
vn 0.2901 -0.6897 0.6634
vn 0.3016 -0.7223 0.6223
vn 0.1765 -0.7235 0.6674
vn 0.1828 -0.7577 0.6265
vn 0.0556 -0.7396 0.6708
vn 0.0564 -0.7745 0.6301
vn 0.0572 -0.8113 0.5819
vn 0.1893 -0.7938 0.5780
vn 0.0577 -0.8489 0.5253
vn 0.1957 -0.8305 0.5214
vn -0.0815 -0.8451 0.5283
vn -0.2146 -0.8201 0.5304
vn -0.0761 -0.8076 0.5848
vn -0.2036 -0.7838 0.5866
vn -0.0710 -0.7711 0.6327
vn -0.0663 -0.7363 0.6734
vn -0.1830 -0.7146 0.6751
vn -0.1930 -0.7483 0.6346
vn -0.2945 -0.6751 0.6764
vn -0.3095 -0.7069 0.6359
vn -0.4008 -0.6173 0.6770
vn -0.4206 -0.6464 0.6366
vn -0.4415 -0.6771 0.5888
vn -0.3254 -0.7404 0.5881
vn -0.4629 -0.7085 0.5327
vn -0.3418 -0.7747 0.5319
vn -0.5715 -0.6244 0.5325
vn -0.6626 -0.5274 0.5318
vn -0.5456 -0.5967 0.5885
vn -0.6330 -0.5039 0.5877
vn -0.5203 -0.5696 0.6363
vn -0.4963 -0.5439 0.6767
vn -0.5765 -0.4591 0.6759
vn -0.6041 -0.4810 0.6354
vn -0.6423 -0.3633 0.6748
vn -0.6727 -0.3808 0.6344
vn -0.6935 -0.2561 0.6734
vn -0.7260 -0.2687 0.6330
vn -0.7603 -0.2821 0.5851
vn -0.7046 -0.3992 0.5866
vn -0.7953 -0.2958 0.5292
vn -0.7373 -0.4181 0.5307
vn -0.8333 -0.1664 0.5272
vn -0.8503 -0.0363 0.5250
vn -0.7969 -0.1581 0.5831
vn -0.8132 -0.0334 0.5810
vn -0.7612 -0.1501 0.6310
vn -0.7271 -0.1425 0.6716
vn -0.7421 -0.0282 0.6697
vn -0.7768 -0.0307 0.6290
vn -0.7392 0.0870 0.6678
vn -0.7738 0.0896 0.6270
vn -0.7178 0.2035 0.6658
vn -0.7515 0.2113 0.6250
vn -0.7869 0.2194 0.5768
vn -0.8101 0.0923 0.5790
vn -0.8230 0.2275 0.5205
vn -0.8472 0.0948 0.5228
vn -0.7783 0.3552 0.5178
vn -0.7156 0.4718 0.5152
vn -0.7439 0.3418 0.5743
vn -0.6837 0.4534 0.5718
vn -0.7103 0.3284 0.6226
vn -0.6783 0.3156 0.6635
vn -0.6230 0.4178 0.6613
vn -0.6526 0.4352 0.6203
vn -0.5521 0.5105 0.6592
vn -0.5787 0.5322 0.6179
vn -0.4649 0.5936 0.6569
vn -0.4877 0.6191 0.6155
vn -0.5116 0.6458 0.5668
vn -0.6066 0.5549 0.5694
vn -0.5361 0.6728 0.5097
vn -0.6352 0.5778 0.5125
vn -0.4227 0.7515 0.5065
vn -0.3010 0.8100 0.5033
vn -0.4029 0.7210 0.5637
vn -0.2863 0.7769 0.5607
vn -0.3836 0.6910 0.6127
vn -0.3654 0.6622 0.6542
vn -0.2587 0.7133 0.6514
vn -0.2721 0.7443 0.6099
vn -0.1450 0.7471 0.6487
vn -0.1532 0.7798 0.6070
vn -0.0241 0.7631 0.6459
vn -0.0269 0.7965 0.6040
vn -0.0299 0.8316 0.5545
vn -0.1621 0.8141 0.5577
vn -0.0332 0.8672 0.4968
vn -0.1713 0.8489 0.5001
vn 0.1060 0.8634 0.4932
vn 0.2391 0.8384 0.4899
vn 0.1033 0.8280 0.5511
vn 0.2308 0.8041 0.5478
vn 0.1006 0.7932 0.6005
vn 0.0979 0.7599 0.6426
vn 0.2145 0.7382 0.6396
vn 0.2225 0.7704 0.5975
vn 0.3260 0.6986 0.6369
vn 0.3390 0.7290 0.5947
vn 0.3526 0.7607 0.5450
vn 0.3662 0.7929 0.4869
vn 0.6474 0.2510 0.7196
vn 0.6909 0.2670 0.6719
vn 0.6422 0.3690 0.6719
vn 0.6019 0.3462 0.7197
vn 0.5796 0.4600 0.6726
vn 0.5433 0.4311 0.7204
vn 0.5033 0.5406 0.6742
vn 0.4125 0.6103 0.6763
vn 0.3872 0.5712 0.7238
vn 0.4720 0.5062 0.7218
vn 0.3558 0.5228 0.7747
vn 0.4332 0.4637 0.7729
vn 0.3188 0.4660 0.8254
vn 0.3875 0.4137 0.8238
vn 0.4454 0.3532 0.8227
vn 0.4984 0.3953 0.7716
vn 0.4929 0.2845 0.8222
vn 0.5519 0.3179 0.7710
vn 0.5299 0.2075 0.8223
vn 0.5935 0.2311 0.7710
vn 0.6690 -0.1572 0.7265
vn 0.7140 -0.1701 0.6791
vn 0.7345 -0.0593 0.6760
vn 0.6881 -0.0537 0.7236
vn 0.7372 0.0503 0.6738
vn 0.6908 0.0486 0.7214
vn 0.7229 0.1590 0.6724
vn 0.6773 0.1501 0.7202
vn 0.6209 0.1390 0.7715
vn 0.5544 0.1259 0.8227
vn 0.5653 0.0437 0.8237
vn 0.6331 0.0464 0.7727
vn 0.5631 -0.0392 0.8255
vn 0.6308 -0.0470 0.7745
vn 0.5475 -0.1230 0.8277
vn 0.6132 -0.1414 0.7772
vn 0.4441 -0.5027 0.7417
vn 0.4735 -0.5405 0.6954
vn 0.5564 -0.4617 0.6909
vn 0.5215 -0.4293 0.7374
vn 0.6238 -0.3736 0.6865
vn 0.5846 -0.3472 0.7333
vn 0.6764 -0.2766 0.6826
vn 0.6338 -0.2566 0.7297
vn 0.5810 -0.2320 0.7801
vn 0.5188 -0.2034 0.8303
vn 0.4788 -0.2766 0.8332
vn 0.5360 -0.3146 0.7834
vn 0.4276 -0.3429 0.8364
vn 0.4784 -0.3894 0.7871
vn 0.3648 -0.4021 0.8398
vn 0.4076 -0.4563 0.7910
vn 0.0531 -0.6525 0.7560
vn 0.0546 -0.7013 0.7108
vn 0.1694 -0.6861 0.7075
vn 0.1603 -0.6383 0.7529
vn 0.2775 -0.6540 0.7037
vn 0.2611 -0.6085 0.7494
vn 0.3789 -0.6057 0.6997
vn 0.3557 -0.5634 0.7457
vn 0.3270 -0.5115 0.7946
vn 0.2932 -0.4510 0.8430
vn 0.2167 -0.4872 0.8460
vn 0.2407 -0.5525 0.7980
vn 0.1352 -0.5112 0.8487
vn 0.1488 -0.5797 0.8011
vn 0.0487 -0.5226 0.8512
vn 0.0512 -0.5925 0.8039
vn -0.3516 -0.5446 0.7615
vn -0.3792 -0.5854 0.7167
vn -0.2781 -0.6402 0.7161
vn -0.2572 -0.5956 0.7609
vn -0.1721 -0.6777 0.7150
vn -0.1583 -0.6305 0.7598
vn -0.0613 -0.6983 0.7132
vn -0.0549 -0.6496 0.7583
vn -0.0473 -0.5900 0.8060
vn -0.0386 -0.5204 0.8531
vn -0.1221 -0.5051 0.8544
vn -0.1416 -0.5726 0.8075
vn -0.2021 -0.4770 0.8553
vn -0.2318 -0.5409 0.8085
vn -0.2785 -0.4360 0.8558
vn -0.3178 -0.4945 0.8090
vn -0.6120 -0.2245 0.7584
vn -0.6577 -0.2422 0.7133
vn -0.6090 -0.3442 0.7146
vn -0.5664 -0.3197 0.7596
vn -0.5464 -0.4352 0.7156
vn -0.5079 -0.4046 0.7605
vn -0.4700 -0.5157 0.7164
vn -0.4364 -0.4797 0.7612
vn -0.3953 -0.4354 0.8088
vn -0.3472 -0.3836 0.8557
vn -0.4052 -0.3231 0.8552
vn -0.4605 -0.3670 0.8082
vn -0.4528 -0.2545 0.8545
vn -0.5140 -0.2896 0.8074
vn -0.4898 -0.1775 0.8536
vn -0.5557 -0.2028 0.8063
vn -0.6336 0.1836 0.7515
vn -0.6809 0.1948 0.7060
vn -0.7013 0.0841 0.7079
vn -0.6528 0.0801 0.7533
vn -0.7041 -0.0255 0.7097
vn -0.6554 -0.0222 0.7550
vn -0.6897 -0.1342 0.7115
vn -0.6420 -0.1237 0.7567
vn -0.5831 -0.1108 0.8048
vn -0.5142 -0.0959 0.8523
vn -0.5251 -0.0137 0.8509
vn -0.5954 -0.0182 0.8032
vn -0.5230 0.0692 0.8495
vn -0.5930 0.0752 0.8017
vn -0.5074 0.1530 0.8481
vn -0.5754 0.1696 0.8001
vn -0.4085 0.5293 0.7436
vn -0.4402 0.5654 0.6975
vn -0.5231 0.4866 0.6997
vn -0.4860 0.4559 0.7456
vn -0.5905 0.3985 0.7018
vn -0.5491 0.3737 0.7476
vn -0.6432 0.3014 0.7039
vn -0.5984 0.2830 0.7496
vn -0.5432 0.2603 0.7982
vn -0.4787 0.2334 0.8464
vn -0.4386 0.3066 0.8448
vn -0.4982 0.3429 0.7964
vn -0.3873 0.3730 0.8431
vn -0.4405 0.4178 0.7946
vn -0.3245 0.4322 0.8414
vn -0.3697 0.4847 0.7927
vn -0.0174 0.6791 0.7339
vn -0.0211 0.7263 0.6871
vn -0.1360 0.7111 0.6898
vn -0.1246 0.6650 0.7364
vn -0.2440 0.6790 0.6924
vn -0.2254 0.6351 0.7388
vn -0.3455 0.6306 0.6950
vn -0.3201 0.5900 0.7412
vn -0.2890 0.5399 0.7905
vn -0.2529 0.4811 0.8394
vn -0.1763 0.5173 0.8374
vn -0.2027 0.5809 0.7883
vn -0.0949 0.5414 0.8354
vn -0.1108 0.6081 0.7861
vn -0.0083 0.5528 0.8333
vn -0.0131 0.6210 0.7837
vn 0.3115 0.6652 0.6786
vn 0.2929 0.6223 0.7260
vn 0.2055 0.7026 0.6812
vn 0.1940 0.6571 0.7284
vn 0.0947 0.7233 0.6840
vn 0.0906 0.6763 0.7310
vn 0.0853 0.6184 0.7812
vn 0.0789 0.5505 0.8311
vn 0.1625 0.5352 0.8290
vn 0.1796 0.6010 0.7788
vn 0.2424 0.5071 0.8271
vn 0.2697 0.5693 0.7767
vn 0.3718 0.1486 0.9164
vn 0.4570 0.1804 0.8710
vn 0.4253 0.2462 0.8709
vn 0.3463 0.2013 0.9163
vn 0.3846 0.3048 0.8713
vn 0.3136 0.2482 0.9166
vn 0.3351 0.3564 0.8722
vn 0.2763 0.4011 0.8734
vn 0.2266 0.3252 0.9181
vn 0.2738 0.2895 0.9172
vn 0.1686 0.2369 0.9568
vn 0.2021 0.2115 0.9562
vn 0.1013 0.1348 0.9857
vn 0.1191 0.1212 0.9855
vn 0.1342 0.1055 0.9853
vn 0.2305 0.1821 0.9559
vn 0.1467 0.0878 0.9853
vn 0.2538 0.1487 0.9558
vn 0.1564 0.0678 0.9854
vn 0.2720 0.1112 0.9559
vn 0.3838 -0.0780 0.9201
vn 0.4720 -0.1021 0.8757
vn 0.4854 -0.0305 0.8738
vn 0.3945 -0.0206 0.9187
vn 0.4873 0.0403 0.8723
vn 0.3960 0.0362 0.9175
vn 0.4779 0.1106 0.8714
vn 0.3885 0.0926 0.9168
vn 0.2839 0.0714 0.9562
vn 0.1628 0.0466 0.9856
vn 0.1655 0.0252 0.9859
vn 0.2892 0.0312 0.9568
vn 0.1650 0.0036 0.9863
vn 0.2882 -0.0092 0.9575
vn 0.1610 -0.0182 0.9868
vn 0.2805 -0.0501 0.9585
vn 0.2581 -0.2689 0.9279
vn 0.3156 -0.3404 0.8857
vn 0.3693 -0.2899 0.8829
vn 0.3012 -0.2284 0.9258
vn 0.4132 -0.2333 0.8803
vn 0.3364 -0.1831 0.9237
vn 0.4475 -0.1708 0.8778
vn 0.3640 -0.1330 0.9219
vn 0.2664 -0.0893 0.9597
vn 0.1534 -0.0391 0.9874
vn 0.1429 -0.0580 0.9880
vn 0.2467 -0.1249 0.9610
vn 0.1296 -0.0752 0.9887
vn 0.2217 -0.1571 0.9624
vn 0.1132 -0.0906 0.9894
vn 0.1910 -0.1859 0.9638
vn 0.0417 -0.3509 0.9355
vn 0.0456 -0.4431 0.8953
vn 0.1195 -0.4334 0.8932
vn 0.1009 -0.3432 0.9338
vn 0.1890 -0.4130 0.8909
vn 0.1566 -0.3269 0.9320
vn 0.2544 -0.3821 0.8884
vn 0.2091 -0.3022 0.9300
vn 0.1560 -0.2095 0.9653
vn 0.0945 -0.1031 0.9902
vn 0.0746 -0.1125 0.9909
vn 0.1187 -0.2271 0.9666
vn 0.0535 -0.1187 0.9915
vn 0.0791 -0.2387 0.9679
vn 0.0311 -0.1217 0.9921
vn 0.0370 -0.2442 0.9690
vn -0.1822 -0.2920 0.9389
vn -0.2338 -0.3693 0.8994
vn -0.1686 -0.4043 0.8989
vn -0.1298 -0.3199 0.9385
vn -0.1003 -0.4282 0.8981
vn -0.0751 -0.3390 0.9378
vn -0.0289 -0.4413 0.8969
vn -0.0179 -0.3494 0.9368
vn -0.0055 -0.2431 0.9700
vn 0.0085 -0.1210 0.9926
vn -0.0132 -0.1171 0.9930
vn -0.0461 -0.2357 0.9707
vn -0.0339 -0.1099 0.9934
vn -0.0851 -0.2222 0.9713
vn -0.0539 -0.0994 0.9936
vn -0.1224 -0.2023 0.9716
vn -0.3273 -0.1154 0.9378
vn -0.4147 -0.1487 0.8977
vn -0.3830 -0.2145 0.8985
vn -0.3018 -0.1681 0.9384
vn -0.3422 -0.2731 0.8991
vn -0.2691 -0.2150 0.9388
vn -0.2926 -0.3247 0.8994
vn -0.2293 -0.2563 0.9390
vn -0.1560 -0.1770 0.9718
vn -0.0717 -0.0858 0.9937
vn -0.0868 -0.0701 0.9938
vn -0.1843 -0.1476 0.9717
vn -0.0993 -0.0523 0.9937
vn -0.2076 -0.1142 0.9715
vn -0.1090 -0.0324 0.9935
vn -0.2258 -0.0767 0.9711
vn -0.3393 0.1112 0.9341
vn -0.4297 0.1338 0.8930
vn -0.4431 0.0622 0.8943
vn -0.3501 0.0537 0.9352
vn -0.4449 -0.0087 0.8955
vn -0.3516 -0.0031 0.9361
vn -0.4356 -0.0789 0.8967
vn -0.3441 -0.0594 0.9371
vn -0.2377 -0.0369 0.9706
vn -0.1153 -0.0112 0.9933
vn -0.1182 0.0103 0.9929
vn -0.2431 0.0032 0.9700
vn -0.1176 0.0318 0.9926
vn -0.2420 0.0437 0.9693
vn -0.1136 0.0536 0.9921
vn -0.2344 0.0846 0.9685
vn -0.2136 0.3021 0.9290
vn -0.2731 0.3722 0.8871
vn -0.3269 0.3216 0.8886
vn -0.2568 0.2616 0.9304
vn -0.3707 0.2650 0.8901
vn -0.2920 0.2163 0.9316
vn -0.4051 0.2025 0.8916
vn -0.3195 0.1662 0.9329
vn -0.2202 0.1238 0.9676
vn -0.1060 0.0745 0.9916
vn -0.0955 0.0934 0.9910
vn -0.2006 0.1594 0.9666
vn -0.0821 0.1106 0.9905
vn -0.1755 0.1916 0.9657
vn -0.0658 0.1260 0.9898
vn -0.1448 0.2204 0.9646
vn 0.0028 0.3842 0.9232
vn -0.0031 0.4749 0.8800
vn -0.0769 0.4652 0.8819
vn -0.0564 0.3764 0.9247
vn -0.1465 0.4447 0.8836
vn -0.1121 0.3601 0.9262
vn -0.2119 0.4138 0.8853
vn -0.1646 0.3354 0.9276
vn -0.1098 0.2440 0.9635
vn -0.0471 0.1386 0.9892
vn -0.0272 0.1479 0.9886
vn -0.0725 0.2616 0.9625
vn -0.0061 0.1541 0.9880
vn -0.0329 0.2732 0.9614
vn 0.0163 0.1571 0.9875
vn 0.0093 0.2788 0.9603
vn 0.2111 0.4361 0.8748
vn 0.1743 0.3532 0.9191
vn 0.1428 0.4600 0.8764
vn 0.1196 0.3723 0.9204
vn 0.0714 0.4730 0.8782
vn 0.0624 0.3827 0.9218
vn 0.0517 0.2777 0.9593
vn 0.0389 0.1565 0.9869
vn 0.0606 0.1525 0.9864
vn 0.0923 0.2702 0.9584
vn 0.0813 0.1453 0.9860
vn 0.1313 0.2567 0.9575
vn 0.0277 0.0209 0.9994
vn 0.0281 0.0203 0.9994
vn -0.0104 -0.0017 0.9999
vn -0.0069 -0.0066 1.0000
vn 0.0284 0.0196 0.9994
vn -0.0131 0.0039 0.9999
vn -0.0056 0.0067 1.0000
vn -0.0036 0.0021 1.0000
vn -0.0008 -0.0018 1.0000
vn 0.0516 0.0283 0.9983
vn 0.0496 0.0325 0.9982
vn 0.0469 0.0361 0.9982
vn 0.0439 0.0394 0.9983
vn 0.0402 0.0423 0.9983
vn 0.0066 -0.0083 0.9999
vn 0.0027 -0.0052 1.0000
vn 0.0023 -0.0148 0.9999
vn -0.0026 -0.0109 0.9999
vn 0.0265 0.0218 0.9994
vn 0.0271 0.0214 0.9994
vn 0.0288 0.0181 0.9994
vn 0.0287 0.0174 0.9994
vn -0.0155 0.0218 0.9996
vn -0.0157 0.0158 0.9998
vn 0.0286 0.0167 0.9995
vn -0.0145 0.0279 0.9995
vn -0.0067 0.0259 0.9996
vn -0.0077 0.0210 0.9997
vn -0.0078 0.0162 0.9998
vn 0.0526 0.0104 0.9986
vn 0.0534 0.0150 0.9985
vn 0.0535 0.0194 0.9984
vn 0.0529 0.0239 0.9983
vn -0.0071 0.0114 0.9999
vn -0.0149 0.0098 0.9998
vn 0.0287 0.0189 0.9994
vn 0.0280 0.0153 0.9995
vn 0.0275 0.0147 0.9995
vn -0.0056 0.0438 0.9990
vn -0.0092 0.0389 0.9992
vn 0.0269 0.0143 0.9995
vn -0.0010 0.0481 0.9988
vn 0.0041 0.0420 0.9991
vn 0.0003 0.0387 0.9993
vn -0.0027 0.0348 0.9994
vn 0.0427 -0.0047 0.9991
vn 0.0460 -0.0015 0.9989
vn 0.0488 0.0021 0.9988
vn 0.0510 0.0061 0.9987
vn -0.0050 0.0306 0.9995
vn -0.0123 0.0337 0.9994
vn 0.0284 0.0159 0.9995
vn 0.0256 0.0135 0.9996
vn 0.0249 0.0133 0.9996
vn 0.0156 0.0558 0.9983
vn 0.0099 0.0537 0.9985
vn 0.0242 0.0133 0.9996
vn 0.0219 0.0567 0.9982
vn 0.0223 0.0488 0.9986
vn 0.0173 0.0483 0.9987
vn 0.0126 0.0470 0.9988
vn 0.0255 -0.0113 0.9996
vn 0.0302 -0.0105 0.9995
vn 0.0346 -0.0092 0.9994
vn 0.0387 -0.0073 0.9992
vn 0.0081 0.0450 0.9990
vn 0.0041 0.0517 0.9987
vn 0.0263 0.0138 0.9996
vn 0.0227 0.0134 0.9997
vn 0.0220 0.0136 0.9997
vn 0.0401 0.0536 0.9978
vn 0.0342 0.0555 0.9979
vn 0.0214 0.0140 0.9997
vn 0.0455 0.0505 0.9977
vn 0.0413 0.0441 0.9982
vn 0.0368 0.0465 0.9982
vn 0.0321 0.0479 0.9983
vn 0.0077 -0.0065 0.9999
vn 0.0119 -0.0087 0.9999
vn 0.0162 -0.0102 0.9998
vn 0.0207 -0.0111 0.9997
vn 0.0273 0.0487 0.9984
vn 0.0282 0.0567 0.9980
vn 0.0235 0.0133 0.9996
vn 0.0202 0.0149 0.9997
vn 0.0198 0.0155 0.9997
vn 0.0582 0.0374 0.9976
vn 0.0548 0.0424 0.9976
vn 0.0195 0.0162 0.9997
vn 0.0609 0.0318 0.9976
vn 0.0536 0.0291 0.9981
vn 0.0514 0.0336 0.9981
vn 0.0486 0.0375 0.9981
vn -0.0038 0.0074 1.0000
vn -0.0017 0.0033 1.0000
vn 0.0009 -0.0004 1.0000
vn 0.0040 -0.0037 1.0000
vn 0.0452 0.0410 0.9981
vn 0.0505 0.0467 0.9976
vn 0.0207 0.0143 0.9997
vn 0.0191 0.0176 0.9997
vn 0.0191 0.0184 0.9996
vn 0.0635 0.0139 0.9979
vn 0.0636 0.0200 0.9978
vn 0.0193 0.0191 0.9996
vn 0.0622 0.0079 0.9980
vn 0.0545 0.0099 0.9985
vn 0.0555 0.0147 0.9983
vn 0.0557 0.0196 0.9983
vn -0.0047 0.0253 0.9997
vn -0.0055 0.0208 0.9998
vn -0.0056 0.0163 0.9999
vn -0.0050 0.0119 0.9999
vn 0.0549 0.0243 0.9982
vn 0.0627 0.0259 0.9977
vn 0.0192 0.0169 0.9997
vn 0.0199 0.0205 0.9996
vn 0.0204 0.0211 0.9996
vn 0.0533 -0.0079 0.9985
vn 0.0572 -0.0033 0.9984
vn 0.0210 0.0215 0.9995
vn 0.0489 -0.0123 0.9987
vn 0.0438 -0.0062 0.9990
vn 0.0476 -0.0030 0.9989
vn 0.0506 0.0009 0.9987
vn 0.0052 0.0405 0.9992
vn 0.0019 0.0372 0.9993
vn -0.0009 0.0336 0.9994
vn -0.0031 0.0297 0.9996
vn 0.0528 0.0052 0.9986
vn 0.0602 0.0020 0.9982
vn 0.0195 0.0198 0.9996
vn 0.0222 0.0223 0.9995
vn 0.0230 0.0225 0.9995
vn 0.0322 -0.0201 0.9993
vn 0.0381 -0.0184 0.9991
vn 0.0237 0.0225 0.9995
vn 0.0260 -0.0211 0.9994
vn 0.0256 -0.0132 0.9996
vn 0.0306 -0.0125 0.9995
vn 0.0353 -0.0112 0.9993
vn 0.0224 0.0470 0.9986
vn 0.0177 0.0463 0.9988
vn 0.0133 0.0449 0.9989
vn 0.0091 0.0431 0.9990
vn 0.0397 -0.0091 0.9992
vn 0.0437 -0.0158 0.9989
vn 0.0216 0.0220 0.9995
vn 0.0252 0.0224 0.9994
vn 0.0259 0.0222 0.9994
vn 0.0078 -0.0177 0.9998
vn 0.0136 -0.0197 0.9997
vn 0.0111 -0.0106 0.9999
vn 0.0157 -0.0123 0.9998
vn 0.0360 0.0445 0.9984
vn 0.0317 0.0460 0.9984
vn 0.0271 0.0468 0.9985
vn 0.0205 -0.0132 0.9997
vn 0.0197 -0.0207 0.9996
vn 0.0244 0.0226 0.9994
vn 0.0849 0.0663 0.9942
vn 0.0918 0.0565 0.9942
vn 0.1147 0.0696 0.9910
vn 0.1055 0.0827 0.9910
vn 0.0971 0.0455 0.9942
vn 0.1218 0.0548 0.9910
vn 0.1148 0.0522 0.9920
vn 0.1082 0.0659 0.9919
vn 0.0998 0.0782 0.9919
vn 0.0840 0.0406 0.9956
vn 0.0797 0.0496 0.9956
vn 0.0740 0.0577 0.9956
vn 0.0672 0.0648 0.9956
vn 0.0590 0.0709 0.9957
vn 0.0770 0.0981 0.9922
vn 0.0893 0.0888 0.9920
vn 0.0810 0.1041 0.9913
vn 0.0943 0.0942 0.9911
vn 0.0667 0.0824 0.9944
vn 0.0766 0.0750 0.9942
vn 0.1022 0.0219 0.9945
vn 0.1019 0.0100 0.9947
vn 0.1280 0.0074 0.9917
vn 0.1285 0.0233 0.9914
vn 0.0997 -0.0020 0.9950
vn 0.1250 -0.0087 0.9921
vn 0.1179 -0.0068 0.9930
vn 0.1208 0.0081 0.9926
vn 0.1212 0.0229 0.9924
vn 0.0861 0.0016 0.9963
vn 0.0880 0.0115 0.9961
vn 0.0883 0.0212 0.9959
vn 0.0870 0.0309 0.9957
vn 0.1193 0.0376 0.9921
vn 0.1267 0.0391 0.9912
vn 0.1007 0.0338 0.9943
vn 0.0897 -0.0240 0.9957
vn 0.0823 -0.0335 0.9960
vn 0.1020 -0.0509 0.9935
vn 0.1119 -0.0382 0.9930
vn 0.0733 -0.0419 0.9964
vn 0.0899 -0.0621 0.9940
vn 0.0852 -0.0564 0.9948
vn 0.0964 -0.0460 0.9943
vn 0.1057 -0.0343 0.9938
vn 0.0644 -0.0312 0.9974
vn 0.0719 -0.0243 0.9971
vn 0.0780 -0.0166 0.9968
vn 0.0827 -0.0079 0.9965
vn 0.1129 -0.0212 0.9934
vn 0.1196 -0.0241 0.9925
vn 0.0955 -0.0135 0.9953
vn 0.0520 -0.0540 0.9972
vn 0.0403 -0.0574 0.9975
vn 0.0458 -0.0828 0.9955
vn 0.0614 -0.0782 0.9950
vn 0.0280 -0.0591 0.9979
vn 0.0293 -0.0849 0.9960
vn 0.0289 -0.0778 0.9966
vn 0.0443 -0.0757 0.9961
vn 0.0588 -0.0716 0.9957
vn 0.0272 -0.0452 0.9986
vn 0.0374 -0.0440 0.9983
vn 0.0470 -0.0411 0.9980
vn 0.0559 -0.0369 0.9978
vn 0.0724 -0.0651 0.9952
vn 0.0761 -0.0714 0.9945
vn 0.0630 -0.0489 0.9968
vn 0.0035 -0.0566 0.9984
vn -0.0080 -0.0526 0.9986
vn -0.0187 -0.0763 0.9969
vn -0.0034 -0.0817 0.9967
vn -0.0189 -0.0468 0.9987
vn -0.0334 -0.0685 0.9971
vn -0.0293 -0.0625 0.9976
vn -0.0157 -0.0697 0.9974
vn -0.0015 -0.0747 0.9972
vn -0.0112 -0.0351 0.9993
vn -0.0022 -0.0400 0.9992
vn 0.0072 -0.0432 0.9990
vn 0.0170 -0.0449 0.9988
vn 0.0134 -0.0773 0.9969
vn 0.0126 -0.0844 0.9963
vn 0.0155 -0.0587 0.9982
vn -0.0372 -0.0307 0.9988
vn -0.0440 -0.0208 0.9988
vn -0.0670 -0.0340 0.9972
vn -0.0578 -0.0470 0.9972
vn -0.0494 -0.0099 0.9987
vn -0.0742 -0.0192 0.9971
vn -0.0672 -0.0166 0.9976
vn -0.0606 -0.0303 0.9977
vn -0.0520 -0.0425 0.9977
vn -0.0362 -0.0049 0.9993
vn -0.0319 -0.0139 0.9994
vn -0.0262 -0.0220 0.9994
vn -0.0193 -0.0291 0.9994
vn -0.0416 -0.0532 0.9977
vn -0.0467 -0.0587 0.9972
vn -0.0289 -0.0393 0.9988
vn -0.0545 0.0137 0.9984
vn -0.0542 0.0257 0.9982
vn -0.0806 0.0282 0.9963
vn -0.0810 0.0123 0.9966
vn -0.0519 0.0377 0.9979
vn -0.0777 0.0443 0.9960
vn -0.0703 0.0424 0.9966
vn -0.0732 0.0275 0.9969
vn -0.0736 0.0127 0.9972
vn -0.0383 0.0341 0.9987
vn -0.0402 0.0243 0.9989
vn -0.0405 0.0145 0.9991
vn -0.0392 0.0047 0.9992
vn -0.0716 -0.0020 0.9974
vn -0.0788 -0.0035 0.9969
vn -0.0529 0.0019 0.9986
vn -0.0420 0.0597 0.9973
vn -0.0346 0.0691 0.9970
vn -0.0543 0.0864 0.9948
vn -0.0642 0.0737 0.9952
vn -0.0255 0.0776 0.9967
vn -0.0422 0.0976 0.9943
vn -0.0375 0.0920 0.9951
vn -0.0487 0.0815 0.9955
vn -0.0581 0.0699 0.9959
vn -0.0166 0.0669 0.9976
vn -0.0241 0.0600 0.9979
vn -0.0301 0.0522 0.9982
vn -0.0349 0.0436 0.9984
vn -0.0653 0.0568 0.9962
vn -0.0720 0.0597 0.9956
vn -0.0477 0.0492 0.9976
vn -0.0043 0.0897 0.9960
vn 0.0075 0.0931 0.9956
vn 0.0019 0.1183 0.9930
vn -0.0138 0.1139 0.9934
vn 0.0198 0.0947 0.9953
vn 0.0184 0.1205 0.9925
vn 0.0188 0.1133 0.9934
vn 0.0034 0.1113 0.9938
vn -0.0111 0.1071 0.9942
vn 0.0206 0.0809 0.9965
vn 0.0104 0.0797 0.9968
vn 0.0009 0.0768 0.9970
vn -0.0082 0.0726 0.9973
vn -0.0247 0.1006 0.9946
vn -0.0284 0.1069 0.9939
vn -0.0153 0.0845 0.9963
vn 0.0442 0.0923 0.9948
vn 0.0557 0.0883 0.9945
vn 0.0664 0.1119 0.9915
vn 0.0510 0.1172 0.9918
vn 0.0634 0.1053 0.9924
vn 0.0491 0.1103 0.9927
vn 0.0500 0.0756 0.9959
vn 0.0406 0.0790 0.9960
vn 0.0308 0.0807 0.9963
vn 0.0343 0.1129 0.9930
vn 0.0351 0.1202 0.9921
vn 0.0322 0.0944 0.9950
vn 0.0920 0.0260 -0.9954
vn 0.0283 0.0019 -0.9996
vn 0.0333 0.0276 -0.9991
vn 0.0943 0.0375 -0.9948
vn -0.0239 -0.0179 -0.9996
vn 0.0064 0.0282 -0.9996
vn 0.0438 0.0843 -0.9955
vn 0.0557 0.0840 -0.9949
vn 0.0949 0.0765 -0.9925
vn 0.0836 0.1440 -0.9860
vn 0.1019 0.1371 -0.9853
vn 0.1372 0.1100 -0.9844
vn 0.1567 0.0707 -0.9851
vn 0.1597 0.0516 -0.9858
vn 0.0960 -0.0491 -0.9942
vn 0.0301 -0.0320 -0.9990
vn 0.0495 -0.0140 -0.9987
vn 0.1046 -0.0410 -0.9937
vn 0.1014 0.0189 -0.9947
vn 0.1283 -0.0097 -0.9917
vn 0.1704 0.0354 -0.9847
vn 0.1827 -0.0067 -0.9832
vn 0.1750 -0.0499 -0.9833
vn 0.1660 -0.0671 -0.9838
vn 0.0543 -0.1122 -0.9922
vn 0.0111 -0.0604 -0.9981
vn 0.0378 -0.0570 -0.9977
vn 0.0660 -0.1106 -0.9917
vn 0.0995 -0.0603 -0.9932
vn 0.1042 -0.0989 -0.9896
vn 0.1651 -0.0864 -0.9825
vn 0.1497 -0.1275 -0.9805
vn 0.1176 -0.1581 -0.9804
vn 0.1000 -0.1670 -0.9809
vn -0.0173 -0.1392 -0.9901
vn -0.0210 -0.0724 -0.9972
vn 0.0025 -0.0853 -0.9964
vn -0.0068 -0.1448 -0.9894
vn 0.0504 -0.1233 -0.9911
vn 0.0309 -0.1572 -0.9871
vn 0.0877 -0.1821 -0.9794
vn 0.0506 -0.2066 -0.9771
vn 0.0062 -0.2129 -0.9771
vn -0.0133 -0.2098 -0.9776
vn -0.0914 -0.1198 -0.9886
vn -0.0542 -0.0638 -0.9965
vn -0.0430 -0.0877 -0.9952
vn -0.0862 -0.1305 -0.9877
vn -0.0271 -0.1458 -0.9889
vn -0.0633 -0.1622 -0.9847
vn -0.0323 -0.2149 -0.9761
vn -0.0771 -0.2133 -0.9739
vn -0.1166 -0.1928 -0.9743
vn -0.1305 -0.1791 -0.9751
vn -0.1397 -0.0615 -0.9883
vn -0.0761 -0.0376 -0.9964
vn -0.0811 -0.0633 -0.9947
vn -0.1418 -0.0730 -0.9872
vn -0.1032 -0.1194 -0.9875
vn -0.1421 -0.1118 -0.9835
vn -0.1489 -0.1722 -0.9738
vn -0.1840 -0.1451 -0.9722
vn -0.2036 -0.1057 -0.9733
vn -0.2067 -0.0867 -0.9746
vn -0.1436 0.0136 -0.9895
vn -0.0779 -0.0037 -0.9970
vn -0.0972 -0.0217 -0.9950
vn -0.1521 0.0056 -0.9884
vn -0.1489 -0.0543 -0.9874
vn -0.1758 -0.0257 -0.9841
vn -0.2174 -0.0705 -0.9735
vn -0.2296 -0.0283 -0.9729
vn -0.2219 0.0148 -0.9750
vn -0.2130 0.0320 -0.9765
vn -0.1018 0.0767 -0.9918
vn -0.0589 0.0247 -0.9980
vn -0.0856 0.0213 -0.9961
vn -0.1135 0.0751 -0.9907
vn -0.1470 0.0248 -0.9888
vn -0.1514 0.0635 -0.9864
vn -0.2120 0.0513 -0.9759
vn -0.1966 0.0925 -0.9761
vn -0.1645 0.1231 -0.9787
vn -0.1470 0.1319 -0.9803
vn -0.0302 0.1037 -0.9942
vn -0.0268 0.0367 -0.9990
vn -0.0503 0.0496 -0.9975
vn -0.0407 0.1093 -0.9932
vn -0.0978 0.0878 -0.9913
vn -0.0783 0.1220 -0.9894
vn -0.1346 0.1470 -0.9799
vn -0.0975 0.1716 -0.9803
vn -0.0532 0.1778 -0.9826
vn -0.0337 0.1747 -0.9840
vn -0.0047 0.0520 -0.9986
vn 0.0388 0.0950 -0.9947
vn -0.0203 0.1104 -0.9937
vn 0.0159 0.1270 -0.9918
vn -0.0146 0.1798 -0.9836
vn 0.0302 0.1782 -0.9835
vn 0.0697 0.1577 -0.9850
vn -0.2368 -0.0809 0.9682
vn -0.3598 -0.1278 0.9243
vn -0.3569 -0.1742 0.9177
vn -0.2329 -0.1222 0.9648
vn -0.5857 -0.2144 0.7817
vn -0.5679 -0.2928 0.7692
vn -0.5119 -0.4081 0.7560
vn -0.3251 -0.2594 0.9094
vn -0.2306 -0.1842 0.9555
vn -0.4099 -0.4871 0.7712
vn -0.2468 -0.3081 0.9188
vn -0.3358 -0.5212 0.7846
vn -0.2012 -0.3206 0.9256
vn -0.1286 -0.2120 0.9688
vn -0.1690 -0.1994 0.9652
vn -0.0764 -0.1338 0.9881
vn -0.1435 -0.1151 0.9829
vn 0.0239 0.0179 0.9996
vn -0.1481 -0.0474 0.9878
vn -0.2458 0.0874 0.9654
vn -0.3729 0.1196 0.9201
vn -0.3980 0.0802 0.9139
vn -0.2670 0.0517 0.9623
vn -0.6064 0.1771 0.7752
vn -0.6381 0.1031 0.7630
vn -0.6605 -0.0225 0.7505
vn -0.4230 -0.0073 0.9061
vn -0.3021 -0.0002 0.9533
vn -0.6250 -0.1445 0.7671
vn -0.3889 -0.0915 0.9167
vn -0.2617 -0.0477 0.9640
vn -0.1907 0.0062 0.9816
vn -0.1540 0.0642 0.9860
vn -0.1520 0.2292 0.9614
vn -0.2356 0.3281 0.9148
vn -0.2796 0.3105 0.9085
vn -0.1908 0.2123 0.9584
vn -0.3903 0.5085 0.7675
vn -0.4605 0.4663 0.7553
vn -0.5535 0.3765 0.7429
vn -0.3523 0.2536 0.9009
vn -0.2504 0.1904 0.9492
vn -0.5971 0.2566 0.7601
vn -0.3750 0.1658 0.9121
vn -0.2462 0.1289 0.9606
vn -0.1566 0.1318 0.9788
vn -0.0919 0.1577 0.9832
vn 0.0086 0.2899 0.9570
vn 0.0007 0.4178 0.9086
vn -0.0455 0.4292 0.9021
vn -0.0329 0.2988 0.9537
vn -0.0154 0.6520 0.7581
vn -0.0977 0.6588 0.7460
vn -0.2274 0.6402 0.7338
vn -0.1385 0.4251 0.8945
vn -0.0942 0.3156 0.9442
vn -0.3351 0.5679 0.7518
vn -0.2096 0.3669 0.9063
vn -0.1277 0.2631 0.9563
vn -0.0536 0.2142 0.9753
vn 0.0140 0.1975 0.9802
vn 0.1747 0.2464 0.9533
vn 0.2450 0.3533 0.9028
vn 0.2147 0.3892 0.8958
vn 0.1467 0.2775 0.9494
vn 0.3725 0.5487 0.7485
vn 0.3106 0.6018 0.7358
vn 0.1952 0.6624 0.7233
vn 0.1374 0.4396 0.8876
vn 0.1073 0.3261 0.9392
vn 0.0650 0.6673 0.7419
vn 0.0450 0.4339 0.8998
vn 0.0487 0.3032 0.9517
vn 0.0792 0.2212 0.9720
vn 0.1235 0.1690 0.9778
vn 0.2828 0.1153 0.9522
vn 0.4035 0.1605 0.9008
vn 0.4003 0.2066 0.8928
vn 0.2787 0.1565 0.9475
vn 0.6222 0.2417 0.7446
vn 0.6038 0.3197 0.7302
vn 0.5471 0.4344 0.7155
vn 0.3680 0.2915 0.8829
vn 0.2759 0.2181 0.9361
vn 0.4459 0.5140 0.7328
vn 0.2903 0.3405 0.8943
vn 0.2148 0.2337 0.9483
vn 0.1903 0.1501 0.9702
vn 0.1952 0.0826 0.9773
vn 0.2917 -0.0532 0.9550
vn 0.4166 -0.0869 0.9049
vn 0.4414 -0.0478 0.8960
vn 0.3128 -0.0175 0.9497
vn 0.6430 -0.1498 0.7511
vn 0.6740 -0.0762 0.7348
vn 0.6957 0.0488 0.7167
vn 0.4659 0.0394 0.8840
vn 0.3474 0.0340 0.9371
vn 0.6609 0.1714 0.7307
vn 0.4323 0.1239 0.8932
vn 0.3075 0.0819 0.9480
vn 0.2375 0.0287 0.9710
vn 0.2011 -0.0290 0.9791
vn 0.1980 -0.1948 0.9606
vn 0.2794 -0.2954 0.9136
vn 0.3231 -0.2781 0.9046
vn 0.2366 -0.1781 0.9551
vn 0.4271 -0.4811 0.7656
vn 0.4965 -0.4394 0.7487
vn 0.5887 -0.3502 0.7285
vn 0.3952 -0.2215 0.8915
vn 0.2957 -0.1566 0.9424
vn 0.6330 -0.2297 0.7393
vn 0.4184 -0.1334 0.8984
vn 0.2920 -0.0946 0.9517
vn 0.2033 -0.0968 0.9743
vn 0.1390 -0.1225 0.9827
vn 0.0375 -0.2555 0.9661
vn 0.0432 -0.3850 0.9219
vn 0.0890 -0.3967 0.9136
vn 0.0787 -0.2646 0.9611
vn 0.0522 -0.6245 0.7793
vn 0.1338 -0.6318 0.7635
vn 0.2628 -0.6137 0.7445
vn 0.1816 -0.3929 0.9015
vn 0.1396 -0.2816 0.9493
vn 0.3711 -0.5409 0.7548
vn 0.2531 -0.3344 0.9078
vn 0.1736 -0.2288 0.9579
vn 0.1004 -0.1792 0.9787
vn 0.0331 -0.1623 0.9862
vn -0.1713 -0.3567 0.9184
vn -0.1008 -0.2433 0.9647
vn -0.2745 -0.5749 0.7708
vn -0.1597 -0.6359 0.7551
vn -0.0944 -0.4074 0.9084
vn -0.0620 -0.2922 0.9543
vn -0.0288 -0.6403 0.7675
vn -0.0015 -0.4014 0.9159
vn -0.0028 -0.2689 0.9632
vn -0.0324 -0.1862 0.9820
vn -0.2799 -0.2236 0.9336
vn -0.3139 -0.1748 0.9332
vn -0.1546 -0.0840 0.9844
vn -0.1365 -0.1098 0.9845
vn -0.3401 -0.1201 0.9327
vn -0.1685 -0.0550 0.9842
vn -0.0463 -0.0087 0.9989
vn -0.0412 -0.0193 0.9990
vn -0.0347 -0.0288 0.9990
vn 0.0381 0.0232 0.9990
vn 0.0370 0.0253 0.9990
vn 0.0357 0.0272 0.9990
vn 0.0341 0.0289 0.9990
vn 0.0323 0.0304 0.9990
vn -0.0170 -0.0440 0.9989
vn -0.0266 -0.0370 0.9990
vn -0.0886 -0.1517 0.9845
vn -0.1146 -0.1323 0.9846
vn -0.1895 -0.3031 0.9339
vn -0.2385 -0.2664 0.9339
vn -0.3655 -0.0039 0.9308
vn -0.3639 0.0549 0.9298
vn -0.1812 0.0380 0.9827
vn -0.1821 0.0067 0.9833
vn -0.3525 0.1143 0.9288
vn -0.1751 0.0695 0.9821
vn -0.0487 0.0369 0.9981
vn -0.0510 0.0253 0.9984
vn -0.0514 0.0139 0.9986
vn 0.0386 0.0141 0.9992
vn 0.0389 0.0164 0.9991
vn 0.0390 0.0187 0.9991
vn 0.0387 0.0209 0.9990
vn -0.0498 0.0026 0.9988
vn -0.1779 -0.0242 0.9837
vn -0.3577 -0.0622 0.9318
vn -0.3036 0.2236 0.9262
vn -0.2670 0.2705 0.9250
vn -0.1297 0.1521 0.9798
vn -0.1491 0.1273 0.9806
vn -0.2223 0.3120 0.9237
vn -0.1058 0.1740 0.9790
vn -0.0234 0.0751 0.9969
vn -0.0321 0.0671 0.9972
vn -0.0393 0.0580 0.9975
vn 0.0336 0.0063 0.9994
vn 0.0352 0.0080 0.9993
vn 0.0366 0.0098 0.9993
vn 0.0377 0.0119 0.9992
vn -0.0449 0.0478 0.9978
vn -0.1644 0.0996 0.9814
vn -0.3322 0.1715 0.9275
vn -0.1171 0.3725 0.9206
vn -0.0595 0.3893 0.9192
vn -0.0197 0.2148 0.9765
vn -0.0502 0.2059 0.9773
vn 0.0020 0.3971 0.9178
vn 0.0128 0.2188 0.9757
vn 0.0200 0.0914 0.9956
vn 0.0081 0.0900 0.9959
vn -0.0030 0.0867 0.9962
vn 0.0247 0.0030 0.9997
vn 0.0271 0.0033 0.9996
vn 0.0294 0.0040 0.9996
vn 0.0315 0.0050 0.9995
vn -0.0137 0.0817 0.9966
vn -0.0791 0.1923 0.9781
vn -0.1716 0.3467 0.9221
vn 0.1230 0.3852 0.9146
vn 0.1798 0.3653 0.9134
vn 0.1068 0.2021 0.9735
vn 0.0768 0.2126 0.9741
vn 0.2340 0.3360 0.9123
vn 0.1354 0.1867 0.9730
vn 0.0648 0.0797 0.9947
vn 0.0543 0.0854 0.9949
vn 0.0434 0.0892 0.9951
vn 0.0156 0.0054 0.9999
vn 0.0178 0.0043 0.9998
vn 0.0200 0.0036 0.9998
vn 0.0223 0.0031 0.9997
vn 0.0320 0.0912 0.9953
vn 0.0456 0.2182 0.9748
vn 0.0639 0.3958 0.9161
vn 0.3241 0.2566 0.9106
vn 0.3580 0.2077 0.9103
vn 0.2014 0.1190 0.9723
vn 0.1834 0.1447 0.9723
vn 0.3842 0.1531 0.9105
vn 0.2154 0.0900 0.9724
vn 0.0941 0.0444 0.9946
vn 0.0890 0.0550 0.9945
vn 0.0824 0.0644 0.9945
vn 0.0098 0.0126 0.9999
vn 0.0109 0.0105 0.9999
vn 0.0122 0.0086 0.9999
vn 0.0138 0.0069 0.9999
vn 0.0744 0.0727 0.9946
vn 0.1615 0.1674 0.9726
vn 0.2828 0.2994 0.9113
vn 0.4097 0.0369 0.9115
vn 0.4081 -0.0219 0.9127
vn 0.2281 -0.0029 0.9736
vn 0.2290 0.0283 0.9730
vn 0.3966 -0.0813 0.9144
vn 0.2219 -0.0345 0.9745
vn 0.0964 -0.0012 0.9953
vn 0.0988 0.0103 0.9951
vn 0.0991 0.0218 0.9948
vn 0.0093 0.0217 0.9997
vn 0.0089 0.0194 0.9998
vn 0.0089 0.0171 0.9998
vn 0.0092 0.0148 0.9998
vn 0.0976 0.0331 0.9947
vn 0.2248 0.0592 0.9726
vn 0.4018 0.0952 0.9108
vn 0.3478 -0.1906 0.9180
vn 0.3112 -0.2375 0.9202
vn 0.1765 -0.1170 0.9773
vn 0.1960 -0.0922 0.9763
vn 0.2666 -0.2790 0.9226
vn 0.1527 -0.1390 0.9785
vn 0.0711 -0.0394 0.9967
vn 0.0799 -0.0314 0.9963
vn 0.0870 -0.0224 0.9960
vn 0.0144 0.0294 0.9995
vn 0.0127 0.0278 0.9995
vn 0.0113 0.0259 0.9996
vn 0.0101 0.0239 0.9997
vn 0.0926 -0.0121 0.9956
vn 0.2112 -0.0645 0.9753
vn 0.3764 -0.1384 0.9161
vn 0.1614 -0.3395 0.9267
vn 0.1037 -0.3563 0.9286
vn 0.0665 -0.1797 0.9815
vn 0.0971 -0.1709 0.9805
vn 0.0423 -0.3640 0.9304
vn 0.0341 -0.1838 0.9824
vn 0.0278 -0.0557 0.9981
vn 0.0396 -0.0543 0.9977
vn 0.0508 -0.0511 0.9974
vn 0.0231 0.0328 0.9992
vn 0.0207 0.0324 0.9993
vn 0.0185 0.0317 0.9993
vn 0.0164 0.0307 0.9994
vn 0.0614 -0.0460 0.9970
vn 0.1260 -0.1572 0.9795
vn 0.2158 -0.3137 0.9247
vn -0.0787 -0.3521 0.9327
vn -0.1356 -0.3322 0.9334
vn -0.0599 -0.1671 0.9841
vn -0.0299 -0.1776 0.9837
vn -0.0066 -0.0497 0.9987
vn 0.0044 -0.0535 0.9986
vn 0.0301 0.0315 0.9991
vn 0.0279 0.0322 0.9991
vn 0.0256 0.0327 0.9991
vn 0.0158 -0.0555 0.9983
vn 0.0014 -0.1831 0.9831
vn -0.0196 -0.3627 0.9317
vn -0.7748 -0.6157 -0.1435
vn -0.8596 -0.4905 -0.1435
vn -0.8560 -0.4872 0.1730
vn -0.7708 -0.6129 0.1736
vn -0.9253 -0.3508 -0.1441
vn -0.9221 -0.3468 0.1719
vn -0.7927 -0.2947 0.5337
vn -0.7349 -0.4167 0.5350
vn -0.6605 -0.5257 0.5360
vn -0.5622 -0.2054 0.8011
vn -0.5203 -0.2932 0.8021
vn -0.4662 -0.3715 0.8029
vn -0.4001 -0.4406 0.8036
vn -0.3217 -0.5002 0.8040
vn -0.4613 -0.7060 0.5373
vn -0.5697 -0.6223 0.5369
vn -0.5427 -0.8220 0.1729
vn -0.6668 -0.7247 0.1735
vn -0.5477 -0.8237 -0.1466
vn -0.6713 -0.7270 -0.1447
vn -0.9876 -0.0548 -0.1474
vn -0.9841 0.0947 -0.1503
vn -0.9811 0.1008 0.1650
vn -0.9846 -0.0494 0.1677
vn -0.9569 0.2461 -0.1540
vn -0.9538 0.2530 0.1620
vn -0.8203 0.2268 0.5250
vn -0.8445 0.0946 0.5271
vn -0.8477 -0.0361 0.5292
vn -0.5822 0.1713 0.7948
vn -0.6002 0.0758 0.7962
vn -0.6027 -0.0187 0.7977
vn -0.5902 -0.1124 0.7994
vn -0.8307 -0.1658 0.5314
vn -0.9653 -0.1984 0.1700
vn -0.9683 -0.2031 -0.1454
vn -0.8353 0.5252 -0.1626
vn -0.7441 0.6467 -0.1676
vn -0.7400 0.6555 0.1506
vn -0.8316 0.5334 0.1546
vn -0.6314 0.7560 -0.1729
vn -0.6268 0.7653 0.1466
vn -0.5343 0.6707 0.5145
vn -0.6332 0.5760 0.5170
vn -0.7134 0.4704 0.5195
vn -0.3742 0.4898 0.7875
vn -0.4459 0.4223 0.7892
vn -0.5044 0.3467 0.7909
vn -0.5499 0.2630 0.7928
vn -0.7759 0.3541 0.5221
vn -0.9030 0.3994 0.1584
vn -0.9063 0.3919 -0.1581
vn -0.3629 0.9137 -0.1828
vn -0.2144 0.9586 -0.1875
vn -0.2078 0.9690 0.1336
vn -0.3570 0.9239 0.1377
vn -0.0563 0.9798 -0.1917
vn -0.0489 0.9903 0.1297
vn -0.0330 0.8645 0.5016
vn -0.1706 0.8462 0.5047
vn -0.3000 0.8075 0.5079
vn -0.0136 0.6275 0.7785
vn -0.1124 0.6148 0.7807
vn -0.2054 0.5874 0.7828
vn -0.2927 0.5458 0.7851
vn -0.4213 0.7491 0.5111
vn -0.4967 0.8562 0.1422
vn -0.5020 0.8464 -0.1779
vn 0.2556 0.9462 -0.1982
vn 0.4010 0.8939 -0.2004
vn 0.4107 0.9039 0.1195
vn 0.2646 0.9566 0.1223
vn 0.5393 0.8175 -0.2020
vn 0.5496 0.8271 0.1173
vn 0.4859 0.7243 0.4891
vn 0.3653 0.7906 0.4915
vn 0.2385 0.8359 0.4944
vn 0.3594 0.5284 0.7692
vn 0.2725 0.5756 0.7710
vn 0.1813 0.6077 0.7732
vn 0.0859 0.6252 0.7757
vn 0.1058 0.8608 0.4978
vn 0.1114 0.9858 0.1257
vn 0.1032 0.9753 -0.1953
vn 0.7665 0.6094 -0.2025
vn 0.8513 0.4843 -0.2019
vn 0.8629 0.4923 0.1142
vn 0.7778 0.6180 0.1144
vn 0.9170 0.3446 -0.2007
vn 0.9289 0.3519 0.1150
vn 0.8171 0.3130 0.4842
vn 0.7594 0.4349 0.4840
vn 0.6851 0.5439 0.4847
vn 0.5998 0.2334 0.7654
vn 0.5579 0.3213 0.7652
vn 0.5038 0.3996 0.7658
vn 0.4378 0.4688 0.7672
vn 0.5942 0.6405 0.4865
vn 0.6738 0.7298 0.1154
vn 0.6630 0.7207 -0.2026
vn 0.9793 0.0486 -0.1964
vn 0.9758 -0.1009 -0.1938
vn 0.9880 -0.0957 0.1213
vn 0.9915 0.0545 0.1185
vn 0.9487 -0.2523 -0.1908
vn 0.9607 -0.2478 0.1250
vn 0.8447 -0.2086 0.4929
vn 0.8689 -0.0763 0.4891
vn 0.8721 0.0543 0.4864
vn 0.6198 -0.1432 0.7716
vn 0.6378 -0.0478 0.7687
vn 0.6403 0.0467 0.7667
vn 0.6277 0.1404 0.7657
vn 0.8551 0.1839 0.4848
vn 0.9721 0.2035 0.1163
vn 0.9601 0.1969 -0.1987
vn 0.8270 -0.5315 -0.1835
vn 0.7357 -0.6530 -0.1798
vn 0.7469 -0.6504 0.1383
vn 0.8385 -0.5283 0.1334
vn 0.6230 -0.7622 -0.1757
vn 0.6338 -0.7601 0.1437
vn 0.5589 -0.6523 0.5119
vn 0.6577 -0.5578 0.5063
vn 0.7378 -0.4522 0.5011
vn 0.4118 -0.4616 0.7857
vn 0.4835 -0.3942 0.7816
vn 0.5419 -0.3185 0.7777
vn 0.5874 -0.2350 0.7744
vn 0.8003 -0.3359 0.4967
vn 0.9099 -0.3943 0.1291
vn 0.8981 -0.3981 -0.1872
vn 0.3545 -0.9200 -0.1673
vn 0.2060 -0.9648 -0.1632
vn 0.2148 -0.9638 0.1580
vn 0.3640 -0.9187 0.1535
vn 0.0479 -0.9861 -0.1592
vn 0.0558 -0.9851 0.1625
vn 0.0577 -0.8460 0.5301
vn 0.1953 -0.8277 0.5260
vn 0.3246 -0.7891 0.5215
vn 0.0514 -0.5993 0.7989
vn 0.1502 -0.5865 0.7959
vn 0.2431 -0.5592 0.7926
vn 0.3304 -0.5176 0.7892
vn 0.4460 -0.7308 0.5168
vn 0.5037 -0.8510 0.1487
vn 0.4936 -0.8526 -0.1714
vn -0.2640 -0.9525 -0.1518
vn -0.4094 -0.9001 -0.1489
vn -0.4038 -0.8987 0.1712
vn -0.2576 -0.9514 0.1690
vn -0.3407 -0.7721 0.5364
vn -0.2139 -0.8174 0.5349
vn -0.2347 -0.5473 0.8033
vn -0.1435 -0.5794 0.8023
vn -0.0482 -0.5969 0.8008
vn -0.0811 -0.8423 0.5329
vn -0.1045 -0.9805 0.1662
vn -0.1116 -0.9816 -0.1552
vn -0.6052 -0.4804 -0.6348
vn -0.6706 -0.3850 -0.6341
vn -0.7062 -0.4050 -0.5807
vn -0.6371 -0.5059 -0.5815
vn -0.7214 -0.2782 -0.6341
vn -0.7598 -0.2922 -0.5808
vn -0.8108 -0.3107 -0.4961
vn -0.7535 -0.4317 -0.4959
vn -0.6797 -0.5397 -0.4967
vn -0.8717 -0.3326 -0.3600
vn -0.8099 -0.4633 -0.3597
vn -0.7305 -0.5802 -0.3603
vn -0.6333 -0.6840 -0.3619
vn -0.5175 -0.7742 -0.3644
vn -0.4823 -0.7187 -0.5009
vn -0.5896 -0.6356 -0.4984
vn -0.4527 -0.6725 -0.5855
vn -0.5529 -0.5952 -0.5832
vn -0.4303 -0.6378 -0.6388
vn -0.5253 -0.5648 -0.6365
vn -0.7699 -0.0514 -0.6361
vn -0.7671 0.0633 -0.6384
vn -0.8079 0.0684 -0.5854
vn -0.8109 -0.0526 -0.5829
vn -0.7457 0.1792 -0.6417
vn -0.7854 0.1909 -0.5889
vn -0.8382 0.2067 -0.5047
vn -0.8621 0.0755 -0.5011
vn -0.8653 -0.0541 -0.4984
vn -0.9013 0.2264 -0.3693
vn -0.9269 0.0847 -0.3656
vn -0.9303 -0.0553 -0.3627
vn -0.9122 -0.1943 -0.3609
vn -0.8484 -0.1828 -0.4967
vn -0.7951 -0.1728 -0.5814
vn -0.7550 -0.1651 -0.6347
vn -0.6514 0.3924 -0.6494
vn -0.5809 0.4847 -0.6539
vn -0.6116 0.5137 -0.6017
vn -0.6860 0.4161 -0.5969
vn -0.4942 0.5673 -0.6588
vn -0.5201 0.6010 -0.6069
vn -0.5547 0.6467 -0.5235
vn -0.6526 0.5529 -0.5181
vn -0.7320 0.4482 -0.5131
vn -0.5958 0.7028 -0.3888
vn -0.7014 0.6010 -0.3832
vn -0.7870 0.4875 -0.3781
vn -0.8537 0.3629 -0.3734
vn -0.7940 0.3329 -0.5086
vn -0.7440 0.3087 -0.5926
vn -0.7065 0.2907 -0.6453
vn -0.2890 0.6863 -0.6674
vn -0.1758 0.7200 -0.6713
vn -0.1837 0.7628 -0.6200
vn -0.3033 0.7271 -0.6159
vn -0.0555 0.7358 -0.6749
vn -0.0565 0.7796 -0.6237
vn -0.0576 0.8387 -0.5416
vn -0.1940 0.8206 -0.5376
vn -0.3223 0.7822 -0.5331
vn -0.0581 0.9112 -0.4078
vn -0.2058 0.8915 -0.4036
vn -0.3446 0.8498 -0.3988
vn -0.4747 0.7871 -0.3939
vn -0.4426 0.7245 -0.5285
vn -0.4155 0.6734 -0.6115
vn -0.3952 0.6356 -0.6632
vn 0.1819 0.7111 -0.6792
vn 0.2929 0.6718 -0.6804
vn 0.3118 0.7117 -0.6296
vn 0.1944 0.7534 -0.6282
vn 0.3987 0.6142 -0.6811
vn 0.4235 0.6507 -0.6303
vn 0.4571 0.6999 -0.5487
vn 0.3374 0.7655 -0.5479
vn 0.2116 0.8103 -0.5464
vn 0.4988 0.7603 -0.4160
vn 0.3694 0.8315 -0.4150
vn 0.2334 0.8802 -0.4133
vn 0.0909 0.9071 -0.4110
vn 0.0800 0.8350 -0.5444
vn 0.0718 0.7762 -0.6264
vn 0.0659 0.7327 -0.6774
vn 0.5737 0.4568 -0.6799
vn 0.6392 0.3616 -0.6788
vn 0.6772 0.3834 -0.6280
vn 0.6082 0.4842 -0.6290
vn 0.6900 0.2547 -0.6775
vn 0.7308 0.2706 -0.6266
vn 0.7858 0.2921 -0.5452
vn 0.7285 0.4130 -0.5466
vn 0.6546 0.5211 -0.5476
vn 0.8532 0.3187 -0.4130
vn 0.7914 0.4494 -0.4144
vn 0.7119 0.5663 -0.4154
vn 0.6147 0.6702 -0.4160
vn 0.5645 0.6169 -0.5484
vn 0.5239 0.5734 -0.6299
vn 0.4938 0.5412 -0.6806
vn 0.7386 0.0280 -0.6736
vn 0.7357 -0.0867 -0.6718
vn 0.7789 -0.0900 -0.6206
vn 0.7820 0.0311 -0.6225
vn 0.7143 -0.2027 -0.6698
vn 0.7564 -0.2125 -0.6186
vn 0.8133 -0.2253 -0.5365
vn 0.8372 -0.0942 -0.5387
vn 0.8404 0.0355 -0.5408
vn 0.8828 -0.2402 -0.4037
vn 0.9084 -0.0986 -0.4062
vn 0.9118 0.0415 -0.4086
vn 0.8936 0.1804 -0.4109
vn 0.8235 0.1641 -0.5430
vn 0.7662 0.1512 -0.6246
vn 0.7236 0.1416 -0.6756
vn 0.6199 -0.4159 -0.6653
vn 0.5493 -0.5082 -0.6633
vn 0.5826 -0.5354 -0.6114
vn 0.6570 -0.4378 -0.6137
vn 0.4626 -0.5908 -0.6610
vn 0.4910 -0.6228 -0.6091
vn 0.5295 -0.6655 -0.5260
vn 0.6275 -0.5716 -0.5287
vn 0.7070 -0.4669 -0.5312
vn 0.5770 -0.7167 -0.3915
vn 0.6827 -0.6150 -0.3947
vn 0.7684 -0.5014 -0.3976
vn 0.8352 -0.3767 -0.4007
vn 0.7690 -0.3516 -0.5338
vn 0.7151 -0.3303 -0.6161
vn 0.6750 -0.3142 -0.6675
vn 0.2572 -0.7100 -0.6555
vn 0.1441 -0.7437 -0.6528
vn 0.1545 -0.7846 -0.6004
vn 0.2741 -0.7490 -0.6033
vn 0.0238 -0.7596 -0.6500
vn 0.0273 -0.8015 -0.5974
vn 0.0323 -0.8576 -0.5133
vn 0.1688 -0.8395 -0.5165
vn 0.2971 -0.8011 -0.5196
vn 0.0393 -0.9253 -0.3773
vn 0.1870 -0.9056 -0.3807
vn 0.3258 -0.8638 -0.3842
vn 0.4559 -0.8011 -0.3878
vn 0.4174 -0.7433 -0.5228
vn 0.3864 -0.6952 -0.6062
vn 0.3635 -0.6592 -0.6583
vn -0.2136 -0.7348 -0.6438
vn -0.3246 -0.6954 -0.6411
vn -0.3410 -0.7334 -0.5880
vn -0.2237 -0.7752 -0.5908
vn -0.3626 -0.7843 -0.5034
vn -0.2368 -0.8292 -0.5064
vn -0.3881 -0.8454 -0.3669
vn -0.2521 -0.8942 -0.3699
vn -0.1097 -0.9212 -0.3734
vn -0.1053 -0.8538 -0.5098
vn -0.1010 -0.7981 -0.5941
vn -0.0976 -0.7564 -0.6468
vn -0.8527 -0.4609 0.2461
vn -0.7634 -0.6078 0.2188
vn -0.9009 -0.3382 0.2721
vn -0.8739 -0.3335 -0.3537
vn -0.8118 -0.4552 -0.3656
vn -0.7247 -0.5759 -0.3784
vn -0.7473 -0.2877 -0.5990
vn -0.6938 -0.3965 -0.6012
vn -0.6241 -0.4955 -0.6042
vn -0.5417 -0.5850 -0.6036
vn -0.4453 -0.6613 -0.6036
vn -0.5186 -0.7766 -0.3578
vn -0.6255 -0.6881 -0.3679
vn -0.5287 -0.8034 0.2739
vn -0.6394 -0.7280 0.2472
vn -0.9636 0.1220 0.2378
vn -0.9759 -0.0482 0.2128
vn -0.9321 0.2499 0.2623
vn -0.9036 0.2273 -0.3631
vn -0.9237 0.0925 -0.3717
vn -0.9230 -0.0553 -0.3808
vn -0.7724 0.1871 -0.6069
vn -0.7927 0.0680 -0.6058
vn -0.7941 -0.0522 -0.6055
vn -0.7800 -0.1714 -0.6018
vn -0.9081 -0.2019 -0.3668
vn -0.9457 -0.2152 0.2434
vn -0.7132 0.6642 0.2241
vn -0.8237 0.5306 0.2000
vn -0.6111 0.7517 0.2481
vn -0.5971 0.7051 -0.3824
vn -0.6940 0.6056 -0.3894
vn -0.7808 0.4832 -0.3960
vn -0.5117 0.5901 -0.6244
vn -0.5994 0.5042 -0.6217
vn -0.6719 0.4065 -0.6192
vn -0.7308 0.3008 -0.6128
vn -0.8548 0.3545 -0.3791
vn -0.8970 0.3761 0.2322
vn -0.1814 0.9612 0.2078
vn -0.3527 0.9176 0.1836
vn -0.0453 0.9716 0.2321
vn -0.0581 0.9141 -0.4012
vn -0.1971 0.8908 -0.4094
vn -0.3420 0.8423 -0.4166
vn -0.0562 0.7654 -0.6411
vn -0.1794 0.7474 -0.6397
vn -0.2975 0.7106 -0.6376
vn -0.4093 0.6588 -0.6312
vn -0.4805 0.7808 -0.3994
vn -0.5063 0.8347 0.2168
vn 0.4262 0.8837 0.1936
vn 0.2632 0.9499 0.1684
vn 0.5405 0.8123 0.2194
vn 0.5002 0.7629 -0.4097
vn 0.3757 0.8257 -0.4208
vn 0.2308 0.8724 -0.4309
vn 0.4153 0.6389 -0.6476
vn 0.3062 0.6965 -0.6490
vn 0.1893 0.7361 -0.6499
vn 0.0681 0.7605 -0.6458
vn 0.0821 0.9055 -0.4163
vn 0.0897 0.9755 0.2010
vn 0.8631 0.4686 0.1883
vn 0.7725 0.6145 0.1602
vn 0.9126 0.3469 0.2163
vn 0.8556 0.3199 -0.4069
vn 0.7930 0.4411 -0.4202
vn 0.7052 0.5614 -0.4331
vn 0.7175 0.2655 -0.6440
vn 0.6639 0.3742 -0.6475
vn 0.5940 0.4730 -0.6507
vn 0.5117 0.5626 -0.6494
vn 0.6066 0.6740 -0.4217
vn 0.6499 0.7359 0.1902
vn 0.9740 -0.1142 0.1956
vn 0.9849 0.0549 0.1640
vn 0.9438 -0.2412 0.2260
vn 0.8854 -0.2409 -0.3975
vn 0.9050 -0.1065 -0.4119
vn 0.9037 0.0408 -0.4263
vn 0.7427 -0.2094 -0.6360
vn 0.7629 -0.0902 -0.6402
vn 0.7642 0.0298 -0.6443
vn 0.7502 0.1491 -0.6442
vn 0.8894 0.1879 -0.4168
vn 0.9561 0.2230 0.1900
vn 0.7237 -0.6564 0.2133
vn 0.8328 -0.5238 0.1792
vn 0.6229 -0.7429 0.2452
vn 0.5787 -0.7189 -0.3851
vn 0.6751 -0.6197 -0.4002
vn 0.7614 -0.4978 -0.4154
vn 0.4817 -0.6125 -0.6267
vn 0.5694 -0.5266 -0.6312
vn 0.6418 -0.4289 -0.6357
vn 0.7009 -0.3232 -0.6359
vn 0.8360 -0.3685 -0.4066
vn 0.9074 -0.3683 0.2022
vn 0.1919 -0.9533 0.2331
vn 0.3619 -0.9107 0.1993
vn 0.0572 -0.9628 0.2642
vn 0.1781 -0.9051 -0.3862
vn 0.3224 -0.8570 -0.4021
vn 0.0261 -0.7879 -0.6153
vn 0.1492 -0.7699 -0.6205
vn 0.2672 -0.7332 -0.6254
vn 0.3792 -0.6814 -0.6261
vn 0.4615 -0.7950 -0.3937
vn 0.5168 -0.8268 0.2221
vn -0.3363 -0.7189 -0.6083
vn -0.3946 -0.8399 -0.3725
vn -0.2196 -0.7587 -0.6133
vn -0.2504 -0.8870 -0.3879
vn -0.0983 -0.7830 -0.6142
vn -0.1012 -0.9197 -0.3793
vn -0.0791 -0.9676 0.2397
vn -0.2540 -0.9431 0.2146
vn -0.4156 -0.8758 0.2453
vt 0.890874 1.098852
vt 0.891866 1.100187
vt 0.888341 1.103661
vt 0.886877 1.101691
vt 0.892858 1.101522
vt 0.889804 1.105631
vt 0.886751 1.109739
vt 0.884816 1.107135
vt 0.882880 1.104530
vt 0.883698 1.113848
vt 0.881291 1.110608
vt 0.880645 1.117956
vt 0.877766 1.114082
vt 0.874887 1.110208
vt 0.878884 1.107369
vt 0.872008 1.106334
vt 0.876477 1.104130
vt 0.869129 1.102460
vt 0.874069 1.100890
vt 0.879009 1.099321
vt 0.880945 1.101926
vt 0.883950 1.097752
vt 0.885413 1.099721
vt 0.888890 1.096182
vt 0.889882 1.097517
vt 0.888890 1.092882
vt 0.888890 1.094532
vt 0.883950 1.095317
vt 0.883950 1.092882
vt 0.879009 1.096102
vt 0.879009 1.092882
vt 0.874069 1.096886
vt 0.869129 1.097671
vt 0.869129 1.092882
vt 0.874069 1.092882
vt 0.869129 1.088093
vt 0.874069 1.088878
vt 0.869129 1.083304
vt 0.874069 1.084874
vt 0.879009 1.086443
vt 0.879009 1.089663
vt 0.883950 1.088012
vt 0.883950 1.090447
vt 0.888890 1.089582
vt 0.888890 1.091232
vt 0.890874 1.086912
vt 0.889882 1.088247
vt 0.885413 1.086043
vt 0.886877 1.084073
vt 0.880945 1.083838
vt 0.882880 1.081234
vt 0.876477 1.081634
vt 0.872008 1.079430
vt 0.874887 1.075556
vt 0.878884 1.078395
vt 0.877766 1.071682
vt 0.881291 1.075155
vt 0.880645 1.067807
vt 0.883698 1.071916
vt 0.886751 1.076025
vt 0.884816 1.078629
vt 0.889804 1.080133
vt 0.888341 1.082103
vt 0.892858 1.084242
vt 0.891866 1.085577
vt 0.896068 1.083222
vt 0.894463 1.083732
vt 0.892173 1.079381
vt 0.894541 1.078629
vt 0.889883 1.075030
vt 0.893015 1.074035
vt 0.887593 1.070679
vt 0.885303 1.066328
vt 0.889962 1.064848
vt 0.891488 1.069441
vt 0.894620 1.063368
vt 0.895383 1.068204
vt 0.899278 1.061888
vt 0.899278 1.066967
vt 0.899278 1.072045
vt 0.896146 1.073040
vt 0.899278 1.077124
vt 0.896910 1.077876
vt 0.899278 1.082202
vt 0.897673 1.082712
vt 0.902488 1.083222
vt 0.900883 1.082712
vt 0.901646 1.077876
vt 0.904015 1.078629
vt 0.902410 1.073040
vt 0.905541 1.074035
vt 0.903173 1.068204
vt 0.903936 1.063368
vt 0.908594 1.064848
vt 0.907068 1.069441
vt 0.913253 1.066328
vt 0.910963 1.070679
vt 0.917911 1.067807
vt 0.914858 1.071916
vt 0.911805 1.076025
vt 0.908673 1.075030
vt 0.908751 1.080133
vt 0.906383 1.079381
vt 0.905698 1.084242
vt 0.904093 1.083732
vt 0.907682 1.086912
vt 0.906690 1.085577
vt 0.910215 1.082103
vt 0.911679 1.084073
vt 0.913740 1.078629
vt 0.915676 1.081234
vt 0.917265 1.075155
vt 0.920790 1.071682
vt 0.923669 1.075556
vt 0.919672 1.078395
vt 0.926548 1.079430
vt 0.922079 1.081634
vt 0.929427 1.083304
vt 0.924487 1.084874
vt 0.919547 1.086443
vt 0.917611 1.083838
vt 0.914607 1.088012
vt 0.913143 1.086043
vt 0.909667 1.089582
vt 0.908674 1.088247
vt 0.909667 1.092882
vt 0.909667 1.091232
vt 0.914607 1.090447
vt 0.914607 1.092882
vt 0.919547 1.089662
vt 0.919547 1.092882
vt 0.924487 1.088878
vt 0.929427 1.088093
vt 0.929427 1.092882
vt 0.924487 1.092882
vt 0.929427 1.097671
vt 0.924487 1.096886
vt 0.929427 1.102460
vt 0.924487 1.100890
vt 0.919547 1.099321
vt 0.919547 1.096102
vt 0.914607 1.097752
vt 0.914607 1.095317
vt 0.909667 1.096182
vt 0.909667 1.094532
vt 0.907682 1.098852
vt 0.908674 1.097517
vt 0.913143 1.099721
vt 0.911679 1.101691
vt 0.917611 1.101926
vt 0.915676 1.104530
vt 0.922079 1.104130
vt 0.926548 1.106334
vt 0.923669 1.110208
vt 0.919672 1.107369
vt 0.920790 1.114082
vt 0.917265 1.110608
vt 0.917911 1.117956
vt 0.914858 1.113848
vt 0.911805 1.109739
vt 0.913740 1.107135
vt 0.908751 1.105631
vt 0.910215 1.103661
vt 0.905698 1.101522
vt 0.906690 1.100187
vt 0.902488 1.102542
vt 0.904093 1.102032
vt 0.906383 1.106383
vt 0.904015 1.107136
vt 0.908673 1.110734
vt 0.905541 1.111729
vt 0.910963 1.115085
vt 0.913253 1.119436
vt 0.908594 1.120916
vt 0.907068 1.116323
vt 0.903936 1.122396
vt 0.903173 1.117560
vt 0.899278 1.123876
vt 0.899278 1.118797
vt 0.899278 1.113719
vt 0.902410 1.112724
vt 0.899278 1.108640
vt 0.901646 1.107888
vt 0.899278 1.103562
vt 0.900883 1.103052
vt 0.896068 1.102542
vt 0.897673 1.103052
vt 0.896910 1.107888
vt 0.894541 1.107136
vt 0.896146 1.112724
vt 0.893015 1.111729
vt 0.895383 1.117560
vt 0.894620 1.122396
vt 0.889962 1.120916
vt 0.891488 1.116323
vt 0.885303 1.119436
vt 0.887593 1.115085
vt 0.889883 1.110734
vt 0.892173 1.106383
vt 0.894463 1.102032
vt 0.874768 1.117037
vt 0.871488 1.112623
vt 0.878048 1.121451
vt 0.875451 1.124947
vt 0.871769 1.119992
vt 0.868088 1.115038
vt 0.872854 1.128442
vt 0.868771 1.122947
vt 0.870257 1.131937
vt 0.865773 1.125902
vt 0.861289 1.119868
vt 0.864688 1.117453
vt 0.856804 1.113834
vt 0.860605 1.111959
vt 0.852320 1.107799
vt 0.856523 1.106464
vt 0.860725 1.105129
vt 0.864406 1.110084
vt 0.864927 1.103795
vt 0.868207 1.108209
vt 0.864927 1.098338
vt 0.864927 1.092882
vt 0.860725 1.099006
vt 0.860725 1.092882
vt 0.856523 1.099673
vt 0.852320 1.100341
vt 0.852320 1.092882
vt 0.856523 1.092882
vt 0.852320 1.085423
vt 0.856523 1.086091
vt 0.852320 1.077965
vt 0.856523 1.079299
vt 0.860725 1.080634
vt 0.860725 1.086758
vt 0.864927 1.081969
vt 0.864927 1.087426
vt 0.868207 1.077555
vt 0.871488 1.073141
vt 0.864406 1.075680
vt 0.868088 1.070726
vt 0.860605 1.073805
vt 0.856804 1.071930
vt 0.861289 1.065896
vt 0.864688 1.068311
vt 0.865773 1.059862
vt 0.868771 1.062817
vt 0.870257 1.053827
vt 0.872854 1.057322
vt 0.875451 1.060817
vt 0.871769 1.065772
vt 0.878048 1.064312
vt 0.874768 1.068727
vt 0.883355 1.062626
vt 0.888663 1.060940
vt 0.881408 1.058925
vt 0.887365 1.057033
vt 0.879460 1.055224
vt 0.877512 1.051522
vt 0.884767 1.049218
vt 0.886066 1.053125
vt 0.892023 1.046913
vt 0.892672 1.051026
vt 0.899278 1.044608
vt 0.899278 1.048928
vt 0.899278 1.053248
vt 0.893321 1.055140
vt 0.899278 1.057568
vt 0.893970 1.059254
vt 0.904585 1.059254
vt 0.909893 1.060940
vt 0.905235 1.055140
vt 0.911192 1.057033
vt 0.905884 1.051026
vt 0.906533 1.046913
vt 0.913789 1.049218
vt 0.912490 1.053125
vt 0.921044 1.051522
vt 0.919096 1.055224
vt 0.928299 1.053827
vt 0.925702 1.057322
vt 0.923105 1.060817
vt 0.917148 1.058925
vt 0.920508 1.064312
vt 0.915200 1.062626
vt 0.923788 1.068727
vt 0.927068 1.073141
vt 0.926787 1.065772
vt 0.930468 1.070726
vt 0.929785 1.062817
vt 0.932783 1.059862
vt 0.937267 1.065896
vt 0.933868 1.068311
vt 0.941751 1.071930
vt 0.937951 1.073805
vt 0.946236 1.077965
vt 0.942033 1.079299
vt 0.937831 1.080634
vt 0.934150 1.075680
vt 0.933629 1.081969
vt 0.930349 1.077555
vt 0.933629 1.087426
vt 0.933629 1.092882
vt 0.937831 1.086758
vt 0.937831 1.092882
vt 0.942033 1.086091
vt 0.946236 1.085423
vt 0.946236 1.092882
vt 0.942033 1.092882
vt 0.946236 1.100341
vt 0.942033 1.099673
vt 0.946236 1.107799
vt 0.942033 1.106464
vt 0.937831 1.105129
vt 0.937831 1.099006
vt 0.933629 1.103795
vt 0.933629 1.098338
vt 0.930349 1.108209
vt 0.927068 1.112623
vt 0.934150 1.110084
vt 0.930468 1.115038
vt 0.937950 1.111959
vt 0.941751 1.113834
vt 0.937267 1.119868
vt 0.933868 1.117453
vt 0.932783 1.125902
vt 0.929785 1.122947
vt 0.928299 1.131937
vt 0.925702 1.128442
vt 0.923105 1.124947
vt 0.926787 1.119992
vt 0.920508 1.121451
vt 0.923788 1.117037
vt 0.915200 1.123138
vt 0.909893 1.124824
vt 0.917148 1.126839
vt 0.911192 1.128731
vt 0.919096 1.130540
vt 0.921044 1.134242
vt 0.913789 1.136546
vt 0.912490 1.132639
vt 0.906533 1.138851
vt 0.905884 1.134737
vt 0.899278 1.141156
vt 0.899278 1.136836
vt 0.899278 1.132516
vt 0.905235 1.130624
vt 0.899278 1.128196
vt 0.904585 1.126510
vt 0.893970 1.126510
vt 0.888663 1.124824
vt 0.893321 1.130624
vt 0.887365 1.128731
vt 0.892672 1.134737
vt 0.892023 1.138851
vt 0.884767 1.136546
vt 0.886066 1.132639
vt 0.877512 1.134242
vt 0.879460 1.130540
vt 0.881408 1.126839
vt 0.883355 1.123138
vt 0.863594 1.128049
vt 0.858819 1.121623
vt 0.868370 1.134476
vt 0.866483 1.137015
vt 0.861416 1.130196
vt 0.856349 1.123377
vt 0.864596 1.139555
vt 0.859237 1.132343
vt 0.862709 1.142094
vt 0.857059 1.134490
vt 0.851408 1.126886
vt 0.853878 1.125132
vt 0.845758 1.119283
vt 0.848520 1.117921
vt 0.840108 1.111679
vt 0.843161 1.110709
vt 0.846214 1.109739
vt 0.851281 1.116558
vt 0.849267 1.108769
vt 0.854043 1.115196
vt 0.849267 1.100826
vt 0.849267 1.092882
vt 0.846214 1.101311
vt 0.846214 1.092882
vt 0.843161 1.101796
vt 0.840108 1.102281
vt 0.840108 1.092882
vt 0.843161 1.092882
vt 0.840108 1.083483
vt 0.843161 1.083968
vt 0.840108 1.074085
vt 0.843161 1.075055
vt 0.846214 1.076025
vt 0.846214 1.084453
vt 0.849267 1.076995
vt 0.849267 1.084938
vt 0.854043 1.070568
vt 0.858819 1.064141
vt 0.851281 1.069206
vt 0.856349 1.062387
vt 0.848520 1.067843
vt 0.845758 1.066481
vt 0.851408 1.058877
vt 0.853878 1.060632
vt 0.857059 1.051274
vt 0.859237 1.053421
vt 0.862709 1.043670
vt 0.864596 1.046209
vt 0.866483 1.048749
vt 0.861416 1.055568
vt 0.868370 1.051288
vt 0.863594 1.057715
vt 0.876097 1.048833
vt 0.883824 1.046379
vt 0.874682 1.046144
vt 0.882880 1.043540
vt 0.873266 1.043455
vt 0.871851 1.040766
vt 0.880993 1.037862
vt 0.881937 1.040701
vt 0.890136 1.034957
vt 0.890608 1.037946
vt 0.899278 1.032053
vt 0.899278 1.035192
vt 0.899278 1.038330
vt 0.891079 1.040935
vt 0.899278 1.041469
vt 0.891551 1.043924
vt 0.907005 1.043924
vt 0.914732 1.046379
vt 0.907477 1.040935
vt 0.915676 1.043540
vt 0.907949 1.037946
vt 0.908420 1.034957
vt 0.917563 1.037862
vt 0.916619 1.040701
vt 0.926705 1.040766
vt 0.925290 1.043455
vt 0.935847 1.043670
vt 0.933960 1.046209
vt 0.932073 1.048749
vt 0.923874 1.046144
vt 0.930186 1.051288
vt 0.922459 1.048833
vt 0.934962 1.057715
vt 0.939737 1.064141
vt 0.937140 1.055568
vt 0.942207 1.062387
vt 0.939319 1.053421
vt 0.941497 1.051274
vt 0.947147 1.058877
vt 0.944677 1.060632
vt 0.952798 1.066481
vt 0.950036 1.067843
vt 0.958448 1.074085
vt 0.955395 1.075055
vt 0.952342 1.076025
vt 0.947275 1.069206
vt 0.949289 1.076995
vt 0.944513 1.070568
vt 0.949289 1.084938
vt 0.949289 1.092882
vt 0.952342 1.084453
vt 0.952342 1.092882
vt 0.955395 1.083968
vt 0.958448 1.083483
vt 0.958448 1.092882
vt 0.955395 1.092882
vt 0.958448 1.102281
vt 0.955395 1.101796
vt 0.958448 1.111679
vt 0.955395 1.110709
vt 0.952342 1.109739
vt 0.952342 1.101311
vt 0.949289 1.108769
vt 0.949289 1.100826
vt 0.944513 1.115196
vt 0.939737 1.121623
vt 0.947275 1.116558
vt 0.942207 1.123377
vt 0.950036 1.117921
vt 0.952798 1.119283
vt 0.947147 1.126886
vt 0.944677 1.125132
vt 0.941497 1.134490
vt 0.939319 1.132343
vt 0.935847 1.142094
vt 0.933960 1.139555
vt 0.932073 1.137015
vt 0.937140 1.130196
vt 0.930186 1.134476
vt 0.934962 1.128049
vt 0.922459 1.136931
vt 0.914732 1.139385
vt 0.923874 1.139620
vt 0.915676 1.142225
vt 0.925290 1.142309
vt 0.926705 1.144998
vt 0.917563 1.147902
vt 0.916619 1.145063
vt 0.908420 1.150807
vt 0.907949 1.147818
vt 0.899278 1.153711
vt 0.899278 1.150573
vt 0.899278 1.147434
vt 0.907477 1.144829
vt 0.899278 1.144295
vt 0.907005 1.141840
vt 0.891551 1.141840
vt 0.883824 1.139385
vt 0.891079 1.144829
vt 0.882880 1.142224
vt 0.890608 1.147818
vt 0.890136 1.150807
vt 0.880993 1.147902
vt 0.881937 1.145063
vt 0.871851 1.144998
vt 0.873266 1.142309
vt 0.874682 1.139620
vt 0.876097 1.136931
vt 0.855913 1.135619
vt 0.850110 1.127809
vt 0.861717 1.143429
vt 0.860725 1.144764
vt 0.854768 1.136748
vt 0.848811 1.128731
vt 0.859733 1.146099
vt 0.853623 1.137876
vt 0.858741 1.147434
vt 0.852478 1.139005
vt 0.846214 1.130576
vt 0.847513 1.129654
vt 0.839951 1.122148
vt 0.841403 1.121431
vt 0.833688 1.113719
vt 0.835293 1.113209
vt 0.836898 1.112699
vt 0.842855 1.120715
vt 0.838503 1.112189
vt 0.844306 1.119999
vt 0.838503 1.102535
vt 0.838503 1.092882
vt 0.836898 1.102790
vt 0.836898 1.092882
vt 0.835293 1.103045
vt 0.833688 1.103300
vt 0.833688 1.092882
vt 0.835293 1.092882
vt 0.833688 1.082464
vt 0.835293 1.082718
vt 0.833688 1.072045
vt 0.835293 1.072555
vt 0.836898 1.073065
vt 0.836898 1.082973
vt 0.838503 1.073575
vt 0.838503 1.083228
vt 0.844306 1.065765
vt 0.850110 1.057955
vt 0.842855 1.065049
vt 0.848811 1.057033
vt 0.841403 1.064333
vt 0.839951 1.063616
vt 0.846214 1.055188
vt 0.847513 1.056110
vt 0.852478 1.046759
vt 0.853623 1.047888
vt 0.858741 1.038330
vt 0.859733 1.039665
vt 0.860725 1.041000
vt 0.854768 1.049016
vt 0.861717 1.042335
vt 0.855913 1.050145
vt 0.871107 1.039352
vt 0.880498 1.036369
vt 0.870363 1.037938
vt 0.880002 1.034876
vt 0.869619 1.036525
vt 0.868875 1.035111
vt 0.879009 1.031891
vt 0.879506 1.033384
vt 0.889144 1.028672
vt 0.889392 1.030243
vt 0.899278 1.025452
vt 0.899278 1.027102
vt 0.899278 1.028753
vt 0.889640 1.031815
vt 0.899278 1.030403
vt 0.889888 1.033386
vt 0.908668 1.033386
vt 0.918059 1.036369
vt 0.908916 1.031815
vt 0.918555 1.034876
vt 0.909164 1.030243
vt 0.909412 1.028672
vt 0.919547 1.031891
vt 0.919051 1.033384
vt 0.929681 1.035111
vt 0.928937 1.036525
vt 0.939815 1.038330
vt 0.938823 1.039665
vt 0.937831 1.041000
vt 0.928193 1.037938
vt 0.936839 1.042335
vt 0.927449 1.039352
vt 0.942643 1.050145
vt 0.948446 1.057955
vt 0.943788 1.049016
vt 0.949745 1.057033
vt 0.944933 1.047888
vt 0.946078 1.046759
vt 0.952342 1.055188
vt 0.951043 1.056110
vt 0.958605 1.063616
vt 0.957153 1.064333
vt 0.964868 1.072045
vt 0.963263 1.072555
vt 0.961658 1.073065
vt 0.955701 1.065049
vt 0.960053 1.073575
vt 0.954250 1.065765
vt 0.960053 1.083228
vt 0.960053 1.092882
vt 0.961658 1.082973
vt 0.961658 1.092882
vt 0.963263 1.082718
vt 0.964868 1.082464
vt 0.964868 1.092882
vt 0.963263 1.092882
vt 0.964868 1.103300
vt 0.963263 1.103045
vt 0.964868 1.113719
vt 0.963263 1.113209
vt 0.961658 1.112699
vt 0.961658 1.102790
vt 0.960053 1.112189
vt 0.960053 1.102535
vt 0.954250 1.119999
vt 0.948446 1.127809
vt 0.955701 1.120715
vt 0.949745 1.128731
vt 0.957153 1.121431
vt 0.958605 1.122147
vt 0.952342 1.130576
vt 0.951043 1.129654
vt 0.946078 1.139005
vt 0.944933 1.137876
vt 0.939815 1.147434
vt 0.938823 1.146099
vt 0.937831 1.144764
vt 0.943788 1.136747
vt 0.936839 1.143429
vt 0.942643 1.135619
vt 0.927449 1.146412
vt 0.918059 1.149395
vt 0.928193 1.147826
vt 0.918555 1.150887
vt 0.928937 1.149239
vt 0.929681 1.150653
vt 0.919547 1.153872
vt 0.919051 1.152380
vt 0.909412 1.157092
vt 0.909164 1.155521
vt 0.899278 1.160311
vt 0.899278 1.158661
vt 0.899278 1.157011
vt 0.908916 1.153949
vt 0.899278 1.155361
vt 0.908668 1.152378
vt 0.889888 1.152378
vt 0.880497 1.149395
vt 0.889640 1.153949
vt 0.880001 1.150887
vt 0.889392 1.155521
vt 0.889144 1.157092
vt 0.879009 1.153873
vt 0.879506 1.152380
vt 0.868875 1.150653
vt 0.869619 1.149239
vt 0.870363 1.147826
vt 0.871107 1.146412
vt 0.846214 1.130576
vt 0.852478 1.139005
vt 0.839951 1.122147
vt 0.833688 1.092882
vt 0.846214 1.055188
vt 0.909412 1.028672
vt 0.952342 1.055188
vt 0.958605 1.063616
vt 0.958605 1.122147
vt 0.952342 1.130576
vt 0.919547 1.153872
vt 0.909412 1.157092
vt 0.879009 1.153872
vt 0.889144 1.157092
vt 0.126232 1.766742
vt 0.170577 1.826418
vt 0.181944 1.814042
vt 0.137559 1.758697
vt 0.214921 1.886093
vt 0.233516 1.861070
vt 0.244216 1.846670
vt 0.192745 1.802534
vt 0.148658 1.750813
vt 0.252833 1.835075
vt 0.202417 1.792760
vt 0.260891 1.824230
vt 0.212107 1.783285
vt 0.170387 1.735377
vt 0.159303 1.743251
vt 0.136678 1.681779
vt 0.124467 1.687861
vt 0.111925 1.623763
vt 0.098886 1.627905
vt 0.084944 1.632334
vt 0.111971 1.693834
vt 0.067630 1.637834
vt 0.097439 1.700322
vt 0.037544 1.647392
vt 0.081888 1.707067
vt 0.037544 1.499867
vt 0.037544 1.573629
vt 0.054180 1.570150
vt 0.051544 1.499867
vt 0.069837 1.567047
vt 0.065263 1.499867
vt 0.083537 1.564699
vt 0.097073 1.562601
vt 0.092122 1.499867
vt 0.078421 1.499867
vt 0.097073 1.437132
vt 0.083537 1.435035
vt 0.111925 1.375971
vt 0.098886 1.371829
vt 0.084944 1.367400
vt 0.069837 1.432687
vt 0.067630 1.361899
vt 0.054180 1.429584
vt 0.037544 1.352341
vt 0.037544 1.426104
vt 0.126232 1.232991
vt 0.081888 1.292666
vt 0.097439 1.299411
vt 0.137559 1.241037
vt 0.111971 1.305899
vt 0.148658 1.248921
vt 0.124467 1.311873
vt 0.136678 1.317955
vt 0.170387 1.264357
vt 0.159303 1.256483
vt 0.212107 1.216449
vt 0.202417 1.206973
vt 0.260891 1.175503
vt 0.252833 1.164658
vt 0.244216 1.153064
vt 0.192745 1.197200
vt 0.233516 1.138663
vt 0.181944 1.185691
vt 0.214921 1.113640
vt 0.170577 1.173316
vt 0.358423 1.068053
vt 0.286672 1.090847
vt 0.295198 1.105240
vt 0.362749 1.081071
vt 0.303054 1.118841
vt 0.366988 1.093828
vt 0.309572 1.130854
vt 0.315795 1.142793
vt 0.375288 1.118803
vt 0.371054 1.106063
vt 0.437841 1.104021
vt 0.435699 1.090786
vt 0.501924 1.098932
vt 0.501924 1.085527
vt 0.501924 1.071195
vt 0.433749 1.077321
vt 0.501924 1.053395
vt 0.431929 1.061803
vt 0.501924 1.022465
vt 0.430173 1.045259
vt 0.645425 1.068053
vt 0.573675 1.045259
vt 0.571919 1.061803
vt 0.641099 1.081071
vt 0.570098 1.077321
vt 0.636860 1.093828
vt 0.568149 1.090786
vt 0.566007 1.104021
vt 0.628560 1.118804
vt 0.632794 1.106063
vt 0.688053 1.142793
vt 0.694276 1.130854
vt 0.742957 1.175503
vt 0.751015 1.164659
vt 0.759631 1.153064
vt 0.700794 1.118841
vt 0.770332 1.138663
vt 0.708650 1.105240
vt 0.788927 1.113640
vt 0.717176 1.090847
vt 0.877615 1.232991
vt 0.833271 1.173316
vt 0.821904 1.185691
vt 0.866289 1.241037
vt 0.811102 1.197200
vt 0.855190 1.248921
vt 0.801431 1.206973
vt 0.791741 1.216449
vt 0.833460 1.264357
vt 0.844545 1.256483
vt 0.867170 1.317955
vt 0.879381 1.311873
vt 0.891923 1.375971
vt 0.904962 1.371829
vt 0.918903 1.367400
vt 0.891877 1.305899
vt 0.936217 1.361899
vt 0.906409 1.299411
vt 0.966304 1.352341
vt 0.921960 1.292666
vt 0.966304 1.499867
vt 0.966304 1.426104
vt 0.949668 1.429584
vt 0.952304 1.499867
vt 0.934011 1.432686
vt 0.938585 1.499866
vt 0.920311 1.435035
vt 0.906775 1.437132
vt 0.911726 1.499866
vt 0.925427 1.499866
vt 0.906775 1.562601
vt 0.920311 1.564698
vt 0.891923 1.623762
vt 0.904962 1.627904
vt 0.918903 1.632333
vt 0.934011 1.567047
vt 0.936217 1.637834
vt 0.949668 1.570149
vt 0.966304 1.647392
vt 0.966304 1.573629
vt 0.877615 1.766742
vt 0.921960 1.707067
vt 0.906409 1.700322
vt 0.866289 1.758696
vt 0.891877 1.693834
vt 0.855190 1.750812
vt 0.879381 1.687860
vt 0.867170 1.681778
vt 0.833460 1.735376
vt 0.844545 1.743250
vt 0.791741 1.783284
vt 0.801431 1.792760
vt 0.742957 1.824229
vt 0.751015 1.835074
vt 0.759631 1.846669
vt 0.811102 1.802533
vt 0.770332 1.861069
vt 0.821904 1.814041
vt 0.788927 1.886092
vt 0.833271 1.826417
vt 0.645425 1.931680
vt 0.717176 1.908886
vt 0.708650 1.894492
vt 0.641099 1.918662
vt 0.700794 1.880892
vt 0.636860 1.905905
vt 0.694276 1.868878
vt 0.688053 1.856940
vt 0.628560 1.880929
vt 0.632794 1.893669
vt 0.566007 1.895711
vt 0.568149 1.908946
vt 0.501924 1.900801
vt 0.501924 1.914206
vt 0.501924 1.928538
vt 0.570098 1.922411
vt 0.501924 1.946337
vt 0.571919 1.937929
vt 0.501924 1.977267
vt 0.573675 1.954473
vt 0.358423 1.931680
vt 0.430173 1.954474
vt 0.431929 1.937929
vt 0.362749 1.918662
vt 0.433749 1.922411
vt 0.366988 1.905905
vt 0.435699 1.908946
vt 0.437841 1.895712
vt 0.375288 1.880929
vt 0.371054 1.893670
vt 0.315795 1.856940
vt 0.309572 1.868878
vt 0.303054 1.880892
vt 0.295198 1.894493
vt 0.286672 1.908886
vt 0.222962 1.772669
vt 0.182806 1.726555
vt 0.269920 1.812080
vt 0.279595 1.799059
vt 0.234596 1.761292
vt 0.196114 1.717101
vt 0.289596 1.785601
vt 0.246621 1.749532
vt 0.299599 1.772140
vt 0.258649 1.737770
vt 0.223629 1.697556
vt 0.209870 1.707330
vt 0.195333 1.652565
vt 0.180175 1.660115
vt 0.174555 1.603866
vt 0.158369 1.609008
vt 0.142188 1.614148
vt 0.165021 1.667662
vt 0.126533 1.619122
vt 0.150359 1.674965
vt 0.112237 1.560251
vt 0.107472 1.499867
vt 0.128489 1.557733
vt 0.123922 1.499867
vt 0.145286 1.555130
vt 0.162088 1.552526
vt 0.157932 1.499866
vt 0.140925 1.499866
vt 0.162088 1.447207
vt 0.145286 1.444603
vt 0.174555 1.395867
vt 0.158370 1.390725
vt 0.142188 1.385585
vt 0.128489 1.442001
vt 0.126533 1.380612
vt 0.112237 1.439482
vt 0.150359 1.324768
vt 0.182806 1.273178
vt 0.165021 1.332071
vt 0.196114 1.282632
vt 0.180175 1.339618
vt 0.195333 1.347168
vt 0.223629 1.302177
vt 0.209870 1.292403
vt 0.258649 1.261963
vt 0.246621 1.250200
vt 0.299599 1.227593
vt 0.289596 1.214131
vt 0.279595 1.200673
vt 0.234596 1.238441
vt 0.269920 1.187653
vt 0.222962 1.227064
vt 0.322767 1.156168
vt 0.380032 1.133077
vt 0.330238 1.170501
vt 0.385115 1.148373
vt 0.337961 1.185316
vt 0.345685 1.200135
vt 0.395625 1.179998
vt 0.390369 1.164184
vt 0.448132 1.167590
vt 0.445473 1.151162
vt 0.501924 1.163317
vt 0.501924 1.146678
vt 0.501924 1.130044
vt 0.442814 1.134738
vt 0.501924 1.113949
vt 0.440241 1.118848
vt 0.563606 1.118848
vt 0.623816 1.133077
vt 0.561034 1.134738
vt 0.618733 1.148373
vt 0.558375 1.151162
vt 0.555716 1.167590
vt 0.608223 1.179998
vt 0.613479 1.164184
vt 0.658162 1.200135
vt 0.665887 1.185316
vt 0.704249 1.227593
vt 0.714252 1.214131
vt 0.724253 1.200673
vt 0.673609 1.170501
vt 0.733928 1.187653
vt 0.681081 1.156168
vt 0.780885 1.227064
vt 0.821042 1.273178
vt 0.769251 1.238441
vt 0.807734 1.282632
vt 0.757227 1.250200
vt 0.745199 1.261963
vt 0.780219 1.302177
vt 0.793978 1.292403
vt 0.808515 1.347168
vt 0.823673 1.339618
vt 0.829293 1.395867
vt 0.845478 1.390725
vt 0.861659 1.385585
vt 0.838827 1.332071
vt 0.877315 1.380612
vt 0.853489 1.324769
vt 0.891610 1.439482
vt 0.896376 1.499866
vt 0.875359 1.442000
vt 0.879925 1.499866
vt 0.858561 1.444603
vt 0.841760 1.447207
vt 0.845915 1.499866
vt 0.862923 1.499866
vt 0.841760 1.552526
vt 0.858561 1.555130
vt 0.829293 1.603866
vt 0.845478 1.609007
vt 0.861659 1.614148
vt 0.875359 1.557732
vt 0.877315 1.619121
vt 0.891610 1.560251
vt 0.853489 1.674964
vt 0.821042 1.726555
vt 0.838827 1.667662
vt 0.807734 1.717101
vt 0.823673 1.660114
vt 0.808515 1.652565
vt 0.780219 1.697556
vt 0.793978 1.707330
vt 0.745199 1.737770
vt 0.757227 1.749532
vt 0.704249 1.772140
vt 0.714252 1.785601
vt 0.724253 1.799059
vt 0.769251 1.761291
vt 0.733928 1.812080
vt 0.780885 1.772668
vt 0.681081 1.843565
vt 0.623816 1.866656
vt 0.673609 1.829231
vt 0.618733 1.851359
vt 0.665887 1.814416
vt 0.658162 1.799597
vt 0.608223 1.819734
vt 0.613479 1.835549
vt 0.555716 1.832143
vt 0.558375 1.848571
vt 0.501924 1.836415
vt 0.501924 1.853054
vt 0.501924 1.869689
vt 0.561034 1.864994
vt 0.501924 1.885783
vt 0.563606 1.880884
vt 0.440241 1.880885
vt 0.380032 1.866656
vt 0.442814 1.864995
vt 0.385115 1.851359
vt 0.445473 1.848571
vt 0.448132 1.832143
vt 0.395625 1.819734
vt 0.390369 1.835549
vt 0.345685 1.799597
vt 0.337961 1.814416
vt 0.330238 1.829232
vt 0.322767 1.843565
vt 0.205600 1.594003
vt 0.190223 1.598888
vt 0.210007 1.645257
vt 0.224408 1.638084
vt 0.236948 1.688094
vt 0.250021 1.678808
vt 0.270292 1.726384
vt 0.309282 1.759109
vt 0.318786 1.746319
vt 0.281719 1.715209
vt 0.328250 1.733583
vt 0.293099 1.704081
vt 0.337815 1.720712
vt 0.304599 1.692834
vt 0.276194 1.660216
vt 0.263038 1.669561
vt 0.253243 1.623723
vt 0.238749 1.630941
vt 0.236390 1.584222
vt 0.220914 1.589139
vt 0.205600 1.405730
vt 0.190223 1.400845
vt 0.178353 1.449727
vt 0.194316 1.452201
vt 0.174396 1.499866
vt 0.190554 1.499867
vt 0.178353 1.550006
vt 0.194316 1.547532
vt 0.210212 1.545069
vt 0.226277 1.542580
vt 0.222907 1.499867
vt 0.206645 1.499867
vt 0.226277 1.457154
vt 0.210212 1.454664
vt 0.236390 1.415511
vt 0.220914 1.410595
vt 0.318786 1.253413
vt 0.309282 1.240624
vt 0.270292 1.273349
vt 0.281719 1.284524
vt 0.236948 1.311639
vt 0.250021 1.320925
vt 0.210007 1.354476
vt 0.224408 1.361649
vt 0.238750 1.368792
vt 0.253243 1.376011
vt 0.276194 1.339518
vt 0.263038 1.330172
vt 0.304599 1.306899
vt 0.293099 1.295653
vt 0.337815 1.279021
vt 0.328250 1.266150
vt 0.501924 1.195234
vt 0.501924 1.179425
vt 0.450707 1.183493
vt 0.453233 1.199101
vt 0.400712 1.195307
vt 0.405705 1.210332
vt 0.353163 1.214481
vt 0.360502 1.228560
vt 0.367810 1.242580
vt 0.375196 1.256750
vt 0.415703 1.240416
vt 0.410678 1.225295
vt 0.458293 1.230351
vt 0.455750 1.214643
vt 0.501924 1.226886
vt 0.501924 1.210976
vt 0.685062 1.253413
vt 0.694566 1.240624
vt 0.650685 1.214481
vt 0.643346 1.228560
vt 0.603136 1.195307
vt 0.598142 1.210332
vt 0.553141 1.183493
vt 0.550614 1.199101
vt 0.548098 1.214643
vt 0.545555 1.230351
vt 0.588145 1.240416
vt 0.593170 1.225295
vt 0.628651 1.256750
vt 0.636037 1.242580
vt 0.666033 1.279021
vt 0.675598 1.266150
vt 0.798247 1.405730
vt 0.813625 1.400845
vt 0.793841 1.354476
vt 0.779440 1.361649
vt 0.766899 1.311639
vt 0.753827 1.320925
vt 0.733556 1.273349
vt 0.722128 1.284524
vt 0.710749 1.295652
vt 0.699248 1.306899
vt 0.727653 1.339518
vt 0.740809 1.330172
vt 0.750605 1.376010
vt 0.765098 1.368792
vt 0.767458 1.415511
vt 0.782934 1.410595
vt 0.798247 1.594003
vt 0.813625 1.598888
vt 0.825495 1.550006
vt 0.809532 1.547533
vt 0.829452 1.499866
vt 0.813293 1.499867
vt 0.825495 1.449727
vt 0.809532 1.452201
vt 0.793635 1.454664
vt 0.777570 1.457154
vt 0.780941 1.499867
vt 0.797203 1.499867
vt 0.777570 1.542580
vt 0.793635 1.545069
vt 0.767458 1.584222
vt 0.782934 1.589139
vt 0.685062 1.746319
vt 0.694566 1.759109
vt 0.733556 1.726384
vt 0.722128 1.715209
vt 0.766899 1.688094
vt 0.753827 1.678808
vt 0.793841 1.645257
vt 0.779440 1.638084
vt 0.765098 1.630942
vt 0.750605 1.623723
vt 0.727653 1.660216
vt 0.740809 1.669561
vt 0.699248 1.692834
vt 0.710749 1.704081
vt 0.666033 1.720712
vt 0.675598 1.733583
vt 0.501924 1.804499
vt 0.501924 1.820307
vt 0.553141 1.816240
vt 0.550614 1.800632
vt 0.603136 1.804425
vt 0.598142 1.789400
vt 0.650685 1.785252
vt 0.643346 1.771173
vt 0.636037 1.757152
vt 0.628651 1.742983
vt 0.588145 1.759316
vt 0.593170 1.774437
vt 0.545555 1.769381
vt 0.548098 1.785089
vt 0.501924 1.772846
vt 0.501924 1.788756
vt 0.353163 1.785252
vt 0.360502 1.771173
vt 0.400712 1.804425
vt 0.405705 1.789400
vt 0.450707 1.816240
vt 0.453233 1.800632
vt 0.455750 1.785089
vt 0.458293 1.769381
vt 0.415703 1.759317
vt 0.410678 1.774438
vt 0.375196 1.742983
vt 0.367810 1.757152
vt 0.268385 1.574058
vt 0.252254 1.579182
vt 0.268101 1.616323
vt 0.283207 1.608799
vt 0.289681 1.650635
vt 0.303393 1.640895
vt 0.316389 1.681305
vt 0.347620 1.707517
vt 0.357589 1.694102
vt 0.328376 1.669583
vt 0.367645 1.680569
vt 0.340467 1.657758
vt 0.377712 1.667021
vt 0.352572 1.645921
vt 0.331073 1.621232
vt 0.317226 1.631069
vt 0.313702 1.593611
vt 0.298446 1.601209
vt 0.300945 1.563714
vt 0.284656 1.568889
vt 0.268385 1.425675
vt 0.252254 1.420551
vt 0.242746 1.459706
vt 0.259491 1.462300
vt 0.239577 1.499867
vt 0.256526 1.499867
vt 0.242746 1.540028
vt 0.259491 1.537433
vt 0.276382 1.534816
vt 0.293292 1.532195
vt 0.290740 1.499866
vt 0.273624 1.499866
vt 0.293292 1.467538
vt 0.276382 1.464917
vt 0.300945 1.436019
vt 0.284656 1.430844
vt 0.357589 1.305631
vt 0.347620 1.292216
vt 0.316389 1.318428
vt 0.328376 1.330150
vt 0.289681 1.349098
vt 0.303393 1.358839
vt 0.268101 1.383411
vt 0.283207 1.390934
vt 0.298446 1.398524
vt 0.313702 1.406122
vt 0.331073 1.378501
vt 0.317226 1.368664
vt 0.352572 1.353812
vt 0.340467 1.341975
vt 0.377712 1.332712
vt 0.367645 1.319164
vt 0.501924 1.259778
vt 0.501924 1.243196
vt 0.460899 1.246454
vt 0.463550 1.262826
vt 0.420854 1.255918
vt 0.426092 1.271678
vt 0.382768 1.271275
vt 0.390466 1.286044
vt 0.398232 1.300941
vt 0.406006 1.315855
vt 0.436665 1.303493
vt 0.431375 1.287577
vt 0.468900 1.295875
vt 0.466224 1.279342
vt 0.501924 1.293252
vt 0.501924 1.276506
vt 0.646259 1.305631
vt 0.656228 1.292216
vt 0.621080 1.271275
vt 0.613382 1.286044
vt 0.582993 1.255918
vt 0.577756 1.271678
vt 0.542948 1.246454
vt 0.540298 1.262826
vt 0.537624 1.279342
vt 0.534948 1.295875
vt 0.567183 1.303493
vt 0.572472 1.287577
vt 0.597842 1.315855
vt 0.605616 1.300941
vt 0.626135 1.332712
vt 0.636203 1.319164
vt 0.735463 1.425675
vt 0.751593 1.420551
vt 0.735747 1.383410
vt 0.720640 1.390934
vt 0.714167 1.349098
vt 0.700455 1.358839
vt 0.687459 1.318428
vt 0.675472 1.330150
vt 0.663380 1.341975
vt 0.651275 1.353812
vt 0.672775 1.378501
vt 0.686622 1.368664
vt 0.690146 1.406121
vt 0.705402 1.398524
vt 0.702902 1.436019
vt 0.719192 1.430845
vt 0.735463 1.574058
vt 0.751593 1.579182
vt 0.761101 1.540028
vt 0.744357 1.537433
vt 0.764271 1.499867
vt 0.747321 1.499867
vt 0.761101 1.459706
vt 0.744357 1.462300
vt 0.727466 1.464917
vt 0.710556 1.467538
vt 0.713107 1.499866
vt 0.730224 1.499866
vt 0.710556 1.532195
vt 0.727466 1.534816
vt 0.702902 1.563714
vt 0.719191 1.568889
vt 0.646259 1.694102
vt 0.656228 1.707517
vt 0.687459 1.681305
vt 0.675472 1.669583
vt 0.714167 1.650635
vt 0.700455 1.640895
vt 0.735747 1.616323
vt 0.720640 1.608799
vt 0.705401 1.601209
vt 0.690146 1.593611
vt 0.672775 1.621232
vt 0.686622 1.631069
vt 0.651275 1.645921
vt 0.663380 1.657758
vt 0.626135 1.667021
vt 0.636203 1.680569
vt 0.501924 1.739954
vt 0.501924 1.756537
vt 0.542948 1.753279
vt 0.540298 1.736907
vt 0.582993 1.743815
vt 0.577756 1.728055
vt 0.621080 1.728458
vt 0.613382 1.713689
vt 0.605616 1.698792
vt 0.597842 1.683877
vt 0.567183 1.696240
vt 0.572472 1.712156
vt 0.534948 1.703858
vt 0.537624 1.720391
vt 0.501924 1.706481
vt 0.501924 1.723227
vt 0.382768 1.728458
vt 0.390466 1.713689
vt 0.420854 1.743815
vt 0.426092 1.728055
vt 0.460899 1.753279
vt 0.463550 1.736907
vt 0.466224 1.720391
vt 0.468900 1.703858
vt 0.436665 1.696240
vt 0.431375 1.712156
vt 0.406006 1.683877
vt 0.398232 1.698792
vt 0.386232 1.582049
vt 0.374468 1.563346
vt 0.359167 1.570967
vt 0.372342 1.591916
vt 0.365831 1.543101
vt 0.349492 1.548291
vt 0.333284 1.553440
vt 0.343988 1.578527
vt 0.358564 1.601703
vt 0.317128 1.558573
vt 0.328857 1.586063
vt 0.344830 1.611460
vt 0.364598 1.634160
vt 0.387714 1.653562
vt 0.397699 1.640125
vt 0.376604 1.622419
vt 0.407716 1.626645
vt 0.388648 1.610641
vt 0.417814 1.613056
vt 0.400790 1.598767
vt 0.358920 1.499866
vt 0.360648 1.477975
vt 0.343687 1.475347
vt 0.341752 1.499866
vt 0.365831 1.456632
vt 0.349492 1.451441
vt 0.333284 1.446292
vt 0.326862 1.472739
vt 0.324721 1.499866
vt 0.317128 1.441160
vt 0.310091 1.470141
vt 0.307745 1.499866
vt 0.310091 1.529592
vt 0.326862 1.526993
vt 0.343687 1.524386
vt 0.360648 1.521758
vt 0.386232 1.417683
vt 0.400790 1.400966
vt 0.388648 1.389092
vt 0.372342 1.407817
vt 0.417814 1.386678
vt 0.407716 1.373088
vt 0.397699 1.359608
vt 0.376604 1.377313
vt 0.358564 1.398029
vt 0.387714 1.346171
vt 0.364598 1.365573
vt 0.344830 1.388273
vt 0.328857 1.413670
vt 0.343988 1.421206
vt 0.359167 1.428766
vt 0.374469 1.436387
vt 0.457733 1.366892
vt 0.479562 1.361733
vt 0.476877 1.345150
vt 0.452428 1.350927
vt 0.501924 1.359957
vt 0.501924 1.343160
vt 0.501924 1.326498
vt 0.474214 1.328699
vt 0.447165 1.335091
vt 0.501924 1.309889
vt 0.471559 1.312300
vt 0.441919 1.319305
vt 0.413729 1.330672
vt 0.421440 1.345464
vt 0.429175 1.360303
vt 0.436973 1.375263
vt 0.546114 1.366892
vt 0.566875 1.375263
vt 0.574673 1.360303
vt 0.551420 1.350927
vt 0.586034 1.386677
vt 0.596132 1.373088
vt 0.606149 1.359608
vt 0.582408 1.345464
vt 0.556683 1.335091
vt 0.616134 1.346171
vt 0.590118 1.330672
vt 0.561928 1.319305
vt 0.532289 1.312301
vt 0.529634 1.328699
vt 0.526971 1.345149
vt 0.524286 1.361733
vt 0.617616 1.417683
vt 0.629379 1.436387
vt 0.644681 1.428766
vt 0.631506 1.407817
vt 0.638017 1.456632
vt 0.654356 1.451441
vt 0.670564 1.446292
vt 0.659860 1.421206
vt 0.645284 1.398029
vt 0.686720 1.441160
vt 0.674990 1.413670
vt 0.659018 1.388273
vt 0.639250 1.365573
vt 0.627244 1.377313
vt 0.615200 1.389092
vt 0.603058 1.400966
vt 0.644927 1.499866
vt 0.643200 1.521758
vt 0.660161 1.524386
vt 0.662096 1.499866
vt 0.638017 1.543101
vt 0.654356 1.548291
vt 0.670564 1.553440
vt 0.676986 1.526993
vt 0.679127 1.499866
vt 0.686719 1.558573
vt 0.693757 1.529592
vt 0.696103 1.499866
vt 0.693757 1.470141
vt 0.676986 1.472739
vt 0.660161 1.475346
vt 0.643200 1.477975
vt 0.617616 1.582049
vt 0.603058 1.598767
vt 0.615200 1.610641
vt 0.631506 1.591916
vt 0.586034 1.613056
vt 0.596132 1.626645
vt 0.606149 1.640125
vt 0.627244 1.622419
vt 0.645284 1.601703
vt 0.616134 1.653562
vt 0.639250 1.634160
vt 0.659018 1.611460
vt 0.674990 1.586063
vt 0.659860 1.578527
vt 0.644681 1.570967
vt 0.629379 1.563346
vt 0.546114 1.632842
vt 0.524286 1.638000
vt 0.526971 1.654584
vt 0.551420 1.648806
vt 0.501924 1.639776
vt 0.501924 1.656573
vt 0.501924 1.673235
vt 0.529634 1.671035
vt 0.556683 1.664642
vt 0.501924 1.689844
vt 0.532289 1.687433
vt 0.561928 1.680428
vt 0.590118 1.669061
vt 0.582408 1.654269
vt 0.574673 1.639430
vt 0.566875 1.624470
vt 0.457733 1.632842
vt 0.436973 1.624470
vt 0.429175 1.639430
vt 0.452428 1.648806
vt 0.421440 1.654269
vt 0.447165 1.664642
vt 0.413729 1.669061
vt 0.441919 1.680428
vt 0.471559 1.687433
vt 0.474214 1.671035
vt 0.476877 1.654584
vt 0.479562 1.638000
vt 0.437705 1.545485
vt 0.431176 1.535103
vt 0.418968 1.541183
vt 0.426624 1.553356
vt 0.426381 1.523865
vt 0.413346 1.528006
vt 0.398448 1.532739
vt 0.405016 1.548132
vt 0.413960 1.562353
vt 0.382380 1.537843
vt 0.389967 1.555627
vt 0.400300 1.572056
vt 0.413088 1.586741
vt 0.428042 1.599292
vt 0.437972 1.585927
vt 0.425029 1.575064
vt 0.447179 1.573537
vt 0.436099 1.564238
vt 0.455236 1.562696
vt 0.445786 1.554765
vt 0.422545 1.499866
vt 0.423504 1.487715
vt 0.409972 1.485618
vt 0.408848 1.499866
vt 0.426381 1.475868
vt 0.413346 1.471727
vt 0.398448 1.466994
vt 0.394508 1.483222
vt 0.393194 1.499866
vt 0.382380 1.461889
vt 0.377827 1.480637
vt 0.376310 1.499866
vt 0.377827 1.519096
vt 0.394508 1.516511
vt 0.409972 1.514115
vt 0.423504 1.512018
vt 0.437705 1.454248
vt 0.445786 1.444968
vt 0.436099 1.435495
vt 0.426624 1.446376
vt 0.455236 1.437037
vt 0.447179 1.426196
vt 0.437972 1.413806
vt 0.425029 1.424670
vt 0.413960 1.437380
vt 0.428042 1.400442
vt 0.413088 1.412992
vt 0.400300 1.427677
vt 0.389967 1.444106
vt 0.405016 1.451601
vt 0.418968 1.458550
vt 0.431176 1.464630
vt 0.477394 1.426054
vt 0.489511 1.423191
vt 0.487369 1.409961
vt 0.473162 1.413318
vt 0.501924 1.422205
vt 0.501924 1.408805
vt 0.501924 1.393490
vt 0.484921 1.394840
vt 0.468325 1.398762
vt 0.501924 1.376971
vt 0.482281 1.378531
vt 0.463107 1.383062
vt 0.444871 1.390415
vt 0.452540 1.405127
vt 0.459649 1.418767
vt 0.465871 1.430701
vt 0.526453 1.426054
vt 0.537977 1.430701
vt 0.544198 1.418767
vt 0.530686 1.413318
vt 0.548612 1.437037
vt 0.556668 1.426196
vt 0.565875 1.413806
vt 0.551308 1.405127
vt 0.535523 1.398762
vt 0.575806 1.400441
vt 0.558977 1.390415
vt 0.540741 1.383062
vt 0.521567 1.378531
vt 0.518927 1.394840
vt 0.516479 1.409961
vt 0.514337 1.423191
vt 0.566143 1.454248
vt 0.572672 1.464630
vt 0.584880 1.458550
vt 0.577224 1.446376
vt 0.577467 1.475868
vt 0.590502 1.471727
vt 0.605399 1.466994
vt 0.598832 1.451601
vt 0.589888 1.437380
vt 0.621468 1.461889
vt 0.613881 1.444106
vt 0.603548 1.427677
vt 0.590760 1.412992
vt 0.578819 1.424669
vt 0.567748 1.435495
vt 0.558062 1.444968
vt 0.581303 1.499866
vt 0.580344 1.512018
vt 0.593875 1.514115
vt 0.595000 1.499866
vt 0.577467 1.523865
vt 0.590502 1.528006
vt 0.605399 1.532739
vt 0.609340 1.516511
vt 0.610654 1.499866
vt 0.621468 1.537843
vt 0.626020 1.519096
vt 0.627538 1.499866
vt 0.626020 1.480637
vt 0.609340 1.483222
vt 0.593875 1.485618
vt 0.580344 1.487715
vt 0.566143 1.545485
vt 0.558062 1.554765
vt 0.567748 1.564238
vt 0.577224 1.553357
vt 0.548612 1.562696
vt 0.556668 1.573537
vt 0.565875 1.585927
vt 0.578819 1.575064
vt 0.589888 1.562353
vt 0.575806 1.599292
vt 0.590760 1.586741
vt 0.603548 1.572056
vt 0.613881 1.555627
vt 0.598832 1.548132
vt 0.584880 1.541183
vt 0.572672 1.535103
vt 0.526453 1.573679
vt 0.514337 1.576542
vt 0.516479 1.589773
vt 0.530686 1.586416
vt 0.501924 1.577528
vt 0.501924 1.590929
vt 0.501924 1.606244
vt 0.518927 1.604894
vt 0.535523 1.600971
vt 0.501924 1.622763
vt 0.521567 1.621203
vt 0.540741 1.616672
vt 0.558977 1.609318
vt 0.551308 1.594606
vt 0.544198 1.580967
vt 0.537977 1.569032
vt 0.477394 1.573679
vt 0.465871 1.569032
vt 0.459649 1.580967
vt 0.473162 1.586416
vt 0.452540 1.594606
vt 0.468325 1.600971
vt 0.444871 1.609318
vt 0.463107 1.616672
vt 0.482281 1.621203
vt 0.484921 1.604893
vt 0.487369 1.589773
vt 0.489511 1.576542
vt 0.894084 1.094532
vt 0.896681 1.093707
vt 0.895776 1.095370
vt 0.893854 1.095843
vt 0.899278 1.092882
vt 0.897673 1.095042
vt 0.896068 1.097202
vt 0.894722 1.097011
vt 0.893675 1.096862
vt 0.894463 1.099362
vt 0.893369 1.098610
vt 0.892449 1.097733
vt 0.891881 1.096607
vt 0.891487 1.095357
vt 0.894084 1.091232
vt 0.896681 1.092057
vt 0.894949 1.092882
vt 0.893110 1.092160
vt 0.893110 1.093604
vt 0.892352 1.092882
vt 0.891054 1.094120
vt 0.890837 1.092882
vt 0.891054 1.091644
vt 0.891487 1.090407
vt 0.896068 1.088562
vt 0.897673 1.090722
vt 0.895776 1.090394
vt 0.894722 1.088753
vt 0.893854 1.089921
vt 0.893675 1.088902
vt 0.891880 1.089157
vt 0.892449 1.088031
vt 0.893368 1.087154
vt 0.894463 1.086402
vt 0.899278 1.087542
vt 0.899278 1.090212
vt 0.897940 1.088857
vt 0.898074 1.086923
vt 0.896670 1.087369
vt 0.897138 1.086442
vt 0.895533 1.085617
vt 0.896670 1.085033
vt 0.897940 1.084852
vt 0.899278 1.084872
vt 0.902488 1.088562
vt 0.900883 1.090722
vt 0.900616 1.088857
vt 0.901886 1.087369
vt 0.900482 1.086923
vt 0.901418 1.086442
vt 0.900616 1.084852
vt 0.901886 1.085033
vt 0.903023 1.085617
vt 0.904093 1.086402
vt 0.904472 1.091232
vt 0.901875 1.092057
vt 0.902780 1.090394
vt 0.904702 1.089921
vt 0.903834 1.088753
vt 0.904881 1.088902
vt 0.905188 1.087154
vt 0.906107 1.088031
vt 0.906676 1.089157
vt 0.907069 1.090407
vt 0.904472 1.094532
vt 0.901875 1.093707
vt 0.903607 1.092882
vt 0.905446 1.093604
vt 0.905446 1.092160
vt 0.906204 1.092882
vt 0.907502 1.091644
vt 0.907719 1.092882
vt 0.907502 1.094120
vt 0.907069 1.095357
vt 0.902488 1.097202
vt 0.900883 1.095042
vt 0.902780 1.095370
vt 0.903834 1.097011
vt 0.904702 1.095843
vt 0.904881 1.096862
vt 0.906676 1.096607
vt 0.906107 1.097733
vt 0.905188 1.098610
vt 0.904093 1.099362
vt 0.899278 1.098222
vt 0.899278 1.095552
vt 0.900616 1.096907
vt 0.900482 1.098841
vt 0.901886 1.098395
vt 0.901418 1.099322
vt 0.903023 1.100147
vt 0.901886 1.100731
vt 0.900616 1.100912
vt 0.899278 1.100892
vt 0.897940 1.096907
vt 0.896670 1.098395
vt 0.898074 1.098841
vt 0.897138 1.099322
vt 0.897940 1.100912
vt 0.896670 1.100731
vt 0.895533 1.100147
vt 0.489829 1.503709
vt 0.485816 1.504984
vt 0.486607 1.507599
vt 0.490126 1.506269
vt 0.482349 1.506085
vt 0.483476 1.509107
vt 0.485034 1.511865
vt 0.487732 1.509948
vt 0.489923 1.508392
vt 0.487235 1.514166
vt 0.489669 1.511720
vt 0.489826 1.516147
vt 0.491969 1.513263
vt 0.494449 1.509926
vt 0.492050 1.508859
vt 0.497328 1.506051
vt 0.494049 1.505461
vt 0.501924 1.499866
vt 0.494488 1.502229
vt 0.489829 1.496024
vt 0.485816 1.494749
vt 0.484884 1.497319
vt 0.488530 1.498266
vt 0.482349 1.493648
vt 0.481444 1.496740
vt 0.481047 1.499866
vt 0.484382 1.499866
vt 0.487090 1.499866
vt 0.481444 1.502993
vt 0.484884 1.502414
vt 0.488530 1.501467
vt 0.492190 1.499866
vt 0.494488 1.497504
vt 0.494449 1.489807
vt 0.491969 1.486470
vt 0.489669 1.488013
vt 0.492050 1.490874
vt 0.489826 1.483586
vt 0.487235 1.485567
vt 0.485034 1.487869
vt 0.487732 1.489785
vt 0.489923 1.491342
vt 0.483476 1.490627
vt 0.486607 1.492134
vt 0.490126 1.493464
vt 0.494049 1.494272
vt 0.497328 1.493682
vt 0.501924 1.487433
vt 0.501924 1.483307
vt 0.499136 1.483234
vt 0.499342 1.486917
vt 0.501924 1.479743
vt 0.498637 1.479857
vt 0.495473 1.480454
vt 0.496503 1.483555
vt 0.497340 1.486073
vt 0.492554 1.481789
vt 0.494180 1.484808
vt 0.496228 1.487906
vt 0.498916 1.490815
vt 0.501924 1.492222
vt 0.509399 1.489807
vt 0.511879 1.486470
vt 0.509667 1.484808
vt 0.507620 1.487906
vt 0.514022 1.483586
vt 0.511294 1.481789
vt 0.508375 1.480454
vt 0.507345 1.483555
vt 0.506508 1.486073
vt 0.505211 1.479857
vt 0.504712 1.483234
vt 0.504506 1.486917
vt 0.504932 1.490815
vt 0.506520 1.493682
vt 0.514019 1.496024
vt 0.518031 1.494749
vt 0.517241 1.492134
vt 0.513722 1.493464
vt 0.521499 1.493648
vt 0.520372 1.490627
vt 0.518814 1.487869
vt 0.516116 1.489785
vt 0.513925 1.491341
vt 0.516613 1.485567
vt 0.514178 1.488013
vt 0.511798 1.490874
vt 0.509799 1.494272
vt 0.509360 1.497504
vt 0.514019 1.503709
vt 0.518032 1.504984
vt 0.518964 1.502414
vt 0.515318 1.501467
vt 0.521499 1.506085
vt 0.522404 1.502993
vt 0.522801 1.499866
vt 0.519466 1.499866
vt 0.516758 1.499866
vt 0.522404 1.496740
vt 0.518964 1.497319
vt 0.515318 1.498266
vt 0.511658 1.499866
vt 0.509360 1.502229
vt 0.509399 1.509926
vt 0.511879 1.513263
vt 0.514178 1.511720
vt 0.511798 1.508859
vt 0.514022 1.516147
vt 0.516613 1.514166
vt 0.518814 1.511865
vt 0.516116 1.509948
vt 0.513925 1.508392
vt 0.520372 1.509107
vt 0.517241 1.507599
vt 0.513722 1.506269
vt 0.509799 1.505461
vt 0.506520 1.506051
vt 0.501924 1.512300
vt 0.501924 1.516426
vt 0.504712 1.516499
vt 0.504506 1.512816
vt 0.501924 1.519990
vt 0.505211 1.519877
vt 0.508375 1.519280
vt 0.507345 1.516179
vt 0.506508 1.513661
vt 0.511294 1.517944
vt 0.509667 1.514925
vt 0.507620 1.511827
vt 0.504932 1.508918
vt 0.501924 1.507511
vt 0.494180 1.514925
vt 0.496228 1.511827
vt 0.492554 1.517944
vt 0.495473 1.519280
vt 0.496503 1.516178
vt 0.497340 1.513661
vt 0.498637 1.519877
vt 0.499136 1.516499
vt 0.499342 1.512816
vt 0.498916 1.508918
vt 0.462807 1.527653
vt 0.458830 1.521329
vt 0.454547 1.523463
vt 0.458919 1.530415
vt 0.455910 1.514484
vt 0.451336 1.515937
vt 0.445084 1.517923
vt 0.448692 1.526379
vt 0.453605 1.534190
vt 0.436863 1.520535
vt 0.440992 1.530214
vt 0.446616 1.539155
vt 0.453576 1.547147
vt 0.461714 1.553978
vt 0.466795 1.547140
vt 0.459685 1.541173
vt 0.470659 1.541941
vt 0.464331 1.536629
vt 0.473486 1.538136
vt 0.467730 1.533305
vt 0.453573 1.499866
vt 0.454157 1.492465
vt 0.449409 1.491729
vt 0.448767 1.499866
vt 0.455910 1.485249
vt 0.451336 1.483796
vt 0.445084 1.481809
vt 0.442920 1.490723
vt 0.442198 1.499866
vt 0.436863 1.479198
vt 0.434385 1.489401
vt 0.433560 1.499866
vt 0.434385 1.510332
vt 0.442920 1.509010
vt 0.449409 1.508004
vt 0.454157 1.507268
vt 0.462807 1.472080
vt 0.467730 1.466427
vt 0.464331 1.463103
vt 0.458919 1.469318
vt 0.473486 1.461596
vt 0.470659 1.457792
vt 0.466795 1.452593
vt 0.459685 1.458560
vt 0.453605 1.465543
vt 0.461714 1.445755
vt 0.453576 1.452586
vt 0.446616 1.460578
vt 0.440992 1.469519
vt 0.448692 1.473354
vt 0.454547 1.476270
vt 0.458830 1.478404
vt 0.486983 1.454907
vt 0.494363 1.453163
vt 0.493612 1.448520
vt 0.485498 1.450438
vt 0.501924 1.452562
vt 0.501924 1.447860
vt 0.501924 1.441433
vt 0.492584 1.442175
vt 0.483468 1.444329
vt 0.501924 1.432981
vt 0.491233 1.433830
vt 0.480798 1.436297
vt 0.470873 1.440299
vt 0.474797 1.447826
vt 0.477781 1.453549
vt 0.479963 1.457737
vt 0.516865 1.454907
vt 0.523884 1.457737
vt 0.526067 1.453549
vt 0.518350 1.450438
vt 0.530362 1.461596
vt 0.533189 1.457792
vt 0.537053 1.452593
vt 0.529051 1.447826
vt 0.520380 1.444329
vt 0.542134 1.445755
vt 0.532974 1.440298
vt 0.523050 1.436296
vt 0.512614 1.433830
vt 0.511263 1.442175
vt 0.510236 1.448520
vt 0.509485 1.453163
vt 0.541040 1.472080
vt 0.545017 1.478403
vt 0.549301 1.476270
vt 0.544929 1.469318
vt 0.547938 1.485249
vt 0.552512 1.483796
vt 0.558764 1.481809
vt 0.555156 1.473354
vt 0.550243 1.465542
vt 0.566985 1.479198
vt 0.562855 1.469519
vt 0.557232 1.460578
vt 0.550272 1.452586
vt 0.544163 1.458560
vt 0.539517 1.463103
vt 0.536118 1.466427
vt 0.550274 1.499866
vt 0.549690 1.507268
vt 0.554438 1.508004
vt 0.555081 1.499866
vt 0.547938 1.514484
vt 0.552512 1.515937
vt 0.558764 1.517923
vt 0.560928 1.509010
vt 0.561650 1.499866
vt 0.566985 1.520535
vt 0.569462 1.510332
vt 0.570288 1.499866
vt 0.569462 1.489401
vt 0.560928 1.490723
vt 0.554438 1.491729
vt 0.549690 1.492465
vt 0.541040 1.527653
vt 0.536118 1.533305
vt 0.539517 1.536629
vt 0.544929 1.530415
vt 0.530362 1.538136
vt 0.533189 1.541941
vt 0.537053 1.547140
vt 0.544163 1.541173
vt 0.550243 1.534190
vt 0.542134 1.553978
vt 0.550272 1.547147
vt 0.557232 1.539155
vt 0.562855 1.530214
vt 0.555156 1.526379
vt 0.549301 1.523463
vt 0.545017 1.521329
vt 0.516865 1.544826
vt 0.509485 1.546570
vt 0.510236 1.551213
vt 0.518350 1.549295
vt 0.501924 1.547171
vt 0.501924 1.551873
vt 0.501924 1.558300
vt 0.511263 1.557559
vt 0.520380 1.555404
vt 0.501924 1.566752
vt 0.512614 1.565903
vt 0.523050 1.563437
vt 0.532974 1.559435
vt 0.529051 1.551908
vt 0.526067 1.546184
vt 0.523884 1.541996
vt 0.486983 1.544826
vt 0.479963 1.541996
vt 0.477781 1.546184
vt 0.485498 1.549295
vt 0.474797 1.551908
vt 0.483468 1.555404
vt 0.470873 1.559435
vt 0.480798 1.563437
vt 0.491233 1.565903
vt 0.492584 1.557558
vt 0.493612 1.551213
vt 0.494363 1.546570
vt 0.469999 1.522545
vt 0.466753 1.517384
vt 0.465400 1.518057
vt 0.468771 1.523417
vt 0.464369 1.511797
vt 0.462925 1.512256
vt 0.461302 1.512771
vt 0.463880 1.518814
vt 0.467391 1.524397
vt 0.459098 1.513471
vt 0.461816 1.519842
vt 0.465517 1.525728
vt 0.470099 1.530989
vt 0.475456 1.535485
vt 0.476818 1.533652
vt 0.471737 1.529387
vt 0.477821 1.532302
vt 0.472943 1.528207
vt 0.478714 1.531101
vt 0.474016 1.527158
vt 0.462462 1.499866
vt 0.462939 1.493826
vt 0.461440 1.493593
vt 0.460945 1.499866
vt 0.464369 1.487936
vt 0.462925 1.487477
vt 0.461302 1.486962
vt 0.459755 1.493332
vt 0.459239 1.499866
vt 0.459098 1.486261
vt 0.457467 1.492978
vt 0.456923 1.499866
vt 0.457467 1.506755
vt 0.459755 1.506401
vt 0.461440 1.506140
vt 0.462939 1.505907
vt 0.469999 1.477188
vt 0.474016 1.472575
vt 0.472943 1.471525
vt 0.468771 1.476316
vt 0.478714 1.468632
vt 0.477821 1.467431
vt 0.476818 1.466081
vt 0.471737 1.470346
vt 0.467391 1.475336
vt 0.475456 1.464248
vt 0.470099 1.468744
vt 0.465517 1.474005
vt 0.461816 1.479891
vt 0.463880 1.480919
vt 0.465400 1.481676
vt 0.466753 1.482350
vt 0.489730 1.463172
vt 0.495753 1.461749
vt 0.495516 1.460283
vt 0.489261 1.461761
vt 0.501924 1.461259
vt 0.501924 1.459774
vt 0.501924 1.458105
vt 0.495249 1.458636
vt 0.488734 1.460175
vt 0.501924 1.455839
vt 0.494887 1.456398
vt 0.488018 1.458022
vt 0.481485 1.460656
vt 0.482537 1.462674
vt 0.483311 1.464160
vt 0.484001 1.465482
vt 0.514118 1.463172
vt 0.519847 1.465482
vt 0.520536 1.464160
vt 0.514587 1.461761
vt 0.525134 1.468632
vt 0.526027 1.467431
vt 0.527030 1.466081
vt 0.521311 1.462674
vt 0.515114 1.460175
vt 0.528392 1.464248
vt 0.522363 1.460656
vt 0.515830 1.458021
vt 0.508961 1.456398
vt 0.508599 1.458635
vt 0.508332 1.460283
vt 0.508095 1.461749
vt 0.533849 1.477188
vt 0.537095 1.482349
vt 0.538448 1.481676
vt 0.535077 1.476316
vt 0.539479 1.487936
vt 0.540923 1.487477
vt 0.542546 1.486962
vt 0.539968 1.480919
vt 0.536456 1.475336
vt 0.544750 1.486261
vt 0.542032 1.479890
vt 0.538330 1.474005
vt 0.533749 1.468744
vt 0.532111 1.470346
vt 0.530905 1.471525
vt 0.529832 1.472575
vt 0.541386 1.499866
vt 0.540909 1.505907
vt 0.542408 1.506140
vt 0.542903 1.499866
vt 0.539479 1.511797
vt 0.540923 1.512256
vt 0.542546 1.512771
vt 0.544093 1.506401
vt 0.544608 1.499866
vt 0.544750 1.513471
vt 0.546381 1.506755
vt 0.546925 1.499866
vt 0.546381 1.492977
vt 0.544093 1.493332
vt 0.542408 1.493593
vt 0.540909 1.493826
vt 0.533849 1.522545
vt 0.529832 1.527158
vt 0.530905 1.528207
vt 0.535077 1.523417
vt 0.525134 1.531101
vt 0.526027 1.532302
vt 0.527030 1.533652
vt 0.532111 1.529387
vt 0.536456 1.524397
vt 0.528392 1.535485
vt 0.533749 1.530989
vt 0.538330 1.525728
vt 0.542032 1.519842
vt 0.539968 1.518814
vt 0.538448 1.518057
vt 0.537095 1.517384
vt 0.514118 1.536561
vt 0.508095 1.537984
vt 0.508332 1.539450
vt 0.514587 1.537972
vt 0.501924 1.538474
vt 0.501924 1.539959
vt 0.501924 1.541627
vt 0.508599 1.541097
vt 0.515114 1.539557
vt 0.501924 1.543893
vt 0.508961 1.543335
vt 0.515830 1.541711
vt 0.522363 1.539077
vt 0.521311 1.537059
vt 0.520536 1.535573
vt 0.519847 1.534250
vt 0.489730 1.536561
vt 0.484001 1.534250
vt 0.483311 1.535573
vt 0.489261 1.537972
vt 0.482537 1.537059
vt 0.488734 1.539557
vt 0.481485 1.539077
vt 0.488018 1.541711
vt 0.494887 1.543335
vt 0.495249 1.541097
vt 0.495516 1.539450
vt 0.495753 1.537984
vt 0.476521 1.517911
vt 0.473938 1.513805
vt 0.471939 1.514800
vt 0.474707 1.519200
vt 0.472041 1.509359
vt 0.469907 1.510037
vt 0.467894 1.510677
vt 0.470054 1.515739
vt 0.472995 1.520416
vt 0.466037 1.511267
vt 0.468315 1.516606
vt 0.471416 1.521538
vt 0.475255 1.525946
vt 0.479744 1.529714
vt 0.480892 1.528169
vt 0.476636 1.524596
vt 0.482136 1.526495
vt 0.478131 1.523134
vt 0.483455 1.524720
vt 0.479717 1.521582
vt 0.470524 1.499866
vt 0.470903 1.495059
vt 0.468688 1.494716
vt 0.468281 1.499866
vt 0.472041 1.490373
vt 0.469907 1.489695
vt 0.467894 1.489056
vt 0.466598 1.494393
vt 0.466166 1.499866
vt 0.466037 1.488466
vt 0.464670 1.494094
vt 0.464215 1.499866
vt 0.464670 1.505639
vt 0.466598 1.505340
vt 0.468688 1.505017
vt 0.470903 1.504673
vt 0.476521 1.481821
vt 0.479717 1.478150
vt 0.478131 1.476599
vt 0.474706 1.480532
vt 0.483455 1.475013
vt 0.482136 1.473238
vt 0.480892 1.471564
vt 0.476636 1.475137
vt 0.472995 1.479317
vt 0.479745 1.470019
vt 0.475255 1.473787
vt 0.471417 1.478195
vt 0.468315 1.483127
vt 0.470054 1.483994
vt 0.471939 1.484932
vt 0.473938 1.485928
vt 0.492221 1.470668
vt 0.497014 1.469536
vt 0.496663 1.467369
vt 0.491528 1.468583
vt 0.501924 1.469146
vt 0.501924 1.466951
vt 0.501924 1.464882
vt 0.496332 1.465326
vt 0.490874 1.466616
vt 0.501924 1.462973
vt 0.496027 1.463441
vt 0.490271 1.464802
vt 0.484797 1.467009
vt 0.485683 1.468709
vt 0.486644 1.470552
vt 0.487662 1.472507
vt 0.511627 1.470668
vt 0.516186 1.472507
vt 0.517204 1.470552
vt 0.512320 1.468583
vt 0.520392 1.475013
vt 0.521711 1.473238
vt 0.522955 1.471564
vt 0.518165 1.468710
vt 0.512974 1.466616
vt 0.524103 1.470019
vt 0.519051 1.467009
vt 0.513577 1.464802
vt 0.507821 1.463441
vt 0.507516 1.465326
vt 0.507185 1.467369
vt 0.506834 1.469536
vt 0.527327 1.481821
vt 0.529910 1.485928
vt 0.531909 1.484932
vt 0.529141 1.480532
vt 0.531806 1.490373
vt 0.533941 1.489695
vt 0.535954 1.489056
vt 0.533794 1.483994
vt 0.530852 1.479317
vt 0.537811 1.488466
vt 0.535533 1.483127
vt 0.532431 1.478195
vt 0.528592 1.473787
vt 0.527212 1.475137
vt 0.525716 1.476599
vt 0.524130 1.478150
vt 0.533324 1.499866
vt 0.532945 1.504673
vt 0.535160 1.505017
vt 0.535567 1.499866
vt 0.531806 1.509359
vt 0.533941 1.510037
vt 0.535954 1.510677
vt 0.537250 1.505340
vt 0.537682 1.499866
vt 0.537811 1.511267
vt 0.539178 1.505639
vt 0.539633 1.499866
vt 0.539178 1.494094
vt 0.537250 1.494393
vt 0.535160 1.494716
vt 0.532945 1.495059
vt 0.527327 1.517912
vt 0.524130 1.521582
vt 0.525716 1.523134
vt 0.529141 1.519200
vt 0.520392 1.524720
vt 0.521711 1.526495
vt 0.522955 1.528169
vt 0.527212 1.524596
vt 0.530852 1.520416
vt 0.524103 1.529714
vt 0.528592 1.525946
vt 0.532431 1.521538
vt 0.535533 1.516606
vt 0.533794 1.515739
vt 0.531909 1.514800
vt 0.529910 1.513805
vt 0.511627 1.529064
vt 0.506834 1.530197
vt 0.507185 1.532363
vt 0.512320 1.531150
vt 0.501924 1.530587
vt 0.501924 1.532781
vt 0.501924 1.534850
vt 0.507516 1.534406
vt 0.512974 1.533116
vt 0.501924 1.536759
vt 0.507821 1.536291
vt 0.513577 1.534931
vt 0.519051 1.532724
vt 0.518165 1.531023
vt 0.517204 1.529180
vt 0.516186 1.527226
vt 0.492221 1.529064
vt 0.487662 1.527226
vt 0.486644 1.529180
vt 0.491528 1.531150
vt 0.485683 1.531023
vt 0.490874 1.533116
vt 0.484797 1.532724
vt 0.490271 1.534931
vt 0.496027 1.536291
vt 0.496332 1.534406
vt 0.496663 1.532363
vt 0.497014 1.530197
vt 0.480715 1.510450
vt 0.482615 1.513583
vt 0.479327 1.507045
vt 0.476662 1.507892
vt 0.478254 1.511661
vt 0.480424 1.515139
vt 0.474263 1.508654
vt 0.476019 1.512768
vt 0.478410 1.516570
vt 0.481369 1.519968
vt 0.484829 1.522872
vt 0.486311 1.520877
vt 0.483137 1.518232
vt 0.487959 1.518660
vt 0.485075 1.516317
vt 0.478403 1.496240
vt 0.478057 1.499866
vt 0.479327 1.492688
vt 0.476662 1.491841
vt 0.475684 1.495805
vt 0.475349 1.499866
vt 0.474263 1.491079
vt 0.473210 1.495417
vt 0.472859 1.499866
vt 0.473210 1.504316
vt 0.475684 1.503928
vt 0.478403 1.503493
vt 0.485075 1.483416
vt 0.482615 1.486150
vt 0.487959 1.481073
vt 0.486311 1.478856
vt 0.483137 1.481501
vt 0.480424 1.484594
vt 0.484829 1.476861
vt 0.481369 1.479765
vt 0.478410 1.483163
vt 0.476019 1.486964
vt 0.478254 1.488072
vt 0.480715 1.489283
vt 0.498183 1.476875
vt 0.494549 1.477673
vt 0.501924 1.476637
vt 0.501924 1.473896
vt 0.497766 1.474212
vt 0.493712 1.475155
vt 0.501924 1.471430
vt 0.497379 1.471791
vt 0.492942 1.472839
vt 0.488723 1.474541
vt 0.489865 1.476722
vt 0.491128 1.479116
vt 0.512719 1.479116
vt 0.509299 1.477673
vt 0.515889 1.481073
vt 0.517537 1.478856
vt 0.513983 1.476722
vt 0.510136 1.475155
vt 0.519019 1.476861
vt 0.515125 1.474541
vt 0.510906 1.472839
vt 0.506469 1.471791
vt 0.506082 1.474212
vt 0.505665 1.476875
vt 0.523133 1.489283
vt 0.521233 1.486150
vt 0.524520 1.492688
vt 0.527186 1.491841
vt 0.525594 1.488072
vt 0.523424 1.484594
vt 0.529585 1.491079
vt 0.527829 1.486964
vt 0.525438 1.483163
vt 0.522479 1.479765
vt 0.520711 1.481501
vt 0.518773 1.483416
vt 0.525445 1.503493
vt 0.525791 1.499866
vt 0.524520 1.507045
vt 0.527186 1.507892
vt 0.528164 1.503928
vt 0.528499 1.499866
vt 0.529585 1.508654
vt 0.530638 1.504316
vt 0.530989 1.499866
vt 0.530638 1.495417
vt 0.528164 1.495805
vt 0.525445 1.496240
vt 0.518773 1.516317
vt 0.521233 1.513583
vt 0.515889 1.518660
vt 0.517537 1.520877
vt 0.520711 1.518232
vt 0.523424 1.515139
vt 0.519019 1.522872
vt 0.522479 1.519968
vt 0.525438 1.516570
vt 0.527829 1.512768
vt 0.525594 1.511661
vt 0.523133 1.510450
vt 0.505665 1.522858
vt 0.509299 1.522060
vt 0.501924 1.523097
vt 0.501924 1.525837
vt 0.506082 1.525521
vt 0.510136 1.524578
vt 0.501924 1.528303
vt 0.506469 1.527942
vt 0.510906 1.526893
vt 0.515125 1.525192
vt 0.513983 1.523011
vt 0.512719 1.520617
vt 0.488723 1.525192
vt 0.489865 1.523011
vt 0.492942 1.526893
vt 0.493712 1.524578
vt 0.497379 1.527942
vt 0.497766 1.525521
vt 0.498183 1.522858
vt 0.494549 1.522060
vt 0.491128 1.520617
s 1
usemtl Eyes.001
f 163/1/1 1323/2/2 1983/3/3 1326/4/4
f 1323/2/2 1/5/5 1324/6/6 1983/3/3
f 1983/3/3 1324/6/6 273/7/7 1325/8/8
f 1326/4/4 1983/3/3 1325/8/8 493/9/9
f 273/7/7 1327/10/10 1984/11/11 1325/8/8
f 1327/10/10 11/12/12 1328/13/13 1984/11/11
f 1984/11/11 1328/13/13 174/14/14 1329/15/15
f 1325/8/8 1984/11/11 1329/15/15 493/9/9
f 174/14/14 1330/16/16 1985/17/17 1329/15/15
f 1330/16/16 12/18/18 1331/19/19 1985/17/17
f 1985/17/17 1331/19/19 274/20/20 1332/21/21
f 1329/15/15 1985/17/17 1332/21/21 493/9/9
f 274/20/20 1333/22/22 1986/23/23 1332/21/21
f 1333/22/22 2/24/24 1334/25/25 1986/23/23
f 1986/23/23 1334/25/25 163/1/1 1326/4/4
f 1332/21/21 1986/23/23 1326/4/4 493/9/9
f 164/26/26 1335/27/27 1987/28/28 1337/29/29
f 1335/27/27 2/24/24 1333/22/22 1987/28/28
f 1987/28/28 1333/22/22 274/20/20 1336/30/30
f 1337/29/29 1987/28/28 1336/30/30 494/31/31
f 274/20/20 1331/19/19 1988/32/32 1336/30/30
f 1331/19/19 12/18/18 1338/33/33 1988/32/32
f 1988/32/32 1338/33/33 175/34/34 1339/35/35
f 1336/30/30 1988/32/32 1339/35/35 494/31/31
f 175/34/34 1340/36/36 1989/37/37 1339/35/35
f 1340/36/36 13/38/38 1341/39/39 1989/37/37
f 1989/37/37 1341/39/39 275/40/40 1342/41/41
f 1339/35/35 1989/37/37 1342/41/41 494/31/31
f 275/40/40 1343/42/42 1990/43/43 1342/41/41
f 1343/42/42 3/44/44 1344/45/45 1990/43/43
f 1990/43/43 1344/45/45 164/26/26 1337/29/29
f 1342/41/41 1990/43/43 1337/29/29 494/31/31
f 165/46/46 1345/47/47 1991/48/48 1347/49/49
f 1345/47/47 3/44/44 1343/42/42 1991/48/48
f 1991/48/48 1343/42/42 275/40/40 1346/50/50
f 1347/49/49 1991/48/48 1346/50/50 495/51/51
f 275/40/40 1341/39/39 1992/52/52 1346/50/50
f 1341/39/39 13/38/38 1348/53/53 1992/52/52
f 1992/52/52 1348/53/53 176/54/54 1349/55/55
f 1346/50/50 1992/52/52 1349/55/55 495/51/51
f 176/54/54 1350/56/56 1993/57/57 1349/55/55
f 1350/56/56 14/58/58 1351/59/59 1993/57/57
f 1993/57/57 1351/59/59 276/60/60 1352/61/61
f 1349/55/55 1993/57/57 1352/61/61 495/51/51
f 276/60/60 1353/62/62 1994/63/63 1352/61/61
f 1353/62/62 4/64/64 1354/65/65 1994/63/63
f 1994/63/63 1354/65/65 165/46/46 1347/49/49
f 1352/61/61 1994/63/63 1347/49/49 495/51/51
f 166/66/66 1355/67/67 1995/68/68 1357/69/69
f 1355/67/67 4/64/64 1353/62/62 1995/68/68
f 1995/68/68 1353/62/62 276/60/60 1356/70/70
f 1357/69/69 1995/68/68 1356/70/70 496/71/71
f 276/60/60 1351/59/59 1996/72/72 1356/70/70
f 1351/59/59 14/58/58 1358/73/73 1996/72/72
f 1996/72/72 1358/73/73 177/74/74 1359/75/75
f 1356/70/70 1996/72/72 1359/75/75 496/71/71
f 177/74/74 1360/76/76 1997/77/77 1359/75/75
f 1360/76/76 15/78/78 1361/79/79 1997/77/77
f 1997/77/77 1361/79/79 277/80/80 1362/81/81
f 1359/75/75 1997/77/77 1362/81/81 496/71/71
f 277/80/80 1363/82/82 1998/83/83 1362/81/81
f 1363/82/82 5/84/84 1364/85/85 1998/83/83
f 1998/83/83 1364/85/85 166/66/66 1357/69/69
f 1362/81/81 1998/83/83 1357/69/69 496/71/71
f 167/86/86 1365/87/87 1999/88/88 1367/89/89
f 1365/87/87 5/84/84 1363/82/82 1999/88/88
f 1999/88/88 1363/82/82 277/80/80 1366/90/90
f 1367/89/89 1999/88/88 1366/90/90 497/91/91
f 277/80/80 1361/79/79 2000/92/92 1366/90/90
f 1361/79/79 15/78/78 1368/93/93 2000/92/92
f 2000/92/92 1368/93/93 178/94/94 1369/95/95
f 1366/90/90 2000/92/92 1369/95/95 497/91/91
f 178/94/94 1370/96/96 2001/97/97 1369/95/95
f 1370/96/96 16/98/98 1371/99/99 2001/97/97
f 2001/97/97 1371/99/99 278/100/100 1372/101/101
f 1369/95/95 2001/97/97 1372/101/101 497/91/91
f 278/100/100 1373/102/102 2002/103/103 1372/101/101
f 1373/102/102 6/104/104 1374/105/105 2002/103/103
f 2002/103/103 1374/105/105 167/86/86 1367/89/89
f 1372/101/101 2002/103/103 1367/89/89 497/91/91
f 168/106/106 1375/107/107 2003/108/108 1377/109/109
f 1375/107/107 6/104/104 1373/102/102 2003/108/108
f 2003/108/108 1373/102/102 278/100/100 1376/110/110
f 1377/109/109 2003/108/108 1376/110/110 498/111/111
f 278/100/100 1371/99/99 2004/112/112 1376/110/110
f 1371/99/99 16/98/98 1378/113/113 2004/112/112
f 2004/112/112 1378/113/113 179/114/114 1379/115/115
f 1376/110/110 2004/112/112 1379/115/115 498/111/111
f 179/114/114 1380/116/116 2005/117/117 1379/115/115
f 1380/116/116 17/118/118 1381/119/119 2005/117/117
f 2005/117/117 1381/119/119 279/120/120 1382/121/121
f 1379/115/115 2005/117/117 1382/121/121 498/111/111
f 279/120/120 1383/122/122 2006/123/123 1382/121/121
f 1383/122/122 7/124/124 1384/125/125 2006/123/123
f 2006/123/123 1384/125/125 168/106/106 1377/109/109
f 1382/121/121 2006/123/123 1377/109/109 498/111/111
f 169/126/126 1385/127/127 2007/128/128 1387/129/129
f 1385/127/127 7/124/124 1383/122/122 2007/128/128
f 2007/128/128 1383/122/122 279/120/120 1386/130/130
f 1387/129/129 2007/128/128 1386/130/130 499/131/131
f 279/120/120 1381/119/119 2008/132/132 1386/130/130
f 1381/119/119 17/118/118 1388/133/133 2008/132/132
f 2008/132/132 1388/133/133 180/134/134 1389/135/135
f 1386/130/130 2008/132/132 1389/135/135 499/131/131
f 180/134/134 1390/136/136 2009/137/137 1389/135/135
f 1390/136/136 18/138/138 1391/139/139 2009/137/137
f 2009/137/137 1391/139/139 280/140/140 1392/141/141
f 1389/135/135 2009/137/137 1392/141/141 499/131/131
f 280/140/140 1393/142/142 2010/143/143 1392/141/141
f 1393/142/142 8/144/144 1394/145/145 2010/143/143
f 2010/143/143 1394/145/145 169/126/126 1387/129/129
f 1392/141/141 2010/143/143 1387/129/129 499/131/131
f 170/146/146 1395/147/147 2011/148/148 1397/149/149
f 1395/147/147 8/144/144 1393/142/142 2011/148/148
f 2011/148/148 1393/142/142 280/140/140 1396/150/150
f 1397/149/149 2011/148/148 1396/150/150 500/151/151
f 280/140/140 1391/139/139 2012/152/152 1396/150/150
f 1391/139/139 18/138/138 1398/153/153 2012/152/152
f 2012/152/152 1398/153/153 181/154/154 1399/155/155
f 1396/150/150 2012/152/152 1399/155/155 500/151/151
f 181/154/154 1400/156/156 2013/157/157 1399/155/155
f 1400/156/156 19/158/158 1401/159/159 2013/157/157
f 2013/157/157 1401/159/159 281/160/160 1402/161/161
f 1399/155/155 2013/157/157 1402/161/161 500/151/151
f 281/160/160 1403/162/162 2014/163/163 1402/161/161
f 1403/162/162 9/164/164 1404/165/165 2014/163/163
f 2014/163/163 1404/165/165 170/146/146 1397/149/149
f 1402/161/161 2014/163/163 1397/149/149 500/151/151
f 171/166/166 1405/167/167 2015/168/168 1407/169/169
f 1405/167/167 9/164/164 1403/162/162 2015/168/168
f 2015/168/168 1403/162/162 281/160/160 1406/170/170
f 1407/169/169 2015/168/168 1406/170/170 501/171/171
f 281/160/160 1401/159/159 2016/172/172 1406/170/170
f 1401/159/159 19/158/158 1408/173/173 2016/172/172
f 2016/172/172 1408/173/173 182/174/174 1409/175/175
f 1406/170/170 2016/172/172 1409/175/175 501/171/171
f 182/174/174 1410/176/176 2017/177/177 1409/175/175
f 1410/176/176 20/178/178 1411/179/179 2017/177/177
f 2017/177/177 1411/179/179 282/180/180 1412/181/181
f 1409/175/175 2017/177/177 1412/181/181 501/171/171
f 282/180/180 1413/182/182 2018/183/183 1412/181/181
f 1413/182/182 10/184/184 1414/185/185 2018/183/183
f 2018/183/183 1414/185/185 171/166/166 1407/169/169
f 1412/181/181 2018/183/183 1407/169/169 501/171/171
f 172/186/186 1415/187/187 2019/188/188 1417/189/189
f 1415/187/187 10/184/184 1413/182/182 2019/188/188
f 2019/188/188 1413/182/182 282/180/180 1416/190/190
f 1417/189/189 2019/188/188 1416/190/190 502/191/191
f 282/180/180 1411/179/179 2020/192/192 1416/190/190
f 1411/179/179 20/178/178 1418/193/193 2020/192/192
f 2020/192/192 1418/193/193 173/194/194 1419/195/195
f 1416/190/190 2020/192/192 1419/195/195 502/191/191
f 173/194/194 1420/196/196 2021/197/197 1419/195/195
f 1420/196/196 11/12/12 1327/10/10 2021/197/197
f 2021/197/197 1327/10/10 273/7/7 1421/198/198
f 1419/195/195 2021/197/197 1421/198/198 502/191/191
f 273/7/7 1324/6/6 2022/199/199 1421/198/198
f 1324/6/6 1/5/5 1422/200/200 2022/199/199
f 2022/199/199 1422/200/200 172/186/186 1417/189/189
f 1421/198/198 2022/199/199 1417/189/189 502/191/191
f 174/14/14 1328/13/13 2023/201/201 1425/202/202
f 1328/13/13 11/12/12 1423/203/203 2023/201/201
f 2023/201/201 1423/203/203 283/204/204 1424/205/205
f 1425/202/202 2023/201/201 1424/205/205 503/206/206
f 283/204/204 1426/207/207 2024/208/208 1424/205/205
f 1426/207/207 21/209/209 1427/210/210 2024/208/208
f 2024/208/208 1427/210/210 184/211/211 1428/212/212
f 1424/205/205 2024/208/208 1428/212/212 503/206/206
f 184/211/211 1429/213/213 2025/214/214 1428/212/212
f 1429/213/213 22/215/215 1430/216/216 2025/214/214
f 2025/214/214 1430/216/216 284/217/217 1431/218/218
f 1428/212/212 2025/214/214 1431/218/218 503/206/206
f 284/217/217 1432/219/219 2026/220/220 1431/218/218
f 1432/219/219 12/18/18 1330/16/16 2026/220/220
f 2026/220/220 1330/16/16 174/14/14 1425/202/202
f 1431/218/218 2026/220/220 1425/202/202 503/206/206
f 175/34/34 1338/33/33 2027/221/221 1434/222/222
f 1338/33/33 12/18/18 1432/219/219 2027/221/221
f 2027/221/221 1432/219/219 284/217/217 1433/223/223
f 1434/222/222 2027/221/221 1433/223/223 504/224/224
f 284/217/217 1430/216/216 2028/225/225 1433/223/223
f 1430/216/216 22/215/215 1435/226/226 2028/225/225
f 2028/225/225 1435/226/226 185/227/227 1436/228/228
f 1433/223/223 2028/225/225 1436/228/228 504/224/224
f 185/227/227 1437/229/229 2029/230/230 1436/228/228
f 1437/229/229 23/231/231 1438/232/232 2029/230/230
f 2029/230/230 1438/232/232 285/233/233 1439/234/234
f 1436/228/228 2029/230/230 1439/234/234 504/224/224
f 285/233/233 1440/235/235 2030/236/236 1439/234/234
f 1440/235/235 13/38/38 1340/36/36 2030/236/236
f 2030/236/236 1340/36/36 175/34/34 1434/222/222
f 1439/234/234 2030/236/236 1434/222/222 504/224/224
f 176/54/54 1348/53/53 2031/237/237 1442/238/238
f 1348/53/53 13/38/38 1440/235/235 2031/237/237
f 2031/237/237 1440/235/235 285/233/233 1441/239/239
f 1442/238/238 2031/237/237 1441/239/239 505/240/240
f 285/233/233 1438/232/232 2032/241/241 1441/239/239
f 1438/232/232 23/231/231 1443/242/242 2032/241/241
f 2032/241/241 1443/242/242 186/243/243 1444/244/244
f 1441/239/239 2032/241/241 1444/244/244 505/240/240
f 186/243/243 1445/245/245 2033/246/246 1444/244/244
f 1445/245/245 24/247/247 1446/248/248 2033/246/246
f 2033/246/246 1446/248/248 286/249/249 1447/250/250
f 1444/244/244 2033/246/246 1447/250/250 505/240/240
f 286/249/249 1448/251/251 2034/252/252 1447/250/250
f 1448/251/251 14/58/58 1350/56/56 2034/252/252
f 2034/252/252 1350/56/56 176/54/54 1442/238/238
f 1447/250/250 2034/252/252 1442/238/238 505/240/240
f 177/74/74 1358/73/73 2035/253/253 1450/254/254
f 1358/73/73 14/58/58 1448/251/251 2035/253/253
f 2035/253/253 1448/251/251 286/249/249 1449/255/255
f 1450/254/254 2035/253/253 1449/255/255 506/256/256
f 286/249/249 1446/248/248 2036/257/257 1449/255/255
f 1446/248/248 24/247/247 1451/258/258 2036/257/257
f 2036/257/257 1451/258/258 187/259/259 1452/260/260
f 1449/255/255 2036/257/257 1452/260/260 506/256/256
f 187/259/259 1453/261/261 2037/262/262 1452/260/260
f 1453/261/261 25/263/263 1454/264/264 2037/262/262
f 2037/262/262 1454/264/264 287/265/265 1455/266/266
f 1452/260/260 2037/262/262 1455/266/266 506/256/256
f 287/265/265 1456/267/267 2038/268/268 1455/266/266
f 1456/267/267 15/78/78 1360/76/76 2038/268/268
f 2038/268/268 1360/76/76 177/74/74 1450/254/254
f 1455/266/266 2038/268/268 1450/254/254 506/256/256
f 178/94/94 1368/93/93 2039/269/269 1458/270/270
f 1368/93/93 15/78/78 1456/267/267 2039/269/269
f 2039/269/269 1456/267/267 287/265/265 1457/271/271
f 1458/270/270 2039/269/269 1457/271/271 507/272/272
f 287/265/265 1454/264/264 2040/273/273 1457/271/271
f 1454/264/264 25/263/263 1459/274/274 2040/273/273
f 2040/273/273 1459/274/274 188/275/275 1460/276/276
f 1457/271/271 2040/273/273 1460/276/276 507/272/272
f 188/275/275 1461/277/277 2041/278/278 1460/276/276
f 1461/277/277 26/279/279 1462/280/280 2041/278/278
f 2041/278/278 1462/280/280 288/281/281 1463/282/282
f 1460/276/276 2041/278/278 1463/282/282 507/272/272
f 288/281/281 1464/283/283 2042/284/284 1463/282/282
f 1464/283/283 16/98/98 1370/96/96 2042/284/284
f 2042/284/284 1370/96/96 178/94/94 1458/270/270
f 1463/282/282 2042/284/284 1458/270/270 507/272/272
f 179/114/114 1378/113/113 2043/285/285 1466/286/286
f 1378/113/113 16/98/98 1464/283/283 2043/285/285
f 2043/285/285 1464/283/283 288/281/281 1465/287/287
f 1466/286/286 2043/285/285 1465/287/287 508/288/288
f 288/281/281 1462/280/280 2044/289/289 1465/287/287
f 1462/280/280 26/279/279 1467/290/290 2044/289/289
f 2044/289/289 1467/290/290 189/291/291 1468/292/292
f 1465/287/287 2044/289/289 1468/292/292 508/288/288
f 189/291/291 1469/293/293 2045/294/294 1468/292/292
f 1469/293/293 27/295/295 1470/296/296 2045/294/294
f 2045/294/294 1470/296/296 289/297/297 1471/298/298
f 1468/292/292 2045/294/294 1471/298/298 508/288/288
f 289/297/297 1472/299/299 2046/300/300 1471/298/298
f 1472/299/299 17/118/118 1380/116/116 2046/300/300
f 2046/300/300 1380/116/116 179/114/114 1466/286/286
f 1471/298/298 2046/300/300 1466/286/286 508/288/288
f 180/134/134 1388/133/133 2047/301/301 1474/302/302
f 1388/133/133 17/118/118 1472/299/299 2047/301/301
f 2047/301/301 1472/299/299 289/297/297 1473/303/303
f 1474/302/302 2047/301/301 1473/303/303 509/304/304
f 289/297/297 1470/296/296 2048/305/305 1473/303/303
f 1470/296/296 27/295/295 1475/306/306 2048/305/305
f 2048/305/305 1475/306/306 190/307/307 1476/308/308
f 1473/303/303 2048/305/305 1476/308/308 509/304/304
f 190/307/307 1477/309/309 2049/310/310 1476/308/308
f 1477/309/309 28/311/311 1478/312/312 2049/310/310
f 2049/310/310 1478/312/312 290/313/313 1479/314/314
f 1476/308/308 2049/310/310 1479/314/314 509/304/304
f 290/313/313 1480/315/315 2050/316/316 1479/314/314
f 1480/315/315 18/138/138 1390/136/136 2050/316/316
f 2050/316/316 1390/136/136 180/134/134 1474/302/302
f 1479/314/314 2050/316/316 1474/302/302 509/304/304
f 181/154/154 1398/153/153 2051/317/317 1482/318/318
f 1398/153/153 18/138/138 1480/315/315 2051/317/317
f 2051/317/317 1480/315/315 290/313/313 1481/319/319
f 1482/318/318 2051/317/317 1481/319/319 510/320/320
f 290/313/313 1478/312/312 2052/321/321 1481/319/319
f 1478/312/312 28/311/311 1483/322/322 2052/321/321
f 2052/321/321 1483/322/322 191/323/323 1484/324/324
f 1481/319/319 2052/321/321 1484/324/324 510/320/320
f 191/323/323 1485/325/325 2053/326/326 1484/324/324
f 1485/325/325 29/327/327 1486/328/328 2053/326/326
f 2053/326/326 1486/328/328 291/329/329 1487/330/330
f 1484/324/324 2053/326/326 1487/330/330 510/320/320
f 291/329/329 1488/331/331 2054/332/332 1487/330/330
f 1488/331/331 19/158/158 1400/156/156 2054/332/332
f 2054/332/332 1400/156/156 181/154/154 1482/318/318
f 1487/330/330 2054/332/332 1482/318/318 510/320/320
f 182/174/174 1408/173/173 2055/333/333 1490/334/334
f 1408/173/173 19/158/158 1488/331/331 2055/333/333
f 2055/333/333 1488/331/331 291/329/329 1489/335/335
f 1490/334/334 2055/333/333 1489/335/335 511/336/336
f 291/329/329 1486/328/328 2056/337/337 1489/335/335
f 1486/328/328 29/327/327 1491/338/338 2056/337/337
f 2056/337/337 1491/338/338 192/339/339 1492/340/340
f 1489/335/335 2056/337/337 1492/340/340 511/336/336
f 192/339/339 1493/341/341 2057/342/342 1492/340/340
f 1493/341/341 30/343/343 1494/344/344 2057/342/342
f 2057/342/342 1494/344/344 292/345/345 1495/346/346
f 1492/340/340 2057/342/342 1495/346/346 511/336/336
f 292/345/345 1496/347/347 2058/348/348 1495/346/346
f 1496/347/347 20/178/178 1410/176/176 2058/348/348
f 2058/348/348 1410/176/176 182/174/174 1490/334/334
f 1495/346/346 2058/348/348 1490/334/334 511/336/336
f 173/194/194 1418/193/193 2059/349/349 1498/350/350
f 1418/193/193 20/178/178 1496/347/347 2059/349/349
f 2059/349/349 1496/347/347 292/345/345 1497/351/351
f 1498/350/350 2059/349/349 1497/351/351 512/352/352
f 292/345/345 1494/344/344 2060/353/353 1497/351/351
f 1494/344/344 30/343/343 1499/354/354 2060/353/353
f 2060/353/353 1499/354/354 183/355/355 1500/356/356
f 1497/351/351 2060/353/353 1500/356/356 512/352/352
f 183/355/355 1501/357/357 2061/358/358 1500/356/356
f 1501/357/357 21/209/209 1426/207/207 2061/358/358
f 2061/358/358 1426/207/207 283/204/204 1502/359/359
f 1500/356/356 2061/358/358 1502/359/359 512/352/352
f 283/204/204 1423/203/203 2062/360/360 1502/359/359
f 1423/203/203 11/12/12 1420/196/196 2062/360/360
f 2062/360/360 1420/196/196 173/194/194 1498/350/350
f 1502/359/359 2062/360/360 1498/350/350 512/352/352
f 184/211/211 1427/210/210 2063/361/361 1505/362/362
f 1427/210/210 21/209/209 1503/363/363 2063/361/361
f 2063/361/361 1503/363/363 293/364/364 1504/365/365
f 1505/362/362 2063/361/361 1504/365/365 513/366/366
f 293/364/364 1506/367/367 2064/368/368 1504/365/365
f 1506/367/367 31/369/369 1507/370/370 2064/368/368
f 2064/368/368 1507/370/370 194/371/371 1508/372/372
f 1504/365/365 2064/368/368 1508/372/372 513/366/366
f 194/371/371 1509/373/373 2065/374/374 1508/372/372
f 1509/373/373 32/375/375 1510/376/376 2065/374/374
f 2065/374/374 1510/376/376 294/377/377 1511/378/378
f 1508/372/372 2065/374/374 1511/378/378 513/366/366
f 294/377/377 1512/379/379 2066/380/380 1511/378/378
f 1512/379/379 22/215/215 1429/213/213 2066/380/380
f 2066/380/380 1429/213/213 184/211/211 1505/362/362
f 1511/378/378 2066/380/380 1505/362/362 513/366/366
f 185/227/227 1435/226/226 2067/381/381 1514/382/382
f 1435/226/226 22/215/215 1512/379/379 2067/381/381
f 2067/381/381 1512/379/379 294/377/377 1513/383/383
f 1514/382/382 2067/381/381 1513/383/383 514/384/384
f 294/377/377 1510/376/376 2068/385/385 1513/383/383
f 1510/376/376 32/375/375 1515/386/386 2068/385/385
f 2068/385/385 1515/386/386 195/387/387 1516/388/388
f 1513/383/383 2068/385/385 1516/388/388 514/384/384
f 195/387/387 1517/389/389 2069/390/390 1516/388/388
f 1517/389/389 33/391/391 1518/392/392 2069/390/390
f 2069/390/390 1518/392/392 295/393/393 1519/394/394
f 1516/388/388 2069/390/390 1519/394/394 514/384/384
f 295/393/393 1520/395/395 2070/396/396 1519/394/394
f 1520/395/395 23/231/231 1437/229/229 2070/396/396
f 2070/396/396 1437/229/229 185/227/227 1514/382/382
f 1519/394/394 2070/396/396 1514/382/382 514/384/384
f 186/243/243 1443/242/242 2071/397/397 1522/398/398
f 1443/242/242 23/231/231 1520/395/395 2071/397/397
f 2071/397/397 1520/395/395 295/393/393 1521/399/399
f 1522/398/398 2071/397/397 1521/399/399 515/400/400
f 295/393/393 1518/392/392 2072/401/401 1521/399/399
f 1518/392/392 33/391/391 1523/402/402 2072/401/401
f 2072/401/401 1523/402/402 196/403/403 1524/404/404
f 1521/399/399 2072/401/401 1524/404/404 515/400/400
f 196/403/403 1525/405/405 2073/406/406 1524/404/404
f 1525/405/405 34/407/407 1526/408/408 2073/406/406
f 2073/406/406 1526/408/408 296/409/409 1527/410/410
f 1524/404/404 2073/406/406 1527/410/410 515/400/400
f 296/409/409 1528/411/411 2074/412/412 1527/410/410
f 1528/411/411 24/247/247 1445/245/245 2074/412/412
f 2074/412/412 1445/245/245 186/243/243 1522/398/398
f 1527/410/410 2074/412/412 1522/398/398 515/400/400
f 187/259/259 1451/258/258 2075/413/413 1530/414/414
f 1451/258/258 24/247/247 1528/411/411 2075/413/413
f 2075/413/413 1528/411/411 296/409/409 1529/415/415
f 1530/414/414 2075/413/413 1529/415/415 516/416/416
f 296/409/409 1526/408/408 2076/417/417 1529/415/415
f 1526/408/408 34/407/407 1531/418/418 2076/417/417
f 2076/417/417 1531/418/418 197/419/419 1532/420/420
f 1529/415/415 2076/417/417 1532/420/420 516/416/416
f 197/419/419 1533/421/421 2077/422/422 1532/420/420
f 1533/421/421 35/423/423 1534/424/424 2077/422/422
f 2077/422/422 1534/424/424 297/425/425 1535/426/426
f 1532/420/420 2077/422/422 1535/426/426 516/416/416
f 297/425/425 1536/427/427 2078/428/428 1535/426/426
f 1536/427/427 25/263/263 1453/261/261 2078/428/428
f 2078/428/428 1453/261/261 187/259/259 1530/414/414
f 1535/426/426 2078/428/428 1530/414/414 516/416/416
f 188/275/275 1459/274/274 2079/429/429 1538/430/430
f 1459/274/274 25/263/263 1536/427/427 2079/429/429
f 2079/429/429 1536/427/427 297/425/425 1537/431/431
f 1538/430/430 2079/429/429 1537/431/431 517/432/432
f 297/425/425 1534/424/424 2080/433/433 1537/431/431
f 1534/424/424 35/423/423 1539/434/434 2080/433/433
f 2080/433/433 1539/434/434 198/435/435 1540/436/436
f 1537/431/431 2080/433/433 1540/436/436 517/432/432
f 198/435/435 1541/437/437 2081/438/438 1540/436/436
f 1541/437/437 36/439/439 1542/440/440 2081/438/438
f 2081/438/438 1542/440/440 298/441/441 1543/442/442
f 1540/436/436 2081/438/438 1543/442/442 517/432/432
f 298/441/441 1544/443/443 2082/444/444 1543/442/442
f 1544/443/443 26/279/279 1461/277/277 2082/444/444
f 2082/444/444 1461/277/277 188/275/275 1538/430/430
f 1543/442/442 2082/444/444 1538/430/430 517/432/432
f 189/291/291 1467/290/290 2083/445/445 1546/446/446
f 1467/290/290 26/279/279 1544/443/443 2083/445/445
f 2083/445/445 1544/443/443 298/441/441 1545/447/447
f 1546/446/446 2083/445/445 1545/447/447 518/448/448
f 298/441/441 1542/440/440 2084/449/449 1545/447/447
f 1542/440/440 36/439/439 1547/450/450 2084/449/449
f 2084/449/449 1547/450/450 199/451/451 1548/452/452
f 1545/447/447 2084/449/449 1548/452/452 518/448/448
f 199/451/451 1549/453/453 2085/454/454 1548/452/452
f 1549/453/453 37/455/455 1550/456/456 2085/454/454
f 2085/454/454 1550/456/456 299/457/457 1551/458/458
f 1548/452/452 2085/454/454 1551/458/458 518/448/448
f 299/457/457 1552/459/459 2086/460/460 1551/458/458
f 1552/459/459 27/295/295 1469/293/293 2086/460/460
f 2086/460/460 1469/293/293 189/291/291 1546/446/446
f 1551/458/458 2086/460/460 1546/446/446 518/448/448
f 190/307/307 1475/306/306 2087/461/461 1554/462/462
f 1475/306/306 27/295/295 1552/459/459 2087/461/461
f 2087/461/461 1552/459/459 299/457/457 1553/463/463
f 1554/462/462 2087/461/461 1553/463/463 519/464/464
f 299/457/457 1550/456/456 2088/465/465 1553/463/463
f 1550/456/456 37/455/455 1555/466/466 2088/465/465
f 2088/465/465 1555/466/466 200/467/467 1556/468/468
f 1553/463/463 2088/465/465 1556/468/468 519/464/464
f 200/467/467 1557/469/469 2089/470/470 1556/468/468
f 1557/469/469 38/471/471 1558/472/472 2089/470/470
f 2089/470/470 1558/472/472 300/473/473 1559/474/474
f 1556/468/468 2089/470/470 1559/474/474 519/464/464
f 300/473/473 1560/475/475 2090/476/476 1559/474/474
f 1560/475/475 28/311/311 1477/309/309 2090/476/476
f 2090/476/476 1477/309/309 190/307/307 1554/462/462
f 1559/474/474 2090/476/476 1554/462/462 519/464/464
f 191/323/323 1483/322/322 2091/477/477 1562/478/478
f 1483/322/322 28/311/311 1560/475/475 2091/477/477
f 2091/477/477 1560/475/475 300/473/473 1561/479/479
f 1562/478/478 2091/477/477 1561/479/479 520/480/480
f 300/473/473 1558/472/472 2092/481/481 1561/479/479
f 1558/472/472 38/471/471 1563/482/482 2092/481/481
f 2092/481/481 1563/482/482 201/483/483 1564/484/484
f 1561/479/479 2092/481/481 1564/484/484 520/480/480
f 201/483/483 1565/485/485 2093/486/486 1564/484/484
f 1565/485/485 39/487/487 1566/488/488 2093/486/486
f 2093/486/486 1566/488/488 301/489/489 1567/490/490
f 1564/484/484 2093/486/486 1567/490/490 520/480/480
f 301/489/489 1568/491/491 2094/492/492 1567/490/490
f 1568/491/491 29/327/327 1485/325/325 2094/492/492
f 2094/492/492 1485/325/325 191/323/323 1562/478/478
f 1567/490/490 2094/492/492 1562/478/478 520/480/480
f 192/339/339 1491/338/338 2095/493/493 1570/494/494
f 1491/338/338 29/327/327 1568/491/491 2095/493/493
f 2095/493/493 1568/491/491 301/489/489 1569/495/495
f 1570/494/494 2095/493/493 1569/495/495 521/496/496
f 301/489/489 1566/488/488 2096/497/497 1569/495/495
f 1566/488/488 39/487/487 1571/498/498 2096/497/497
f 2096/497/497 1571/498/498 202/499/499 1572/500/500
f 1569/495/495 2096/497/497 1572/500/500 521/496/496
f 202/499/499 1573/501/501 2097/502/502 1572/500/500
f 1573/501/501 40/503/503 1574/504/504 2097/502/502
f 2097/502/502 1574/504/504 302/505/505 1575/506/506
f 1572/500/500 2097/502/502 1575/506/506 521/496/496
f 302/505/505 1576/507/507 2098/508/508 1575/506/506
f 1576/507/507 30/343/343 1493/341/341 2098/508/508
f 2098/508/508 1493/341/341 192/339/339 1570/494/494
f 1575/506/506 2098/508/508 1570/494/494 521/496/496
f 183/355/355 1499/354/354 2099/509/509 1578/510/510
f 1499/354/354 30/343/343 1576/507/507 2099/509/509
f 2099/509/509 1576/507/507 302/505/505 1577/511/511
f 1578/510/510 2099/509/509 1577/511/511 522/512/512
f 302/505/505 1574/504/504 2100/513/513 1577/511/511
f 1574/504/504 40/503/503 1579/514/514 2100/513/513
f 2100/513/513 1579/514/514 193/515/515 1580/516/516
f 1577/511/511 2100/513/513 1580/516/516 522/512/512
f 193/515/515 1581/517/517 2101/518/518 1580/516/516
f 1581/517/517 31/369/369 1506/367/367 2101/518/518
f 2101/518/518 1506/367/367 293/364/364 1582/519/519
f 1580/516/516 2101/518/518 1582/519/519 522/512/512
f 293/364/364 1503/363/363 2102/520/520 1582/519/519
f 1503/363/363 21/209/209 1501/357/357 2102/520/520
f 2102/520/520 1501/357/357 183/355/355 1578/510/510
f 1582/519/519 2102/520/520 1578/510/510 522/512/512
f 194/371/371 1507/370/370 2103/521/521 1585/522/522
f 1507/370/370 31/369/369 1583/523/523 2103/521/521
f 2103/521/521 1583/523/523 303/524/524 1584/525/525
f 1585/522/522 2103/521/521 1584/525/525 523/526/526
f 303/524/524 1586/527/527 2104/528/528 1584/525/525
f 1586/527/527 41/529/529 1587/530/530 2104/528/528
f 2104/528/528 1587/530/530 204/531/531 1588/532/532
f 1584/525/525 2104/528/528 1588/532/532 523/526/526
f 204/531/531 1589/533/533 2105/534/534 1588/532/532
f 1589/533/533 42/535/535 1590/536/536 2105/534/534
f 2105/534/534 1590/536/536 304/537/537 1591/538/538
f 1588/532/532 2105/534/534 1591/538/538 523/526/526
f 304/537/537 1592/539/539 2106/540/540 1591/538/538
f 1592/539/539 32/375/375 1509/373/373 2106/540/540
f 2106/540/540 1509/373/373 194/371/371 1585/522/522
f 1591/538/538 2106/540/540 1585/522/522 523/526/526
f 195/387/387 1515/386/386 2107/541/541 1594/542/542
f 1515/386/386 32/375/375 1592/539/539 2107/541/541
f 2107/541/541 1592/539/539 304/537/537 1593/543/543
f 1594/542/542 2107/541/541 1593/543/543 524/544/544
f 304/537/537 1590/536/536 2108/545/545 1593/543/543
f 1590/536/536 42/535/535 1595/546/546 2108/545/545
f 2108/545/545 1595/546/546 205/547/547 1596/548/548
f 1593/543/543 2108/545/545 1596/548/548 524/544/544
f 205/547/547 1597/549/549 2109/550/550 1596/548/548
f 1597/549/549 43/551/551 1598/552/552 2109/550/550
f 2109/550/550 1598/552/552 305/553/553 1599/554/554
f 1596/548/548 2109/550/550 1599/554/554 524/544/544
f 305/553/553 1600/555/555 2110/556/556 1599/554/554
f 1600/555/555 33/391/391 1517/389/389 2110/556/556
f 2110/556/556 1517/389/389 195/387/387 1594/542/542
f 1599/554/554 2110/556/556 1594/542/542 524/544/544
f 196/403/403 1523/402/402 2111/557/557 1602/558/558
f 1523/402/402 33/391/391 1600/555/555 2111/557/557
f 2111/557/557 1600/555/555 305/553/553 1601/559/559
f 1602/558/558 2111/557/557 1601/559/559 525/560/560
f 305/553/553 1598/552/552 2112/561/561 1601/559/559
f 1598/552/552 43/551/551 1603/562/562 2112/561/561
f 2112/561/561 1603/562/562 206/563/563 1604/564/564
f 1601/559/559 2112/561/561 1604/564/564 525/560/560
f 206/563/563 1605/565/565 2113/566/566 1604/564/564
f 1605/565/565 44/567/567 1606/568/568 2113/566/566
f 2113/566/566 1606/568/568 306/569/569 1607/570/570
f 1604/564/564 2113/566/566 1607/570/570 525/560/560
f 306/569/569 1608/571/571 2114/572/572 1607/570/570
f 1608/571/571 34/407/407 1525/405/405 2114/572/572
f 2114/572/572 1525/405/405 196/403/403 1602/558/558
f 1607/570/570 2114/572/572 1602/558/558 525/560/560
f 197/419/419 1531/418/418 2115/573/573 1610/574/574
f 1531/418/418 34/407/407 1608/571/571 2115/573/573
f 2115/573/573 1608/571/571 306/569/569 1609/575/575
f 1610/574/574 2115/573/573 1609/575/575 526/576/576
f 306/569/569 1606/568/568 2116/577/577 1609/575/575
f 1606/568/568 44/567/567 1611/578/578 2116/577/577
f 2116/577/577 1611/578/578 207/579/579 1612/580/580
f 1609/575/575 2116/577/577 1612/580/580 526/576/576
f 207/579/579 1613/581/581 2117/582/582 1612/580/580
f 1613/581/581 45/583/583 1614/584/584 2117/582/582
f 2117/582/582 1614/584/584 307/585/585 1615/586/586
f 1612/580/580 2117/582/582 1615/586/586 526/576/576
f 307/585/585 1616/587/587 2118/588/588 1615/586/586
f 1616/587/587 35/423/423 1533/421/421 2118/588/588
f 2118/588/588 1533/421/421 197/419/419 1610/574/574
f 1615/586/586 2118/588/588 1610/574/574 526/576/576
f 198/435/435 1539/434/434 2119/589/589 1618/590/590
f 1539/434/434 35/423/423 1616/587/587 2119/589/589
f 2119/589/589 1616/587/587 307/585/585 1617/591/591
f 1618/590/590 2119/589/589 1617/591/591 527/592/592
f 307/585/585 1614/584/584 2120/593/593 1617/591/591
f 1614/584/584 45/583/583 1619/594/594 2120/593/593
f 2120/593/593 1619/594/594 208/595/595 1620/596/596
f 1617/591/591 2120/593/593 1620/596/596 527/592/592
f 208/595/595 1621/597/597 2121/598/598 1620/596/596
f 1621/597/597 46/599/599 1622/600/600 2121/598/598
f 2121/598/598 1622/600/600 308/601/601 1623/602/602
f 1620/596/596 2121/598/598 1623/602/602 527/592/592
f 308/601/601 1624/603/603 2122/604/604 1623/602/602
f 1624/603/603 36/439/439 1541/437/437 2122/604/604
f 2122/604/604 1541/437/437 198/435/435 1618/590/590
f 1623/602/602 2122/604/604 1618/590/590 527/592/592
f 199/451/451 1547/450/450 2123/605/605 1626/606/606
f 1547/450/450 36/439/439 1624/603/603 2123/605/605
f 2123/605/605 1624/603/603 308/601/601 1625/607/607
f 1626/606/606 2123/605/605 1625/607/607 528/608/608
f 308/601/601 1622/600/600 2124/609/609 1625/607/607
f 1622/600/600 46/599/599 1627/610/610 2124/609/609
f 2124/609/609 1627/610/610 209/611/611 1628/612/612
f 1625/607/607 2124/609/609 1628/612/612 528/608/608
f 209/611/611 1629/613/613 2125/614/614 1628/612/612
f 1629/613/613 47/615/615 1630/616/616 2125/614/614
f 2125/614/614 1630/616/616 309/617/617 1631/618/618
f 1628/612/612 2125/614/614 1631/618/618 528/608/608
f 309/617/617 1632/619/619 2126/620/620 1631/618/618
f 1632/619/619 37/455/455 1549/453/453 2126/620/620
f 2126/620/620 1549/453/453 199/451/451 1626/606/606
f 1631/618/618 2126/620/620 1626/606/606 528/608/608
f 200/467/467 1555/466/466 2127/621/621 1634/622/622
f 1555/466/466 37/455/455 1632/619/619 2127/621/621
f 2127/621/621 1632/619/619 309/617/617 1633/623/623
f 1634/622/622 2127/621/621 1633/623/623 529/624/624
f 309/617/617 1630/616/616 2128/625/625 1633/623/623
f 1630/616/616 47/615/615 1635/626/626 2128/625/625
f 2128/625/625 1635/626/626 210/627/627 1636/628/628
f 1633/623/623 2128/625/625 1636/628/628 529/624/624
f 210/627/627 1637/629/629 2129/630/630 1636/628/628
f 1637/629/629 48/631/631 1638/632/632 2129/630/630
f 2129/630/630 1638/632/632 310/633/633 1639/634/634
f 1636/628/628 2129/630/630 1639/634/634 529/624/624
f 310/633/633 1640/635/635 2130/636/636 1639/634/634
f 1640/635/635 38/471/471 1557/469/469 2130/636/636
f 2130/636/636 1557/469/469 200/467/467 1634/622/622
f 1639/634/634 2130/636/636 1634/622/622 529/624/624
f 201/483/483 1563/482/482 2131/637/637 1642/638/638
f 1563/482/482 38/471/471 1640/635/635 2131/637/637
f 2131/637/637 1640/635/635 310/633/633 1641/639/639
f 1642/638/638 2131/637/637 1641/639/639 530/640/640
f 310/633/633 1638/632/632 2132/641/641 1641/639/639
f 1638/632/632 48/631/631 1643/642/642 2132/641/641
f 2132/641/641 1643/642/642 211/643/643 1644/644/644
f 1641/639/639 2132/641/641 1644/644/644 530/640/640
f 211/643/643 1645/645/645 2133/646/646 1644/644/644
f 1645/645/645 49/647/647 1646/648/648 2133/646/646
f 2133/646/646 1646/648/648 311/649/649 1647/650/650
f 1644/644/644 2133/646/646 1647/650/650 530/640/640
f 311/649/649 1648/651/651 2134/652/652 1647/650/650
f 1648/651/651 39/487/487 1565/485/485 2134/652/652
f 2134/652/652 1565/485/485 201/483/483 1642/638/638
f 1647/650/650 2134/652/652 1642/638/638 530/640/640
f 202/499/499 1571/498/498 2135/653/653 1650/654/654
f 1571/498/498 39/487/487 1648/651/651 2135/653/653
f 2135/653/653 1648/651/651 311/649/649 1649/655/655
f 1650/654/654 2135/653/653 1649/655/655 531/656/656
f 311/649/649 1646/648/648 2136/657/657 1649/655/655
f 1646/648/648 49/647/647 1651/658/658 2136/657/657
f 2136/657/657 1651/658/658 212/659/659 1652/660/660
f 1649/655/655 2136/657/657 1652/660/660 531/656/656
f 212/659/659 1653/661/661 2137/662/662 1652/660/660
f 1653/661/661 50/663/663 1654/664/664 2137/662/662
f 2137/662/662 1654/664/664 312/665/665 1655/666/666
f 1652/660/660 2137/662/662 1655/666/666 531/656/656
f 312/665/665 1656/667/667 2138/668/668 1655/666/666
f 1656/667/667 40/503/503 1573/501/501 2138/668/668
f 2138/668/668 1573/501/501 202/499/499 1650/654/654
f 1655/666/666 2138/668/668 1650/654/654 531/656/656
f 193/515/515 1579/514/514 2139/669/669 1658/670/670
f 1579/514/514 40/503/503 1656/667/667 2139/669/669
f 2139/669/669 1656/667/667 312/665/665 1657/671/671
f 1658/670/670 2139/669/669 1657/671/671 532/672/672
f 312/665/665 1654/664/664 2140/673/673 1657/671/671
f 1654/664/664 50/663/663 1659/674/674 2140/673/673
f 2140/673/673 1659/674/674 203/675/675 1660/676/676
f 1657/671/671 2140/673/673 1660/676/676 532/672/672
f 203/675/675 1661/677/677 2141/678/678 1660/676/676
f 1661/677/677 41/529/529 1586/527/527 2141/678/678
f 2141/678/678 1586/527/527 303/524/524 1662/679/679
f 1660/676/676 2141/678/678 1662/679/679 532/672/672
f 303/524/524 1583/523/523 2142/680/680 1662/679/679
f 1583/523/523 31/369/369 1581/517/517 2142/680/680
f 2142/680/680 1581/517/517 193/515/515 1658/670/670
f 1662/679/679 2142/680/680 1658/670/670 532/672/672
f 204/531/531 1587/530/530 2143/530/681 1665/681/682
f 1587/530/530 41/529/529 1663/529/683 2143/530/681
f 2143/530/681 1663/529/683 313/529/684 1664/530/685
f 1665/681/682 2143/530/681 1664/530/685 533/681/686
f 313/529/684 1666/529/687 2144/682/688 1664/530/685
f 1666/529/687 51/529/689 1667/530/690 2144/682/688
f 2144/682/688 1667/530/690 214/531/691 1668/681/692
f 1664/530/685 2144/682/688 1668/681/692 533/681/686
f 214/531/691 1669/533/693 2145/533/694 1668/681/692
f 1669/533/693 52/535/695 1670/535/696 2145/533/694
f 2145/533/694 1670/535/696 314/535/697 1671/533/698
f 1668/681/692 2145/533/694 1671/533/698 533/681/686
f 314/535/697 1672/535/699 2146/683/700 1671/533/698
f 1672/535/699 42/535/535 1589/533/533 2146/683/700
f 2146/683/700 1589/533/533 204/531/531 1665/681/682
f 1671/533/698 2146/683/700 1665/681/682 533/681/686
f 205/547/547 1595/546/546 2147/546/701 1674/547/702
f 1595/546/546 42/535/535 1672/535/699 2147/546/701
f 2147/546/701 1672/535/699 314/535/697 1673/546/703
f 1674/547/702 2147/546/701 1673/546/703 534/684/704
f 314/535/697 1670/535/696 2148/546/705 1673/546/703
f 1670/535/696 52/535/695 1675/546/706 2148/546/705
f 2148/546/705 1675/546/706 215/547/707 1676/547/708
f 1673/546/703 2148/546/705 1676/547/708 534/684/704
f 215/547/707 1677/549/709 2149/549/710 1676/547/708
f 1677/549/709 53/551/711 1678/551/712 2149/549/710
f 2149/549/710 1678/551/712 315/551/713 1679/549/714
f 1676/547/708 2149/549/710 1679/549/714 534/684/704
f 315/551/713 1680/551/715 2150/549/716 1679/549/714
f 1680/551/715 43/551/551 1597/549/549 2150/549/716
f 2150/549/716 1597/549/549 205/547/547 1674/547/702
f 1679/549/714 2150/549/716 1674/547/702 534/684/704
f 206/563/563 1603/562/562 2151/562/717 1682/685/718
f 1603/562/562 43/551/551 1680/551/715 2151/562/717
f 2151/562/717 1680/551/715 315/551/713 1681/562/719
f 1682/685/718 2151/562/717 1681/562/719 535/685/720
f 315/551/713 1678/551/712 2152/562/721 1681/562/719
f 1678/551/712 53/551/711 1683/562/722 2152/562/721
f 2152/562/721 1683/562/722 216/563/723 1684/685/724
f 1681/562/719 2152/562/721 1684/685/724 535/685/720
f 216/563/723 1685/565/725 2153/565/726 1684/685/724
f 1685/565/725 54/567/727 1686/567/728 2153/565/726
f 2153/565/726 1686/567/728 316/567/729 1687/565/730
f 1684/685/724 2153/565/726 1687/565/730 535/685/720
f 316/567/729 1688/567/731 2154/565/732 1687/565/730
f 1688/567/731 44/567/567 1605/565/565 2154/565/732
f 2154/565/732 1605/565/565 206/563/563 1682/685/718
f 1687/565/730 2154/565/732 1682/685/718 535/685/720
f 207/579/579 1611/578/578 2155/578/733 1690/579/734
f 1611/578/578 44/567/567 1688/567/731 2155/578/733
f 2155/578/733 1688/567/731 316/567/729 1689/578/735
f 1690/579/734 2155/578/733 1689/578/735 536/579/736
f 316/567/729 1686/567/728 2156/578/737 1689/578/735
f 1686/567/728 54/567/727 1691/578/738 2156/578/737
f 2156/578/737 1691/578/738 217/579/739 1692/579/740
f 1689/578/735 2156/578/737 1692/579/740 536/579/736
f 217/579/739 1693/581/741 2157/581/742 1692/579/740
f 1693/581/741 55/583/743 1694/583/744 2157/581/742
f 2157/581/742 1694/583/744 317/583/745 1695/581/746
f 1692/579/740 2157/581/742 1695/581/746 536/579/736
f 317/583/745 1696/583/747 2158/581/748 1695/581/746
f 1696/583/747 45/583/583 1613/581/581 2158/581/748
f 2158/581/748 1613/581/581 207/579/579 1690/579/734
f 1695/581/746 2158/581/748 1690/579/734 536/579/736
f 208/595/595 1619/594/594 2159/594/749 1698/595/750
f 1619/594/594 45/583/583 1696/583/747 2159/594/749
f 2159/594/749 1696/583/747 317/583/745 1697/594/751
f 1698/595/750 2159/594/749 1697/594/751 537/595/752
f 317/583/745 1694/583/744 2160/686/753 1697/594/751
f 1694/583/744 55/583/743 1699/594/754 2160/686/753
f 2160/686/753 1699/594/754 218/595/755 1700/595/756
f 1697/594/751 2160/686/753 1700/595/756 537/595/752
f 218/595/755 1701/597/757 2161/597/758 1700/595/756
f 1701/597/757 56/599/759 1702/599/760 2161/597/758
f 2161/597/758 1702/599/760 318/599/761 1703/597/762
f 1700/595/756 2161/597/758 1703/597/762 537/595/752
f 318/599/761 1704/599/763 2162/597/764 1703/597/762
f 1704/599/763 46/599/599 1621/597/597 2162/597/764
f 2162/597/764 1621/597/597 208/595/595 1698/595/750
f 1703/597/762 2162/597/764 1698/595/750 537/595/752
f 209/611/611 1627/610/610 2163/610/765 1706/611/766
f 1627/610/610 46/599/599 1704/599/763 2163/610/765
f 2163/610/765 1704/599/763 318/599/761 1705/610/767
f 1706/611/766 2163/610/765 1705/610/767 538/687/768
f 318/599/761 1702/599/760 2164/610/769 1705/610/767
f 1702/599/760 56/599/759 1707/610/770 2164/610/769
f 2164/610/769 1707/610/770 219/611/771 1708/611/772
f 1705/610/767 2164/610/769 1708/611/772 538/687/768
f 219/611/771 1709/613/773 2165/688/774 1708/611/772
f 1709/613/773 57/615/775 1710/615/776 2165/688/774
f 2165/688/774 1710/615/776 319/615/777 1711/688/778
f 1708/611/772 2165/688/774 1711/688/778 538/687/768
f 319/615/777 1712/615/779 2166/688/780 1711/688/778
f 1712/615/779 47/615/615 1629/613/613 2166/688/780
f 2166/688/780 1629/613/613 209/611/611 1706/611/766
f 1711/688/778 2166/688/780 1706/611/766 538/687/768
f 210/627/627 1635/626/626 2167/626/781 1714/627/782
f 1635/626/626 47/615/615 1712/615/779 2167/626/781
f 2167/626/781 1712/615/779 319/615/777 1713/626/783
f 1714/627/782 2167/626/781 1713/626/783 539/627/784
f 319/615/777 1710/615/776 2168/626/785 1713/626/783
f 1710/615/776 57/615/775 1715/626/786 2168/626/785
f 2168/626/785 1715/626/786 220/627/787 1716/627/788
f 1713/626/783 2168/626/785 1716/627/788 539/627/784
f 220/627/787 1717/629/789 2169/629/790 1716/627/788
f 1717/629/789 58/631/791 1718/631/792 2169/629/790
f 2169/629/790 1718/631/792 320/631/793 1719/629/794
f 1716/627/788 2169/629/790 1719/629/794 539/627/784
f 320/631/793 1720/631/795 2170/629/796 1719/629/794
f 1720/631/795 48/631/631 1637/629/629 2170/629/796
f 2170/629/796 1637/629/629 210/627/627 1714/627/782
f 1719/629/794 2170/629/796 1714/627/782 539/627/784
f 211/643/643 1643/642/642 2171/689/797 1722/690/798
f 1643/642/642 48/631/631 1720/631/795 2171/689/797
f 2171/689/797 1720/631/795 320/631/793 1721/642/799
f 1722/690/798 2171/689/797 1721/642/799 540/643/800
f 320/631/793 1718/631/792 2172/689/801 1721/642/799
f 1718/631/792 58/631/791 1723/642/802 2172/689/801
f 2172/689/801 1723/642/802 221/643/803 1724/690/804
f 1721/642/799 2172/689/801 1724/690/804 540/643/800
f 221/643/803 1725/645/805 2173/645/806 1724/690/804
f 1725/645/805 59/647/807 1726/647/808 2173/645/806
f 2173/645/806 1726/647/808 321/647/809 1727/645/810
f 1724/690/804 2173/645/806 1727/645/810 540/643/800
f 321/647/809 1728/647/811 2174/645/812 1727/645/810
f 1728/647/811 49/647/647 1645/645/645 2174/645/812
f 2174/645/812 1645/645/645 211/643/643 1722/690/798
f 1727/645/810 2174/645/812 1722/690/798 540/643/800
f 212/659/659 1651/658/658 2175/658/813 1730/691/814
f 1651/658/658 49/647/647 1728/647/811 2175/658/813
f 2175/658/813 1728/647/811 321/647/809 1729/658/815
f 1730/691/814 2175/658/813 1729/658/815 541/691/816
f 321/647/809 1726/647/808 2176/658/817 1729/658/815
f 1726/647/808 59/647/807 1731/658/818 2176/658/817
f 2176/658/817 1731/658/818 222/659/819 1732/691/820
f 1729/658/815 2176/658/817 1732/691/820 541/691/816
f 222/659/819 1733/661/821 2177/661/822 1732/691/820
f 1733/661/821 60/663/823 1734/663/824 2177/661/822
f 2177/661/822 1734/663/824 322/663/825 1735/692/826
f 1732/691/820 2177/661/822 1735/692/826 541/691/816
f 322/663/825 1736/663/827 2178/692/828 1735/692/826
f 1736/663/827 50/663/663 1653/661/661 2178/692/828
f 2178/692/828 1653/661/661 212/659/659 1730/691/814
f 1735/692/826 2178/692/828 1730/691/814 541/691/816
f 203/675/675 1659/674/674 2179/674/829 1738/675/830
f 1659/674/674 50/663/663 1736/663/827 2179/674/829
f 2179/674/829 1736/663/827 322/663/825 1737/674/831
f 1738/675/830 2179/674/829 1737/674/831 542/693/832
f 322/663/825 1734/663/824 2180/694/833 1737/674/831
f 1734/663/824 60/663/823 1739/674/834 2180/694/833
f 2180/694/833 1739/674/834 213/675/835 1740/693/836
f 1737/674/831 2180/694/833 1740/693/836 542/693/832
f 213/675/835 1741/677/837 2181/677/838 1740/693/836
f 1741/677/837 51/529/689 1666/529/687 2181/677/838
f 2181/677/838 1666/529/687 313/529/684 1742/677/839
f 1740/693/836 2181/677/838 1742/677/839 542/693/832
f 313/529/684 1663/529/683 2182/677/840 1742/677/839
f 1663/529/683 41/529/529 1661/677/677 2182/677/840
f 2182/677/840 1661/677/677 203/675/675 1738/675/830
f 1742/677/839 2182/677/840 1738/675/830 542/693/832
f 214/695/691 1667/696/690 2183/697/841 1745/698/842
f 1667/696/690 51/699/689 1743/700/843 2183/697/841
f 2183/697/841 1743/700/843 323/701/844 1744/702/845
f 1745/698/842 2183/697/841 1744/702/845 543/703/846
f 323/701/844 1746/704/847 2184/705/848 1744/702/845
f 1746/704/847 61/706/849 1747/707/850 2184/705/848
f 2184/705/848 1747/707/850 224/708/851 1748/709/852
f 1744/702/845 2184/705/848 1748/709/852 543/703/846
f 224/708/851 1749/710/853 2185/711/854 1748/709/852
f 1749/710/853 62/712/855 1750/713/856 2185/711/854
f 2185/711/854 1750/713/856 324/714/857 1751/715/858
f 1748/709/852 2185/711/854 1751/715/858 543/703/846
f 324/714/857 1752/716/859 2186/717/860 1751/715/858
f 1752/716/859 52/718/695 1669/719/693 2186/717/860
f 2186/717/860 1669/719/693 214/695/691 1745/698/842
f 1751/715/858 2186/717/860 1745/698/842 543/703/846
f 215/720/707 1675/721/706 2187/722/861 1754/723/862
f 1675/721/706 52/718/695 1752/716/859 2187/722/861
f 2187/722/861 1752/716/859 324/714/857 1753/724/863
f 1754/723/862 2187/722/861 1753/724/863 544/725/864
f 324/714/857 1750/713/856 2188/726/865 1753/724/863
f 1750/713/856 62/712/855 1755/727/866 2188/726/865
f 2188/726/865 1755/727/866 225/728/867 1756/729/868
f 1753/724/863 2188/726/865 1756/729/868 544/725/864
f 225/728/867 1757/730/869 2189/731/870 1756/729/868
f 1757/730/869 63/732/871 1758/733/872 2189/731/870
f 2189/731/870 1758/733/872 325/734/873 1759/735/874
f 1756/729/868 2189/731/870 1759/735/874 544/725/864
f 325/734/873 1760/736/875 2190/737/876 1759/735/874
f 1760/736/875 53/738/711 1677/739/709 2190/737/876
f 2190/737/876 1677/739/709 215/720/707 1754/723/862
f 1759/735/874 2190/737/876 1754/723/862 544/725/864
f 216/740/723 1683/741/722 2191/742/877 1762/743/878
f 1683/741/722 53/738/711 1760/736/875 2191/742/877
f 2191/742/877 1760/736/875 325/734/873 1761/744/879
f 1762/743/878 2191/742/877 1761/744/879 545/745/880
f 325/734/873 1758/733/872 2192/746/881 1761/744/879
f 1758/733/872 63/732/871 1763/747/882 2192/746/881
f 2192/746/881 1763/747/882 226/748/883 1764/749/884
f 1761/744/879 2192/746/881 1764/749/884 545/745/880
f 226/748/883 1765/750/885 2193/751/886 1764/749/884
f 1765/750/885 64/752/887 1766/753/888 2193/751/886
f 2193/751/886 1766/753/888 326/754/889 1767/755/890
f 1764/749/884 2193/751/886 1767/755/890 545/745/880
f 326/754/889 1768/756/891 2194/757/892 1767/755/890
f 1768/756/891 54/758/727 1685/759/725 2194/757/892
f 2194/757/892 1685/759/725 216/740/723 1762/743/878
f 1767/755/890 2194/757/892 1762/743/878 545/745/880
f 217/760/739 1691/761/738 2195/762/893 1770/763/894
f 1691/761/738 54/758/727 1768/756/891 2195/762/893
f 2195/762/893 1768/756/891 326/754/889 1769/764/895
f 1770/763/894 2195/762/893 1769/764/895 546/765/896
f 326/754/889 1766/753/888 2196/766/897 1769/764/895
f 1766/753/888 64/752/887 1771/767/898 2196/766/897
f 2196/766/897 1771/767/898 227/768/899 1772/769/900
f 1769/764/895 2196/766/897 1772/769/900 546/765/896
f 227/768/899 1773/770/901 2197/771/902 1772/769/900
f 1773/770/901 65/772/903 1774/773/904 2197/771/902
f 2197/771/902 1774/773/904 327/774/905 1775/775/906
f 1772/769/900 2197/771/902 1775/775/906 546/765/896
f 327/774/905 1776/776/907 2198/777/908 1775/775/906
f 1776/776/907 55/778/743 1693/779/741 2198/777/908
f 2198/777/908 1693/779/741 217/760/739 1770/763/894
f 1775/775/906 2198/777/908 1770/763/894 546/765/896
f 218/780/755 1699/781/754 2199/782/909 1778/783/910
f 1699/781/754 55/778/743 1776/776/907 2199/782/909
f 2199/782/909 1776/776/907 327/774/905 1777/784/911
f 1778/783/910 2199/782/909 1777/784/911 547/785/912
f 327/774/905 1774/773/904 2200/786/913 1777/784/911
f 1774/773/904 65/772/903 1779/787/914 2200/786/913
f 2200/786/913 1779/787/914 228/788/915 1780/789/916
f 1777/784/911 2200/786/913 1780/789/916 547/785/912
f 228/788/915 1781/790/917 2201/791/918 1780/789/916
f 1781/790/917 66/792/919 1782/793/920 2201/791/918
f 2201/791/918 1782/793/920 328/794/921 1783/795/922
f 1780/789/916 2201/791/918 1783/795/922 547/785/912
f 328/794/921 1784/796/923 2202/797/924 1783/795/922
f 1784/796/923 56/798/759 1701/799/757 2202/797/924
f 2202/797/924 1701/799/757 218/780/755 1778/783/910
f 1783/795/922 2202/797/924 1778/783/910 547/785/912
f 219/800/771 1707/801/770 2203/802/925 1786/803/926
f 1707/801/770 56/798/759 1784/796/923 2203/802/925
f 2203/802/925 1784/796/923 328/794/921 1785/804/927
f 1786/803/926 2203/802/925 1785/804/927 548/805/928
f 328/794/921 1782/793/920 2204/806/929 1785/804/927
f 1782/793/920 66/792/919 1787/807/930 2204/806/929
f 2204/806/929 1787/807/930 229/808/931 1788/809/932
f 1785/804/927 2204/806/929 1788/809/932 548/805/928
f 229/808/931 1789/810/933 2205/811/934 1788/809/932
f 1789/810/933 67/812/935 1790/813/936 2205/811/934
f 2205/811/934 1790/813/936 329/814/937 1791/815/938
f 1788/809/932 2205/811/934 1791/815/938 548/805/928
f 329/814/937 1792/816/939 2206/817/940 1791/815/938
f 1792/816/939 57/818/775 1709/819/773 2206/817/940
f 2206/817/940 1709/819/773 219/800/771 1786/803/926
f 1791/815/938 2206/817/940 1786/803/926 548/805/928
f 220/820/787 1715/821/786 2207/822/941 1794/823/942
f 1715/821/786 57/818/775 1792/816/939 2207/822/941
f 2207/822/941 1792/816/939 329/814/937 1793/824/943
f 1794/823/942 2207/822/941 1793/824/943 549/825/944
f 329/814/937 1790/813/936 2208/826/945 1793/824/943
f 1790/813/936 67/812/935 1795/827/946 2208/826/945
f 2208/826/945 1795/827/946 230/828/947 1796/829/948
f 1793/824/943 2208/826/945 1796/829/948 549/825/944
f 230/828/947 1797/830/949 2209/831/950 1796/829/948
f 1797/830/949 68/832/951 1798/833/952 2209/831/950
f 2209/831/950 1798/833/952 330/834/953 1799/835/954
f 1796/829/948 2209/831/950 1799/835/954 549/825/944
f 330/834/953 1800/836/955 2210/837/956 1799/835/954
f 1800/836/955 58/838/791 1717/839/789 2210/837/956
f 2210/837/956 1717/839/789 220/820/787 1794/823/942
f 1799/835/954 2210/837/956 1794/823/942 549/825/944
f 221/840/803 1723/841/802 2211/842/957 1802/843/958
f 1723/841/802 58/838/791 1800/836/955 2211/842/957
f 2211/842/957 1800/836/955 330/834/953 1801/844/959
f 1802/843/958 2211/842/957 1801/844/959 550/845/960
f 330/834/953 1798/833/952 2212/846/961 1801/844/959
f 1798/833/952 68/832/951 1803/847/962 2212/846/961
f 2212/846/961 1803/847/962 231/848/963 1804/849/964
f 1801/844/959 2212/846/961 1804/849/964 550/845/960
f 231/848/963 1805/850/965 2213/851/966 1804/849/964
f 1805/850/965 69/852/967 1806/853/968 2213/851/966
f 2213/851/966 1806/853/968 331/854/969 1807/855/970
f 1804/849/964 2213/851/966 1807/855/970 550/845/960
f 331/854/969 1808/856/971 2214/857/972 1807/855/970
f 1808/856/971 59/858/807 1725/859/805 2214/857/972
f 2214/857/972 1725/859/805 221/840/803 1802/843/958
f 1807/855/970 2214/857/972 1802/843/958 550/845/960
f 222/860/819 1731/861/818 2215/862/973 1810/863/974
f 1731/861/818 59/858/807 1808/856/971 2215/862/973
f 2215/862/973 1808/856/971 331/854/969 1809/864/975
f 1810/863/974 2215/862/973 1809/864/975 551/865/976
f 331/854/969 1806/853/968 2216/866/977 1809/864/975
f 1806/853/968 69/852/967 1811/867/978 2216/866/977
f 2216/866/977 1811/867/978 232/868/979 1812/869/980
f 1809/864/975 2216/866/977 1812/869/980 551/865/976
f 232/868/979 1813/870/981 2217/871/982 1812/869/980
f 1813/870/981 70/872/983 1814/873/984 2217/871/982
f 2217/871/982 1814/873/984 332/874/985 1815/875/986
f 1812/869/980 2217/871/982 1815/875/986 551/865/976
f 332/874/985 1816/876/987 2218/877/988 1815/875/986
f 1816/876/987 60/878/823 1733/879/821 2218/877/988
f 2218/877/988 1733/879/821 222/860/819 1810/863/974
f 1815/875/986 2218/877/988 1810/863/974 551/865/976
f 213/880/835 1739/881/834 2219/882/989 1818/883/990
f 1739/881/834 60/878/823 1816/876/987 2219/882/989
f 2219/882/989 1816/876/987 332/874/985 1817/884/991
f 1818/883/990 2219/882/989 1817/884/991 552/885/992
f 332/874/985 1814/873/984 2220/886/993 1817/884/991
f 1814/873/984 70/872/983 1819/887/994 2220/886/993
f 2220/886/993 1819/887/994 223/888/995 1820/889/996
f 1817/884/991 2220/886/993 1820/889/996 552/885/992
f 223/888/995 1821/890/997 2221/891/998 1820/889/996
f 1821/890/997 61/706/849 1746/704/847 2221/891/998
f 2221/891/998 1746/704/847 323/701/844 1822/892/999
f 1820/889/996 2221/891/998 1822/892/999 552/885/992
f 323/701/844 1743/700/843 2222/893/1000 1822/892/999
f 1743/700/843 51/699/689 1741/894/837 2222/893/1000
f 2222/893/1000 1741/894/837 213/880/835 1818/883/990
f 1822/892/999 2222/893/1000 1818/883/990 552/885/992
f 224/708/851 1747/707/850 2223/895/1001 1825/896/1002
f 1747/707/850 61/706/849 1823/897/1003 2223/895/1001
f 2223/895/1001 1823/897/1003 333/898/1004 1824/899/1005
f 1825/896/1002 2223/895/1001 1824/899/1005 553/900/1006
f 333/898/1004 1826/901/1007 2224/902/1008 1824/899/1005
f 1826/901/1007 161/903/1009 1827/904/1010 2224/902/1008
f 2224/902/1008 1827/904/1010 489/905/1011 1828/906/1012
f 1824/899/1005 2224/902/1008 1828/906/1012 553/900/1006
f 489/905/1011 1829/907/1013 2225/908/1014 1828/906/1012
f 1829/907/1013 160/909/1015 1830/910/1016 2225/908/1014
f 2225/908/1014 1830/910/1016 334/911/1017 1831/912/1018
f 1828/906/1012 2225/908/1014 1831/912/1018 553/900/1006
f 334/911/1017 1832/913/1019 2226/914/1020 1831/912/1018
f 1832/913/1019 62/712/855 1749/710/853 2226/914/1020
f 2226/914/1020 1749/710/853 224/708/851 1825/896/1002
f 1831/912/1018 2226/914/1020 1825/896/1002 553/900/1006
f 225/728/867 1755/727/866 2227/915/1021 1834/916/1022
f 1755/727/866 62/712/855 1832/913/1019 2227/915/1021
f 2227/915/1021 1832/913/1019 334/911/1017 1833/917/1023
f 1834/916/1022 2227/915/1021 1833/917/1023 554/918/1024
f 334/911/1017 1830/910/1016 2228/919/1025 1833/917/1023
f 1830/910/1016 160/909/1015 1835/920/1026 2228/919/1025
f 2228/919/1025 1835/920/1026 487/921/1027 1836/922/1028
f 1833/917/1023 2228/919/1025 1836/922/1028 554/918/1024
f 487/921/1027 1837/923/1029 2229/924/1030 1836/922/1028
f 1837/923/1029 159/925/1031 1838/926/1032 2229/924/1030
f 2229/924/1030 1838/926/1032 335/927/1033 1839/928/1034
f 1836/922/1028 2229/924/1030 1839/928/1034 554/918/1024
f 335/927/1033 1840/929/1035 2230/930/1036 1839/928/1034
f 1840/929/1035 63/732/871 1757/730/869 2230/930/1036
f 2230/930/1036 1757/730/869 225/728/867 1834/916/1022
f 1839/928/1034 2230/930/1036 1834/916/1022 554/918/1024
f 226/748/883 1763/747/882 2231/931/1037 1842/932/1038
f 1763/747/882 63/732/871 1840/929/1035 2231/931/1037
f 2231/931/1037 1840/929/1035 335/927/1033 1841/933/1039
f 1842/932/1038 2231/931/1037 1841/933/1039 555/934/1040
f 335/927/1033 1838/926/1032 2232/935/1041 1841/933/1039
f 1838/926/1032 159/925/1031 1843/936/1042 2232/935/1041
f 2232/935/1041 1843/936/1042 485/937/1043 1844/938/1044
f 1841/933/1039 2232/935/1041 1844/938/1044 555/934/1040
f 485/937/1043 1845/939/1045 2233/940/1046 1844/938/1044
f 1845/939/1045 158/941/1047 1846/942/1048 2233/940/1046
f 2233/940/1046 1846/942/1048 336/943/1049 1847/944/1050
f 1844/938/1044 2233/940/1046 1847/944/1050 555/934/1040
f 336/943/1049 1848/945/1051 2234/946/1052 1847/944/1050
f 1848/945/1051 64/752/887 1765/750/885 2234/946/1052
f 2234/946/1052 1765/750/885 226/748/883 1842/932/1038
f 1847/944/1050 2234/946/1052 1842/932/1038 555/934/1040
f 227/768/899 1771/767/898 2235/947/1053 1850/948/1054
f 1771/767/898 64/752/887 1848/945/1051 2235/947/1053
f 2235/947/1053 1848/945/1051 336/943/1049 1849/949/1055
f 1850/948/1054 2235/947/1053 1849/949/1055 556/950/1056
f 336/943/1049 1846/942/1048 2236/951/1057 1849/949/1055
f 1846/942/1048 158/941/1047 1851/952/1058 2236/951/1057
f 2236/951/1057 1851/952/1058 483/953/1059 1852/954/1060
f 1849/949/1055 2236/951/1057 1852/954/1060 556/950/1056
f 483/953/1059 1853/955/1061 2237/956/1062 1852/954/1060
f 1853/955/1061 157/957/1063 1854/958/1064 2237/956/1062
f 2237/956/1062 1854/958/1064 337/959/1065 1855/960/1066
f 1852/954/1060 2237/956/1062 1855/960/1066 556/950/1056
f 337/959/1065 1856/961/1067 2238/962/1068 1855/960/1066
f 1856/961/1067 65/772/903 1773/770/901 2238/962/1068
f 2238/962/1068 1773/770/901 227/768/899 1850/948/1054
f 1855/960/1066 2238/962/1068 1850/948/1054 556/950/1056
f 228/788/915 1779/787/914 2239/963/1069 1858/964/1070
f 1779/787/914 65/772/903 1856/961/1067 2239/963/1069
f 2239/963/1069 1856/961/1067 337/959/1065 1857/965/1071
f 1858/964/1070 2239/963/1069 1857/965/1071 557/966/1072
f 337/959/1065 1854/958/1064 2240/967/1073 1857/965/1071
f 1854/958/1064 157/957/1063 1859/968/1074 2240/967/1073
f 2240/967/1073 1859/968/1074 481/969/1075 1860/970/1076
f 1857/965/1071 2240/967/1073 1860/970/1076 557/966/1072
f 481/969/1075 1861/971/1077 2241/972/1078 1860/970/1076
f 1861/971/1077 156/973/1079 1862/974/1080 2241/972/1078
f 2241/972/1078 1862/974/1080 338/975/1081 1863/976/1082
f 1860/970/1076 2241/972/1078 1863/976/1082 557/966/1072
f 338/975/1081 1864/977/1083 2242/978/1084 1863/976/1082
f 1864/977/1083 66/792/919 1781/790/917 2242/978/1084
f 2242/978/1084 1781/790/917 228/788/915 1858/964/1070
f 1863/976/1082 2242/978/1084 1858/964/1070 557/966/1072
f 229/808/931 1787/807/930 2243/979/1085 1866/980/1086
f 1787/807/930 66/792/919 1864/977/1083 2243/979/1085
f 2243/979/1085 1864/977/1083 338/975/1081 1865/981/1087
f 1866/980/1086 2243/979/1085 1865/981/1087 558/982/1088
f 338/975/1081 1862/974/1080 2244/983/1089 1865/981/1087
f 1862/974/1080 156/973/1079 1867/984/1090 2244/983/1089
f 2244/983/1089 1867/984/1090 479/985/1091 1868/986/1092
f 1865/981/1087 2244/983/1089 1868/986/1092 558/982/1088
f 479/985/1091 1869/987/1093 2245/988/1094 1868/986/1092
f 1869/987/1093 155/989/1095 1870/990/1096 2245/988/1094
f 2245/988/1094 1870/990/1096 339/991/1097 1871/992/1098
f 1868/986/1092 2245/988/1094 1871/992/1098 558/982/1088
f 339/991/1097 1872/993/1099 2246/994/1100 1871/992/1098
f 1872/993/1099 67/812/935 1789/810/933 2246/994/1100
f 2246/994/1100 1789/810/933 229/808/931 1866/980/1086
f 1871/992/1098 2246/994/1100 1866/980/1086 558/982/1088
f 230/828/947 1795/827/946 2247/995/1101 1874/996/1102
f 1795/827/946 67/812/935 1872/993/1099 2247/995/1101
f 2247/995/1101 1872/993/1099 339/991/1097 1873/997/1103
f 1874/996/1102 2247/995/1101 1873/997/1103 559/998/1104
f 339/991/1097 1870/990/1096 2248/999/1105 1873/997/1103
f 1870/990/1096 155/989/1095 1875/1000/1106 2248/999/1105
f 2248/999/1105 1875/1000/1106 477/1001/1107 1876/1002/1108
f 1873/997/1103 2248/999/1105 1876/1002/1108 559/998/1104
f 477/1001/1107 1877/1003/1109 2249/1004/1110 1876/1002/1108
f 1877/1003/1109 154/1005/1111 1878/1006/1112 2249/1004/1110
f 2249/1004/1110 1878/1006/1112 340/1007/1113 1879/1008/1114
f 1876/1002/1108 2249/1004/1110 1879/1008/1114 559/998/1104
f 340/1007/1113 1880/1009/1115 2250/1010/1116 1879/1008/1114
f 1880/1009/1115 68/832/951 1797/830/949 2250/1010/1116
f 2250/1010/1116 1797/830/949 230/828/947 1874/996/1102
f 1879/1008/1114 2250/1010/1116 1874/996/1102 559/998/1104
f 231/848/963 1803/847/962 2251/1011/1117 1882/1012/1118
f 1803/847/962 68/832/951 1880/1009/1115 2251/1011/1117
f 2251/1011/1117 1880/1009/1115 340/1007/1113 1881/1013/1119
f 1882/1012/1118 2251/1011/1117 1881/1013/1119 560/1014/1120
f 340/1007/1113 1878/1006/1112 2252/1015/1121 1881/1013/1119
f 1878/1006/1112 154/1005/1111 1883/1016/1122 2252/1015/1121
f 2252/1015/1121 1883/1016/1122 475/1017/1123 1884/1018/1124
f 1881/1013/1119 2252/1015/1121 1884/1018/1124 560/1014/1120
f 475/1017/1123 1885/1019/1125 2253/1020/1126 1884/1018/1124
f 1885/1019/1125 153/1021/1127 1886/1022/1128 2253/1020/1126
f 2253/1020/1126 1886/1022/1128 341/1023/1129 1887/1024/1130
f 1884/1018/1124 2253/1020/1126 1887/1024/1130 560/1014/1120
f 341/1023/1129 1888/1025/1131 2254/1026/1132 1887/1024/1130
f 1888/1025/1131 69/852/967 1805/850/965 2254/1026/1132
f 2254/1026/1132 1805/850/965 231/848/963 1882/1012/1118
f 1887/1024/1130 2254/1026/1132 1882/1012/1118 560/1014/1120
f 232/868/979 1811/867/978 2255/1027/1133 1890/1028/1134
f 1811/867/978 69/852/967 1888/1025/1131 2255/1027/1133
f 2255/1027/1133 1888/1025/1131 341/1023/1129 1889/1029/1135
f 1890/1028/1134 2255/1027/1133 1889/1029/1135 561/1030/1136
f 341/1023/1129 1886/1022/1128 2256/1031/1137 1889/1029/1135
f 1886/1022/1128 153/1021/1127 1891/1032/1138 2256/1031/1137
f 2256/1031/1137 1891/1032/1138 492/1033/1139 1892/1034/1140
f 1889/1029/1135 2256/1031/1137 1892/1034/1140 561/1030/1136
f 492/1033/1139 1893/1035/1141 2257/1036/1142 1892/1034/1140
f 1893/1035/1141 162/1037/1143 1894/1038/1144 2257/1036/1142
f 2257/1036/1142 1894/1038/1144 342/1039/1145 1895/1040/1146
f 1892/1034/1140 2257/1036/1142 1895/1040/1146 561/1030/1136
f 342/1039/1145 1896/1041/1147 2258/1042/1148 1895/1040/1146
f 1896/1041/1147 70/872/983 1813/870/981 2258/1042/1148
f 2258/1042/1148 1813/870/981 232/868/979 1890/1028/1134
f 1895/1040/1146 2258/1042/1148 1890/1028/1134 561/1030/1136
f 223/888/995 1819/887/994 2259/1043/1149 1898/1044/1150
f 1819/887/994 70/872/983 1896/1041/1147 2259/1043/1149
f 2259/1043/1149 1896/1041/1147 342/1039/1145 1897/1045/1151
f 1898/1044/1150 2259/1043/1149 1897/1045/1151 562/1046/1152
f 342/1039/1145 1894/1038/1144 2260/1047/1153 1897/1045/1151
f 1894/1038/1144 162/1037/1143 1899/1048/1154 2260/1047/1153
f 2260/1047/1153 1899/1048/1154 491/1049/1155 1900/1050/1156
f 1897/1045/1151 2260/1047/1153 1900/1050/1156 562/1046/1152
f 491/1049/1155 1901/1051/1157 2261/1052/1158 1900/1050/1156
f 1901/1051/1157 161/903/1009 1826/901/1007 2261/1052/1158
f 2261/1052/1158 1826/901/1007 333/898/1004 1902/1053/1159
f 1900/1050/1156 2261/1052/1158 1902/1053/1159 562/1046/1152
f 333/898/1004 1823/897/1003 2262/1054/1160 1902/1053/1159
f 1823/897/1003 61/706/849 1821/890/997 2262/1054/1160
f 2262/1054/1160 1821/890/997 223/888/995 1898/1044/1150
f 1902/1053/1159 2262/1054/1160 1898/1044/1150 562/1046/1152
f 486/1055/1161 1903/1056/1162 2263/1057/1163 1905/1058/1164
f 1903/1056/1162 160/909/1015 1829/907/1013 2263/1057/1163
f 2263/1057/1163 1829/907/1013 489/905/1011 1904/1059/1165
f 1905/1058/1164 2263/1057/1163 1904/1059/1165 563/1060/1166
f 489/905/1011 1827/904/1010 2264/1061/1167 1904/1059/1165
f 1827/904/1010 161/903/1009 1906/1062/1168 2264/1061/1167
f 2264/1061/1167 1906/1062/1168 488/1063/1169 1907/1064/1170
f 1904/1059/1165 2264/1061/1167 1907/1064/1170 563/1060/1166
f 488/1063/1169 1908/1065/1171 2265/1066/1172 1907/1064/1170
f 1908/1065/1171 71/1067/1173 1909/1068/1174 2265/1066/1172
f 2265/1066/1172 1909/1068/1174 234/1069/1175 1910/1070/1176
f 1907/1064/1170 2265/1066/1172 1910/1070/1176 563/1060/1166
f 234/1069/1175 1911/1071/1177 2266/1072/1178 1910/1070/1176
f 1911/1071/1177 72/1073/1179 1912/1074/1180 2266/1072/1178
f 2266/1072/1178 1912/1074/1180 486/1055/1161 1905/1058/1164
f 1910/1070/1176 2266/1072/1178 1905/1058/1164 563/1060/1166
f 484/1075/1181 1913/1076/1182 2267/1077/1183 1915/1078/1184
f 1913/1076/1182 159/925/1031 1837/923/1029 2267/1077/1183
f 2267/1077/1183 1837/923/1029 487/921/1027 1914/1079/1185
f 1915/1078/1184 2267/1077/1183 1914/1079/1185 564/1080/1186
f 487/921/1027 1835/920/1026 2268/1081/1187 1914/1079/1185
f 1835/920/1026 160/909/1015 1903/1056/1162 2268/1081/1187
f 2268/1081/1187 1903/1056/1162 486/1055/1161 1916/1082/1188
f 1914/1079/1185 2268/1081/1187 1916/1082/1188 564/1080/1186
f 486/1055/1161 1912/1074/1180 2269/1083/1189 1916/1082/1188
f 1912/1074/1180 72/1073/1179 1917/1084/1190 2269/1083/1189
f 2269/1083/1189 1917/1084/1190 235/1085/1191 1918/1086/1192
f 1916/1082/1188 2269/1083/1189 1918/1086/1192 564/1080/1186
f 235/1085/1191 1919/1087/1193 2270/1088/1194 1918/1086/1192
f 1919/1087/1193 73/1089/1195 1920/1090/1196 2270/1088/1194
f 2270/1088/1194 1920/1090/1196 484/1075/1181 1915/1078/1184
f 1918/1086/1192 2270/1088/1194 1915/1078/1184 564/1080/1186
f 482/1091/1197 1921/1092/1198 2271/1093/1199 1923/1094/1200
f 1921/1092/1198 158/941/1047 1845/939/1045 2271/1093/1199
f 2271/1093/1199 1845/939/1045 485/937/1043 1922/1095/1201
f 1923/1094/1200 2271/1093/1199 1922/1095/1201 565/1096/1202
f 485/937/1043 1843/936/1042 2272/1097/1203 1922/1095/1201
f 1843/936/1042 159/925/1031 1913/1076/1182 2272/1097/1203
f 2272/1097/1203 1913/1076/1182 484/1075/1181 1924/1098/1204
f 1922/1095/1201 2272/1097/1203 1924/1098/1204 565/1096/1202
f 484/1075/1181 1920/1090/1196 2273/1099/1205 1924/1098/1204
f 1920/1090/1196 73/1089/1195 1925/1100/1206 2273/1099/1205
f 2273/1099/1205 1925/1100/1206 236/1101/1207 1926/1102/1208
f 1924/1098/1204 2273/1099/1205 1926/1102/1208 565/1096/1202
f 236/1101/1207 1927/1103/1209 2274/1104/1210 1926/1102/1208
f 1927/1103/1209 74/1105/1211 1928/1106/1212 2274/1104/1210
f 2274/1104/1210 1928/1106/1212 482/1091/1197 1923/1094/1200
f 1926/1102/1208 2274/1104/1210 1923/1094/1200 565/1096/1202
f 480/1107/1213 1929/1108/1214 2275/1109/1215 1931/1110/1216
f 1929/1108/1214 157/957/1063 1853/955/1061 2275/1109/1215
f 2275/1109/1215 1853/955/1061 483/953/1059 1930/1111/1217
f 1931/1110/1216 2275/1109/1215 1930/1111/1217 566/1112/1218
f 483/953/1059 1851/952/1058 2276/1113/1219 1930/1111/1217
f 1851/952/1058 158/941/1047 1921/1092/1198 2276/1113/1219
f 2276/1113/1219 1921/1092/1198 482/1091/1197 1932/1114/1220
f 1930/1111/1217 2276/1113/1219 1932/1114/1220 566/1112/1218
f 482/1091/1197 1928/1106/1212 2277/1115/1221 1932/1114/1220
f 1928/1106/1212 74/1105/1211 1933/1116/1222 2277/1115/1221
f 2277/1115/1221 1933/1116/1222 237/1117/1223 1934/1118/1224
f 1932/1114/1220 2277/1115/1221 1934/1118/1224 566/1112/1218
f 237/1117/1223 1935/1119/1225 2278/1120/1226 1934/1118/1224
f 1935/1119/1225 75/1121/1227 1936/1122/1228 2278/1120/1226
f 2278/1120/1226 1936/1122/1228 480/1107/1213 1931/1110/1216
f 1934/1118/1224 2278/1120/1226 1931/1110/1216 566/1112/1218
f 478/1123/1229 1937/1124/1230 2279/1125/1231 1939/1126/1232
f 1937/1124/1230 156/973/1079 1861/971/1077 2279/1125/1231
f 2279/1125/1231 1861/971/1077 481/969/1075 1938/1127/1233
f 1939/1126/1232 2279/1125/1231 1938/1127/1233 567/1128/1234
f 481/969/1075 1859/968/1074 2280/1129/1235 1938/1127/1233
f 1859/968/1074 157/957/1063 1929/1108/1214 2280/1129/1235
f 2280/1129/1235 1929/1108/1214 480/1107/1213 1940/1130/1236
f 1938/1127/1233 2280/1129/1235 1940/1130/1236 567/1128/1234
f 480/1107/1213 1936/1122/1228 2281/1131/1237 1940/1130/1236
f 1936/1122/1228 75/1121/1227 1941/1132/1238 2281/1131/1237
f 2281/1131/1237 1941/1132/1238 238/1133/1239 1942/1134/1240
f 1940/1130/1236 2281/1131/1237 1942/1134/1240 567/1128/1234
f 238/1133/1239 1943/1135/1241 2282/1136/1242 1942/1134/1240
f 1943/1135/1241 76/1137/1243 1944/1138/1244 2282/1136/1242
f 2282/1136/1242 1944/1138/1244 478/1123/1229 1939/1126/1232
f 1942/1134/1240 2282/1136/1242 1939/1126/1232 567/1128/1234
f 476/1139/1245 1945/1140/1246 2283/1141/1247 1947/1142/1248
f 1945/1140/1246 155/989/1095 1869/987/1093 2283/1141/1247
f 2283/1141/1247 1869/987/1093 479/985/1091 1946/1143/1249
f 1947/1142/1248 2283/1141/1247 1946/1143/1249 568/1144/1250
f 479/985/1091 1867/984/1090 2284/1145/1251 1946/1143/1249
f 1867/984/1090 156/973/1079 1937/1124/1230 2284/1145/1251
f 2284/1145/1251 1937/1124/1230 478/1123/1229 1948/1146/1252
f 1946/1143/1249 2284/1145/1251 1948/1146/1252 568/1144/1250
f 478/1123/1229 1944/1138/1244 2285/1147/1253 1948/1146/1252
f 1944/1138/1244 76/1137/1243 1949/1148/1254 2285/1147/1253
f 2285/1147/1253 1949/1148/1254 239/1149/1255 1950/1150/1256
f 1948/1146/1252 2285/1147/1253 1950/1150/1256 568/1144/1250
f 239/1149/1255 1951/1151/1257 2286/1152/1258 1950/1150/1256
f 1951/1151/1257 77/1153/1259 1952/1154/1260 2286/1152/1258
f 2286/1152/1258 1952/1154/1260 476/1139/1245 1947/1142/1248
f 1950/1150/1256 2286/1152/1258 1947/1142/1248 568/1144/1250
f 474/1155/1261 1953/1156/1262 2287/1157/1263 1955/1158/1264
f 1953/1156/1262 154/1005/1111 1877/1003/1109 2287/1157/1263
f 2287/1157/1263 1877/1003/1109 477/1001/1107 1954/1159/1265
f 1955/1158/1264 2287/1157/1263 1954/1159/1265 569/1160/1266
f 477/1001/1107 1875/1000/1106 2288/1161/1267 1954/1159/1265
f 1875/1000/1106 155/989/1095 1945/1140/1246 2288/1161/1267
f 2288/1161/1267 1945/1140/1246 476/1139/1245 1956/1162/1268
f 1954/1159/1265 2288/1161/1267 1956/1162/1268 569/1160/1266
f 476/1139/1245 1952/1154/1260 2289/1163/1269 1956/1162/1268
f 1952/1154/1260 77/1153/1259 1957/1164/1270 2289/1163/1269
f 2289/1163/1269 1957/1164/1270 240/1165/1271 1958/1166/1272
f 1956/1162/1268 2289/1163/1269 1958/1166/1272 569/1160/1266
f 240/1165/1271 1959/1167/1273 2290/1168/1274 1958/1166/1272
f 1959/1167/1273 78/1169/1275 1960/1170/1276 2290/1168/1274
f 2290/1168/1274 1960/1170/1276 474/1155/1261 1955/1158/1264
f 1958/1166/1272 2290/1168/1274 1955/1158/1264 569/1160/1266
f 473/1171/1277 1961/1172/1278 2291/1173/1279 1963/1174/1280
f 1961/1172/1278 153/1021/1127 1885/1019/1125 2291/1173/1279
f 2291/1173/1279 1885/1019/1125 475/1017/1123 1962/1175/1281
f 1963/1174/1280 2291/1173/1279 1962/1175/1281 570/1176/1282
f 475/1017/1123 1883/1016/1122 2292/1177/1283 1962/1175/1281
f 1883/1016/1122 154/1005/1111 1953/1156/1262 2292/1177/1283
f 2292/1177/1283 1953/1156/1262 474/1155/1261 1964/1178/1284
f 1962/1175/1281 2292/1177/1283 1964/1178/1284 570/1176/1282
f 474/1155/1261 1960/1170/1276 2293/1179/1285 1964/1178/1284
f 1960/1170/1276 78/1169/1275 1965/1180/1286 2293/1179/1285
f 2293/1179/1285 1965/1180/1286 241/1181/1287 1966/1182/1288
f 1964/1178/1284 2293/1179/1285 1966/1182/1288 570/1176/1282
f 241/1181/1287 1967/1183/1289 2294/1184/1290 1966/1182/1288
f 1967/1183/1289 79/1185/1291 1968/1186/1292 2294/1184/1290
f 2294/1184/1290 1968/1186/1292 473/1171/1277 1963/1174/1280
f 1966/1182/1288 2294/1184/1290 1963/1174/1280 570/1176/1282
f 490/1187/1293 1969/1188/1294 2295/1189/1295 1971/1190/1296
f 1969/1188/1294 162/1037/1143 1893/1035/1141 2295/1189/1295
f 2295/1189/1295 1893/1035/1141 492/1033/1139 1970/1191/1297
f 1971/1190/1296 2295/1189/1295 1970/1191/1297 571/1192/1298
f 492/1033/1139 1891/1032/1138 2296/1193/1299 1970/1191/1297
f 1891/1032/1138 153/1021/1127 1961/1172/1278 2296/1193/1299
f 2296/1193/1299 1961/1172/1278 473/1171/1277 1972/1194/1300
f 1970/1191/1297 2296/1193/1299 1972/1194/1300 571/1192/1298
f 473/1171/1277 1968/1186/1292 2297/1195/1301 1972/1194/1300
f 1968/1186/1292 79/1185/1291 1973/1196/1302 2297/1195/1301
f 2297/1195/1301 1973/1196/1302 242/1197/1303 1974/1198/1304
f 1972/1194/1300 2297/1195/1301 1974/1198/1304 571/1192/1298
f 242/1197/1303 1975/1199/1305 2298/1200/1306 1974/1198/1304
f 1975/1199/1305 80/1201/1307 1976/1202/1308 2298/1200/1306
f 2298/1200/1306 1976/1202/1308 490/1187/1293 1971/1190/1296
f 1974/1198/1304 2298/1200/1306 1971/1190/1296 571/1192/1298
f 488/1063/1169 1906/1062/1168 2299/1203/1309 1978/1204/1310
f 1906/1062/1168 161/903/1009 1901/1051/1157 2299/1203/1309
f 2299/1203/1309 1901/1051/1157 491/1049/1155 1977/1205/1311
f 1978/1204/1310 2299/1203/1309 1977/1205/1311 572/1206/1312
f 491/1049/1155 1899/1048/1154 2300/1207/1313 1977/1205/1311
f 1899/1048/1154 162/1037/1143 1969/1188/1294 2300/1207/1313
f 2300/1207/1313 1969/1188/1294 490/1187/1293 1979/1208/1314
f 1977/1205/1311 2300/1207/1313 1979/1208/1314 572/1206/1312
f 490/1187/1293 1976/1202/1308 2301/1209/1315 1979/1208/1314
f 1976/1202/1308 80/1201/1307 1980/1210/1316 2301/1209/1315
f 2301/1209/1315 1980/1210/1316 233/1211/1317 1981/1212/1318
f 1979/1208/1314 2301/1209/1315 1981/1212/1318 572/1206/1312
f 233/1211/1317 1982/1213/1319 2302/1214/1320 1981/1212/1318
f 1982/1213/1319 71/1067/1173 1908/1065/1171 2302/1214/1320
f 2302/1214/1320 1908/1065/1171 488/1063/1169 1978/1204/1310
f 1981/1212/1318 2302/1214/1320 1978/1204/1310 572/1206/1312
f 377/1215/1321 663/1216/1322 2303/1217/1323 665/1218/1324
f 663/1216/1322 72/1073/1179 1911/1071/1177 2303/1217/1323
f 2303/1217/1323 1911/1071/1177 234/1069/1175 664/1219/1325
f 665/1218/1324 2303/1217/1323 664/1219/1325 573/1220/1326
f 234/1069/1175 1909/1068/1174 2304/1221/1327 664/1219/1325
f 1909/1068/1174 71/1067/1173 666/1222/1328 2304/1221/1327
f 2304/1221/1327 666/1222/1328 378/1223/1329 667/1224/1330
f 664/1219/1325 2304/1221/1327 667/1224/1330 573/1220/1326
f 378/1223/1329 668/1225/1331 2305/1226/1332 667/1224/1330
f 668/1225/1331 81/1227/1333 669/1228/1334 2305/1226/1332
f 2305/1226/1332 669/1228/1334 243/1229/1335 670/1230/1336
f 667/1224/1330 2305/1226/1332 670/1230/1336 573/1220/1326
f 243/1229/1335 671/1231/1337 2306/1232/1338 670/1230/1336
f 671/1231/1337 82/1233/1339 672/1234/1340 2306/1232/1338
f 2306/1232/1338 672/1234/1340 377/1215/1321 665/1218/1324
f 670/1230/1336 2306/1232/1338 665/1218/1324 573/1220/1326
f 376/1235/1341 673/1236/1342 2307/1237/1343 675/1238/1344
f 673/1236/1342 73/1089/1195 1919/1087/1193 2307/1237/1343
f 2307/1237/1343 1919/1087/1193 235/1085/1191 674/1239/1345
f 675/1238/1344 2307/1237/1343 674/1239/1345 574/1240/1346
f 235/1085/1191 1917/1084/1190 2308/1241/1347 674/1239/1345
f 1917/1084/1190 72/1073/1179 663/1216/1322 2308/1241/1347
f 2308/1241/1347 663/1216/1322 377/1215/1321 676/1242/1348
f 674/1239/1345 2308/1241/1347 676/1242/1348 574/1240/1346
f 377/1215/1321 672/1234/1340 2309/1243/1349 676/1242/1348
f 672/1234/1340 82/1233/1339 677/1244/1350 2309/1243/1349
f 2309/1243/1349 677/1244/1350 244/1245/1351 678/1246/1352
f 676/1242/1348 2309/1243/1349 678/1246/1352 574/1240/1346
f 244/1245/1351 679/1247/1353 2310/1248/1354 678/1246/1352
f 679/1247/1353 83/1249/1355 680/1250/1356 2310/1248/1354
f 2310/1248/1354 680/1250/1356 376/1235/1341 675/1238/1344
f 678/1246/1352 2310/1248/1354 675/1238/1344 574/1240/1346
f 375/1251/1357 681/1252/1358 2311/1253/1359 683/1254/1360
f 681/1252/1358 74/1105/1211 1927/1103/1209 2311/1253/1359
f 2311/1253/1359 1927/1103/1209 236/1101/1207 682/1255/1361
f 683/1254/1360 2311/1253/1359 682/1255/1361 575/1256/1362
f 236/1101/1207 1925/1100/1206 2312/1257/1363 682/1255/1361
f 1925/1100/1206 73/1089/1195 673/1236/1342 2312/1257/1363
f 2312/1257/1363 673/1236/1342 376/1235/1341 684/1258/1364
f 682/1255/1361 2312/1257/1363 684/1258/1364 575/1256/1362
f 376/1235/1341 680/1250/1356 2313/1259/1365 684/1258/1364
f 680/1250/1356 83/1249/1355 685/1260/1366 2313/1259/1365
f 2313/1259/1365 685/1260/1366 245/1261/1367 686/1262/1368
f 684/1258/1364 2313/1259/1365 686/1262/1368 575/1256/1362
f 245/1261/1367 687/1263/1369 2314/1264/1370 686/1262/1368
f 687/1263/1369 84/1265/1371 688/1266/1372 2314/1264/1370
f 2314/1264/1370 688/1266/1372 375/1251/1357 683/1254/1360
f 686/1262/1368 2314/1264/1370 683/1254/1360 575/1256/1362
f 374/1267/1373 689/1268/1374 2315/1269/1375 691/1270/1376
f 689/1268/1374 75/1121/1227 1935/1119/1225 2315/1269/1375
f 2315/1269/1375 1935/1119/1225 237/1117/1223 690/1271/1377
f 691/1270/1376 2315/1269/1375 690/1271/1377 576/1272/1378
f 237/1117/1223 1933/1116/1222 2316/1273/1379 690/1271/1377
f 1933/1116/1222 74/1105/1211 681/1252/1358 2316/1273/1379
f 2316/1273/1379 681/1252/1358 375/1251/1357 692/1274/1380
f 690/1271/1377 2316/1273/1379 692/1274/1380 576/1272/1378
f 375/1251/1357 688/1266/1372 2317/1275/1381 692/1274/1380
f 688/1266/1372 84/1265/1371 693/1276/1382 2317/1275/1381
f 2317/1275/1381 693/1276/1382 246/1277/1383 694/1278/1384
f 692/1274/1380 2317/1275/1381 694/1278/1384 576/1272/1378
f 246/1277/1383 695/1279/1385 2318/1280/1386 694/1278/1384
f 695/1279/1385 85/1281/1387 696/1282/1388 2318/1280/1386
f 2318/1280/1386 696/1282/1388 374/1267/1373 691/1270/1376
f 694/1278/1384 2318/1280/1386 691/1270/1376 576/1272/1378
f 343/1283/1389 697/1284/1390 2319/1285/1391 699/1286/1392
f 697/1284/1390 76/1137/1243 1943/1135/1241 2319/1285/1391
f 2319/1285/1391 1943/1135/1241 238/1133/1239 698/1287/1393
f 699/1286/1392 2319/1285/1391 698/1287/1393 577/1288/1394
f 238/1133/1239 1941/1132/1238 2320/1289/1395 698/1287/1393
f 1941/1132/1238 75/1121/1227 689/1268/1374 2320/1289/1395
f 2320/1289/1395 689/1268/1374 374/1267/1373 700/1290/1396
f 698/1287/1393 2320/1289/1395 700/1290/1396 577/1288/1394
f 374/1267/1373 696/1282/1388 2321/1291/1397 700/1290/1396
f 696/1282/1388 85/1281/1387 701/1292/1398 2321/1291/1397
f 2321/1291/1397 701/1292/1398 247/1293/1399 702/1294/1400
f 700/1290/1396 2321/1291/1397 702/1294/1400 577/1288/1394
f 247/1293/1399 703/1295/1401 2322/1296/1402 702/1294/1400
f 703/1295/1401 86/1297/1403 704/1298/1404 2322/1296/1402
f 2322/1296/1402 704/1298/1404 343/1283/1389 699/1286/1392
f 702/1294/1400 2322/1296/1402 699/1286/1392 577/1288/1394
f 382/1299/1405 705/1300/1406 2323/1301/1407 707/1302/1408
f 705/1300/1406 77/1153/1259 1951/1151/1257 2323/1301/1407
f 2323/1301/1407 1951/1151/1257 239/1149/1255 706/1303/1409
f 707/1302/1408 2323/1301/1407 706/1303/1409 578/1304/1410
f 239/1149/1255 1949/1148/1254 2324/1305/1411 706/1303/1409
f 1949/1148/1254 76/1137/1243 697/1284/1390 2324/1305/1411
f 2324/1305/1411 697/1284/1390 343/1283/1389 708/1306/1412
f 706/1303/1409 2324/1305/1411 708/1306/1412 578/1304/1410
f 343/1283/1389 704/1298/1404 2325/1307/1413 708/1306/1412
f 704/1298/1404 86/1297/1403 709/1308/1414 2325/1307/1413
f 2325/1307/1413 709/1308/1414 248/1309/1415 710/1310/1416
f 708/1306/1412 2325/1307/1413 710/1310/1416 578/1304/1410
f 248/1309/1415 711/1311/1417 2326/1312/1418 710/1310/1416
f 711/1311/1417 87/1313/1419 712/1314/1420 2326/1312/1418
f 2326/1312/1418 712/1314/1420 382/1299/1405 707/1302/1408
f 710/1310/1416 2326/1312/1418 707/1302/1408 578/1304/1410
f 381/1315/1421 713/1316/1422 2327/1317/1423 715/1318/1424
f 713/1316/1422 78/1169/1275 1959/1167/1273 2327/1317/1423
f 2327/1317/1423 1959/1167/1273 240/1165/1271 714/1319/1425
f 715/1318/1424 2327/1317/1423 714/1319/1425 579/1320/1426
f 240/1165/1271 1957/1164/1270 2328/1321/1427 714/1319/1425
f 1957/1164/1270 77/1153/1259 705/1300/1406 2328/1321/1427
f 2328/1321/1427 705/1300/1406 382/1299/1405 716/1322/1428
f 714/1319/1425 2328/1321/1427 716/1322/1428 579/1320/1426
f 382/1299/1405 712/1314/1420 2329/1323/1429 716/1322/1428
f 712/1314/1420 87/1313/1419 717/1324/1430 2329/1323/1429
f 2329/1323/1429 717/1324/1430 249/1325/1431 718/1326/1432
f 716/1322/1428 2329/1323/1429 718/1326/1432 579/1320/1426
f 249/1325/1431 719/1327/1433 2330/1328/1434 718/1326/1432
f 719/1327/1433 88/1329/1435 720/1330/1436 2330/1328/1434
f 2330/1328/1434 720/1330/1436 381/1315/1421 715/1318/1424
f 718/1326/1432 2330/1328/1434 715/1318/1424 579/1320/1426
f 380/1331/1437 721/1332/1438 2331/1333/1439 723/1334/1440
f 721/1332/1438 79/1185/1291 1967/1183/1289 2331/1333/1439
f 2331/1333/1439 1967/1183/1289 241/1181/1287 722/1335/1441
f 723/1334/1440 2331/1333/1439 722/1335/1441 580/1336/1442
f 241/1181/1287 1965/1180/1286 2332/1337/1443 722/1335/1441
f 1965/1180/1286 78/1169/1275 713/1316/1422 2332/1337/1443
f 2332/1337/1443 713/1316/1422 381/1315/1421 724/1338/1444
f 722/1335/1441 2332/1337/1443 724/1338/1444 580/1336/1442
f 381/1315/1421 720/1330/1436 2333/1339/1445 724/1338/1444
f 720/1330/1436 88/1329/1435 725/1340/1446 2333/1339/1445
f 2333/1339/1445 725/1340/1446 250/1341/1447 726/1342/1448
f 724/1338/1444 2333/1339/1445 726/1342/1448 580/1336/1442
f 250/1341/1447 727/1343/1449 2334/1344/1450 726/1342/1448
f 727/1343/1449 89/1345/1451 728/1346/1452 2334/1344/1450
f 2334/1344/1450 728/1346/1452 380/1331/1437 723/1334/1440
f 726/1342/1448 2334/1344/1450 723/1334/1440 580/1336/1442
f 379/1347/1453 729/1348/1454 2335/1349/1455 731/1350/1456
f 729/1348/1454 80/1201/1307 1975/1199/1305 2335/1349/1455
f 2335/1349/1455 1975/1199/1305 242/1197/1303 730/1351/1457
f 731/1350/1456 2335/1349/1455 730/1351/1457 581/1352/1458
f 242/1197/1303 1973/1196/1302 2336/1353/1459 730/1351/1457
f 1973/1196/1302 79/1185/1291 721/1332/1438 2336/1353/1459
f 2336/1353/1459 721/1332/1438 380/1331/1437 732/1354/1460
f 730/1351/1457 2336/1353/1459 732/1354/1460 581/1352/1458
f 380/1331/1437 728/1346/1452 2337/1355/1461 732/1354/1460
f 728/1346/1452 89/1345/1451 733/1356/1462 2337/1355/1461
f 2337/1355/1461 733/1356/1462 251/1357/1463 734/1358/1464
f 732/1354/1460 2337/1355/1461 734/1358/1464 581/1352/1458
f 251/1357/1463 735/1359/1465 2338/1360/1466 734/1358/1464
f 735/1359/1465 90/1361/1467 736/1362/1468 2338/1360/1466
f 2338/1360/1466 736/1362/1468 379/1347/1453 731/1350/1456
f 734/1358/1464 2338/1360/1466 731/1350/1456 581/1352/1458
f 378/1223/1329 666/1222/1328 2339/1363/1469 738/1364/1470
f 666/1222/1328 71/1067/1173 1982/1213/1319 2339/1363/1469
f 2339/1363/1469 1982/1213/1319 233/1211/1317 737/1365/1471
f 738/1364/1470 2339/1363/1469 737/1365/1471 582/1366/1472
f 233/1211/1317 1980/1210/1316 2340/1367/1473 737/1365/1471
f 1980/1210/1316 80/1201/1307 729/1348/1454 2340/1367/1473
f 2340/1367/1473 729/1348/1454 379/1347/1453 739/1368/1474
f 737/1365/1471 2340/1367/1473 739/1368/1474 582/1366/1472
f 379/1347/1453 736/1362/1468 2341/1369/1475 739/1368/1474
f 736/1362/1468 90/1361/1467 740/1370/1476 2341/1369/1475
f 2341/1369/1475 740/1370/1476 252/1371/1477 741/1372/1478
f 739/1368/1474 2341/1369/1475 741/1372/1478 582/1366/1472
f 252/1371/1477 742/1373/1479 2342/1374/1480 741/1372/1478
f 742/1373/1479 81/1227/1333 668/1225/1331 2342/1374/1480
f 2342/1374/1480 668/1225/1331 378/1223/1329 738/1364/1470
f 741/1372/1478 2342/1374/1480 738/1364/1470 582/1366/1472
f 254/1375/1481 743/1376/1482 2343/1377/1483 746/1378/1484
f 743/1376/1482 92/1379/1485 744/1380/1486 2343/1377/1483
f 2343/1377/1483 744/1380/1486 345/1381/1487 745/1382/1488
f 746/1378/1484 2343/1377/1483 745/1382/1488 583/1383/1489
f 345/1381/1487 747/1384/1490 2344/1385/1491 745/1382/1488
f 747/1384/1490 82/1233/1339 671/1231/1337 2344/1385/1491
f 2344/1385/1491 671/1231/1337 243/1229/1335 748/1386/1492
f 745/1382/1488 2344/1385/1491 748/1386/1492 583/1383/1489
f 243/1229/1335 669/1228/1334 2345/1387/1493 748/1386/1492
f 669/1228/1334 81/1227/1333 749/1388/1494 2345/1387/1493
f 2345/1387/1493 749/1388/1494 344/1389/1495 750/1390/1496
f 748/1386/1492 2345/1387/1493 750/1390/1496 583/1383/1489
f 344/1389/1495 751/1391/1497 2346/1392/1498 750/1390/1496
f 751/1391/1497 91/1393/1499 752/1394/1500 2346/1392/1498
f 2346/1392/1498 752/1394/1500 254/1375/1481 746/1378/1484
f 750/1390/1496 2346/1392/1498 746/1378/1484 583/1383/1489
f 255/1395/1501 753/1396/1502 2347/1397/1503 756/1398/1504
f 753/1396/1502 93/1399/1505 754/1400/1506 2347/1397/1503
f 2347/1397/1503 754/1400/1506 346/1401/1507 755/1402/1508
f 756/1398/1504 2347/1397/1503 755/1402/1508 584/1403/1509
f 346/1401/1507 757/1404/1510 2348/1405/1511 755/1402/1508
f 757/1404/1510 83/1249/1355 679/1247/1353 2348/1405/1511
f 2348/1405/1511 679/1247/1353 244/1245/1351 758/1406/1512
f 755/1402/1508 2348/1405/1511 758/1406/1512 584/1403/1509
f 244/1245/1351 677/1244/1350 2349/1407/1513 758/1406/1512
f 677/1244/1350 82/1233/1339 747/1384/1490 2349/1407/1513
f 2349/1407/1513 747/1384/1490 345/1381/1487 759/1408/1514
f 758/1406/1512 2349/1407/1513 759/1408/1514 584/1403/1509
f 345/1381/1487 744/1380/1486 2350/1409/1515 759/1408/1514
f 744/1380/1486 92/1379/1485 760/1410/1516 2350/1409/1515
f 2350/1409/1515 760/1410/1516 255/1395/1501 756/1398/1504
f 759/1408/1514 2350/1409/1515 756/1398/1504 584/1403/1509
f 256/1411/1517 761/1412/1518 2351/1413/1519 764/1414/1520
f 761/1412/1518 94/1415/1521 762/1416/1522 2351/1413/1519
f 2351/1413/1519 762/1416/1522 347/1417/1523 763/1418/1524
f 764/1414/1520 2351/1413/1519 763/1418/1524 585/1419/1525
f 347/1417/1523 765/1420/1526 2352/1421/1527 763/1418/1524
f 765/1420/1526 84/1265/1371 687/1263/1369 2352/1421/1527
f 2352/1421/1527 687/1263/1369 245/1261/1367 766/1422/1528
f 763/1418/1524 2352/1421/1527 766/1422/1528 585/1419/1525
f 245/1261/1367 685/1260/1366 2353/1423/1529 766/1422/1528
f 685/1260/1366 83/1249/1355 757/1404/1510 2353/1423/1529
f 2353/1423/1529 757/1404/1510 346/1401/1507 767/1424/1530
f 766/1422/1528 2353/1423/1529 767/1424/1530 585/1419/1525
f 346/1401/1507 754/1400/1506 2354/1425/1531 767/1424/1530
f 754/1400/1506 93/1399/1505 768/1426/1532 2354/1425/1531
f 2354/1425/1531 768/1426/1532 256/1411/1517 764/1414/1520
f 767/1424/1530 2354/1425/1531 764/1414/1520 585/1419/1525
f 257/1427/1533 769/1428/1534 2355/1429/1535 772/1430/1536
f 769/1428/1534 95/1431/1537 770/1432/1538 2355/1429/1535
f 2355/1429/1535 770/1432/1538 348/1433/1539 771/1434/1540
f 772/1430/1536 2355/1429/1535 771/1434/1540 586/1435/1541
f 348/1433/1539 773/1436/1542 2356/1437/1543 771/1434/1540
f 773/1436/1542 85/1281/1387 695/1279/1385 2356/1437/1543
f 2356/1437/1543 695/1279/1385 246/1277/1383 774/1438/1544
f 771/1434/1540 2356/1437/1543 774/1438/1544 586/1435/1541
f 246/1277/1383 693/1276/1382 2357/1439/1545 774/1438/1544
f 693/1276/1382 84/1265/1371 765/1420/1526 2357/1439/1545
f 2357/1439/1545 765/1420/1526 347/1417/1523 775/1440/1546
f 774/1438/1544 2357/1439/1545 775/1440/1546 586/1435/1541
f 347/1417/1523 762/1416/1522 2358/1441/1547 775/1440/1546
f 762/1416/1522 94/1415/1521 776/1442/1548 2358/1441/1547
f 2358/1441/1547 776/1442/1548 257/1427/1533 772/1430/1536
f 775/1440/1546 2358/1441/1547 772/1430/1536 586/1435/1541
f 258/1443/1549 777/1444/1550 2359/1445/1551 780/1446/1552
f 777/1444/1550 96/1447/1553 778/1448/1554 2359/1445/1551
f 2359/1445/1551 778/1448/1554 349/1449/1555 779/1450/1556
f 780/1446/1552 2359/1445/1551 779/1450/1556 587/1451/1557
f 349/1449/1555 781/1452/1558 2360/1453/1559 779/1450/1556
f 781/1452/1558 86/1297/1403 703/1295/1401 2360/1453/1559
f 2360/1453/1559 703/1295/1401 247/1293/1399 782/1454/1560
f 779/1450/1556 2360/1453/1559 782/1454/1560 587/1451/1557
f 247/1293/1399 701/1292/1398 2361/1455/1561 782/1454/1560
f 701/1292/1398 85/1281/1387 773/1436/1542 2361/1455/1561
f 2361/1455/1561 773/1436/1542 348/1433/1539 783/1456/1562
f 782/1454/1560 2361/1455/1561 783/1456/1562 587/1451/1557
f 348/1433/1539 770/1432/1538 2362/1457/1563 783/1456/1562
f 770/1432/1538 95/1431/1537 784/1458/1564 2362/1457/1563
f 2362/1457/1563 784/1458/1564 258/1443/1549 780/1446/1552
f 783/1456/1562 2362/1457/1563 780/1446/1552 587/1451/1557
f 259/1459/1565 785/1460/1566 2363/1461/1567 788/1462/1568
f 785/1460/1566 97/1463/1569 786/1464/1570 2363/1461/1567
f 2363/1461/1567 786/1464/1570 350/1465/1571 787/1466/1572
f 788/1462/1568 2363/1461/1567 787/1466/1572 588/1467/1573
f 350/1465/1571 789/1468/1574 2364/1469/1575 787/1466/1572
f 789/1468/1574 87/1313/1419 711/1311/1417 2364/1469/1575
f 2364/1469/1575 711/1311/1417 248/1309/1415 790/1470/1576
f 787/1466/1572 2364/1469/1575 790/1470/1576 588/1467/1573
f 248/1309/1415 709/1308/1414 2365/1471/1577 790/1470/1576
f 709/1308/1414 86/1297/1403 781/1452/1558 2365/1471/1577
f 2365/1471/1577 781/1452/1558 349/1449/1555 791/1472/1578
f 790/1470/1576 2365/1471/1577 791/1472/1578 588/1467/1573
f 349/1449/1555 778/1448/1554 2366/1473/1579 791/1472/1578
f 778/1448/1554 96/1447/1553 792/1474/1580 2366/1473/1579
f 2366/1473/1579 792/1474/1580 259/1459/1565 788/1462/1568
f 791/1472/1578 2366/1473/1579 788/1462/1568 588/1467/1573
f 260/1475/1581 793/1476/1582 2367/1477/1583 796/1478/1584
f 793/1476/1582 98/1479/1585 794/1480/1586 2367/1477/1583
f 2367/1477/1583 794/1480/1586 351/1481/1587 795/1482/1588
f 796/1478/1584 2367/1477/1583 795/1482/1588 589/1483/1589
f 351/1481/1587 797/1484/1590 2368/1485/1591 795/1482/1588
f 797/1484/1590 88/1329/1435 719/1327/1433 2368/1485/1591
f 2368/1485/1591 719/1327/1433 249/1325/1431 798/1486/1592
f 795/1482/1588 2368/1485/1591 798/1486/1592 589/1483/1589
f 249/1325/1431 717/1324/1430 2369/1487/1593 798/1486/1592
f 717/1324/1430 87/1313/1419 789/1468/1574 2369/1487/1593
f 2369/1487/1593 789/1468/1574 350/1465/1571 799/1488/1594
f 798/1486/1592 2369/1487/1593 799/1488/1594 589/1483/1589
f 350/1465/1571 786/1464/1570 2370/1489/1595 799/1488/1594
f 786/1464/1570 97/1463/1569 800/1490/1596 2370/1489/1595
f 2370/1489/1595 800/1490/1596 260/1475/1581 796/1478/1584
f 799/1488/1594 2370/1489/1595 796/1478/1584 589/1483/1589
f 261/1491/1597 801/1492/1598 2371/1493/1599 804/1494/1600
f 801/1492/1598 99/1495/1601 802/1496/1602 2371/1493/1599
f 2371/1493/1599 802/1496/1602 352/1497/1603 803/1498/1604
f 804/1494/1600 2371/1493/1599 803/1498/1604 590/1499/1605
f 352/1497/1603 805/1500/1606 2372/1501/1607 803/1498/1604
f 805/1500/1606 89/1345/1451 727/1343/1449 2372/1501/1607
f 2372/1501/1607 727/1343/1449 250/1341/1447 806/1502/1608
f 803/1498/1604 2372/1501/1607 806/1502/1608 590/1499/1605
f 250/1341/1447 725/1340/1446 2373/1503/1609 806/1502/1608
f 725/1340/1446 88/1329/1435 797/1484/1590 2373/1503/1609
f 2373/1503/1609 797/1484/1590 351/1481/1587 807/1504/1610
f 806/1502/1608 2373/1503/1609 807/1504/1610 590/1499/1605
f 351/1481/1587 794/1480/1586 2374/1505/1611 807/1504/1610
f 794/1480/1586 98/1479/1585 808/1506/1612 2374/1505/1611
f 2374/1505/1611 808/1506/1612 261/1491/1597 804/1494/1600
f 807/1504/1610 2374/1505/1611 804/1494/1600 590/1499/1605
f 262/1507/1613 809/1508/1614 2375/1509/1615 812/1510/1616
f 809/1508/1614 100/1511/1617 810/1512/1618 2375/1509/1615
f 2375/1509/1615 810/1512/1618 353/1513/1619 811/1514/1620
f 812/1510/1616 2375/1509/1615 811/1514/1620 591/1515/1621
f 353/1513/1619 813/1516/1622 2376/1517/1623 811/1514/1620
f 813/1516/1622 90/1361/1467 735/1359/1465 2376/1517/1623
f 2376/1517/1623 735/1359/1465 251/1357/1463 814/1518/1624
f 811/1514/1620 2376/1517/1623 814/1518/1624 591/1515/1621
f 251/1357/1463 733/1356/1462 2377/1519/1625 814/1518/1624
f 733/1356/1462 89/1345/1451 805/1500/1606 2377/1519/1625
f 2377/1519/1625 805/1500/1606 352/1497/1603 815/1520/1626
f 814/1518/1624 2377/1519/1625 815/1520/1626 591/1515/1621
f 352/1497/1603 802/1496/1602 2378/1521/1627 815/1520/1626
f 802/1496/1602 99/1495/1601 816/1522/1628 2378/1521/1627
f 2378/1521/1627 816/1522/1628 262/1507/1613 812/1510/1616
f 815/1520/1626 2378/1521/1627 812/1510/1616 591/1515/1621
f 253/1523/1629 817/1524/1630 2379/1525/1631 819/1526/1632
f 817/1524/1630 91/1393/1499 751/1391/1497 2379/1525/1631
f 2379/1525/1631 751/1391/1497 344/1389/1495 818/1527/1633
f 819/1526/1632 2379/1525/1631 818/1527/1633 592/1528/1634
f 344/1389/1495 749/1388/1494 2380/1529/1635 818/1527/1633
f 749/1388/1494 81/1227/1333 742/1373/1479 2380/1529/1635
f 2380/1529/1635 742/1373/1479 252/1371/1477 820/1530/1636
f 818/1527/1633 2380/1529/1635 820/1530/1636 592/1528/1634
f 252/1371/1477 740/1370/1476 2381/1531/1637 820/1530/1636
f 740/1370/1476 90/1361/1467 813/1516/1622 2381/1531/1637
f 2381/1531/1637 813/1516/1622 353/1513/1619 821/1532/1638
f 820/1530/1636 2381/1531/1637 821/1532/1638 592/1528/1634
f 353/1513/1619 810/1512/1618 2382/1533/1639 821/1532/1638
f 810/1512/1618 100/1511/1617 822/1534/1640 2382/1533/1639
f 2382/1533/1639 822/1534/1640 253/1523/1629 819/1526/1632
f 821/1532/1638 2382/1533/1639 819/1526/1632 592/1528/1634
f 264/1535/1641 823/1536/1642 2383/1537/1643 826/1538/1644
f 823/1536/1642 102/1539/1645 824/1540/1646 2383/1537/1643
f 2383/1537/1643 824/1540/1646 355/1541/1647 825/1542/1648
f 826/1538/1644 2383/1537/1643 825/1542/1648 593/1543/1649
f 355/1541/1647 827/1544/1650 2384/1545/1651 825/1542/1648
f 827/1544/1650 92/1379/1485 743/1376/1482 2384/1545/1651
f 2384/1545/1651 743/1376/1482 254/1375/1481 828/1546/1652
f 825/1542/1648 2384/1545/1651 828/1546/1652 593/1543/1649
f 254/1375/1481 752/1394/1500 2385/1547/1653 828/1546/1652
f 752/1394/1500 91/1393/1499 829/1548/1654 2385/1547/1653
f 2385/1547/1653 829/1548/1654 354/1549/1655 830/1550/1656
f 828/1546/1652 2385/1547/1653 830/1550/1656 593/1543/1649
f 354/1549/1655 831/1551/1657 2386/1552/1658 830/1550/1656
f 831/1551/1657 101/1553/1659 832/1554/1660 2386/1552/1658
f 2386/1552/1658 832/1554/1660 264/1535/1641 826/1538/1644
f 830/1550/1656 2386/1552/1658 826/1538/1644 593/1543/1649
f 265/1555/1661 833/1556/1662 2387/1557/1663 836/1558/1664
f 833/1556/1662 103/1559/1665 834/1560/1666 2387/1557/1663
f 2387/1557/1663 834/1560/1666 356/1561/1667 835/1562/1668
f 836/1558/1664 2387/1557/1663 835/1562/1668 594/1563/1669
f 356/1561/1667 837/1564/1670 2388/1565/1671 835/1562/1668
f 837/1564/1670 93/1399/1505 753/1396/1502 2388/1565/1671
f 2388/1565/1671 753/1396/1502 255/1395/1501 838/1566/1672
f 835/1562/1668 2388/1565/1671 838/1566/1672 594/1563/1669
f 255/1395/1501 760/1410/1516 2389/1567/1673 838/1566/1672
f 760/1410/1516 92/1379/1485 827/1544/1650 2389/1567/1673
f 2389/1567/1673 827/1544/1650 355/1541/1647 839/1568/1674
f 838/1566/1672 2389/1567/1673 839/1568/1674 594/1563/1669
f 355/1541/1647 824/1540/1646 2390/1569/1675 839/1568/1674
f 824/1540/1646 102/1539/1645 840/1570/1676 2390/1569/1675
f 2390/1569/1675 840/1570/1676 265/1555/1661 836/1558/1664
f 839/1568/1674 2390/1569/1675 836/1558/1664 594/1563/1669
f 266/1571/1677 841/1572/1678 2391/1573/1679 844/1574/1680
f 841/1572/1678 104/1575/1681 842/1576/1682 2391/1573/1679
f 2391/1573/1679 842/1576/1682 357/1577/1683 843/1578/1684
f 844/1574/1680 2391/1573/1679 843/1578/1684 595/1579/1685
f 357/1577/1683 845/1580/1686 2392/1581/1687 843/1578/1684
f 845/1580/1686 94/1415/1521 761/1412/1518 2392/1581/1687
f 2392/1581/1687 761/1412/1518 256/1411/1517 846/1582/1688
f 843/1578/1684 2392/1581/1687 846/1582/1688 595/1579/1685
f 256/1411/1517 768/1426/1532 2393/1583/1689 846/1582/1688
f 768/1426/1532 93/1399/1505 837/1564/1670 2393/1583/1689
f 2393/1583/1689 837/1564/1670 356/1561/1667 847/1584/1690
f 846/1582/1688 2393/1583/1689 847/1584/1690 595/1579/1685
f 356/1561/1667 834/1560/1666 2394/1585/1691 847/1584/1690
f 834/1560/1666 103/1559/1665 848/1586/1692 2394/1585/1691
f 2394/1585/1691 848/1586/1692 266/1571/1677 844/1574/1680
f 847/1584/1690 2394/1585/1691 844/1574/1680 595/1579/1685
f 267/1587/1693 849/1588/1694 2395/1589/1695 852/1590/1696
f 849/1588/1694 105/1591/1697 850/1592/1698 2395/1589/1695
f 2395/1589/1695 850/1592/1698 358/1593/1699 851/1594/1700
f 852/1590/1696 2395/1589/1695 851/1594/1700 596/1595/1701
f 358/1593/1699 853/1596/1702 2396/1597/1703 851/1594/1700
f 853/1596/1702 95/1431/1537 769/1428/1534 2396/1597/1703
f 2396/1597/1703 769/1428/1534 257/1427/1533 854/1598/1704
f 851/1594/1700 2396/1597/1703 854/1598/1704 596/1595/1701
f 257/1427/1533 776/1442/1548 2397/1599/1705 854/1598/1704
f 776/1442/1548 94/1415/1521 845/1580/1686 2397/1599/1705
f 2397/1599/1705 845/1580/1686 357/1577/1683 855/1600/1706
f 854/1598/1704 2397/1599/1705 855/1600/1706 596/1595/1701
f 357/1577/1683 842/1576/1682 2398/1601/1707 855/1600/1706
f 842/1576/1682 104/1575/1681 856/1602/1708 2398/1601/1707
f 2398/1601/1707 856/1602/1708 267/1587/1693 852/1590/1696
f 855/1600/1706 2398/1601/1707 852/1590/1696 596/1595/1701
f 268/1603/1709 857/1604/1710 2399/1605/1711 860/1606/1712
f 857/1604/1710 106/1607/1713 858/1608/1714 2399/1605/1711
f 2399/1605/1711 858/1608/1714 359/1609/1715 859/1610/1716
f 860/1606/1712 2399/1605/1711 859/1610/1716 597/1611/1717
f 359/1609/1715 861/1612/1718 2400/1613/1719 859/1610/1716
f 861/1612/1718 96/1447/1553 777/1444/1550 2400/1613/1719
f 2400/1613/1719 777/1444/1550 258/1443/1549 862/1614/1720
f 859/1610/1716 2400/1613/1719 862/1614/1720 597/1611/1717
f 258/1443/1549 784/1458/1564 2401/1615/1721 862/1614/1720
f 784/1458/1564 95/1431/1537 853/1596/1702 2401/1615/1721
f 2401/1615/1721 853/1596/1702 358/1593/1699 863/1616/1722
f 862/1614/1720 2401/1615/1721 863/1616/1722 597/1611/1717
f 358/1593/1699 850/1592/1698 2402/1617/1723 863/1616/1722
f 850/1592/1698 105/1591/1697 864/1618/1724 2402/1617/1723
f 2402/1617/1723 864/1618/1724 268/1603/1709 860/1606/1712
f 863/1616/1722 2402/1617/1723 860/1606/1712 597/1611/1717
f 269/1619/1725 865/1620/1726 2403/1621/1727 868/1622/1728
f 865/1620/1726 107/1623/1729 866/1624/1730 2403/1621/1727
f 2403/1621/1727 866/1624/1730 360/1625/1731 867/1626/1732
f 868/1622/1728 2403/1621/1727 867/1626/1732 598/1627/1733
f 360/1625/1731 869/1628/1734 2404/1629/1735 867/1626/1732
f 869/1628/1734 97/1463/1569 785/1460/1566 2404/1629/1735
f 2404/1629/1735 785/1460/1566 259/1459/1565 870/1630/1736
f 867/1626/1732 2404/1629/1735 870/1630/1736 598/1627/1733
f 259/1459/1565 792/1474/1580 2405/1631/1737 870/1630/1736
f 792/1474/1580 96/1447/1553 861/1612/1718 2405/1631/1737
f 2405/1631/1737 861/1612/1718 359/1609/1715 871/1632/1738
f 870/1630/1736 2405/1631/1737 871/1632/1738 598/1627/1733
f 359/1609/1715 858/1608/1714 2406/1633/1739 871/1632/1738
f 858/1608/1714 106/1607/1713 872/1634/1740 2406/1633/1739
f 2406/1633/1739 872/1634/1740 269/1619/1725 868/1622/1728
f 871/1632/1738 2406/1633/1739 868/1622/1728 598/1627/1733
f 270/1635/1741 873/1636/1742 2407/1637/1743 876/1638/1744
f 873/1636/1742 108/1639/1745 874/1640/1746 2407/1637/1743
f 2407/1637/1743 874/1640/1746 361/1641/1747 875/1642/1748
f 876/1638/1744 2407/1637/1743 875/1642/1748 599/1643/1749
f 361/1641/1747 877/1644/1750 2408/1645/1751 875/1642/1748
f 877/1644/1750 98/1479/1585 793/1476/1582 2408/1645/1751
f 2408/1645/1751 793/1476/1582 260/1475/1581 878/1646/1752
f 875/1642/1748 2408/1645/1751 878/1646/1752 599/1643/1749
f 260/1475/1581 800/1490/1596 2409/1647/1753 878/1646/1752
f 800/1490/1596 97/1463/1569 869/1628/1734 2409/1647/1753
f 2409/1647/1753 869/1628/1734 360/1625/1731 879/1648/1754
f 878/1646/1752 2409/1647/1753 879/1648/1754 599/1643/1749
f 360/1625/1731 866/1624/1730 2410/1649/1755 879/1648/1754
f 866/1624/1730 107/1623/1729 880/1650/1756 2410/1649/1755
f 2410/1649/1755 880/1650/1756 270/1635/1741 876/1638/1744
f 879/1648/1754 2410/1649/1755 876/1638/1744 599/1643/1749
f 271/1651/1757 881/1652/1758 2411/1653/1759 884/1654/1760
f 881/1652/1758 109/1655/1761 882/1656/1762 2411/1653/1759
f 2411/1653/1759 882/1656/1762 362/1657/1763 883/1658/1764
f 884/1654/1760 2411/1653/1759 883/1658/1764 600/1659/1765
f 362/1657/1763 885/1660/1766 2412/1661/1767 883/1658/1764
f 885/1660/1766 99/1495/1601 801/1492/1598 2412/1661/1767
f 2412/1661/1767 801/1492/1598 261/1491/1597 886/1662/1768
f 883/1658/1764 2412/1661/1767 886/1662/1768 600/1659/1765
f 261/1491/1597 808/1506/1612 2413/1663/1769 886/1662/1768
f 808/1506/1612 98/1479/1585 877/1644/1750 2413/1663/1769
f 2413/1663/1769 877/1644/1750 361/1641/1747 887/1664/1770
f 886/1662/1768 2413/1663/1769 887/1664/1770 600/1659/1765
f 361/1641/1747 874/1640/1746 2414/1665/1771 887/1664/1770
f 874/1640/1746 108/1639/1745 888/1666/1772 2414/1665/1771
f 2414/1665/1771 888/1666/1772 271/1651/1757 884/1654/1760
f 887/1664/1770 2414/1665/1771 884/1654/1760 600/1659/1765
f 272/1667/1773 889/1668/1774 2415/1669/1775 892/1670/1776
f 889/1668/1774 110/1671/1777 890/1672/1778 2415/1669/1775
f 2415/1669/1775 890/1672/1778 363/1673/1779 891/1674/1780
f 892/1670/1776 2415/1669/1775 891/1674/1780 601/1675/1781
f 363/1673/1779 893/1676/1782 2416/1677/1783 891/1674/1780
f 893/1676/1782 100/1511/1617 809/1508/1614 2416/1677/1783
f 2416/1677/1783 809/1508/1614 262/1507/1613 894/1678/1784
f 891/1674/1780 2416/1677/1783 894/1678/1784 601/1675/1781
f 262/1507/1613 816/1522/1628 2417/1679/1785 894/1678/1784
f 816/1522/1628 99/1495/1601 885/1660/1766 2417/1679/1785
f 2417/1679/1785 885/1660/1766 362/1657/1763 895/1680/1786
f 894/1678/1784 2417/1679/1785 895/1680/1786 601/1675/1781
f 362/1657/1763 882/1656/1762 2418/1681/1787 895/1680/1786
f 882/1656/1762 109/1655/1761 896/1682/1788 2418/1681/1787
f 2418/1681/1787 896/1682/1788 272/1667/1773 892/1670/1776
f 895/1680/1786 2418/1681/1787 892/1670/1776 601/1675/1781
f 263/1683/1789 897/1684/1790 2419/1685/1791 899/1686/1792
f 897/1684/1790 101/1553/1659 831/1551/1657 2419/1685/1791
f 2419/1685/1791 831/1551/1657 354/1549/1655 898/1687/1793
f 899/1686/1792 2419/1685/1791 898/1687/1793 602/1688/1794
f 354/1549/1655 829/1548/1654 2420/1689/1795 898/1687/1793
f 829/1548/1654 91/1393/1499 817/1524/1630 2420/1689/1795
f 2420/1689/1795 817/1524/1630 253/1523/1629 900/1690/1796
f 898/1687/1793 2420/1689/1795 900/1690/1796 602/1688/1794
f 253/1523/1629 822/1534/1640 2421/1691/1797 900/1690/1796
f 822/1534/1640 100/1511/1617 893/1676/1782 2421/1691/1797
f 2421/1691/1797 893/1676/1782 363/1673/1779 901/1692/1798
f 900/1690/1796 2421/1691/1797 901/1692/1798 602/1688/1794
f 363/1673/1779 890/1672/1778 2422/1693/1799 901/1692/1798
f 890/1672/1778 110/1671/1777 902/1694/1800 2422/1693/1799
f 2422/1693/1799 902/1694/1800 263/1683/1789 899/1686/1792
f 901/1692/1798 2422/1693/1799 899/1686/1792 602/1688/1794
f 365/1695/1801 903/1696/1802 2423/1697/1803 906/1698/1804
f 903/1696/1802 111/1699/1805 904/1700/1806 2423/1697/1803
f 2423/1697/1803 904/1700/1806 364/1701/1807 905/1702/1808
f 906/1698/1804 2423/1697/1803 905/1702/1808 603/1703/1809
f 364/1701/1807 907/1704/1810 2424/1705/1811 905/1702/1808
f 907/1704/1810 1/5/5 1323/2/2 2424/1705/1811
f 2424/1705/1811 1323/2/2 163/1/1 908/1706/1812
f 905/1702/1808 2424/1705/1811 908/1706/1812 603/1703/1809
f 163/1/1 1334/25/25 2425/1707/1813 908/1706/1812
f 1334/25/25 2/24/24 909/1708/1814 2425/1707/1813
f 2425/1707/1813 909/1708/1814 365/1695/1801 906/1698/1804
f 908/1706/1812 2425/1707/1813 906/1698/1804 603/1703/1809
f 366/1709/1815 910/1710/1816 2426/1711/1817 912/1712/1818
f 910/1710/1816 111/1699/1805 903/1696/1802 2426/1711/1817
f 2426/1711/1817 903/1696/1802 365/1695/1801 911/1713/1819
f 912/1712/1818 2426/1711/1817 911/1713/1819 604/1714/1820
f 365/1695/1801 909/1708/1814 2427/1715/1821 911/1713/1819
f 909/1708/1814 2/24/24 1335/27/27 2427/1715/1821
f 2427/1715/1821 1335/27/27 164/26/26 913/1716/1822
f 911/1713/1819 2427/1715/1821 913/1716/1822 604/1714/1820
f 164/26/26 1344/45/45 2428/1717/1823 913/1716/1822
f 1344/45/45 3/44/44 914/1718/1824 2428/1717/1823
f 2428/1717/1823 914/1718/1824 366/1709/1815 912/1712/1818
f 913/1716/1822 2428/1717/1823 912/1712/1818 604/1714/1820
f 367/1719/1825 915/1720/1826 2429/1721/1827 917/1722/1828
f 915/1720/1826 111/1699/1805 910/1710/1816 2429/1721/1827
f 2429/1721/1827 910/1710/1816 366/1709/1815 916/1723/1829
f 917/1722/1828 2429/1721/1827 916/1723/1829 605/1724/1830
f 366/1709/1815 914/1718/1824 2430/1725/1831 916/1723/1829
f 914/1718/1824 3/44/44 1345/47/47 2430/1725/1831
f 2430/1725/1831 1345/47/47 165/46/46 918/1726/1832
f 916/1723/1829 2430/1725/1831 918/1726/1832 605/1724/1830
f 165/46/46 1354/65/65 2431/1727/1833 918/1726/1832
f 1354/65/65 4/64/64 919/1728/1834 2431/1727/1833
f 2431/1727/1833 919/1728/1834 367/1719/1825 917/1722/1828
f 918/1726/1832 2431/1727/1833 917/1722/1828 605/1724/1830
f 368/1729/1835 920/1730/1836 2432/1731/1837 922/1732/1838
f 920/1730/1836 111/1699/1805 915/1720/1826 2432/1731/1837
f 2432/1731/1837 915/1720/1826 367/1719/1825 921/1733/1839
f 922/1732/1838 2432/1731/1837 921/1733/1839 606/1734/1840
f 367/1719/1825 919/1728/1834 2433/1735/1841 921/1733/1839
f 919/1728/1834 4/64/64 1355/67/67 2433/1735/1841
f 2433/1735/1841 1355/67/67 166/66/66 923/1736/1842
f 921/1733/1839 2433/1735/1841 923/1736/1842 606/1734/1840
f 166/66/66 1364/85/85 2434/1737/1843 923/1736/1842
f 1364/85/85 5/84/84 924/1738/1844 2434/1737/1843
f 2434/1737/1843 924/1738/1844 368/1729/1835 922/1732/1838
f 923/1736/1842 2434/1737/1843 922/1732/1838 606/1734/1840
f 369/1739/1845 925/1740/1846 2435/1741/1847 927/1742/1848
f 925/1740/1846 111/1699/1805 920/1730/1836 2435/1741/1847
f 2435/1741/1847 920/1730/1836 368/1729/1835 926/1743/1849
f 927/1742/1848 2435/1741/1847 926/1743/1849 607/1744/1850
f 368/1729/1835 924/1738/1844 2436/1745/1851 926/1743/1849
f 924/1738/1844 5/84/84 1365/87/87 2436/1745/1851
f 2436/1745/1851 1365/87/87 167/86/86 928/1746/1852
f 926/1743/1849 2436/1745/1851 928/1746/1852 607/1744/1850
f 167/86/86 1374/105/105 2437/1747/1853 928/1746/1852
f 1374/105/105 6/104/104 929/1748/1854 2437/1747/1853
f 2437/1747/1853 929/1748/1854 369/1739/1845 927/1742/1848
f 928/1746/1852 2437/1747/1853 927/1742/1848 607/1744/1850
f 370/1749/1855 930/1750/1856 2438/1751/1857 932/1752/1858
f 930/1750/1856 111/1699/1805 925/1740/1846 2438/1751/1857
f 2438/1751/1857 925/1740/1846 369/1739/1845 931/1753/1859
f 932/1752/1858 2438/1751/1857 931/1753/1859 608/1754/1860
f 369/1739/1845 929/1748/1854 2439/1755/1861 931/1753/1859
f 929/1748/1854 6/104/104 1375/107/107 2439/1755/1861
f 2439/1755/1861 1375/107/107 168/106/106 933/1756/1862
f 931/1753/1859 2439/1755/1861 933/1756/1862 608/1754/1860
f 168/106/106 1384/125/125 2440/1757/1863 933/1756/1862
f 1384/125/125 7/124/124 934/1758/1864 2440/1757/1863
f 2440/1757/1863 934/1758/1864 370/1749/1855 932/1752/1858
f 933/1756/1862 2440/1757/1863 932/1752/1858 608/1754/1860
f 371/1759/1865 935/1760/1866 2441/1761/1867 937/1762/1868
f 935/1760/1866 111/1699/1805 930/1750/1856 2441/1761/1867
f 2441/1761/1867 930/1750/1856 370/1749/1855 936/1763/1869
f 937/1762/1868 2441/1761/1867 936/1763/1869 609/1764/1870
f 370/1749/1855 934/1758/1864 2442/1765/1871 936/1763/1869
f 934/1758/1864 7/124/124 1385/127/127 2442/1765/1871
f 2442/1765/1871 1385/127/127 169/126/126 938/1766/1872
f 936/1763/1869 2442/1765/1871 938/1766/1872 609/1764/1870
f 169/126/126 1394/145/145 2443/1767/1873 938/1766/1872
f 1394/145/145 8/144/144 939/1768/1874 2443/1767/1873
f 2443/1767/1873 939/1768/1874 371/1759/1865 937/1762/1868
f 938/1766/1872 2443/1767/1873 937/1762/1868 609/1764/1870
f 372/1769/1875 940/1770/1876 2444/1771/1877 942/1772/1878
f 940/1770/1876 111/1699/1805 935/1760/1866 2444/1771/1877
f 2444/1771/1877 935/1760/1866 371/1759/1865 941/1773/1879
f 942/1772/1878 2444/1771/1877 941/1773/1879 610/1774/1880
f 371/1759/1865 939/1768/1874 2445/1775/1881 941/1773/1879
f 939/1768/1874 8/144/144 1395/147/147 2445/1775/1881
f 2445/1775/1881 1395/147/147 170/146/146 943/1776/1882
f 941/1773/1879 2445/1775/1881 943/1776/1882 610/1774/1880
f 170/146/146 1404/165/165 2446/1777/1883 943/1776/1882
f 1404/165/165 9/164/164 944/1778/1884 2446/1777/1883
f 2446/1777/1883 944/1778/1884 372/1769/1875 942/1772/1878
f 943/1776/1882 2446/1777/1883 942/1772/1878 610/1774/1880
f 373/1779/1885 945/1780/1886 2447/1781/1887 947/1782/1888
f 945/1780/1886 111/1699/1805 940/1770/1876 2447/1781/1887
f 2447/1781/1887 940/1770/1876 372/1769/1875 946/1783/1889
f 947/1782/1888 2447/1781/1887 946/1783/1889 611/1784/1890
f 372/1769/1875 944/1778/1884 2448/1785/1891 946/1783/1889
f 944/1778/1884 9/164/164 1405/167/167 2448/1785/1891
f 2448/1785/1891 1405/167/167 171/166/166 948/1786/1892
f 946/1783/1889 2448/1785/1891 948/1786/1892 611/1784/1890
f 171/166/166 1414/185/185 2449/1787/1893 948/1786/1892
f 1414/185/185 10/184/184 949/1788/1894 2449/1787/1893
f 2449/1787/1893 949/1788/1894 373/1779/1885 947/1782/1888
f 948/1786/1892 2449/1787/1893 947/1782/1888 611/1784/1890
f 364/1701/1807 904/1700/1806 2450/1789/1895 951/1790/1896
f 904/1700/1806 111/1699/1805 945/1780/1886 2450/1789/1895
f 2450/1789/1895 945/1780/1886 373/1779/1885 950/1791/1897
f 951/1790/1896 2450/1789/1895 950/1791/1897 612/1792/1898
f 373/1779/1885 949/1788/1894 2451/1793/1899 950/1791/1897
f 949/1788/1894 10/184/184 1415/187/187 2451/1793/1899
f 2451/1793/1899 1415/187/187 172/186/186 952/1794/1900
f 950/1791/1897 2451/1793/1899 952/1794/1900 612/1792/1898
f 172/186/186 1422/200/200 2452/1795/1901 952/1794/1900
f 1422/200/200 1/5/5 907/1704/1810 2452/1795/1901
f 2452/1795/1901 907/1704/1810 364/1701/1807 951/1790/1896
f 952/1794/1900 2452/1795/1901 951/1790/1896 612/1792/1898
f 447/1796/1902 953/1797/1903 2453/1798/1904 956/1799/1905
f 953/1797/1903 144/1800/1906 954/1801/1907 2453/1798/1904
f 2453/1798/1904 954/1801/1907 446/1802/1908 955/1803/1909
f 956/1799/1905 2453/1798/1904 955/1803/1909 613/1804/1910
f 446/1802/1908 957/1805/1911 2454/1806/1912 955/1803/1909
f 957/1805/1911 142/1807/1913 958/1808/1914 2454/1806/1912
f 2454/1806/1912 958/1808/1914 444/1809/1915 959/1810/1916
f 955/1803/1909 2454/1806/1912 959/1810/1916 613/1804/1910
f 444/1809/1915 960/1811/1917 2455/1812/1918 959/1810/1916
f 960/1811/1917 143/1813/1919 961/1814/1920 2455/1812/1918
f 2455/1812/1918 961/1814/1920 447/1796/1902 956/1799/1905
f 959/1810/1916 2455/1812/1918 956/1799/1905 613/1804/1910
f 450/1815/1921 962/1816/1922 2456/1817/1923 965/1818/1924
f 962/1816/1922 145/1819/1925 963/1820/1926 2456/1817/1923
f 2456/1817/1923 963/1820/1926 449/1821/1927 964/1822/1928
f 965/1818/1924 2456/1817/1923 964/1822/1928 614/1823/1929
f 449/1821/1927 966/1824/1930 2457/1825/1931 964/1822/1928
f 966/1824/1930 144/1800/1906 953/1797/1903 2457/1825/1931
f 2457/1825/1931 953/1797/1903 447/1796/1902 967/1826/1932
f 964/1822/1928 2457/1825/1931 967/1826/1932 614/1823/1929
f 447/1796/1902 961/1814/1920 2458/1827/1933 967/1826/1932
f 961/1814/1920 143/1813/1919 968/1828/1934 2458/1827/1933
f 2458/1827/1933 968/1828/1934 450/1815/1921 965/1818/1924
f 967/1826/1932 2458/1827/1933 965/1818/1924 614/1823/1929
f 453/1829/1935 969/1830/1936 2459/1831/1937 972/1832/1938
f 969/1830/1936 146/1833/1939 970/1834/1940 2459/1831/1937
f 2459/1831/1937 970/1834/1940 452/1835/1941 971/1836/1942
f 972/1832/1938 2459/1831/1937 971/1836/1942 615/1837/1943
f 452/1835/1941 973/1838/1944 2460/1839/1945 971/1836/1942
f 973/1838/1944 145/1819/1925 962/1816/1922 2460/1839/1945
f 2460/1839/1945 962/1816/1922 450/1815/1921 974/1840/1946
f 971/1836/1942 2460/1839/1945 974/1840/1946 615/1837/1943
f 450/1815/1921 968/1828/1934 2461/1841/1947 974/1840/1946
f 968/1828/1934 143/1813/1919 975/1842/1948 2461/1841/1947
f 2461/1841/1947 975/1842/1948 453/1829/1935 972/1832/1938
f 974/1840/1946 2461/1841/1947 972/1832/1938 615/1837/1943
f 456/1843/1949 976/1844/1950 2462/1845/1951 979/1846/1952
f 976/1844/1950 147/1847/1953 977/1848/1954 2462/1845/1951
f 2462/1845/1951 977/1848/1954 455/1849/1955 978/1850/1956
f 979/1846/1952 2462/1845/1951 978/1850/1956 616/1851/1957
f 455/1849/1955 980/1852/1958 2463/1853/1959 978/1850/1956
f 980/1852/1958 146/1833/1939 969/1830/1936 2463/1853/1959
f 2463/1853/1959 969/1830/1936 453/1829/1935 981/1854/1960
f 978/1850/1956 2463/1853/1959 981/1854/1960 616/1851/1957
f 453/1829/1935 975/1842/1948 2464/1855/1961 981/1854/1960
f 975/1842/1948 143/1813/1919 982/1856/1962 2464/1855/1961
f 2464/1855/1961 982/1856/1962 456/1843/1949 979/1846/1952
f 981/1854/1960 2464/1855/1961 979/1846/1952 616/1851/1957
f 459/1857/1963 983/1858/1964 2465/1859/1965 986/1860/1966
f 983/1858/1964 148/1861/1967 984/1862/1968 2465/1859/1965
f 2465/1859/1965 984/1862/1968 458/1863/1969 985/1864/1970
f 986/1860/1966 2465/1859/1965 985/1864/1970 617/1865/1971
f 458/1863/1969 987/1866/1972 2466/1867/1973 985/1864/1970
f 987/1866/1972 147/1847/1953 976/1844/1950 2466/1867/1973
f 2466/1867/1973 976/1844/1950 456/1843/1949 988/1868/1974
f 985/1864/1970 2466/1867/1973 988/1868/1974 617/1865/1971
f 456/1843/1949 982/1856/1962 2467/1869/1975 988/1868/1974
f 982/1856/1962 143/1813/1919 989/1870/1976 2467/1869/1975
f 2467/1869/1975 989/1870/1976 459/1857/1963 986/1860/1966
f 988/1868/1974 2467/1869/1975 986/1860/1966 617/1865/1971
f 462/1871/1977 990/1872/1978 2468/1873/1979 993/1874/1980
f 990/1872/1978 149/1875/1981 991/1876/1982 2468/1873/1979
f 2468/1873/1979 991/1876/1982 461/1877/1983 992/1878/1984
f 993/1874/1980 2468/1873/1979 992/1878/1984 618/1879/1985
f 461/1877/1983 994/1880/1986 2469/1881/1987 992/1878/1984
f 994/1880/1986 148/1861/1967 983/1858/1964 2469/1881/1987
f 2469/1881/1987 983/1858/1964 459/1857/1963 995/1882/1988
f 992/1878/1984 2469/1881/1987 995/1882/1988 618/1879/1985
f 459/1857/1963 989/1870/1976 2470/1883/1989 995/1882/1988
f 989/1870/1976 143/1813/1919 996/1884/1990 2470/1883/1989
f 2470/1883/1989 996/1884/1990 462/1871/1977 993/1874/1980
f 995/1882/1988 2470/1883/1989 993/1874/1980 618/1879/1985
f 465/1885/1991 997/1886/1992 2471/1887/1993 1000/1888/1994
f 997/1886/1992 150/1889/1995 998/1890/1996 2471/1887/1993
f 2471/1887/1993 998/1890/1996 464/1891/1997 999/1892/1998
f 1000/1888/1994 2471/1887/1993 999/1892/1998 619/1893/1999
f 464/1891/1997 1001/1894/2000 2472/1895/2001 999/1892/1998
f 1001/1894/2000 149/1875/1981 990/1872/1978 2472/1895/2001
f 2472/1895/2001 990/1872/1978 462/1871/1977 1002/1896/2002
f 999/1892/1998 2472/1895/2001 1002/1896/2002 619/1893/1999
f 462/1871/1977 996/1884/1990 2473/1897/2003 1002/1896/2002
f 996/1884/1990 143/1813/1919 1003/1898/2004 2473/1897/2003
f 2473/1897/2003 1003/1898/2004 465/1885/1991 1000/1888/1994
f 1002/1896/2002 2473/1897/2003 1000/1888/1994 619/1893/1999
f 468/1899/2005 1004/1900/2006 2474/1901/2007 1007/1902/2008
f 1004/1900/2006 151/1903/2009 1005/1904/2010 2474/1901/2007
f 2474/1901/2007 1005/1904/2010 467/1905/2011 1006/1906/2012
f 1007/1902/2008 2474/1901/2007 1006/1906/2012 620/1907/2013
f 467/1905/2011 1008/1908/2014 2475/1909/2015 1006/1906/2012
f 1008/1908/2014 150/1889/1995 997/1886/1992 2475/1909/2015
f 2475/1909/2015 997/1886/1992 465/1885/1991 1009/1910/2016
f 1006/1906/2012 2475/1909/2015 1009/1910/2016 620/1907/2013
f 465/1885/1991 1003/1898/2004 2476/1911/2017 1009/1910/2016
f 1003/1898/2004 143/1813/1919 1010/1912/2018 2476/1911/2017
f 2476/1911/2017 1010/1912/2018 468/1899/2005 1007/1902/2008
f 1009/1910/2016 2476/1911/2017 1007/1902/2008 620/1907/2013
f 471/1913/2019 1011/1914/2020 2477/1915/2021 1014/1916/2022
f 1011/1914/2020 152/1917/2023 1012/1918/2024 2477/1915/2021
f 2477/1915/2021 1012/1918/2024 470/1919/2025 1013/1920/2026
f 1014/1916/2022 2477/1915/2021 1013/1920/2026 621/1921/2027
f 470/1919/2025 1015/1922/2028 2478/1923/2029 1013/1920/2026
f 1015/1922/2028 151/1903/2009 1004/1900/2006 2478/1923/2029
f 2478/1923/2029 1004/1900/2006 468/1899/2005 1016/1924/2030
f 1013/1920/2026 2478/1923/2029 1016/1924/2030 621/1921/2027
f 468/1899/2005 1010/1912/2018 2479/1925/2031 1016/1924/2030
f 1010/1912/2018 143/1813/1919 1017/1926/2032 2479/1925/2031
f 2479/1925/2031 1017/1926/2032 471/1913/2019 1014/1916/2022
f 1016/1924/2030 2479/1925/2031 1014/1916/2022 621/1921/2027
f 444/1809/1915 958/1808/1914 2480/1927/2033 1020/1928/2034
f 958/1808/1914 142/1807/1913 1018/1929/2035 2480/1927/2033
f 2480/1927/2033 1018/1929/2035 472/1930/2036 1019/1931/2037
f 1020/1928/2034 2480/1927/2033 1019/1931/2037 622/1932/2038
f 472/1930/2036 1021/1933/2039 2481/1934/2040 1019/1931/2037
f 1021/1933/2039 152/1917/2023 1011/1914/2020 2481/1934/2040
f 2481/1934/2040 1011/1914/2020 471/1913/2019 1022/1935/2041
f 1019/1931/2037 2481/1934/2040 1022/1935/2041 622/1932/2038
f 471/1913/2019 1017/1926/2032 2482/1936/2042 1022/1935/2041
f 1017/1926/2032 143/1813/1919 960/1811/1917 2482/1936/2042
f 2482/1936/2042 960/1811/1917 444/1809/1915 1020/1928/2034
f 1022/1935/2041 2482/1936/2042 1020/1928/2034 622/1932/2038
f 386/1937/2043 1023/1938/2044 2483/1939/2045 1026/1940/2046
f 1023/1938/2044 113/1941/2047 1024/1942/2048 2483/1939/2045
f 2483/1939/2045 1024/1942/2048 385/1943/2049 1025/1944/2050
f 1026/1940/2046 2483/1939/2045 1025/1944/2050 623/1945/2051
f 385/1943/2049 1027/1946/2052 2484/1947/2053 1025/1944/2050
f 1027/1946/2052 102/1539/1645 823/1536/1642 2484/1947/2053
f 2484/1947/2053 823/1536/1642 264/1535/1641 1028/1948/2054
f 1025/1944/2050 2484/1947/2053 1028/1948/2054 623/1945/2051
f 264/1535/1641 832/1554/1660 2485/1949/2055 1028/1948/2054
f 832/1554/1660 101/1553/1659 1029/1950/2056 2485/1949/2055
f 2485/1949/2055 1029/1950/2056 383/1951/2057 1030/1952/2058
f 1028/1948/2054 2485/1949/2055 1030/1952/2058 623/1945/2051
f 383/1951/2057 1031/1953/2059 2486/1954/2060 1030/1952/2058
f 1031/1953/2059 112/1955/2061 1032/1956/2062 2486/1954/2060
f 2486/1954/2060 1032/1956/2062 386/1937/2043 1026/1940/2046
f 1030/1952/2058 2486/1954/2060 1026/1940/2046 623/1945/2051
f 388/1957/2063 1033/1958/2064 2487/1959/2065 1036/1960/2066
f 1033/1958/2064 114/1961/2067 1034/1962/2068 2487/1959/2065
f 2487/1959/2065 1034/1962/2068 387/1963/2069 1035/1964/2070
f 1036/1960/2066 2487/1959/2065 1035/1964/2070 624/1965/2071
f 387/1963/2069 1037/1966/2072 2488/1967/2073 1035/1964/2070
f 1037/1966/2072 103/1559/1665 833/1556/1662 2488/1967/2073
f 2488/1967/2073 833/1556/1662 265/1555/1661 1038/1968/2074
f 1035/1964/2070 2488/1967/2073 1038/1968/2074 624/1965/2071
f 265/1555/1661 840/1570/1676 2489/1969/2075 1038/1968/2074
f 840/1570/1676 102/1539/1645 1027/1946/2052 2489/1969/2075
f 2489/1969/2075 1027/1946/2052 385/1943/2049 1039/1970/2076
f 1038/1968/2074 2489/1969/2075 1039/1970/2076 624/1965/2071
f 385/1943/2049 1024/1942/2048 2490/1971/2077 1039/1970/2076
f 1024/1942/2048 113/1941/2047 1040/1972/2078 2490/1971/2077
f 2490/1971/2077 1040/1972/2078 388/1957/2063 1036/1960/2066
f 1039/1970/2076 2490/1971/2077 1036/1960/2066 624/1965/2071
f 390/1973/2079 1041/1974/2080 2491/1975/2081 1044/1976/2082
f 1041/1974/2080 115/1977/2083 1042/1978/2084 2491/1975/2081
f 2491/1975/2081 1042/1978/2084 389/1979/2085 1043/1980/2086
f 1044/1976/2082 2491/1975/2081 1043/1980/2086 625/1981/2087
f 389/1979/2085 1045/1982/2088 2492/1983/2089 1043/1980/2086
f 1045/1982/2088 104/1575/1681 841/1572/1678 2492/1983/2089
f 2492/1983/2089 841/1572/1678 266/1571/1677 1046/1984/2090
f 1043/1980/2086 2492/1983/2089 1046/1984/2090 625/1981/2087
f 266/1571/1677 848/1586/1692 2493/1985/2091 1046/1984/2090
f 848/1586/1692 103/1559/1665 1037/1966/2072 2493/1985/2091
f 2493/1985/2091 1037/1966/2072 387/1963/2069 1047/1986/2092
f 1046/1984/2090 2493/1985/2091 1047/1986/2092 625/1981/2087
f 387/1963/2069 1034/1962/2068 2494/1987/2093 1047/1986/2092
f 1034/1962/2068 114/1961/2067 1048/1988/2094 2494/1987/2093
f 2494/1987/2093 1048/1988/2094 390/1973/2079 1044/1976/2082
f 1047/1986/2092 2494/1987/2093 1044/1976/2082 625/1981/2087
f 392/1989/2095 1049/1990/2096 2495/1991/2097 1052/1992/2098
f 1049/1990/2096 116/1993/2099 1050/1994/2100 2495/1991/2097
f 2495/1991/2097 1050/1994/2100 391/1995/2101 1051/1996/2102
f 1052/1992/2098 2495/1991/2097 1051/1996/2102 626/1997/2103
f 391/1995/2101 1053/1998/2104 2496/1999/2105 1051/1996/2102
f 1053/1998/2104 105/1591/1697 849/1588/1694 2496/1999/2105
f 2496/1999/2105 849/1588/1694 267/1587/1693 1054/2000/2106
f 1051/1996/2102 2496/1999/2105 1054/2000/2106 626/1997/2103
f 267/1587/1693 856/1602/1708 2497/2001/2107 1054/2000/2106
f 856/1602/1708 104/1575/1681 1045/1982/2088 2497/2001/2107
f 2497/2001/2107 1045/1982/2088 389/1979/2085 1055/2002/2108
f 1054/2000/2106 2497/2001/2107 1055/2002/2108 626/1997/2103
f 389/1979/2085 1042/1978/2084 2498/2003/2109 1055/2002/2108
f 1042/1978/2084 115/1977/2083 1056/2004/2110 2498/2003/2109
f 2498/2003/2109 1056/2004/2110 392/1989/2095 1052/1992/2098
f 1055/2002/2108 2498/2003/2109 1052/1992/2098 626/1997/2103
f 394/2005/2111 1057/2006/2112 2499/2007/2113 1060/2008/2114
f 1057/2006/2112 117/2009/2115 1058/2010/2116 2499/2007/2113
f 2499/2007/2113 1058/2010/2116 393/2011/2117 1059/2012/2118
f 1060/2008/2114 2499/2007/2113 1059/2012/2118 627/2013/2119
f 393/2011/2117 1061/2014/2120 2500/2015/2121 1059/2012/2118
f 1061/2014/2120 106/1607/1713 857/1604/1710 2500/2015/2121
f 2500/2015/2121 857/1604/1710 268/1603/1709 1062/2016/2122
f 1059/2012/2118 2500/2015/2121 1062/2016/2122 627/2013/2119
f 268/1603/1709 864/1618/1724 2501/2017/2123 1062/2016/2122
f 864/1618/1724 105/1591/1697 1053/1998/2104 2501/2017/2123
f 2501/2017/2123 1053/1998/2104 391/1995/2101 1063/2018/2124
f 1062/2016/2122 2501/2017/2123 1063/2018/2124 627/2013/2119
f 391/1995/2101 1050/1994/2100 2502/2019/2125 1063/2018/2124
f 1050/1994/2100 116/1993/2099 1064/2020/2126 2502/2019/2125
f 2502/2019/2125 1064/2020/2126 394/2005/2111 1060/2008/2114
f 1063/2018/2124 2502/2019/2125 1060/2008/2114 627/2013/2119
f 396/2021/2127 1065/2022/2128 2503/2023/2129 1068/2024/2130
f 1065/2022/2128 118/2025/2131 1066/2026/2132 2503/2023/2129
f 2503/2023/2129 1066/2026/2132 395/2027/2133 1067/2028/2134
f 1068/2024/2130 2503/2023/2129 1067/2028/2134 628/2029/2135
f 395/2027/2133 1069/2030/2136 2504/2031/2137 1067/2028/2134
f 1069/2030/2136 107/1623/1729 865/1620/1726 2504/2031/2137
f 2504/2031/2137 865/1620/1726 269/1619/1725 1070/2032/2138
f 1067/2028/2134 2504/2031/2137 1070/2032/2138 628/2029/2135
f 269/1619/1725 872/1634/1740 2505/2033/2139 1070/2032/2138
f 872/1634/1740 106/1607/1713 1061/2014/2120 2505/2033/2139
f 2505/2033/2139 1061/2014/2120 393/2011/2117 1071/2034/2140
f 1070/2032/2138 2505/2033/2139 1071/2034/2140 628/2029/2135
f 393/2011/2117 1058/2010/2116 2506/2035/2141 1071/2034/2140
f 1058/2010/2116 117/2009/2115 1072/2036/2142 2506/2035/2141
f 2506/2035/2141 1072/2036/2142 396/2021/2127 1068/2024/2130
f 1071/2034/2140 2506/2035/2141 1068/2024/2130 628/2029/2135
f 398/2037/2143 1073/2038/2144 2507/2039/2145 1076/2040/2146
f 1073/2038/2144 119/2041/2147 1074/2042/2148 2507/2039/2145
f 2507/2039/2145 1074/2042/2148 397/2043/2149 1075/2044/2150
f 1076/2040/2146 2507/2039/2145 1075/2044/2150 629/2045/2151
f 397/2043/2149 1077/2046/2152 2508/2047/2153 1075/2044/2150
f 1077/2046/2152 108/1639/1745 873/1636/1742 2508/2047/2153
f 2508/2047/2153 873/1636/1742 270/1635/1741 1078/2048/2154
f 1075/2044/2150 2508/2047/2153 1078/2048/2154 629/2045/2151
f 270/1635/1741 880/1650/1756 2509/2049/2155 1078/2048/2154
f 880/1650/1756 107/1623/1729 1069/2030/2136 2509/2049/2155
f 2509/2049/2155 1069/2030/2136 395/2027/2133 1079/2050/2156
f 1078/2048/2154 2509/2049/2155 1079/2050/2156 629/2045/2151
f 395/2027/2133 1066/2026/2132 2510/2051/2157 1079/2050/2156
f 1066/2026/2132 118/2025/2131 1080/2052/2158 2510/2051/2157
f 2510/2051/2157 1080/2052/2158 398/2037/2143 1076/2040/2146
f 1079/2050/2156 2510/2051/2157 1076/2040/2146 629/2045/2151
f 400/2053/2159 1081/2054/2160 2511/2055/2161 1084/2056/2162
f 1081/2054/2160 120/2057/2163 1082/2058/2164 2511/2055/2161
f 2511/2055/2161 1082/2058/2164 399/2059/2165 1083/2060/2166
f 1084/2056/2162 2511/2055/2161 1083/2060/2166 630/2061/2167
f 399/2059/2165 1085/2062/2168 2512/2063/2169 1083/2060/2166
f 1085/2062/2168 109/1655/1761 881/1652/1758 2512/2063/2169
f 2512/2063/2169 881/1652/1758 271/1651/1757 1086/2064/2170
f 1083/2060/2166 2512/2063/2169 1086/2064/2170 630/2061/2167
f 271/1651/1757 888/1666/1772 2513/2065/2171 1086/2064/2170
f 888/1666/1772 108/1639/1745 1077/2046/2152 2513/2065/2171
f 2513/2065/2171 1077/2046/2152 397/2043/2149 1087/2066/2172
f 1086/2064/2170 2513/2065/2171 1087/2066/2172 630/2061/2167
f 397/2043/2149 1074/2042/2148 2514/2067/2173 1087/2066/2172
f 1074/2042/2148 119/2041/2147 1088/2068/2174 2514/2067/2173
f 2514/2067/2173 1088/2068/2174 400/2053/2159 1084/2056/2162
f 1087/2066/2172 2514/2067/2173 1084/2056/2162 630/2061/2167
f 402/2069/2175 1089/2070/2176 2515/2071/2177 1092/2072/2178
f 1089/2070/2176 121/2073/2179 1090/2074/2180 2515/2071/2177
f 2515/2071/2177 1090/2074/2180 401/2075/2181 1091/2076/2182
f 1092/2072/2178 2515/2071/2177 1091/2076/2182 631/2077/2183
f 401/2075/2181 1093/2078/2184 2516/2079/2185 1091/2076/2182
f 1093/2078/2184 110/1671/1777 889/1668/1774 2516/2079/2185
f 2516/2079/2185 889/1668/1774 272/1667/1773 1094/2080/2186
f 1091/2076/2182 2516/2079/2185 1094/2080/2186 631/2077/2183
f 272/1667/1773 896/1682/1788 2517/2081/2187 1094/2080/2186
f 896/1682/1788 109/1655/1761 1085/2062/2168 2517/2081/2187
f 2517/2081/2187 1085/2062/2168 399/2059/2165 1095/2082/2188
f 1094/2080/2186 2517/2081/2187 1095/2082/2188 631/2077/2183
f 399/2059/2165 1082/2058/2164 2518/2083/2189 1095/2082/2188
f 1082/2058/2164 120/2057/2163 1096/2084/2190 2518/2083/2189
f 2518/2083/2189 1096/2084/2190 402/2069/2175 1092/2072/2178
f 1095/2082/2188 2518/2083/2189 1092/2072/2178 631/2077/2183
f 384/2085/2191 1097/2086/2192 2519/2087/2193 1099/2088/2194
f 1097/2086/2192 112/1955/2061 1031/1953/2059 2519/2087/2193
f 2519/2087/2193 1031/1953/2059 383/1951/2057 1098/2089/2195
f 1099/2088/2194 2519/2087/2193 1098/2089/2195 632/2090/2196
f 383/1951/2057 1029/1950/2056 2520/2091/2197 1098/2089/2195
f 1029/1950/2056 101/1553/1659 897/1684/1790 2520/2091/2197
f 2520/2091/2197 897/1684/1790 263/1683/1789 1100/2092/2198
f 1098/2089/2195 2520/2091/2197 1100/2092/2198 632/2090/2196
f 263/1683/1789 902/1694/1800 2521/2093/2199 1100/2092/2198
f 902/1694/1800 110/1671/1777 1093/2078/2184 2521/2093/2199
f 2521/2093/2199 1093/2078/2184 401/2075/2181 1101/2094/2200
f 1100/2092/2198 2521/2093/2199 1101/2094/2200 632/2090/2196
f 401/2075/2181 1090/2074/2180 2522/2095/2201 1101/2094/2200
f 1090/2074/2180 121/2073/2179 1102/2096/2202 2522/2095/2201
f 2522/2095/2201 1102/2096/2202 384/2085/2191 1099/2088/2194
f 1101/2094/2200 2522/2095/2201 1099/2088/2194 632/2090/2196
f 406/2097/2203 1103/2098/2204 2523/2099/2205 1106/2100/2206
f 1103/2098/2204 123/2101/2207 1104/2102/2208 2523/2099/2205
f 2523/2099/2205 1104/2102/2208 405/2103/2209 1105/2104/2210
f 1106/2100/2206 2523/2099/2205 1105/2104/2210 633/2105/2211
f 405/2103/2209 1107/2106/2212 2524/2107/2213 1105/2104/2210
f 1107/2106/2212 113/1941/2047 1023/1938/2044 2524/2107/2213
f 2524/2107/2213 1023/1938/2044 386/1937/2043 1108/2108/2214
f 1105/2104/2210 2524/2107/2213 1108/2108/2214 633/2105/2211
f 386/1937/2043 1032/1956/2062 2525/2109/2215 1108/2108/2214
f 1032/1956/2062 112/1955/2061 1109/2110/2216 2525/2109/2215
f 2525/2109/2215 1109/2110/2216 403/2111/2217 1110/2112/2218
f 1108/2108/2214 2525/2109/2215 1110/2112/2218 633/2105/2211
f 403/2111/2217 1111/2113/2219 2526/2114/2220 1110/2112/2218
f 1111/2113/2219 122/2115/2221 1112/2116/2222 2526/2114/2220
f 2526/2114/2220 1112/2116/2222 406/2097/2203 1106/2100/2206
f 1110/2112/2218 2526/2114/2220 1106/2100/2206 633/2105/2211
f 408/2117/2223 1113/2118/2224 2527/2119/2225 1116/2120/2226
f 1113/2118/2224 124/2121/2227 1114/2122/2228 2527/2119/2225
f 2527/2119/2225 1114/2122/2228 407/2123/2229 1115/2124/2230
f 1116/2120/2226 2527/2119/2225 1115/2124/2230 634/2125/2231
f 407/2123/2229 1117/2126/2232 2528/2127/2233 1115/2124/2230
f 1117/2126/2232 114/1961/2067 1033/1958/2064 2528/2127/2233
f 2528/2127/2233 1033/1958/2064 388/1957/2063 1118/2128/2234
f 1115/2124/2230 2528/2127/2233 1118/2128/2234 634/2125/2231
f 388/1957/2063 1040/1972/2078 2529/2129/2235 1118/2128/2234
f 1040/1972/2078 113/1941/2047 1107/2106/2212 2529/2129/2235
f 2529/2129/2235 1107/2106/2212 405/2103/2209 1119/2130/2236
f 1118/2128/2234 2529/2129/2235 1119/2130/2236 634/2125/2231
f 405/2103/2209 1104/2102/2208 2530/2131/2237 1119/2130/2236
f 1104/2102/2208 123/2101/2207 1120/2132/2238 2530/2131/2237
f 2530/2131/2237 1120/2132/2238 408/2117/2223 1116/2120/2226
f 1119/2130/2236 2530/2131/2237 1116/2120/2226 634/2125/2231
f 410/2133/2239 1121/2134/2240 2531/2135/2241 1124/2136/2242
f 1121/2134/2240 125/2137/2243 1122/2138/2244 2531/2135/2241
f 2531/2135/2241 1122/2138/2244 409/2139/2245 1123/2140/2246
f 1124/2136/2242 2531/2135/2241 1123/2140/2246 635/2141/2247
f 409/2139/2245 1125/2142/2248 2532/2143/2249 1123/2140/2246
f 1125/2142/2248 115/1977/2083 1041/1974/2080 2532/2143/2249
f 2532/2143/2249 1041/1974/2080 390/1973/2079 1126/2144/2250
f 1123/2140/2246 2532/2143/2249 1126/2144/2250 635/2141/2247
f 390/1973/2079 1048/1988/2094 2533/2145/2251 1126/2144/2250
f 1048/1988/2094 114/1961/2067 1117/2126/2232 2533/2145/2251
f 2533/2145/2251 1117/2126/2232 407/2123/2229 1127/2146/2252
f 1126/2144/2250 2533/2145/2251 1127/2146/2252 635/2141/2247
f 407/2123/2229 1114/2122/2228 2534/2147/2253 1127/2146/2252
f 1114/2122/2228 124/2121/2227 1128/2148/2254 2534/2147/2253
f 2534/2147/2253 1128/2148/2254 410/2133/2239 1124/2136/2242
f 1127/2146/2252 2534/2147/2253 1124/2136/2242 635/2141/2247
f 412/2149/2255 1129/2150/2256 2535/2151/2257 1132/2152/2258
f 1129/2150/2256 126/2153/2259 1130/2154/2260 2535/2151/2257
f 2535/2151/2257 1130/2154/2260 411/2155/2261 1131/2156/2262
f 1132/2152/2258 2535/2151/2257 1131/2156/2262 636/2157/2263
f 411/2155/2261 1133/2158/2264 2536/2159/2265 1131/2156/2262
f 1133/2158/2264 116/1993/2099 1049/1990/2096 2536/2159/2265
f 2536/2159/2265 1049/1990/2096 392/1989/2095 1134/2160/2266
f 1131/2156/2262 2536/2159/2265 1134/2160/2266 636/2157/2263
f 392/1989/2095 1056/2004/2110 2537/2161/2267 1134/2160/2266
f 1056/2004/2110 115/1977/2083 1125/2142/2248 2537/2161/2267
f 2537/2161/2267 1125/2142/2248 409/2139/2245 1135/2162/2268
f 1134/2160/2266 2537/2161/2267 1135/2162/2268 636/2157/2263
f 409/2139/2245 1122/2138/2244 2538/2163/2269 1135/2162/2268
f 1122/2138/2244 125/2137/2243 1136/2164/2270 2538/2163/2269
f 2538/2163/2269 1136/2164/2270 412/2149/2255 1132/2152/2258
f 1135/2162/2268 2538/2163/2269 1132/2152/2258 636/2157/2263
f 414/2165/2271 1137/2166/2272 2539/2167/2273 1140/2168/2274
f 1137/2166/2272 127/2169/2275 1138/2170/2276 2539/2167/2273
f 2539/2167/2273 1138/2170/2276 413/2171/2277 1139/2172/2278
f 1140/2168/2274 2539/2167/2273 1139/2172/2278 637/2173/2279
f 413/2171/2277 1141/2174/2280 2540/2175/2281 1139/2172/2278
f 1141/2174/2280 117/2009/2115 1057/2006/2112 2540/2175/2281
f 2540/2175/2281 1057/2006/2112 394/2005/2111 1142/2176/2282
f 1139/2172/2278 2540/2175/2281 1142/2176/2282 637/2173/2279
f 394/2005/2111 1064/2020/2126 2541/2177/2283 1142/2176/2282
f 1064/2020/2126 116/1993/2099 1133/2158/2264 2541/2177/2283
f 2541/2177/2283 1133/2158/2264 411/2155/2261 1143/2178/2284
f 1142/2176/2282 2541/2177/2283 1143/2178/2284 637/2173/2279
f 411/2155/2261 1130/2154/2260 2542/2179/2285 1143/2178/2284
f 1130/2154/2260 126/2153/2259 1144/2180/2286 2542/2179/2285
f 2542/2179/2285 1144/2180/2286 414/2165/2271 1140/2168/2274
f 1143/2178/2284 2542/2179/2285 1140/2168/2274 637/2173/2279
f 416/2181/2287 1145/2182/2288 2543/2183/2289 1148/2184/2290
f 1145/2182/2288 128/2185/2291 1146/2186/2292 2543/2183/2289
f 2543/2183/2289 1146/2186/2292 415/2187/2293 1147/2188/2294
f 1148/2184/2290 2543/2183/2289 1147/2188/2294 638/2189/2295
f 415/2187/2293 1149/2190/2296 2544/2191/2297 1147/2188/2294
f 1149/2190/2296 118/2025/2131 1065/2022/2128 2544/2191/2297
f 2544/2191/2297 1065/2022/2128 396/2021/2127 1150/2192/2298
f 1147/2188/2294 2544/2191/2297 1150/2192/2298 638/2189/2295
f 396/2021/2127 1072/2036/2142 2545/2193/2299 1150/2192/2298
f 1072/2036/2142 117/2009/2115 1141/2174/2280 2545/2193/2299
f 2545/2193/2299 1141/2174/2280 413/2171/2277 1151/2194/2300
f 1150/2192/2298 2545/2193/2299 1151/2194/2300 638/2189/2295
f 413/2171/2277 1138/2170/2276 2546/2195/2301 1151/2194/2300
f 1138/2170/2276 127/2169/2275 1152/2196/2302 2546/2195/2301
f 2546/2195/2301 1152/2196/2302 416/2181/2287 1148/2184/2290
f 1151/2194/2300 2546/2195/2301 1148/2184/2290 638/2189/2295
f 418/2197/2303 1153/2198/2304 2547/2199/2305 1156/2200/2306
f 1153/2198/2304 129/2201/2307 1154/2202/2308 2547/2199/2305
f 2547/2199/2305 1154/2202/2308 417/2203/2309 1155/2204/2310
f 1156/2200/2306 2547/2199/2305 1155/2204/2310 639/2205/2311
f 417/2203/2309 1157/2206/2312 2548/2207/2313 1155/2204/2310
f 1157/2206/2312 119/2041/2147 1073/2038/2144 2548/2207/2313
f 2548/2207/2313 1073/2038/2144 398/2037/2143 1158/2208/2314
f 1155/2204/2310 2548/2207/2313 1158/2208/2314 639/2205/2311
f 398/2037/2143 1080/2052/2158 2549/2209/2315 1158/2208/2314
f 1080/2052/2158 118/2025/2131 1149/2190/2296 2549/2209/2315
f 2549/2209/2315 1149/2190/2296 415/2187/2293 1159/2210/2316
f 1158/2208/2314 2549/2209/2315 1159/2210/2316 639/2205/2311
f 415/2187/2293 1146/2186/2292 2550/2211/2317 1159/2210/2316
f 1146/2186/2292 128/2185/2291 1160/2212/2318 2550/2211/2317
f 2550/2211/2317 1160/2212/2318 418/2197/2303 1156/2200/2306
f 1159/2210/2316 2550/2211/2317 1156/2200/2306 639/2205/2311
f 420/2213/2319 1161/2214/2320 2551/2215/2321 1164/2216/2322
f 1161/2214/2320 130/2217/2323 1162/2218/2324 2551/2215/2321
f 2551/2215/2321 1162/2218/2324 419/2219/2325 1163/2220/2326
f 1164/2216/2322 2551/2215/2321 1163/2220/2326 640/2221/2327
f 419/2219/2325 1165/2222/2328 2552/2223/2329 1163/2220/2326
f 1165/2222/2328 120/2057/2163 1081/2054/2160 2552/2223/2329
f 2552/2223/2329 1081/2054/2160 400/2053/2159 1166/2224/2330
f 1163/2220/2326 2552/2223/2329 1166/2224/2330 640/2221/2327
f 400/2053/2159 1088/2068/2174 2553/2225/2331 1166/2224/2330
f 1088/2068/2174 119/2041/2147 1157/2206/2312 2553/2225/2331
f 2553/2225/2331 1157/2206/2312 417/2203/2309 1167/2226/2332
f 1166/2224/2330 2553/2225/2331 1167/2226/2332 640/2221/2327
f 417/2203/2309 1154/2202/2308 2554/2227/2333 1167/2226/2332
f 1154/2202/2308 129/2201/2307 1168/2228/2334 2554/2227/2333
f 2554/2227/2333 1168/2228/2334 420/2213/2319 1164/2216/2322
f 1167/2226/2332 2554/2227/2333 1164/2216/2322 640/2221/2327
f 422/2229/2335 1169/2230/2336 2555/2231/2337 1172/2232/2338
f 1169/2230/2336 131/2233/2339 1170/2234/2340 2555/2231/2337
f 2555/2231/2337 1170/2234/2340 421/2235/2341 1171/2236/2342
f 1172/2232/2338 2555/2231/2337 1171/2236/2342 641/2237/2343
f 421/2235/2341 1173/2238/2344 2556/2239/2345 1171/2236/2342
f 1173/2238/2344 121/2073/2179 1089/2070/2176 2556/2239/2345
f 2556/2239/2345 1089/2070/2176 402/2069/2175 1174/2240/2346
f 1171/2236/2342 2556/2239/2345 1174/2240/2346 641/2237/2343
f 402/2069/2175 1096/2084/2190 2557/2241/2347 1174/2240/2346
f 1096/2084/2190 120/2057/2163 1165/2222/2328 2557/2241/2347
f 2557/2241/2347 1165/2222/2328 419/2219/2325 1175/2242/2348
f 1174/2240/2346 2557/2241/2347 1175/2242/2348 641/2237/2343
f 419/2219/2325 1162/2218/2324 2558/2243/2349 1175/2242/2348
f 1162/2218/2324 130/2217/2323 1176/2244/2350 2558/2243/2349
f 2558/2243/2349 1176/2244/2350 422/2229/2335 1172/2232/2338
f 1175/2242/2348 2558/2243/2349 1172/2232/2338 641/2237/2343
f 404/2245/2351 1177/2246/2352 2559/2247/2353 1179/2248/2354
f 1177/2246/2352 122/2115/2221 1111/2113/2219 2559/2247/2353
f 2559/2247/2353 1111/2113/2219 403/2111/2217 1178/2249/2355
f 1179/2248/2354 2559/2247/2353 1178/2249/2355 642/2250/2356
f 403/2111/2217 1109/2110/2216 2560/2251/2357 1178/2249/2355
f 1109/2110/2216 112/1955/2061 1097/2086/2192 2560/2251/2357
f 2560/2251/2357 1097/2086/2192 384/2085/2191 1180/2252/2358
f 1178/2249/2355 2560/2251/2357 1180/2252/2358 642/2250/2356
f 384/2085/2191 1102/2096/2202 2561/2253/2359 1180/2252/2358
f 1102/2096/2202 121/2073/2179 1173/2238/2344 2561/2253/2359
f 2561/2253/2359 1173/2238/2344 421/2235/2341 1181/2254/2360
f 1180/2252/2358 2561/2253/2359 1181/2254/2360 642/2250/2356
f 421/2235/2341 1170/2234/2340 2562/2255/2361 1181/2254/2360
f 1170/2234/2340 131/2233/2339 1182/2256/2362 2562/2255/2361
f 2562/2255/2361 1182/2256/2362 404/2245/2351 1179/2248/2354
f 1181/2254/2360 2562/2255/2361 1179/2248/2354 642/2250/2356
f 426/2257/2363 1183/2258/2364 2563/2259/2365 1186/2260/2366
f 1183/2258/2364 133/2261/2367 1184/2262/2368 2563/2259/2365
f 2563/2259/2365 1184/2262/2368 425/2263/2369 1185/2264/2370
f 1186/2260/2366 2563/2259/2365 1185/2264/2370 643/2265/2371
f 425/2263/2369 1187/2266/2372 2564/2267/2373 1185/2264/2370
f 1187/2266/2372 123/2101/2207 1103/2098/2204 2564/2267/2373
f 2564/2267/2373 1103/2098/2204 406/2097/2203 1188/2268/2374
f 1185/2264/2370 2564/2267/2373 1188/2268/2374 643/2265/2371
f 406/2097/2203 1112/2116/2222 2565/2269/2375 1188/2268/2374
f 1112/2116/2222 122/2115/2221 1189/2270/2376 2565/2269/2375
f 2565/2269/2375 1189/2270/2376 423/2271/2377 1190/2272/2378
f 1188/2268/2374 2565/2269/2375 1190/2272/2378 643/2265/2371
f 423/2271/2377 1191/2273/2379 2566/2274/2380 1190/2272/2378
f 1191/2273/2379 132/2275/2381 1192/2276/2382 2566/2274/2380
f 2566/2274/2380 1192/2276/2382 426/2257/2363 1186/2260/2366
f 1190/2272/2378 2566/2274/2380 1186/2260/2366 643/2265/2371
f 428/2277/2383 1193/2278/2384 2567/2279/2385 1196/2280/2386
f 1193/2278/2384 134/2281/2387 1194/2282/2388 2567/2279/2385
f 2567/2279/2385 1194/2282/2388 427/2283/2389 1195/2284/2390
f 1196/2280/2386 2567/2279/2385 1195/2284/2390 644/2285/2391
f 427/2283/2389 1197/2286/2392 2568/2287/2393 1195/2284/2390
f 1197/2286/2392 124/2121/2227 1113/2118/2224 2568/2287/2393
f 2568/2287/2393 1113/2118/2224 408/2117/2223 1198/2288/2394
f 1195/2284/2390 2568/2287/2393 1198/2288/2394 644/2285/2391
f 408/2117/2223 1120/2132/2238 2569/2289/2395 1198/2288/2394
f 1120/2132/2238 123/2101/2207 1187/2266/2372 2569/2289/2395
f 2569/2289/2395 1187/2266/2372 425/2263/2369 1199/2290/2396
f 1198/2288/2394 2569/2289/2395 1199/2290/2396 644/2285/2391
f 425/2263/2369 1184/2262/2368 2570/2291/2397 1199/2290/2396
f 1184/2262/2368 133/2261/2367 1200/2292/2398 2570/2291/2397
f 2570/2291/2397 1200/2292/2398 428/2277/2383 1196/2280/2386
f 1199/2290/2396 2570/2291/2397 1196/2280/2386 644/2285/2391
f 430/2293/2399 1201/2294/2400 2571/2295/2401 1204/2296/2402
f 1201/2294/2400 135/2297/2403 1202/2298/2404 2571/2295/2401
f 2571/2295/2401 1202/2298/2404 429/2299/2405 1203/2300/2406
f 1204/2296/2402 2571/2295/2401 1203/2300/2406 645/2301/2407
f 429/2299/2405 1205/2302/2408 2572/2303/2409 1203/2300/2406
f 1205/2302/2408 125/2137/2243 1121/2134/2240 2572/2303/2409
f 2572/2303/2409 1121/2134/2240 410/2133/2239 1206/2304/2410
f 1203/2300/2406 2572/2303/2409 1206/2304/2410 645/2301/2407
f 410/2133/2239 1128/2148/2254 2573/2305/2411 1206/2304/2410
f 1128/2148/2254 124/2121/2227 1197/2286/2392 2573/2305/2411
f 2573/2305/2411 1197/2286/2392 427/2283/2389 1207/2306/2412
f 1206/2304/2410 2573/2305/2411 1207/2306/2412 645/2301/2407
f 427/2283/2389 1194/2282/2388 2574/2307/2413 1207/2306/2412
f 1194/2282/2388 134/2281/2387 1208/2308/2414 2574/2307/2413
f 2574/2307/2413 1208/2308/2414 430/2293/2399 1204/2296/2402
f 1207/2306/2412 2574/2307/2413 1204/2296/2402 645/2301/2407
f 432/2309/2415 1209/2310/2416 2575/2311/2417 1212/2312/2418
f 1209/2310/2416 136/2313/2419 1210/2314/2420 2575/2311/2417
f 2575/2311/2417 1210/2314/2420 431/2315/2421 1211/2316/2422
f 1212/2312/2418 2575/2311/2417 1211/2316/2422 646/2317/2423
f 431/2315/2421 1213/2318/2424 2576/2319/2425 1211/2316/2422
f 1213/2318/2424 126/2153/2259 1129/2150/2256 2576/2319/2425
f 2576/2319/2425 1129/2150/2256 412/2149/2255 1214/2320/2426
f 1211/2316/2422 2576/2319/2425 1214/2320/2426 646/2317/2423
f 412/2149/2255 1136/2164/2270 2577/2321/2427 1214/2320/2426
f 1136/2164/2270 125/2137/2243 1205/2302/2408 2577/2321/2427
f 2577/2321/2427 1205/2302/2408 429/2299/2405 1215/2322/2428
f 1214/2320/2426 2577/2321/2427 1215/2322/2428 646/2317/2423
f 429/2299/2405 1202/2298/2404 2578/2323/2429 1215/2322/2428
f 1202/2298/2404 135/2297/2403 1216/2324/2430 2578/2323/2429
f 2578/2323/2429 1216/2324/2430 432/2309/2415 1212/2312/2418
f 1215/2322/2428 2578/2323/2429 1212/2312/2418 646/2317/2423
f 434/2325/2431 1217/2326/2432 2579/2327/2433 1220/2328/2434
f 1217/2326/2432 137/2329/2435 1218/2330/2436 2579/2327/2433
f 2579/2327/2433 1218/2330/2436 433/2331/2437 1219/2332/2438
f 1220/2328/2434 2579/2327/2433 1219/2332/2438 647/2333/2439
f 433/2331/2437 1221/2334/2440 2580/2335/2441 1219/2332/2438
f 1221/2334/2440 127/2169/2275 1137/2166/2272 2580/2335/2441
f 2580/2335/2441 1137/2166/2272 414/2165/2271 1222/2336/2442
f 1219/2332/2438 2580/2335/2441 1222/2336/2442 647/2333/2439
f 414/2165/2271 1144/2180/2286 2581/2337/2443 1222/2336/2442
f 1144/2180/2286 126/2153/2259 1213/2318/2424 2581/2337/2443
f 2581/2337/2443 1213/2318/2424 431/2315/2421 1223/2338/2444
f 1222/2336/2442 2581/2337/2443 1223/2338/2444 647/2333/2439
f 431/2315/2421 1210/2314/2420 2582/2339/2445 1223/2338/2444
f 1210/2314/2420 136/2313/2419 1224/2340/2446 2582/2339/2445
f 2582/2339/2445 1224/2340/2446 434/2325/2431 1220/2328/2434
f 1223/2338/2444 2582/2339/2445 1220/2328/2434 647/2333/2439
f 436/2341/2447 1225/2342/2448 2583/2343/2449 1228/2344/2450
f 1225/2342/2448 138/2345/2451 1226/2346/2452 2583/2343/2449
f 2583/2343/2449 1226/2346/2452 435/2347/2453 1227/2348/2454
f 1228/2344/2450 2583/2343/2449 1227/2348/2454 648/2349/2455
f 435/2347/2453 1229/2350/2456 2584/2351/2457 1227/2348/2454
f 1229/2350/2456 128/2185/2291 1145/2182/2288 2584/2351/2457
f 2584/2351/2457 1145/2182/2288 416/2181/2287 1230/2352/2458
f 1227/2348/2454 2584/2351/2457 1230/2352/2458 648/2349/2455
f 416/2181/2287 1152/2196/2302 2585/2353/2459 1230/2352/2458
f 1152/2196/2302 127/2169/2275 1221/2334/2440 2585/2353/2459
f 2585/2353/2459 1221/2334/2440 433/2331/2437 1231/2354/2460
f 1230/2352/2458 2585/2353/2459 1231/2354/2460 648/2349/2455
f 433/2331/2437 1218/2330/2436 2586/2355/2461 1231/2354/2460
f 1218/2330/2436 137/2329/2435 1232/2356/2462 2586/2355/2461
f 2586/2355/2461 1232/2356/2462 436/2341/2447 1228/2344/2450
f 1231/2354/2460 2586/2355/2461 1228/2344/2450 648/2349/2455
f 438/2357/2463 1233/2358/2464 2587/2359/2465 1236/2360/2466
f 1233/2358/2464 139/2361/2467 1234/2362/2468 2587/2359/2465
f 2587/2359/2465 1234/2362/2468 437/2363/2469 1235/2364/2470
f 1236/2360/2466 2587/2359/2465 1235/2364/2470 649/2365/2471
f 437/2363/2469 1237/2366/2472 2588/2367/2473 1235/2364/2470
f 1237/2366/2472 129/2201/2307 1153/2198/2304 2588/2367/2473
f 2588/2367/2473 1153/2198/2304 418/2197/2303 1238/2368/2474
f 1235/2364/2470 2588/2367/2473 1238/2368/2474 649/2365/2471
f 418/2197/2303 1160/2212/2318 2589/2369/2475 1238/2368/2474
f 1160/2212/2318 128/2185/2291 1229/2350/2456 2589/2369/2475
f 2589/2369/2475 1229/2350/2456 435/2347/2453 1239/2370/2476
f 1238/2368/2474 2589/2369/2475 1239/2370/2476 649/2365/2471
f 435/2347/2453 1226/2346/2452 2590/2371/2477 1239/2370/2476
f 1226/2346/2452 138/2345/2451 1240/2372/2478 2590/2371/2477
f 2590/2371/2477 1240/2372/2478 438/2357/2463 1236/2360/2466
f 1239/2370/2476 2590/2371/2477 1236/2360/2466 649/2365/2471
f 440/2373/2479 1241/2374/2480 2591/2375/2481 1244/2376/2482
f 1241/2374/2480 140/2377/2483 1242/2378/2484 2591/2375/2481
f 2591/2375/2481 1242/2378/2484 439/2379/2485 1243/2380/2486
f 1244/2376/2482 2591/2375/2481 1243/2380/2486 650/2381/2487
f 439/2379/2485 1245/2382/2488 2592/2383/2489 1243/2380/2486
f 1245/2382/2488 130/2217/2323 1161/2214/2320 2592/2383/2489
f 2592/2383/2489 1161/2214/2320 420/2213/2319 1246/2384/2490
f 1243/2380/2486 2592/2383/2489 1246/2384/2490 650/2381/2487
f 420/2213/2319 1168/2228/2334 2593/2385/2491 1246/2384/2490
f 1168/2228/2334 129/2201/2307 1237/2366/2472 2593/2385/2491
f 2593/2385/2491 1237/2366/2472 437/2363/2469 1247/2386/2492
f 1246/2384/2490 2593/2385/2491 1247/2386/2492 650/2381/2487
f 437/2363/2469 1234/2362/2468 2594/2387/2493 1247/2386/2492
f 1234/2362/2468 139/2361/2467 1248/2388/2494 2594/2387/2493
f 2594/2387/2493 1248/2388/2494 440/2373/2479 1244/2376/2482
f 1247/2386/2492 2594/2387/2493 1244/2376/2482 650/2381/2487
f 442/2389/2495 1249/2390/2496 2595/2391/2497 1252/2392/2498
f 1249/2390/2496 141/2393/2499 1250/2394/2500 2595/2391/2497
f 2595/2391/2497 1250/2394/2500 441/2395/2501 1251/2396/2502
f 1252/2392/2498 2595/2391/2497 1251/2396/2502 651/2397/2503
f 441/2395/2501 1253/2398/2504 2596/2399/2505 1251/2396/2502
f 1253/2398/2504 131/2233/2339 1169/2230/2336 2596/2399/2505
f 2596/2399/2505 1169/2230/2336 422/2229/2335 1254/2400/2506
f 1251/2396/2502 2596/2399/2505 1254/2400/2506 651/2397/2503
f 422/2229/2335 1176/2244/2350 2597/2401/2507 1254/2400/2506
f 1176/2244/2350 130/2217/2323 1245/2382/2488 2597/2401/2507
f 2597/2401/2507 1245/2382/2488 439/2379/2485 1255/2402/2508
f 1254/2400/2506 2597/2401/2507 1255/2402/2508 651/2397/2503
f 439/2379/2485 1242/2378/2484 2598/2403/2509 1255/2402/2508
f 1242/2378/2484 140/2377/2483 1256/2404/2510 2598/2403/2509
f 2598/2403/2509 1256/2404/2510 442/2389/2495 1252/2392/2498
f 1255/2402/2508 2598/2403/2509 1252/2392/2498 651/2397/2503
f 424/2405/2511 1257/2406/2512 2599/2407/2513 1259/2408/2514
f 1257/2406/2512 132/2275/2381 1191/2273/2379 2599/2407/2513
f 2599/2407/2513 1191/2273/2379 423/2271/2377 1258/2409/2515
f 1259/2408/2514 2599/2407/2513 1258/2409/2515 652/2410/2516
f 423/2271/2377 1189/2270/2376 2600/2411/2517 1258/2409/2515
f 1189/2270/2376 122/2115/2221 1177/2246/2352 2600/2411/2517
f 2600/2411/2517 1177/2246/2352 404/2245/2351 1260/2412/2518
f 1258/2409/2515 2600/2411/2517 1260/2412/2518 652/2410/2516
f 404/2245/2351 1182/2256/2362 2601/2413/2519 1260/2412/2518
f 1182/2256/2362 131/2233/2339 1253/2398/2504 2601/2413/2519
f 2601/2413/2519 1253/2398/2504 441/2395/2501 1261/2414/2520
f 1260/2412/2518 2601/2413/2519 1261/2414/2520 652/2410/2516
f 441/2395/2501 1250/2394/2500 2602/2415/2521 1261/2414/2520
f 1250/2394/2500 141/2393/2499 1262/2416/2522 2602/2415/2521
f 2602/2415/2521 1262/2416/2522 424/2405/2511 1259/2408/2514
f 1261/2414/2520 2602/2415/2521 1259/2408/2514 652/2410/2516
f 446/1802/1908 954/1801/1907 2603/2417/2523 1265/2418/2524
f 954/1801/1907 144/1800/1906 1263/2419/2525 2603/2417/2523
f 2603/2417/2523 1263/2419/2525 445/2420/2526 1264/2421/2527
f 1265/2418/2524 2603/2417/2523 1264/2421/2527 653/2422/2528
f 445/2420/2526 1266/2423/2529 2604/2424/2530 1264/2421/2527
f 1266/2423/2529 133/2261/2367 1183/2258/2364 2604/2424/2530
f 2604/2424/2530 1183/2258/2364 426/2257/2363 1267/2425/2531
f 1264/2421/2527 2604/2424/2530 1267/2425/2531 653/2422/2528
f 426/2257/2363 1192/2276/2382 2605/2426/2532 1267/2425/2531
f 1192/2276/2382 132/2275/2381 1268/2427/2533 2605/2426/2532
f 2605/2426/2532 1268/2427/2533 443/2428/2534 1269/2429/2535
f 1267/2425/2531 2605/2426/2532 1269/2429/2535 653/2422/2528
f 443/2428/2534 1270/2430/2536 2606/2431/2537 1269/2429/2535
f 1270/2430/2536 142/1807/1913 957/1805/1911 2606/2431/2537
f 2606/2431/2537 957/1805/1911 446/1802/1908 1265/2418/2524
f 1269/2429/2535 2606/2431/2537 1265/2418/2524 653/2422/2528
f 449/1821/1927 963/1820/1926 2607/2432/2538 1273/2433/2539
f 963/1820/1926 145/1819/1925 1271/2434/2540 2607/2432/2538
f 2607/2432/2538 1271/2434/2540 448/2435/2541 1272/2436/2542
f 1273/2433/2539 2607/2432/2538 1272/2436/2542 654/2437/2543
f 448/2435/2541 1274/2438/2544 2608/2439/2545 1272/2436/2542
f 1274/2438/2544 134/2281/2387 1193/2278/2384 2608/2439/2545
f 2608/2439/2545 1193/2278/2384 428/2277/2383 1275/2440/2546
f 1272/2436/2542 2608/2439/2545 1275/2440/2546 654/2437/2543
f 428/2277/2383 1200/2292/2398 2609/2441/2547 1275/2440/2546
f 1200/2292/2398 133/2261/2367 1266/2423/2529 2609/2441/2547
f 2609/2441/2547 1266/2423/2529 445/2420/2526 1276/2442/2548
f 1275/2440/2546 2609/2441/2547 1276/2442/2548 654/2437/2543
f 445/2420/2526 1263/2419/2525 2610/2443/2549 1276/2442/2548
f 1263/2419/2525 144/1800/1906 966/1824/1930 2610/2443/2549
f 2610/2443/2549 966/1824/1930 449/1821/1927 1273/2433/2539
f 1276/2442/2548 2610/2443/2549 1273/2433/2539 654/2437/2543
f 452/1835/1941 970/1834/1940 2611/2444/2550 1279/2445/2551
f 970/1834/1940 146/1833/1939 1277/2446/2552 2611/2444/2550
f 2611/2444/2550 1277/2446/2552 451/2447/2553 1278/2448/2554
f 1279/2445/2551 2611/2444/2550 1278/2448/2554 655/2449/2555
f 451/2447/2553 1280/2450/2556 2612/2451/2557 1278/2448/2554
f 1280/2450/2556 135/2297/2403 1201/2294/2400 2612/2451/2557
f 2612/2451/2557 1201/2294/2400 430/2293/2399 1281/2452/2558
f 1278/2448/2554 2612/2451/2557 1281/2452/2558 655/2449/2555
f 430/2293/2399 1208/2308/2414 2613/2453/2559 1281/2452/2558
f 1208/2308/2414 134/2281/2387 1274/2438/2544 2613/2453/2559
f 2613/2453/2559 1274/2438/2544 448/2435/2541 1282/2454/2560
f 1281/2452/2558 2613/2453/2559 1282/2454/2560 655/2449/2555
f 448/2435/2541 1271/2434/2540 2614/2455/2561 1282/2454/2560
f 1271/2434/2540 145/1819/1925 973/1838/1944 2614/2455/2561
f 2614/2455/2561 973/1838/1944 452/1835/1941 1279/2445/2551
f 1282/2454/2560 2614/2455/2561 1279/2445/2551 655/2449/2555
f 455/1849/1955 977/1848/1954 2615/2456/2562 1285/2457/2563
f 977/1848/1954 147/1847/1953 1283/2458/2564 2615/2456/2562
f 2615/2456/2562 1283/2458/2564 454/2459/2565 1284/2460/2566
f 1285/2457/2563 2615/2456/2562 1284/2460/2566 656/2461/2567
f 454/2459/2565 1286/2462/2568 2616/2463/2569 1284/2460/2566
f 1286/2462/2568 136/2313/2419 1209/2310/2416 2616/2463/2569
f 2616/2463/2569 1209/2310/2416 432/2309/2415 1287/2464/2570
f 1284/2460/2566 2616/2463/2569 1287/2464/2570 656/2461/2567
f 432/2309/2415 1216/2324/2430 2617/2465/2571 1287/2464/2570
f 1216/2324/2430 135/2297/2403 1280/2450/2556 2617/2465/2571
f 2617/2465/2571 1280/2450/2556 451/2447/2553 1288/2466/2572
f 1287/2464/2570 2617/2465/2571 1288/2466/2572 656/2461/2567
f 451/2447/2553 1277/2446/2552 2618/2467/2573 1288/2466/2572
f 1277/2446/2552 146/1833/1939 980/1852/1958 2618/2467/2573
f 2618/2467/2573 980/1852/1958 455/1849/1955 1285/2457/2563
f 1288/2466/2572 2618/2467/2573 1285/2457/2563 656/2461/2567
f 458/1863/1969 984/1862/1968 2619/2468/2574 1291/2469/2575
f 984/1862/1968 148/1861/1967 1289/2470/2576 2619/2468/2574
f 2619/2468/2574 1289/2470/2576 457/2471/2577 1290/2472/2578
f 1291/2469/2575 2619/2468/2574 1290/2472/2578 657/2473/2579
f 457/2471/2577 1292/2474/2580 2620/2475/2581 1290/2472/2578
f 1292/2474/2580 137/2329/2435 1217/2326/2432 2620/2475/2581
f 2620/2475/2581 1217/2326/2432 434/2325/2431 1293/2476/2582
f 1290/2472/2578 2620/2475/2581 1293/2476/2582 657/2473/2579
f 434/2325/2431 1224/2340/2446 2621/2477/2583 1293/2476/2582
f 1224/2340/2446 136/2313/2419 1286/2462/2568 2621/2477/2583
f 2621/2477/2583 1286/2462/2568 454/2459/2565 1294/2478/2584
f 1293/2476/2582 2621/2477/2583 1294/2478/2584 657/2473/2579
f 454/2459/2565 1283/2458/2564 2622/2479/2585 1294/2478/2584
f 1283/2458/2564 147/1847/1953 987/1866/1972 2622/2479/2585
f 2622/2479/2585 987/1866/1972 458/1863/1969 1291/2469/2575
f 1294/2478/2584 2622/2479/2585 1291/2469/2575 657/2473/2579
f 461/1877/1983 991/1876/1982 2623/2480/2586 1297/2481/2587
f 991/1876/1982 149/1875/1981 1295/2482/2588 2623/2480/2586
f 2623/2480/2586 1295/2482/2588 460/2483/2589 1296/2484/2590
f 1297/2481/2587 2623/2480/2586 1296/2484/2590 658/2485/2591
f 460/2483/2589 1298/2486/2592 2624/2487/2593 1296/2484/2590
f 1298/2486/2592 138/2345/2451 1225/2342/2448 2624/2487/2593
f 2624/2487/2593 1225/2342/2448 436/2341/2447 1299/2488/2594
f 1296/2484/2590 2624/2487/2593 1299/2488/2594 658/2485/2591
f 436/2341/2447 1232/2356/2462 2625/2489/2595 1299/2488/2594
f 1232/2356/2462 137/2329/2435 1292/2474/2580 2625/2489/2595
f 2625/2489/2595 1292/2474/2580 457/2471/2577 1300/2490/2596
f 1299/2488/2594 2625/2489/2595 1300/2490/2596 658/2485/2591
f 457/2471/2577 1289/2470/2576 2626/2491/2597 1300/2490/2596
f 1289/2470/2576 148/1861/1967 994/1880/1986 2626/2491/2597
f 2626/2491/2597 994/1880/1986 461/1877/1983 1297/2481/2587
f 1300/2490/2596 2626/2491/2597 1297/2481/2587 658/2485/2591
f 464/1891/1997 998/1890/1996 2627/2492/2598 1303/2493/2599
f 998/1890/1996 150/1889/1995 1301/2494/2600 2627/2492/2598
f 2627/2492/2598 1301/2494/2600 463/2495/2601 1302/2496/2602
f 1303/2493/2599 2627/2492/2598 1302/2496/2602 659/2497/2603
f 463/2495/2601 1304/2498/2604 2628/2499/2605 1302/2496/2602
f 1304/2498/2604 139/2361/2467 1233/2358/2464 2628/2499/2605
f 2628/2499/2605 1233/2358/2464 438/2357/2463 1305/2500/2606
f 1302/2496/2602 2628/2499/2605 1305/2500/2606 659/2497/2603
f 438/2357/2463 1240/2372/2478 2629/2501/2607 1305/2500/2606
f 1240/2372/2478 138/2345/2451 1298/2486/2592 2629/2501/2607
f 2629/2501/2607 1298/2486/2592 460/2483/2589 1306/2502/2608
f 1305/2500/2606 2629/2501/2607 1306/2502/2608 659/2497/2603
f 460/2483/2589 1295/2482/2588 2630/2503/2609 1306/2502/2608
f 1295/2482/2588 149/1875/1981 1001/1894/2000 2630/2503/2609
f 2630/2503/2609 1001/1894/2000 464/1891/1997 1303/2493/2599
f 1306/2502/2608 2630/2503/2609 1303/2493/2599 659/2497/2603
f 467/1905/2011 1005/1904/2010 2631/2504/2610 1309/2505/2611
f 1005/1904/2010 151/1903/2009 1307/2506/2612 2631/2504/2610
f 2631/2504/2610 1307/2506/2612 466/2507/2613 1308/2508/2614
f 1309/2505/2611 2631/2504/2610 1308/2508/2614 660/2509/2615
f 466/2507/2613 1310/2510/2616 2632/2511/2617 1308/2508/2614
f 1310/2510/2616 140/2377/2483 1241/2374/2480 2632/2511/2617
f 2632/2511/2617 1241/2374/2480 440/2373/2479 1311/2512/2618
f 1308/2508/2614 2632/2511/2617 1311/2512/2618 660/2509/2615
f 440/2373/2479 1248/2388/2494 2633/2513/2619 1311/2512/2618
f 1248/2388/2494 139/2361/2467 1304/2498/2604 2633/2513/2619
f 2633/2513/2619 1304/2498/2604 463/2495/2601 1312/2514/2620
f 1311/2512/2618 2633/2513/2619 1312/2514/2620 660/2509/2615
f 463/2495/2601 1301/2494/2600 2634/2515/2621 1312/2514/2620
f 1301/2494/2600 150/1889/1995 1008/1908/2014 2634/2515/2621
f 2634/2515/2621 1008/1908/2014 467/1905/2011 1309/2505/2611
f 1312/2514/2620 2634/2515/2621 1309/2505/2611 660/2509/2615
f 470/1919/2025 1012/1918/2024 2635/2516/2622 1315/2517/2623
f 1012/1918/2024 152/1917/2023 1313/2518/2624 2635/2516/2622
f 2635/2516/2622 1313/2518/2624 469/2519/587 1314/2520/2625
f 1315/2517/2623 2635/2516/2622 1314/2520/2625 661/2521/2626
f 469/2519/587 1316/2522/2627 2636/2523/2628 1314/2520/2625
f 1316/2522/2627 141/2393/2499 1249/2390/2496 2636/2523/2628
f 2636/2523/2628 1249/2390/2496 442/2389/2495 1317/2524/2629
f 1314/2520/2625 2636/2523/2628 1317/2524/2629 661/2521/2626
f 442/2389/2495 1256/2404/2510 2637/2525/2630 1317/2524/2629
f 1256/2404/2510 140/2377/2483 1310/2510/2616 2637/2525/2630
f 2637/2525/2630 1310/2510/2616 466/2507/2613 1318/2526/2631
f 1317/2524/2629 2637/2525/2630 1318/2526/2631 661/2521/2626
f 466/2507/2613 1307/2506/2612 2638/2527/2632 1318/2526/2631
f 1307/2506/2612 151/1903/2009 1015/1922/2028 2638/2527/2632
f 2638/2527/2632 1015/1922/2028 470/1919/2025 1315/2517/2623
f 1318/2526/2631 2638/2527/2632 1315/2517/2623 661/2521/2626
f 443/2428/2534 1268/2427/2533 2639/2528/2633 1320/2529/2634
f 1268/2427/2533 132/2275/2381 1257/2406/2512 2639/2528/2633
f 2639/2528/2633 1257/2406/2512 424/2405/2511 1319/2530/2635
f 1320/2529/2634 2639/2528/2633 1319/2530/2635 662/2531/2636
f 424/2405/2511 1262/2416/2522 2640/2532/2637 1319/2530/2635
f 1262/2416/2522 141/2393/2499 1316/2522/2627 2640/2532/2637
f 2640/2532/2637 1316/2522/2627 469/2519/587 1321/2533/2638
f 1319/2530/2635 2640/2532/2637 1321/2533/2638 662/2531/2636
f 469/2519/587 1313/2518/2624 2641/2534/2639 1321/2533/2638
f 1313/2518/2624 152/1917/2023 1021/1933/2039 2641/2534/2639
f 2641/2534/2639 1021/1933/2039 472/1930/2036 1322/2535/2640
f 1321/2533/2638 2641/2534/2639 1322/2535/2640 662/2531/2636
f 472/1930/2036 1018/1929/2035 2642/2536/2641 1322/2535/2640
f 1018/1929/2035 142/1807/1913 1270/2430/2536 2642/2536/2641
f 2642/2536/2641 1270/2430/2536 443/2428/2534 1320/2529/2634
f 1322/2535/2640 2642/2536/2641 1320/2529/2634 662/2531/2636
o Eye_1_R.001
v -0.487478 0.491411 0.699748
v -0.470423 0.469960 0.699723
v -0.468963 0.442413 0.700181
v -0.483656 0.419292 0.700947
v -0.508889 0.409429 0.701728
v -0.535025 0.416591 0.702226
v -0.552080 0.438042 0.702250
v -0.553540 0.465589 0.701792
v -0.538848 0.488709 0.701027
v -0.513614 0.498573 0.700246
v -0.452743 0.545614 0.721150
v -0.411166 0.493320 0.721090
v -0.407606 0.426167 0.722206
v -0.443424 0.369803 0.724073
v -0.504937 0.345759 0.725977
v -0.568650 0.363218 0.727191
v -0.610227 0.415511 0.727251
v -0.613787 0.482665 0.726134
v -0.577969 0.539028 0.724267
v -0.516456 0.563072 0.722363
v -0.419391 0.597237 0.762869
v -0.354634 0.515788 0.762775
v -0.349090 0.411194 0.764514
v -0.404877 0.323406 0.767422
v -0.500686 0.285955 0.770387
v -0.599922 0.313148 0.772278
v -0.664679 0.394597 0.772371
v -0.670223 0.499191 0.770632
v -0.614436 0.586979 0.767724
v -0.518627 0.624429 0.764759
v -0.394484 0.635248 0.821384
v -0.312885 0.532616 0.821266
v -0.305900 0.400820 0.823458
v -0.376196 0.290200 0.827121
v -0.496922 0.243011 0.830858
v -0.621966 0.277276 0.833240
v -0.703565 0.379907 0.833358
v -0.710551 0.511703 0.831167
v -0.640255 0.622323 0.827503
v -0.519529 0.669512 0.823766
v -0.380460 0.655926 0.890968
v -0.290007 0.542158 0.890838
v -0.282263 0.396061 0.893267
v -0.360187 0.273438 0.897328
v -0.494014 0.221128 0.901470
v -0.632626 0.259111 0.904111
v -0.723079 0.372879 0.904242
v -0.730823 0.518976 0.901812
v -0.652899 0.641599 0.897751
v -0.519073 0.693909 0.893609
v -0.378691 0.657248 0.964810
v -0.288238 0.543480 0.964679
v -0.280494 0.397382 0.967109
v -0.358418 0.274760 0.971170
v -0.492245 0.222450 0.975312
v -0.630857 0.260433 0.977953
v -0.721310 0.374200 0.978083
v -0.729054 0.520297 0.975654
v -0.651131 0.642920 0.971593
v -0.517304 0.695231 0.967451
v -0.389351 0.639083 1.035681
v -0.307752 0.536452 1.035563
v -0.300766 0.404655 1.037755
v -0.371062 0.294036 1.041418
v -0.491789 0.246846 1.045155
v -0.616833 0.281111 1.047537
v -0.698432 0.383742 1.047655
v -0.705418 0.515539 1.045463
v -0.635122 0.626158 1.041799
v -0.514395 0.673348 1.038063
v -0.411983 0.602270 1.097467
v -0.347661 0.521368 1.097375
v -0.342154 0.417477 1.099102
v -0.397567 0.330279 1.101990
v -0.492732 0.293081 1.104936
v -0.591301 0.320091 1.106813
v -0.655623 0.400992 1.106906
v -0.661130 0.504883 1.105179
v -0.605717 0.592082 1.102291
v -0.510552 0.629280 1.099345
v -0.442376 0.553517 1.145853
v -0.400662 0.501050 1.145792
v -0.397091 0.433674 1.146913
v -0.433027 0.377124 1.148786
v -0.494744 0.353001 1.150696
v -0.558668 0.370517 1.151913
v -0.600383 0.422983 1.151974
v -0.603954 0.490359 1.150854
v -0.568018 0.546909 1.148980
v -0.506301 0.571033 1.147070
v -0.461623 0.522730 1.172140
v -0.434149 0.488176 1.172100
v -0.431798 0.443803 1.172838
v -0.455465 0.406559 1.174071
v -0.496112 0.390671 1.175329
v -0.538212 0.402207 1.176131
v -0.565685 0.436762 1.176171
v -0.568037 0.481136 1.175433
v -0.544370 0.518379 1.174200
v -0.503723 0.534267 1.172942
v -0.490117 0.477531 1.191882
v -0.483399 0.469082 1.191872
v -0.482824 0.458231 1.192053
v -0.488611 0.449124 1.192355
v -0.498550 0.445239 1.192662
v -0.508845 0.448060 1.192858
v -0.515562 0.456509 1.192868
v -0.516137 0.467360 1.192688
v -0.510350 0.476466 1.192386
v -0.500411 0.480352 1.192078
v -0.511383 0.453902 0.695493
v -0.499459 0.462811 1.193278
v -0.461603 0.452312 1.187390
v -0.462914 0.477052 1.186979
v -0.478232 0.496318 1.187001
v -0.501704 0.502750 1.187449
v -0.524366 0.493891 1.188150
v -0.537562 0.473126 1.188838
v -0.536250 0.448386 1.189249
v -0.520933 0.429121 1.189227
v -0.497461 0.422689 1.188780
v -0.474798 0.431547 1.188078
v -0.476899 0.482380 0.699695
v -0.467053 0.456326 0.699925
v -0.474090 0.429383 0.700576
v -0.495320 0.411844 0.701398
v -0.522636 0.410407 0.702078
v -0.545602 0.425622 0.702356
v -0.555448 0.451677 0.702126
v -0.548411 0.478620 0.701475
v -0.527181 0.496158 0.700652
v -0.499866 0.497595 0.699972
v -0.483274 0.559417 0.721634
v -0.427956 0.522770 0.720965
v -0.404241 0.460014 0.721520
v -0.421190 0.395120 0.723087
v -0.472326 0.352874 0.725068
v -0.538119 0.349414 0.726706
v -0.593437 0.386061 0.727376
v -0.617151 0.448817 0.726820
v -0.600203 0.513712 0.725253
v -0.549066 0.555957 0.723272
v -0.466945 0.618736 0.763623
v -0.380785 0.561657 0.762580
v -0.343850 0.463912 0.763445
v -0.370247 0.362836 0.765887
v -0.449894 0.297038 0.768972
v -0.552368 0.291649 0.771523
v -0.638528 0.348728 0.772566
v -0.675463 0.446473 0.771701
v -0.649066 0.547548 0.769260
v -0.569419 0.613347 0.766174
v -0.454406 0.662338 0.822335
v -0.345838 0.590415 0.821021
v -0.299297 0.467250 0.822111
v -0.332559 0.339887 0.825187
v -0.432920 0.256976 0.829075
v -0.562045 0.250185 0.832290
v -0.670613 0.322109 0.833603
v -0.717154 0.445274 0.832514
v -0.683892 0.572637 0.829438
v -0.583531 0.655547 0.825549
v -0.446883 0.685956 0.892022
v -0.326535 0.606228 0.890566
v -0.274944 0.469699 0.891774
v -0.311815 0.328516 0.895184
v -0.423066 0.236608 0.899494
v -0.566203 0.229081 0.903057
v -0.686551 0.308809 0.904513
v -0.738142 0.445339 0.903306
v -0.701271 0.586521 0.899896
v -0.590020 0.678429 0.895586
v -0.445115 0.687278 0.965864
v -0.324766 0.607550 0.964408
v -0.273175 0.471020 0.965616
v -0.310046 0.329838 0.969025
v -0.421297 0.237930 0.973335
v -0.564434 0.230403 0.976899
v -0.684782 0.310130 0.978355
v -0.736373 0.446660 0.977147
v -0.699502 0.587843 0.973737
v -0.588251 0.679750 0.969427
v -0.449272 0.666174 1.036631
v -0.340704 0.594250 1.035318
v -0.294163 0.471084 1.036407
v -0.327425 0.343722 1.039484
v -0.427786 0.260811 1.043372
v -0.556912 0.254020 1.046586
v -0.665480 0.325944 1.047900
v -0.712021 0.449109 1.046810
v -0.678759 0.576472 1.043734
v -0.578398 0.659383 1.039846
v -0.459217 0.623625 1.098217
v -0.373637 0.566929 1.097181
v -0.336949 0.469841 1.098040
v -0.363169 0.369445 1.100465
v -0.442281 0.304089 1.103530
v -0.544066 0.298736 1.106064
v -0.629648 0.355431 1.107100
v -0.666335 0.452519 1.106241
v -0.640115 0.552915 1.103816
v -0.561003 0.618272 1.100751
v -0.417508 0.530597 1.145667
v -0.393715 0.467634 1.146224
v -0.410719 0.402525 1.147797
v -0.462025 0.360139 1.149784
v -0.528036 0.356668 1.151428
v -0.583537 0.393436 1.152099
v -0.607330 0.456400 1.151542
v -0.590325 0.521509 1.149970
v -0.539020 0.563895 1.147982
v -0.473009 0.567366 1.146339
v -0.481797 0.531852 1.172460
v -0.445244 0.507636 1.172017
v -0.429575 0.466168 1.172385
v -0.440774 0.423288 1.173420
v -0.474563 0.395373 1.174729
v -0.518038 0.393086 1.175811
v -0.554590 0.417302 1.176254
v -0.570260 0.458770 1.175887
v -0.559061 0.501651 1.174851
v -0.525272 0.529565 1.173542
v -0.494992 0.479982 1.191945
v -0.485938 0.473984 1.191836
v -0.482056 0.463711 1.191926
v -0.484830 0.453089 1.192183
v -0.493200 0.446175 1.192507
v -0.503969 0.445609 1.192775
v -0.513024 0.451607 1.192885
v -0.516905 0.461879 1.192794
v -0.514131 0.472501 1.192538
v -0.505761 0.479415 1.192213
v -0.471210 0.516833 0.707894
v -0.442638 0.480897 0.707853
v -0.440192 0.434748 0.708620
v -0.464806 0.396015 0.709903
v -0.507078 0.379492 0.711211
v -0.550863 0.391489 0.712045
v -0.579434 0.427426 0.712087
v -0.581881 0.473574 0.711319
v -0.557267 0.512308 0.710036
v -0.514994 0.528831 0.708728
v -0.435202 0.572832 0.739618
v -0.381374 0.505130 0.739540
v -0.376766 0.418189 0.740986
v -0.423137 0.345218 0.743402
v -0.502776 0.314089 0.745867
v -0.585263 0.336692 0.747439
v -0.639091 0.404394 0.747516
v -0.643699 0.491335 0.746071
v -0.597327 0.564306 0.743654
v -0.517689 0.595435 0.741189
v -0.405711 0.618206 0.790358
v -0.331624 0.525023 0.790251
v -0.325281 0.405359 0.792241
v -0.389106 0.304922 0.795567
v -0.498719 0.262076 0.798959
v -0.612253 0.293187 0.801122
v -0.686340 0.386371 0.801229
v -0.692683 0.506035 0.799240
v -0.628858 0.606471 0.795913
v -0.519245 0.649317 0.792521
v -0.386004 0.647916 0.855204
v -0.298909 0.538372 0.855078
v -0.291452 0.397698 0.857417
v -0.366483 0.279628 0.861327
v -0.495341 0.229260 0.865316
v -0.628808 0.265833 0.867858
v -0.715903 0.375377 0.867984
v -0.723359 0.516050 0.865645
v -0.648329 0.634120 0.861734
v -0.519470 0.684488 0.857746
v -0.378009 0.659053 0.927807
v -0.286432 0.543871 0.927675
v -0.278592 0.395958 0.930135
v -0.357484 0.271812 0.934247
v -0.492973 0.218852 0.938440
v -0.633308 0.257306 0.941113
v -0.724885 0.372488 0.941246
v -0.732725 0.520401 0.938786
v -0.653833 0.644547 0.934675
v -0.518344 0.697508 0.930481
v -0.382510 0.650526 1.001063
v -0.295415 0.540982 1.000937
v -0.287959 0.400309 1.003276
v -0.362989 0.282239 1.007187
v -0.491847 0.231870 1.011175
v -0.625313 0.268443 1.013717
v -0.712408 0.377987 1.013843
v -0.719865 0.518660 1.011504
v -0.644834 0.636731 1.007594
v -0.515976 0.687099 1.003605
v -0.399124 0.623078 1.067881
v -0.325080 0.529949 1.067774
v -0.318741 0.410355 1.069763
v -0.382528 0.309978 1.073087
v -0.492077 0.267157 1.076478
v -0.605544 0.298249 1.078639
v -0.679588 0.391378 1.078746
v -0.685927 0.510972 1.076758
v -0.622140 0.611349 1.073433
v -0.512591 0.654170 1.070042
v -0.574461 0.346080 1.131742
v -0.453100 0.536349 1.161212
v -0.419333 0.493878 1.161163
v -0.416442 0.439339 1.162070
v -0.445532 0.393563 1.163586
v -0.495491 0.374034 1.165132
v -0.547236 0.388214 1.166118
v -0.581003 0.430685 1.166167
v -0.583894 0.485224 1.165260
v -0.554804 0.531000 1.163744
v -0.504846 0.550528 1.162197
v -0.470189 0.509087 1.180805
v -0.449003 0.482440 1.180774
v -0.447189 0.448221 1.181343
v -0.465441 0.419500 1.182294
v -0.496786 0.407248 1.183265
v -0.529252 0.416145 1.183883
v -0.550438 0.442791 1.183914
v -0.552252 0.477011 1.183345
v -0.534000 0.505732 1.182394
v -0.502655 0.517983 1.181423
v -0.499035 0.473305 0.696270
v -0.490201 0.462194 0.696257
v -0.489445 0.447925 0.696494
v -0.497055 0.435950 0.696891
v -0.510126 0.430840 0.697296
v -0.523663 0.434550 0.697554
v -0.532497 0.445661 0.697566
v -0.533254 0.459930 0.697329
v -0.525643 0.471906 0.696932
v -0.512573 0.477015 0.696528
v -0.494313 0.470916 1.192694
v -0.490615 0.466266 1.192689
v -0.490298 0.460294 1.192788
v -0.493483 0.455281 1.192954
v -0.498954 0.453143 1.193124
v -0.504620 0.454696 1.193232
v -0.508317 0.459346 1.193237
v -0.508634 0.465318 1.193138
v -0.505449 0.470330 1.192972
v -0.499978 0.472469 1.192802
v -0.493727 0.323957 1.130203
v -0.415780 0.354425 1.127791
v -0.370394 0.425846 1.125425
v -0.374904 0.510940 1.124011
v -0.427588 0.577203 1.124087
v -0.508323 0.599326 1.125625
v -0.586269 0.568858 1.128037
v -0.631655 0.497437 1.130403
v -0.627145 0.412344 1.131818
v -0.473457 0.455633 1.190625
v -0.474356 0.472605 1.190342
v -0.460364 0.464781 1.187138
v -0.484864 0.485821 1.190358
v -0.469100 0.487902 1.186933
v -0.500966 0.490233 1.190664
v -0.489480 0.501403 1.187180
v -0.516512 0.484156 1.191145
v -0.513718 0.500128 1.187783
v -0.525564 0.469912 1.191617
v -0.532558 0.484565 1.188513
v -0.524664 0.452941 1.191900
v -0.538801 0.460657 1.189090
v -0.514157 0.439725 1.191885
v -0.530065 0.437537 1.189295
v -0.498055 0.435313 1.191578
v -0.509685 0.424036 1.189048
v -0.482509 0.441389 1.191096
v -0.485447 0.425310 1.188445
v -0.466607 0.440874 1.187715
v -0.454135 0.501169 0.707769
v -0.437828 0.458012 0.708151
v -0.449482 0.413383 0.709229
v -0.484649 0.384331 0.710591
v -0.529895 0.381952 0.711718
v -0.567937 0.407154 0.712178
v -0.584246 0.450312 0.711796
v -0.572590 0.494940 0.710718
v -0.537423 0.523992 0.709356
v -0.492178 0.526371 0.708229
v -0.403112 0.543258 0.739378
v -0.372410 0.462010 0.740097
v -0.394352 0.377994 0.742126
v -0.460556 0.323301 0.744691
v -0.545735 0.318821 0.746812
v -0.617353 0.366267 0.747678
v -0.648055 0.447514 0.746959
v -0.626113 0.531530 0.744930
v -0.559908 0.586223 0.742365
v -0.474730 0.590703 0.740245
v -0.361543 0.577500 0.790028
v -0.319286 0.465673 0.791017
v -0.349486 0.350034 0.793810
v -0.440608 0.274756 0.797341
v -0.557847 0.268590 0.800259
v -0.656421 0.333893 0.801452
v -0.698678 0.445721 0.800463
v -0.668477 0.561359 0.797670
v -0.577355 0.636637 0.794140
v -0.460116 0.642803 0.791221
v -0.334081 0.600063 0.854816
v -0.284405 0.468602 0.855979
v -0.319907 0.332661 0.859263
v -0.427028 0.244165 0.863412
v -0.564850 0.236917 0.866844
v -0.680731 0.313685 0.868246
v -0.730407 0.445147 0.867083
v -0.694904 0.581087 0.863799
v -0.587783 0.669583 0.859649
v -0.449961 0.676831 0.856218
v -0.323414 0.608737 0.927400
v -0.271181 0.470510 0.928623
v -0.308511 0.327574 0.932076
v -0.421144 0.234524 0.936439
v -0.566059 0.226903 0.940047
v -0.687904 0.307622 0.941521
v -0.740136 0.445848 0.940298
v -0.702806 0.588785 0.936846
v -0.590173 0.681835 0.932482
v -0.445258 0.689456 0.928874
v -0.330587 0.602673 1.000675
v -0.280911 0.471212 1.001838
v -0.316413 0.335271 1.005122
v -0.423534 0.246776 1.009272
v -0.561356 0.239528 1.012703
v -0.677237 0.316296 1.014105
v -0.726913 0.447757 1.012942
v -0.691410 0.583698 1.009659
v -0.584289 0.672193 1.005509
v -0.446467 0.679441 1.002077
v -0.354981 0.582396 1.067552
v -0.312749 0.470633 1.068540
v -0.342932 0.355063 1.071332
v -0.434001 0.279829 1.074860
v -0.551170 0.273667 1.077777
v -0.649686 0.338931 1.078969
v -0.691919 0.450693 1.077980
v -0.661736 0.566264 1.075189
v -0.570667 0.641498 1.071661
v -0.453497 0.647660 1.068743
v -0.396180 0.548257 1.123852
v -0.366130 0.468736 1.124556
v -0.387606 0.386505 1.126542
v -0.452404 0.332973 1.129052
v -0.535773 0.328589 1.131128
v -0.605869 0.375026 1.131976
v -0.635919 0.454548 1.131273
v -0.614443 0.536779 1.129287
v -0.549645 0.590310 1.126776
v -0.466276 0.594694 1.124701
v -0.432969 0.517796 1.161061
v -0.413710 0.466828 1.161512
v -0.427475 0.414123 1.162785
v -0.469005 0.379813 1.164394
v -0.522440 0.377004 1.165725
v -0.567367 0.406767 1.166268
v -0.586627 0.457735 1.165817
v -0.572862 0.510439 1.164544
v -0.531331 0.544749 1.162935
v -0.477896 0.547559 1.161605
v -0.457559 0.497447 1.180711
v -0.445475 0.465468 1.180993
v -0.454111 0.432401 1.181792
v -0.480169 0.410874 1.182802
v -0.513694 0.409111 1.183636
v -0.541883 0.427785 1.183977
v -0.553966 0.459763 1.183695
v -0.545330 0.492831 1.182896
v -0.519273 0.514358 1.181886
v -0.485747 0.516121 1.181052
v -0.490416 0.471220 0.696618
v -0.484420 0.455353 0.696759
v -0.488705 0.438944 0.697155
v -0.501635 0.428263 0.697656
v -0.518270 0.427388 0.698070
v -0.532257 0.436654 0.698239
v -0.538253 0.452522 0.698099
v -0.533968 0.468930 0.697703
v -0.521039 0.479611 0.697202
v -0.504403 0.480486 0.696788
v -0.490774 0.469988 1.192533
v -0.488281 0.463393 1.192591
v -0.490062 0.456573 1.192756
v -0.495436 0.452133 1.192964
v -0.502351 0.451770 1.193136
v -0.508164 0.455621 1.193206
v -0.510656 0.462216 1.193148
v -0.508875 0.469036 1.192983
v -0.503501 0.473475 1.192775
v -0.496587 0.473839 1.192603
v -0.472584 0.464189 1.190450
v -0.478582 0.480062 1.190309
v -0.492574 0.489331 1.190478
v -0.509216 0.488456 1.190893
v -0.522150 0.477771 1.191394
v -0.526437 0.461357 1.191790
v -0.520438 0.445484 1.191931
v -0.506446 0.436214 1.191761
v -0.489805 0.437089 1.191347
v -0.476871 0.447775 1.190846
v -0.393864 0.631662 1.052101
v -0.375507 0.604503 1.067648
v -0.347313 0.588760 1.051754
v -0.405155 0.613294 1.083007
v -0.391467 0.586134 1.097265
v -0.363744 0.575129 1.082698
v -0.358898 0.545170 1.097218
v -0.335693 0.525927 1.082907
v -0.338016 0.557347 1.067594
v -0.315780 0.533452 1.051989
v -0.316644 0.500791 1.068094
v -0.302777 0.470900 1.052797
v -0.340333 0.496039 1.097652
v -0.324125 0.470282 1.083626
v -0.337545 0.443434 1.098527
v -0.329746 0.413733 1.084772
v -0.313435 0.440235 1.069101
v -0.309095 0.407333 1.054086
v -0.328708 0.381752 1.070513
v -0.334606 0.349025 1.055740
v -0.350813 0.392630 1.099754
v -0.352440 0.361862 1.086244
v -0.378871 0.348477 1.101217
v -0.389587 0.319566 1.087891
v -0.361007 0.330926 1.072197
v -0.376363 0.301479 1.057592
v -0.407091 0.292854 1.073982
v -0.430644 0.269686 1.059461
v -0.418905 0.315404 1.102768
v -0.437875 0.291282 1.089554
v -0.467092 0.296569 1.104259
v -0.492357 0.279394 1.091072
v -0.462561 0.271172 1.075699
v -0.491889 0.256322 1.061167
v -0.521854 0.268054 1.077175
v -0.554206 0.263187 1.062537
v -0.518599 0.293860 1.105541
v -0.547795 0.285502 1.092291
v -0.568509 0.307536 1.106492
v -0.598804 0.308563 1.093100
v -0.579307 0.283798 1.078269
v -0.611546 0.289111 1.063447
v -0.629160 0.316824 1.078873
v -0.658096 0.332013 1.063794
v -0.611817 0.336227 1.107016
v -0.640215 0.346728 1.093409
v -0.644386 0.377191 1.107063
v -0.668266 0.395930 1.093200
v -0.666652 0.363980 1.078927
v -0.689629 0.387321 1.063560
v -0.688023 0.420536 1.078426
v -0.702633 0.449872 1.062751
v -0.662951 0.426322 1.106628
v -0.679834 0.451575 1.092481
v -0.665740 0.478926 1.105754
v -0.674213 0.508124 1.091335
v -0.691233 0.481092 1.077420
v -0.696314 0.513440 1.061462
v -0.675959 0.539575 1.076007
v -0.670803 0.571748 1.059808
v -0.652471 0.529731 1.104527
v -0.651518 0.559994 1.089862
v -0.624413 0.573883 1.103064
v -0.614372 0.602291 1.088216
v -0.643661 0.590401 1.074324
v -0.629047 0.619293 1.057957
v -0.597576 0.628473 1.072538
v -0.574766 0.651087 1.056087
v -0.584379 0.606957 1.101513
v -0.566084 0.630574 1.086553
v -0.536193 0.625792 1.100022
v -0.511601 0.642462 1.085035
v -0.542106 0.650155 1.070822
v -0.513521 0.664450 1.054381
v -0.482814 0.653273 1.069345
v -0.451203 0.657585 1.053011
v -0.484685 0.628501 1.098740
v -0.456164 0.636355 1.083816
v -0.434775 0.614824 1.097789
v -0.425360 0.637529 1.068251
v -0.419631 0.589970 1.111250
v -0.410784 0.563987 1.123921
v -0.384693 0.557770 1.110989
v -0.435341 0.564782 1.135710
v -0.429071 0.543052 1.145721
v -0.407362 0.538997 1.135501
v -0.407950 0.516486 1.145691
v -0.388411 0.505756 1.135642
v -0.384108 0.530434 1.123882
v -0.361026 0.516258 1.111165
v -0.368902 0.490193 1.124238
v -0.351266 0.469311 1.111772
v -0.395910 0.484623 1.145972
v -0.380595 0.468161 1.136128
v -0.394101 0.450508 1.146540
v -0.384393 0.429956 1.136903
v -0.366618 0.447106 1.124955
v -0.356009 0.421601 1.112739
v -0.377486 0.405494 1.125960
v -0.375156 0.377838 1.113981
v -0.402706 0.417560 1.147336
v -0.399725 0.394912 1.137897
v -0.420902 0.388926 1.148284
v -0.424822 0.366336 1.139010
v -0.400467 0.369330 1.127158
v -0.406496 0.342152 1.115371
v -0.433258 0.342241 1.128428
v -0.447237 0.318290 1.116774
v -0.446865 0.367478 1.149290
v -0.457446 0.347227 1.140133
v -0.478115 0.355263 1.150257
v -0.494255 0.339196 1.141159
v -0.472725 0.326814 1.129649
v -0.493204 0.308260 1.118054
v -0.514913 0.324595 1.130700
v -0.539976 0.313413 1.119082
v -0.511519 0.353506 1.151089
v -0.531709 0.343322 1.141982
v -0.543887 0.362375 1.151705
v -0.566172 0.358902 1.142529
v -0.555793 0.335797 1.131478
v -0.583012 0.332869 1.119765
v -0.591265 0.359296 1.131907
v -0.617951 0.365069 1.120026
v -0.571973 0.380982 1.152045
v -0.594150 0.384687 1.142738
v -0.593095 0.407548 1.152075
v -0.613102 0.417928 1.142597
v -0.617941 0.392849 1.131946
v -0.641618 0.406581 1.119850
v -0.633147 0.433090 1.131590
v -0.651377 0.453528 1.119243
v -0.605135 0.439410 1.151794
v -0.620917 0.455523 1.142111
v -0.606943 0.473526 1.151226
v -0.617119 0.493728 1.141336
v -0.635431 0.476177 1.130874
v -0.646635 0.501239 1.118276
v -0.624563 0.517789 1.129869
v -0.627488 0.545001 1.117034
v -0.598339 0.506473 1.150431
v -0.601787 0.528773 1.140342
v -0.580143 0.535107 1.149482
v -0.576690 0.557348 1.139229
v -0.601582 0.553953 1.128671
v -0.596147 0.580687 1.115644
v -0.568792 0.581042 1.127400
v -0.555407 0.604550 1.114241
v -0.554179 0.556556 1.148476
v -0.544066 0.576457 1.138106
v -0.522929 0.568771 1.147509
v -0.507257 0.584489 1.137080
v -0.529324 0.596469 1.126179
v -0.509440 0.614579 1.112961
v -0.487135 0.598688 1.125129
v -0.462667 0.609427 1.111933
v -0.489525 0.570528 1.146677
v -0.469803 0.580362 1.136257
v -0.457157 0.561659 1.146061
v -0.446256 0.587486 1.124350
v -0.438949 0.498342 1.172033
v -0.426929 0.490957 1.167025
v -0.425232 0.506373 1.161080
v -0.439261 0.512588 1.166934
v -0.410773 0.497167 1.154192
v -0.425881 0.523665 1.154080
v -0.448183 0.544219 1.154246
v -0.442330 0.527878 1.161105
v -0.457467 0.529366 1.167069
v -0.452860 0.515839 1.172053
v -0.429829 0.454889 1.172592
v -0.424315 0.441634 1.167845
v -0.414022 0.452965 1.161768
v -0.421844 0.466494 1.167341
v -0.407571 0.436744 1.155197
v -0.404543 0.467199 1.154579
v -0.415486 0.480581 1.161309
v -0.431020 0.477358 1.172219
v -0.447480 0.414332 1.173741
v -0.450623 0.400236 1.169217
v -0.435717 0.403116 1.163180
v -0.434292 0.418830 1.168493
v -0.439798 0.386030 1.156877
v -0.419793 0.408808 1.155990
v -0.420988 0.426295 1.162412
v -0.435496 0.433190 1.173116
v -0.485160 0.392161 1.175040
v -0.495803 0.382575 1.170615
v -0.482030 0.375866 1.164777
v -0.471851 0.387801 1.169948
v -0.495147 0.364395 1.158590
v -0.465804 0.370797 1.157772
v -0.456734 0.385754 1.163994
v -0.464579 0.400206 1.174403
v -0.528477 0.396845 1.175994
v -0.542600 0.395398 1.171506
v -0.535271 0.381623 1.165949
v -0.520175 0.385260 1.171151
v -0.552474 0.380104 1.159682
v -0.525003 0.367684 1.159246
v -0.509070 0.374444 1.165450
v -0.507160 0.391004 1.175588
v -0.560885 0.426596 1.176238
v -0.573138 0.433807 1.171551
v -0.575104 0.418190 1.166249
v -0.560805 0.412176 1.171642
v -0.589884 0.427156 1.159736
v -0.574776 0.400658 1.159848
v -0.558006 0.396685 1.166224
v -0.546974 0.409099 1.176218
v -0.570006 0.470049 1.175679
v -0.575752 0.483131 1.170730
v -0.586314 0.471598 1.165562
v -0.578223 0.458270 1.171234
v -0.593087 0.487579 1.158731
v -0.596114 0.457124 1.159349
v -0.584850 0.443982 1.166021
v -0.568815 0.447580 1.176052
v -0.552355 0.510606 1.174530
v -0.549445 0.524529 1.169359
v -0.564619 0.521447 1.164150
v -0.565775 0.505934 1.170083
v -0.560859 0.538294 1.157051
v -0.580865 0.515515 1.157938
v -0.579348 0.498268 1.164917
v -0.564339 0.491748 1.175155
v -0.514674 0.532777 1.173231
v -0.504264 0.542189 1.167961
v -0.518306 0.548697 1.162553
v -0.528216 0.536963 1.168628
v -0.505511 0.559928 1.155338
v -0.534853 0.553526 1.156156
v -0.543603 0.538809 1.163336
v -0.535256 0.524732 1.173868
v -0.471357 0.528093 1.172277
v -0.465065 0.542939 1.161380
v -0.479892 0.539504 1.167425
v -0.475655 0.556639 1.154682
v -0.491266 0.550119 1.161879
v -0.492675 0.533934 1.172683
v -0.465590 0.482720 1.186942
v -0.456189 0.479659 1.184223
v -0.452705 0.490280 1.180723
v -0.463519 0.492517 1.184168
v -0.441582 0.485308 1.176708
v -0.451405 0.502538 1.176635
v -0.465907 0.515902 1.176743
v -0.463432 0.503772 1.180738
v -0.474341 0.502490 1.184249
v -0.473346 0.492475 1.186953
v -0.460505 0.458493 1.187254
v -0.454634 0.450340 1.184711
v -0.445671 0.456771 1.181154
v -0.453166 0.465118 1.184411
v -0.439500 0.446020 1.177361
v -0.437531 0.465823 1.176960
v -0.446590 0.474097 1.180866
v -0.461169 0.471020 1.187045
v -0.460455 0.413045 1.178454
v -0.447447 0.427856 1.177877
v -0.459283 0.425494 1.182040
v -0.450041 0.440037 1.181558
v -0.463665 0.446395 1.187546
v -0.460565 0.436785 1.185095
v -0.470346 0.435880 1.187894
v -0.470272 0.425732 1.185526
v -0.491355 0.423519 1.188619
v -0.497129 0.415234 1.186357
v -0.488341 0.408397 1.183042
v -0.482891 0.418341 1.185960
v -0.496443 0.398977 1.179567
v -0.477364 0.403141 1.179036
v -0.472469 0.414601 1.182550
v -0.479880 0.428004 1.188263
v -0.515506 0.426131 1.189151
v -0.524946 0.422856 1.186887
v -0.521745 0.412009 1.183777
v -0.511616 0.416830 1.186675
v -0.533718 0.409192 1.180278
v -0.515856 0.401116 1.179994
v -0.505306 0.407505 1.183464
v -0.503621 0.422874 1.188924
v -0.533575 0.442718 1.189286
v -0.543098 0.445688 1.186913
v -0.546737 0.434952 1.183965
v -0.535768 0.432830 1.186968
v -0.558043 0.439786 1.180313
v -0.548220 0.422557 1.180386
v -0.536009 0.421459 1.183950
v -0.525819 0.432963 1.189275
v -0.538660 0.466945 1.188975
v -0.544652 0.475007 1.186425
v -0.553770 0.468461 1.183534
v -0.546121 0.460229 1.186725
v -0.560125 0.479075 1.179659
v -0.562094 0.459272 1.180061
v -0.552852 0.451134 1.183822
v -0.537995 0.454418 1.189183
v -0.528818 0.489558 1.188334
v -0.529015 0.499615 1.185611
v -0.540158 0.499737 1.182648
v -0.538722 0.488562 1.186041
v -0.539171 0.512049 1.178567
v -0.552178 0.497238 1.179144
v -0.549400 0.485195 1.183130
v -0.535500 0.479043 1.188682
v -0.503182 0.526117 1.177454
v -0.522261 0.521954 1.177985
v -0.511101 0.516835 1.181646
v -0.526972 0.510631 1.182137
v -0.519285 0.497434 1.187965
v -0.516396 0.507006 1.185176
v -0.507810 0.501919 1.187610
v -0.502158 0.510113 1.184779
v -0.483659 0.499307 1.187078
v -0.477696 0.513222 1.180911
v -0.487671 0.508517 1.184461
v -0.483769 0.523978 1.177027
v -0.494135 0.517727 1.181224
v -0.495545 0.502564 1.187304
v -0.498852 0.458806 0.695684
v -0.504081 0.465383 0.695691
v -0.494716 0.471534 0.696285
v -0.491007 0.466868 0.696279
v -0.493689 0.481688 0.697531
v -0.485329 0.475421 0.697520
v -0.481046 0.465786 0.697513
v -0.498404 0.450359 0.695824
v -0.487722 0.458176 0.696356
v -0.487405 0.452184 0.696456
v -0.477882 0.455715 0.697694
v -0.479964 0.445365 0.697852
v -0.502908 0.443271 0.696059
v -0.489752 0.443196 0.696673
v -0.492948 0.438167 0.696839
v -0.483204 0.435337 0.698186
v -0.490855 0.428225 0.698420
v -0.510645 0.440247 0.696298
v -0.500030 0.432316 0.697114
v -0.505518 0.430171 0.697284
v -0.499262 0.422071 0.698808
v -0.509561 0.420914 0.698999
v -0.518658 0.442443 0.696451
v -0.514631 0.429692 0.697511
v -0.520316 0.431249 0.697619
v -0.519922 0.420985 0.699323
v -0.528936 0.426223 0.699368
v -0.523887 0.449020 0.696459
v -0.527978 0.436325 0.697712
v -0.531687 0.440991 0.697717
v -0.537292 0.432492 0.699533
v -0.541579 0.442125 0.699386
v -0.524335 0.457465 0.696318
v -0.534972 0.449683 0.697640
v -0.535289 0.455674 0.697540
v -0.544739 0.452199 0.699358
v -0.542661 0.462545 0.699046
v -0.519830 0.464554 0.696083
v -0.532942 0.464662 0.697323
v -0.529746 0.469691 0.697157
v -0.539417 0.472576 0.698866
v -0.531769 0.479685 0.698479
v -0.512094 0.467578 0.695844
v -0.522664 0.475543 0.696882
v -0.517176 0.477688 0.696713
v -0.523359 0.485842 0.698244
v -0.513064 0.486997 0.697900
v -0.508063 0.478167 0.696486
v -0.502378 0.476610 0.696377
v -0.502699 0.486929 0.697730
v -0.487125 0.467628 1.192337
v -0.484493 0.471655 1.191848
v -0.488860 0.471569 1.192288
v -0.490949 0.468229 1.192640
v -0.487874 0.475907 1.191852
v -0.492283 0.474115 1.192345
v -0.492497 0.470176 1.192642
v -0.496369 0.467677 1.192968
v -0.494149 0.464886 1.192964
v -0.486683 0.459297 1.192476
v -0.482227 0.460965 1.191985
v -0.485818 0.463519 1.192360
v -0.489437 0.462079 1.192713
v -0.482517 0.466425 1.191894
v -0.489570 0.464580 1.192672
v -0.493959 0.461301 1.193024
v -0.491126 0.452305 1.192707
v -0.486552 0.450974 1.192267
v -0.487992 0.455196 1.192561
v -0.491757 0.456207 1.192874
v -0.483640 0.455557 1.192115
v -0.490423 0.458306 1.192805
v -0.495871 0.458292 1.193124
v -0.498758 0.449322 1.192943
v -0.495815 0.445499 1.192587
v -0.494551 0.449777 1.192815
v -0.497021 0.452855 1.193060
v -0.490813 0.447454 1.192432
v -0.494730 0.453750 1.192989
v -0.499155 0.457009 1.193225
v -0.506662 0.451488 1.193094
v -0.506478 0.446630 1.192822
v -0.502990 0.449333 1.193025
v -0.503219 0.453303 1.193201
v -0.501297 0.445211 1.192724
v -0.500847 0.452653 1.193156
v -0.502556 0.457940 1.193290
v -0.511819 0.457975 1.193102
v -0.514468 0.453936 1.192883
v -0.510085 0.454033 1.193111
v -0.507984 0.457382 1.193242
v -0.511087 0.449684 1.192878
v -0.506436 0.455435 1.193240
v -0.504775 0.460732 1.193293
v -0.512261 0.466306 1.192963
v -0.516734 0.464626 1.192746
v -0.513127 0.462083 1.193040
v -0.509496 0.463532 1.193168
v -0.516444 0.459165 1.192837
v -0.509364 0.461031 1.193210
v -0.504965 0.464317 1.193234
v -0.507818 0.473298 1.192731
v -0.512409 0.474616 1.192463
v -0.510953 0.470407 1.192838
v -0.507177 0.469404 1.193007
v -0.515322 0.470033 1.192615
v -0.508511 0.467306 1.193077
v -0.503053 0.467326 1.193134
v -0.500187 0.476281 1.192495
v -0.503146 0.480092 1.192144
v -0.504394 0.475826 1.192584
v -0.501913 0.472756 1.192821
v -0.508148 0.478136 1.192298
v -0.504203 0.471861 1.192892
v -0.499770 0.468609 1.193032
v -0.492483 0.478960 1.191908
v -0.495955 0.476269 1.192374
v -0.495714 0.472308 1.192681
v -0.497664 0.480380 1.192007
v -0.498087 0.472958 1.192726
v -0.478430 0.457015 1.191487
v -0.472692 0.459876 1.190530
v -0.477652 0.463935 1.191341
v -0.467863 0.454071 1.189311
v -0.466829 0.464471 1.189100
v -0.468957 0.474706 1.188967
v -0.473148 0.468466 1.190387
v -0.479157 0.470735 1.191259
v -0.476185 0.476502 1.190316
v -0.482518 0.476810 1.191227
v -0.474115 0.483755 1.188929
v -0.481732 0.490774 1.188986
v -0.481503 0.483191 1.190324
v -0.487652 0.481419 1.191271
v -0.488586 0.487884 1.190409
v -0.493866 0.484328 1.191364
v -0.491113 0.495015 1.189135
v -0.501309 0.496139 1.189359
v -0.496736 0.490117 1.190565
v -0.500669 0.484986 1.191519
v -0.511329 0.493952 1.189638
v -0.505160 0.489674 1.190774
v -0.520210 0.488750 1.189944
v -0.513029 0.486598 1.191018
v -0.513237 0.480074 1.191908
v -0.507364 0.483618 1.191700
v -0.519576 0.481189 1.191272
v -0.517855 0.474951 1.192107
v -0.527042 0.480972 1.190247
v -0.531216 0.471431 1.190517
v -0.524158 0.473979 1.191510
v -0.520555 0.468558 1.192290
v -0.526328 0.465670 1.191711
v -0.521332 0.461638 1.192428
v -0.532250 0.461031 1.190728
v -0.530123 0.450797 1.190861
v -0.525873 0.457080 1.191854
v -0.519827 0.454838 1.192518
v -0.522837 0.449044 1.191925
v -0.516466 0.448763 1.192542
v -0.524963 0.441748 1.190899
v -0.517347 0.434729 1.190842
v -0.517518 0.442355 1.191917
v -0.511333 0.444154 1.192506
v -0.510435 0.437662 1.191832
v -0.505118 0.441245 1.192405
v -0.507966 0.430487 1.190693
v -0.497770 0.429364 1.190469
v -0.502285 0.435429 1.191676
v -0.498316 0.440587 1.192258
v -0.493861 0.435872 1.191466
v -0.491621 0.441955 1.192069
v -0.487750 0.431550 1.190190
v -0.478868 0.436752 1.189884
v -0.485992 0.438947 1.191223
v -0.485748 0.445499 1.191869
v -0.479444 0.444357 1.190969
v -0.481130 0.450621 1.191662
v -0.472036 0.444531 1.189581
v -0.474862 0.451567 1.190731
v -0.481801 0.487278 0.699705
v -0.479839 0.503357 0.703194
v -0.462073 0.509680 0.707805
v -0.466278 0.491147 0.703103
v -0.462032 0.531149 0.713871
v -0.439481 0.535184 0.721019
v -0.441138 0.511894 0.713715
v -0.418429 0.508705 0.720988
v -0.426986 0.487070 0.713821
v -0.447611 0.491490 0.707784
v -0.457369 0.475095 0.703162
v -0.473214 0.476477 0.699693
v -0.468204 0.463219 0.699810
v -0.439356 0.469643 0.707977
v -0.453415 0.457106 0.703404
v -0.406429 0.476948 0.721269
v -0.421149 0.458996 0.714183
v -0.404626 0.442945 0.721835
v -0.423985 0.430465 0.714762
v -0.438117 0.446284 0.708366
v -0.455445 0.438802 0.703765
v -0.467469 0.449349 0.700040
v -0.471049 0.435639 0.700372
v -0.444017 0.423693 0.708911
v -0.462608 0.421906 0.704255
v -0.413203 0.410106 0.722628
v -0.435435 0.404295 0.715504
v -0.431339 0.381566 0.723573
v -0.454176 0.382956 0.716335
v -0.456477 0.404087 0.709561
v -0.474802 0.408341 0.704774
v -0.478447 0.423998 0.700757
v -0.489250 0.415073 0.701176
v -0.474278 0.389381 0.710250
v -0.490346 0.398991 0.705329
v -0.457216 0.360188 0.724575
v -0.478539 0.368686 0.717174
v -0.488363 0.348014 0.725539
v -0.506027 0.362688 0.717940
v -0.495675 0.381017 0.710913
v -0.508047 0.395347 0.705803
v -0.501955 0.410107 0.701569
v -0.515855 0.409376 0.701915
v -0.518579 0.379812 0.711483
v -0.526034 0.397114 0.706218
v -0.521657 0.346263 0.726368
v -0.533997 0.365769 0.718555
v -0.553918 0.355103 0.726983
v -0.559732 0.377404 0.718963
v -0.540742 0.385885 0.711905
v -0.542480 0.404782 0.706459
v -0.529014 0.412982 0.702166
v -0.540701 0.420724 0.702307
v -0.559999 0.398643 0.712138
v -0.556040 0.416993 0.706581
v -0.581911 0.373648 0.727322
v -0.580625 0.396660 0.719119
v -0.602963 0.400126 0.727352
v -0.594778 0.421483 0.719014
v -0.574462 0.416833 0.712159
v -0.564950 0.433044 0.706491
v -0.549288 0.431525 0.702320
v -0.554298 0.444783 0.702202
v -0.582717 0.438680 0.711966
v -0.568903 0.451033 0.706280
v -0.614964 0.431884 0.727071
v -0.600614 0.449558 0.718651
v -0.616766 0.465887 0.726506
v -0.597779 0.478089 0.718073
v -0.583955 0.462039 0.711577
v -0.566874 0.469336 0.705888
v -0.555033 0.458653 0.701972
v -0.551453 0.472362 0.701640
v -0.578055 0.484630 0.711032
v -0.559710 0.486233 0.705429
v -0.608190 0.498725 0.725713
v -0.586329 0.504259 0.717330
v -0.590053 0.527265 0.724767
v -0.567587 0.525598 0.716499
v -0.565596 0.504236 0.710382
v -0.547516 0.499798 0.704879
v -0.544055 0.484004 0.701255
v -0.533252 0.492929 0.700836
v -0.547795 0.518942 0.709693
v -0.531972 0.509148 0.704355
v -0.564176 0.548643 0.723765
v -0.543225 0.539868 0.715660
v -0.533029 0.560818 0.722801
v -0.515736 0.545866 0.714894
v -0.526397 0.527306 0.709030
v -0.514272 0.512792 0.703850
v -0.520546 0.497895 0.700443
v -0.506647 0.498626 0.700097
v -0.503493 0.528511 0.708460
v -0.496284 0.511025 0.703466
v -0.499735 0.562568 0.721972
v -0.487767 0.542784 0.714279
v -0.467474 0.553728 0.721357
v -0.481331 0.522438 0.708038
v -0.493488 0.495020 0.699846
v -0.443782 0.559535 0.729753
v -0.418034 0.559329 0.739448
v -0.415256 0.533244 0.729541
v -0.427054 0.585426 0.750678
v -0.398737 0.580991 0.762665
v -0.391597 0.552748 0.750413
v -0.365947 0.539750 0.762617
v -0.367579 0.510621 0.750592
v -0.390778 0.525048 0.739409
v -0.395932 0.499352 0.729684
v -0.375242 0.483934 0.739772
v -0.387964 0.461021 0.730179
v -0.347256 0.490287 0.763055
v -0.357674 0.462976 0.751207
v -0.344449 0.437326 0.763935
v -0.362487 0.414557 0.752189
v -0.372908 0.439911 0.740504
v -0.391836 0.422067 0.730969
v -0.384012 0.397396 0.741531
v -0.407469 0.386336 0.731983
v -0.357807 0.386178 0.765171
v -0.381918 0.370144 0.753449
v -0.386055 0.341727 0.766643
v -0.413724 0.333929 0.754860
v -0.407492 0.360447 0.742755
v -0.433057 0.357200 0.733118
v -0.440994 0.332770 0.744053
v -0.466320 0.337717 0.734263
v -0.426359 0.308430 0.768204
v -0.455069 0.309712 0.756283
v -0.474872 0.289467 0.769706
v -0.501719 0.299533 0.757583
v -0.481319 0.317008 0.745301
v -0.503851 0.329528 0.735309
v -0.524423 0.314741 0.746374
v -0.542039 0.333735 0.736148
v -0.526728 0.286740 0.770997
v -0.549186 0.304763 0.758626
v -0.576976 0.300509 0.771954
v -0.592861 0.324508 0.759319
v -0.566190 0.326186 0.747170
v -0.577177 0.349621 0.736706
v -0.602432 0.350195 0.747608
v -0.605703 0.375911 0.736919
v -0.620576 0.329393 0.772482
v -0.628318 0.357186 0.759584
v -0.653366 0.370635 0.772529
v -0.652337 0.399314 0.759405
v -0.629687 0.384476 0.747648
v -0.625026 0.409804 0.736775
v -0.645223 0.425591 0.747284
v -0.632994 0.448135 0.736280
v -0.672057 0.420098 0.772091
v -0.662241 0.446959 0.758790
v -0.674864 0.473059 0.771211
v -0.657428 0.495377 0.757808
v -0.647556 0.469613 0.746552
v -0.629123 0.487089 0.735490
v -0.636453 0.512128 0.745525
v -0.613489 0.522820 0.734476
v -0.661506 0.524206 0.769975
v -0.637997 0.539790 0.756548
v -0.633258 0.568658 0.768503
v -0.606191 0.576005 0.755137
v -0.612973 0.549077 0.744301
v -0.587901 0.551955 0.733341
v -0.579471 0.576754 0.743003
v -0.554638 0.571438 0.732196
v -0.592954 0.601955 0.766942
v -0.564846 0.600222 0.753714
v -0.544441 0.620918 0.765440
v -0.518196 0.610401 0.752414
v -0.539146 0.592516 0.741755
v -0.517107 0.579627 0.731150
v -0.496042 0.594783 0.740682
v -0.478920 0.575420 0.730311
v -0.492584 0.623645 0.764149
v -0.470730 0.605172 0.751370
v -0.442337 0.609876 0.763192
v -0.454275 0.583338 0.739887
v -0.412263 0.608183 0.776125
v -0.382081 0.599621 0.790124
v -0.370749 0.569922 0.775816
v -0.399771 0.627248 0.805474
v -0.368458 0.614778 0.821127
v -0.353221 0.584346 0.805127
v -0.327141 0.562810 0.821067
v -0.321688 0.529037 0.805361
v -0.344567 0.552437 0.790070
v -0.342627 0.520597 0.776025
v -0.323183 0.495848 0.790571
v -0.331031 0.464813 0.776746
v -0.303589 0.500484 0.821619
v -0.308685 0.466487 0.806170
v -0.300052 0.433749 0.822728
v -0.315003 0.402919 0.807459
v -0.319971 0.435256 0.791578
v -0.336665 0.408122 0.777895
v -0.335254 0.376739 0.792992
v -0.359417 0.356122 0.779371
v -0.316884 0.369299 0.824285
v -0.340514 0.344611 0.809113
v -0.352478 0.313287 0.826140
v -0.382271 0.297065 0.810964
v -0.367572 0.325883 0.794676
v -0.396656 0.313719 0.781022
v -0.413684 0.287789 0.796462
v -0.445065 0.285365 0.782689
v -0.403265 0.271330 0.828108
v -0.436552 0.265272 0.812834
v -0.464395 0.247436 0.830000
v -0.497797 0.251908 0.814540
v -0.469186 0.266094 0.798180
v -0.499684 0.273447 0.784211
v -0.528513 0.262974 0.799657
v -0.555260 0.279570 0.785432
v -0.529737 0.244000 0.831627
v -0.560114 0.258774 0.815910
v -0.593053 0.261349 0.832833
v -0.617454 0.284697 0.816820
v -0.586001 0.278727 0.800752
v -0.606397 0.302689 0.786244
v -0.635883 0.311773 0.801356
v -0.647912 0.340950 0.786553
v -0.647993 0.297746 0.833497
v -0.664005 0.327599 0.817167
v -0.689310 0.349713 0.833557
v -0.695537 0.382907 0.816932
v -0.673397 0.358956 0.801410
v -0.676034 0.390275 0.786344
v -0.694780 0.415545 0.800910
v -0.687630 0.446059 0.785624
v -0.712862 0.412040 0.833006
v -0.708541 0.445458 0.816124
v -0.716399 0.478774 0.831896
v -0.702222 0.509026 0.814835
v -0.697992 0.476137 0.799902
v -0.681995 0.502750 0.784474
v -0.682709 0.534654 0.798489
v -0.659244 0.554751 0.782998
v -0.699567 0.543225 0.830339
v -0.676711 0.567334 0.813181
v -0.663972 0.599237 0.828484
v -0.634955 0.614879 0.811329
v -0.650392 0.585510 0.796804
v -0.622005 0.597153 0.781347
v -0.604280 0.623604 0.795018
v -0.573596 0.625507 0.779680
v -0.613186 0.641193 0.826517
v -0.580674 0.646673 0.809460
v -0.552056 0.665088 0.824625
v -0.519429 0.660036 0.807754
v -0.548778 0.645299 0.793300
v -0.518977 0.637425 0.778158
v -0.489450 0.648419 0.791823
v -0.463400 0.631302 0.776937
v -0.486714 0.668524 0.822998
v -0.457111 0.653171 0.806384
v -0.423398 0.651174 0.821792
v -0.431963 0.632666 0.790728
v -0.389888 0.642148 0.837997
v -0.358225 0.626067 0.854929
v -0.339448 0.595662 0.837620
v -0.382854 0.652519 0.872897
v -0.351610 0.633235 0.890684
v -0.329767 0.603594 0.872501
v -0.305809 0.575629 0.890617
v -0.293806 0.540519 0.872768
v -0.314124 0.570600 0.854865
v -0.305281 0.535733 0.837874
v -0.288986 0.504075 0.855454
v -0.291190 0.467955 0.838750
v -0.279702 0.506539 0.891228
v -0.278976 0.469184 0.873690
v -0.275781 0.432563 0.892459
v -0.286182 0.396691 0.875160
v -0.285211 0.432845 0.856638
v -0.298037 0.399077 0.840147
v -0.303177 0.364054 0.858300
v -0.325679 0.335898 0.841940
v -0.294440 0.361119 0.894184
v -0.315275 0.330195 0.877047
v -0.333896 0.299030 0.896241
v -0.362896 0.275972 0.879158
v -0.341168 0.304269 0.860280
v -0.370925 0.284379 0.843946
v -0.395376 0.259487 0.862380
v -0.429741 0.249929 0.845971
v -0.390193 0.252521 0.898422
v -0.424798 0.239714 0.881290
v -0.457956 0.226033 0.900519
v -0.494644 0.224474 0.883236
v -0.460623 0.233983 0.864400
v -0.496102 0.235450 0.847820
v -0.530366 0.230315 0.866136
v -0.563626 0.242889 0.849304
v -0.530389 0.222224 0.902322
v -0.565712 0.232304 0.884798
v -0.600575 0.241457 0.903659
v -0.631103 0.261867 0.885835
v -0.597947 0.248834 0.867423
v -0.625757 0.270978 0.850290
v -0.656587 0.287681 0.868133
v -0.676197 0.317464 0.850666
v -0.661476 0.281802 0.904396
v -0.684190 0.310794 0.886231
v -0.707277 0.339408 0.904462
v -0.720151 0.373868 0.885964
v -0.700687 0.343149 0.868196
v -0.710364 0.377393 0.850412
v -0.725825 0.409674 0.867608
v -0.724454 0.445170 0.849537
v -0.733384 0.408498 0.903851
v -0.734981 0.445203 0.885043
v -0.737305 0.482474 0.902621
v -0.727775 0.517696 0.883572
v -0.729601 0.480903 0.866424
v -0.717607 0.514048 0.848140
v -0.711635 0.549694 0.864762
v -0.689965 0.577229 0.846347
v -0.718647 0.553918 0.900895
v -0.698682 0.584192 0.881685
v -0.679190 0.616008 0.898839
v -0.651062 0.638414 0.879574
v -0.673643 0.609479 0.862782
v -0.644720 0.628747 0.844341
v -0.619436 0.654262 0.860682
v -0.585904 0.663197 0.842316
v -0.622893 0.662517 0.896658
v -0.589158 0.674673 0.877442
v -0.555130 0.689004 0.894561
v -0.519314 0.689912 0.875497
v -0.554189 0.679765 0.858662
v -0.519542 0.677676 0.840467
v -0.484445 0.683433 0.856926
v -0.452018 0.670237 0.838982
v -0.482697 0.692813 0.892757
v -0.448245 0.682083 0.873934
v -0.412511 0.673581 0.891420
v -0.416865 0.664914 0.855639
v -0.378844 0.658105 0.909310
v -0.348800 0.636079 0.927519
v -0.324417 0.607944 0.908904
v -0.377957 0.658768 0.946346
v -0.349841 0.634557 0.964525
v -0.323530 0.608607 0.945940
v -0.304041 0.576950 0.964459
v -0.286661 0.543940 0.946214
v -0.302431 0.577758 0.927452
v -0.287548 0.543277 0.909178
v -0.275999 0.507809 0.928071
v -0.272344 0.470141 0.910123
v -0.277933 0.507861 0.965070
v -0.271457 0.470804 0.947159
v -0.274012 0.433885 0.966300
v -0.278845 0.396481 0.948666
v -0.272029 0.432914 0.929316
v -0.279732 0.395818 0.911630
v -0.290920 0.360582 0.931063
v -0.309560 0.327643 0.913565
v -0.292670 0.362441 0.968026
v -0.308673 0.328306 0.950601
v -0.332127 0.300351 0.970082
v -0.357495 0.272715 0.952765
v -0.330866 0.297721 0.933145
v -0.358382 0.272052 0.915729
v -0.387863 0.250634 0.935353
v -0.421848 0.234879 0.917915
v -0.388425 0.253842 0.972263
v -0.420961 0.235542 0.954951
v -0.456187 0.227355 0.974360
v -0.492569 0.219917 0.956946
v -0.456468 0.223818 0.937477
v -0.493456 0.219254 0.919910
v -0.529801 0.219961 0.939302
v -0.566318 0.227281 0.921512
v -0.528620 0.223546 0.976164
v -0.565431 0.227944 0.958547
v -0.598806 0.242778 0.977501
v -0.632473 0.258254 0.959611
v -0.600859 0.239433 0.940656
v -0.633360 0.257591 0.922575
v -0.662517 0.280280 0.941402
v -0.687788 0.307752 0.922981
v -0.659707 0.283124 0.978238
v -0.686901 0.308415 0.960017
v -0.705508 0.340730 0.978304
v -0.723769 0.373082 0.959743
v -0.708887 0.338601 0.941469
v -0.724656 0.372419 0.922707
v -0.735318 0.408550 0.940850
v -0.739860 0.445554 0.921762
v -0.731615 0.409819 0.977693
v -0.738973 0.446217 0.958798
v -0.735536 0.483795 0.976463
v -0.731585 0.520541 0.957291
v -0.739288 0.483445 0.939605
v -0.732472 0.519878 0.920255
v -0.720398 0.555777 0.937858
v -0.702645 0.588053 0.918321
v -0.716878 0.555240 0.974737
v -0.701758 0.588716 0.955356
v -0.677421 0.617329 0.972680
v -0.652935 0.644307 0.953192
v -0.680451 0.618638 0.935776
v -0.653823 0.643644 0.916156
v -0.623454 0.665725 0.933568
v -0.590357 0.680817 0.913971
v -0.621124 0.663838 0.970500
v -0.589470 0.681480 0.951006
v -0.553361 0.690325 0.968402
v -0.517861 0.697104 0.949011
v -0.554849 0.692541 0.931444
v -0.518749 0.696441 0.911976
v -0.481516 0.696397 0.929619
v -0.445887 0.688415 0.910374
v -0.480928 0.694135 0.966599
v -0.444999 0.689077 0.947409
v -0.410742 0.674902 0.965262
v -0.410458 0.676926 0.928265
v -0.380214 0.654492 0.983086
v -0.354731 0.628678 1.000788
v -0.327127 0.605565 0.982690
v -0.385561 0.645381 1.018631
v -0.363325 0.618613 1.035424
v -0.335121 0.598895 1.018255
v -0.322007 0.566646 1.035364
v -0.300953 0.538966 1.018509
v -0.310630 0.573210 1.000725
v -0.291166 0.542490 0.982957
v -0.285492 0.506685 1.001313
v -0.276337 0.471156 0.983879
v -0.298456 0.504319 1.035915
v -0.286864 0.471188 1.019385
v -0.294919 0.437584 1.037025
v -0.293710 0.402310 1.020781
v -0.281717 0.435456 1.002497
v -0.283543 0.398662 0.985349
v -0.299683 0.366664 1.004159
v -0.312636 0.332166 0.987236
v -0.311751 0.373134 1.038582
v -0.321352 0.339130 1.022574
v -0.347345 0.317122 1.040437
v -0.366598 0.287612 1.024580
v -0.337674 0.306880 1.006139
v -0.360256 0.277945 0.989347
v -0.391882 0.262097 1.008239
v -0.422159 0.241686 0.991479
v -0.398132 0.275166 1.042404
v -0.425414 0.253162 1.026606
v -0.459261 0.251271 1.044296
v -0.491775 0.238683 1.028455
v -0.457129 0.236594 1.010259
v -0.492004 0.226447 0.993425
v -0.526872 0.232926 1.011995
v -0.563072 0.234276 0.994987
v -0.524604 0.247835 1.045923
v -0.559299 0.246121 1.029939
v -0.587920 0.265185 1.047129
v -0.621430 0.274211 1.030924
v -0.594453 0.251444 1.013283
v -0.628463 0.263839 0.996024
v -0.653093 0.290292 1.013992
v -0.681551 0.312765 0.996420
v -0.642859 0.301581 1.047794
v -0.671870 0.320697 1.031301
v -0.684177 0.353548 1.047854
v -0.706037 0.380626 1.031047
v -0.697193 0.345759 1.014056
v -0.717512 0.375840 0.996153
v -0.722331 0.412284 1.013467
v -0.732341 0.447175 0.995231
v -0.707728 0.415875 1.047302
v -0.720127 0.448403 1.030171
v -0.711265 0.482610 1.046193
v -0.713280 0.517282 1.028774
v -0.726107 0.483514 1.012283
v -0.725135 0.519668 0.993761
v -0.708141 0.552305 1.010621
v -0.696042 0.586164 0.991874
v -0.694433 0.547060 1.044636
v -0.685638 0.580462 1.026981
v -0.658839 0.603072 1.042781
v -0.640393 0.631979 1.024976
v -0.670149 0.612090 1.008641
v -0.648422 0.640387 0.989763
v -0.615942 0.656872 1.006541
v -0.586519 0.676644 0.987631
v -0.608053 0.645028 1.040813
v -0.581577 0.666429 1.022950
v -0.546923 0.668923 1.038921
v -0.515215 0.680909 1.021101
v -0.550695 0.682375 1.004522
v -0.516674 0.691884 0.985685
v -0.480951 0.686043 1.002785
v -0.445606 0.684055 0.984123
v -0.481580 0.672359 1.037294
v -0.447691 0.673470 1.019617
v -0.418264 0.655009 1.036088
v -0.413371 0.667525 1.001498
v -0.472577 0.497778 0.703128
v -0.450854 0.522357 0.713761
v -0.433108 0.500038 0.713735
v -0.461219 0.483492 0.703111
v -0.454699 0.466237 0.703264
v -0.422993 0.473270 0.713972
v -0.421474 0.444608 0.714448
v -0.453726 0.447892 0.703569
v -0.458386 0.430049 0.704000
v -0.428703 0.416927 0.715117
v -0.443990 0.392871 0.715914
v -0.468171 0.414651 0.704510
v -0.482231 0.403035 0.705055
v -0.465802 0.374851 0.716759
v -0.492057 0.364588 0.717571
v -0.499036 0.396466 0.705575
v -0.517126 0.395515 0.706025
v -0.520121 0.363113 0.718270
v -0.547314 0.370564 0.718788
v -0.534531 0.400285 0.706357
v -0.549742 0.410361 0.706541
v -0.570910 0.386196 0.719074
v -0.588656 0.408515 0.719099
v -0.561100 0.424647 0.706557
v -0.567620 0.441902 0.706405
v -0.598771 0.435284 0.718862
v -0.600290 0.463946 0.718386
v -0.568593 0.460248 0.706100
v -0.563932 0.478091 0.705669
v -0.593061 0.491626 0.717717
v -0.577774 0.515683 0.716920
v -0.554148 0.493488 0.705158
v -0.540087 0.505104 0.704614
v -0.555961 0.533702 0.716075
v -0.529707 0.543965 0.715263
v -0.523283 0.511672 0.704094
v -0.505193 0.512624 0.703643
v -0.501643 0.545441 0.714564
v -0.474450 0.537989 0.714046
v -0.487787 0.507854 0.703312
v -0.428520 0.547531 0.729603
v -0.408085 0.570506 0.750490
v -0.377969 0.532628 0.750447
v -0.404292 0.517057 0.729568
v -0.390481 0.480509 0.729891
v -0.360803 0.487200 0.750849
v -0.358225 0.438558 0.751657
v -0.388407 0.441376 0.730542
v -0.398277 0.403583 0.731454
v -0.370493 0.391582 0.752792
v -0.396437 0.350756 0.754144
v -0.419150 0.370738 0.732542
v -0.448931 0.346135 0.733696
v -0.433454 0.320175 0.755578
v -0.478010 0.302759 0.756957
v -0.484777 0.332123 0.734806
v -0.523093 0.330108 0.735759
v -0.525637 0.300254 0.758143
v -0.571787 0.312900 0.759022
v -0.560222 0.340282 0.736467
v -0.592438 0.361624 0.736857
v -0.611831 0.339429 0.759507
v -0.641946 0.377306 0.759550
v -0.616666 0.392098 0.736892
v -0.630477 0.428646 0.736568
v -0.659113 0.422735 0.759148
v -0.661691 0.471376 0.758340
v -0.632551 0.467779 0.735918
v -0.622681 0.505572 0.735005
v -0.649422 0.518353 0.757205
v -0.623478 0.559179 0.755853
v -0.601809 0.538418 0.733917
v -0.572028 0.563021 0.732763
v -0.586461 0.589760 0.754419
v -0.541905 0.607176 0.753040
v -0.536181 0.577033 0.731654
v -0.497865 0.579048 0.730700
v -0.494278 0.609681 0.751854
v -0.448129 0.597034 0.750975
v -0.460737 0.568874 0.729992
v -0.390053 0.590714 0.775906
v -0.374867 0.607659 0.805228
v -0.335329 0.557931 0.805171
v -0.354793 0.546365 0.775855
v -0.334694 0.493175 0.776326
v -0.312792 0.498289 0.805699
v -0.309408 0.434430 0.806761
v -0.331675 0.436224 0.777273
v -0.346039 0.381222 0.778601
v -0.325514 0.372756 0.808250
v -0.359575 0.319157 0.810025
v -0.376416 0.333421 0.780184
v -0.419757 0.297615 0.781863
v -0.408174 0.279008 0.811908
v -0.466670 0.256143 0.813719
v -0.471925 0.277224 0.783478
v -0.527689 0.274291 0.784866
v -0.529198 0.252855 0.815275
v -0.589786 0.269457 0.816430
v -0.581722 0.289098 0.785896
v -0.628608 0.320159 0.786463
v -0.642359 0.304285 0.817066
v -0.681896 0.354014 0.817123
v -0.663868 0.364507 0.786514
v -0.683967 0.417697 0.786043
v -0.704433 0.413656 0.816595
v -0.707818 0.477515 0.815533
v -0.686986 0.474648 0.785096
v -0.672621 0.529651 0.783768
v -0.691711 0.539189 0.814044
v -0.657650 0.592788 0.812268
v -0.642245 0.577451 0.782185
v -0.598904 0.613256 0.780506
v -0.609052 0.632936 0.810386
v -0.550555 0.655802 0.808575
v -0.546736 0.633648 0.778891
v -0.490972 0.636581 0.777503
v -0.488028 0.659090 0.807019
v -0.427440 0.642488 0.805864
v -0.436939 0.621774 0.776473
v -0.362902 0.620923 0.837730
v -0.354452 0.630180 0.872616
v -0.309363 0.573469 0.872551
v -0.320062 0.567040 0.837668
v -0.295642 0.502416 0.838240
v -0.283661 0.505453 0.873153
v -0.279801 0.432626 0.874364
v -0.291974 0.433221 0.839390
v -0.309426 0.366394 0.841005
v -0.298169 0.362291 0.876063
v -0.337013 0.301166 0.878087
v -0.346333 0.308317 0.842928
v -0.398992 0.264813 0.844968
v -0.392436 0.255379 0.880234
v -0.459146 0.229304 0.882299
v -0.462376 0.240038 0.846930
v -0.530127 0.236475 0.848617
v -0.530454 0.225553 0.884074
v -0.599550 0.244487 0.885391
v -0.595777 0.254465 0.849867
v -0.652742 0.292203 0.850557
v -0.659505 0.284206 0.886116
v -0.704594 0.340918 0.886181
v -0.695583 0.346086 0.850618
v -0.720003 0.410710 0.850047
v -0.730296 0.408934 0.885579
v -0.734156 0.481761 0.884368
v -0.723671 0.479906 0.848896
v -0.706218 0.546732 0.847282
v -0.715787 0.552095 0.882670
v -0.676944 0.613221 0.880645
v -0.669311 0.604809 0.845358
v -0.616652 0.648312 0.843318
v -0.621521 0.659008 0.878498
v -0.554811 0.685083 0.876433
v -0.553269 0.673088 0.841357
v -0.485518 0.676651 0.839670
v -0.483503 0.688833 0.874658
v -0.414407 0.669899 0.873342
v -0.419867 0.658661 0.838419
v -0.349725 0.635202 0.909023
v -0.348838 0.635865 0.946058
v -0.302611 0.577722 0.945991
v -0.303498 0.577059 0.908956
v -0.277147 0.507325 0.909573
v -0.276260 0.507988 0.946608
v -0.272303 0.433323 0.947850
v -0.273190 0.432660 0.910814
v -0.292022 0.360550 0.912556
v -0.291135 0.361213 0.949591
v -0.330959 0.298545 0.951667
v -0.331846 0.297882 0.914632
v -0.388668 0.250939 0.916833
v -0.387781 0.251603 0.953868
v -0.456175 0.224868 0.955985
v -0.457062 0.224205 0.918950
v -0.530170 0.220361 0.920770
v -0.529283 0.221023 0.957805
v -0.600123 0.240435 0.959155
v -0.601011 0.239772 0.922119
v -0.662479 0.280494 0.922863
v -0.661592 0.281157 0.959898
v -0.707819 0.339300 0.959965
v -0.708706 0.338637 0.922930
v -0.735057 0.408370 0.922313
v -0.734170 0.409033 0.959348
v -0.738128 0.483699 0.958107
v -0.739015 0.483036 0.921071
v -0.720182 0.555146 0.919330
v -0.719295 0.555808 0.956365
v -0.679471 0.618477 0.954290
v -0.680358 0.617814 0.917254
v -0.623536 0.664756 0.915053
v -0.622649 0.665419 0.952088
v -0.554255 0.692153 0.949971
v -0.555142 0.691490 0.912936
v -0.482034 0.695335 0.911116
v -0.481147 0.695998 0.948151
v -0.410307 0.676586 0.946802
v -0.411194 0.675924 0.909766
v -0.351812 0.632153 0.982805
v -0.358575 0.624156 1.018364
v -0.315734 0.570273 1.018303
v -0.306723 0.575441 0.982740
v -0.281021 0.507425 0.983342
v -0.291314 0.505648 1.018874
v -0.287647 0.436453 1.020025
v -0.277161 0.434598 0.984553
v -0.295530 0.364264 0.986251
v -0.305100 0.369627 1.021639
v -0.342006 0.311550 1.023563
v -0.334373 0.303138 0.988276
v -0.389797 0.257352 0.990423
v -0.394665 0.268046 1.025603
v -0.458049 0.243271 1.027564
v -0.456507 0.231276 0.992488
v -0.527814 0.227526 0.994263
v -0.525800 0.239708 1.029251
v -0.591450 0.257697 1.030502
v -0.596910 0.246459 0.995579
v -0.656865 0.286179 0.996305
v -0.648415 0.295436 1.031191
v -0.691256 0.349319 1.031253
v -0.701955 0.342890 0.996370
v -0.727656 0.410906 0.995768
v -0.715676 0.413943 1.030681
v -0.719343 0.483138 1.029531
v -0.731517 0.483733 0.994557
v -0.713148 0.554067 0.992858
v -0.701891 0.549965 1.027916
v -0.664984 0.608042 1.025993
v -0.674304 0.615193 0.990834
v -0.618882 0.660979 0.988687
v -0.612325 0.651545 1.023953
v -0.548942 0.676320 1.021991
v -0.552171 0.687055 0.986622
v -0.480863 0.690805 0.984847
v -0.481190 0.679883 1.020304
v -0.415540 0.661894 1.019054
v -0.411768 0.671871 0.983531
v -0.368959 0.612073 1.051855
v -0.383000 0.595868 1.082788
v -0.347828 0.551630 1.082737
v -0.329422 0.562345 1.051798
v -0.306884 0.502703 1.052326
v -0.327779 0.498573 1.083207
v -0.324768 0.441764 1.084151
v -0.303499 0.438844 1.053388
v -0.319607 0.377170 1.054877
v -0.339097 0.386899 1.085477
v -0.369397 0.339218 1.087056
v -0.353667 0.323571 1.056653
v -0.402266 0.283422 1.058535
v -0.412630 0.303502 1.088731
v -0.464668 0.283162 1.090341
v -0.460762 0.260557 1.060346
v -0.523290 0.257269 1.061903
v -0.520292 0.280236 1.091726
v -0.574190 0.295006 1.092753
v -0.583878 0.273871 1.063057
v -0.636451 0.308700 1.063693
v -0.620959 0.325989 1.093319
v -0.656131 0.370227 1.093369
v -0.675988 0.358428 1.063750
v -0.698525 0.418069 1.063222
v -0.676180 0.423283 1.092900
v -0.679191 0.480092 1.091955
v -0.701910 0.481929 1.062160
v -0.685803 0.543603 1.060671
v -0.664862 0.534957 1.090630
v -0.634562 0.582638 1.089051
v -0.651742 0.597202 1.058896
v -0.603143 0.637351 1.057013
v -0.591329 0.618354 1.087376
v -0.539291 0.638695 1.085766
v -0.544647 0.660216 1.055202
v -0.482120 0.663504 1.053646
v -0.483667 0.641620 1.084381
v -0.429769 0.626851 1.083354
v -0.421532 0.646902 1.052491
v -0.400939 0.575268 1.111065
v -0.420372 0.553009 1.135562
v -0.396610 0.523121 1.135528
v -0.371265 0.537944 1.111022
v -0.354349 0.493180 1.111418
v -0.383064 0.487275 1.135845
v -0.381030 0.448894 1.136483
v -0.351809 0.445251 1.112215
v -0.363898 0.398962 1.113333
v -0.390711 0.411827 1.137378
v -0.411182 0.379613 1.138445
v -0.389462 0.358733 1.114666
v -0.425938 0.328600 1.116079
v -0.440390 0.355483 1.139577
v -0.475548 0.341741 1.140665
v -0.469842 0.311438 1.117438
v -0.516772 0.308970 1.118606
v -0.513128 0.339765 1.141601
v -0.549543 0.349743 1.142295
v -0.562246 0.321431 1.119473
v -0.601704 0.347571 1.119950
v -0.581140 0.370675 1.142677
v -0.604903 0.400563 1.142711
v -0.631379 0.384895 1.119993
v -0.648294 0.429659 1.119597
v -0.618448 0.436409 1.142394
v -0.620482 0.474790 1.141756
v -0.650835 0.477588 1.118800
v -0.638746 0.523878 1.117682
v -0.610802 0.511857 1.140861
v -0.590331 0.544071 1.139794
v -0.613181 0.564106 1.116349
v -0.576706 0.594240 1.114936
v -0.561122 0.568201 1.138662
v -0.525964 0.581944 1.137574
v -0.532802 0.611401 1.113577
v -0.485872 0.613869 1.112409
v -0.488384 0.583920 1.136638
v -0.451970 0.573941 1.135945
v -0.440398 0.601408 1.111543
v -0.432264 0.502257 1.166951
v -0.417309 0.511010 1.154101
v -0.436251 0.534835 1.154128
v -0.447727 0.521705 1.166973
v -0.422126 0.453957 1.167572
v -0.404890 0.451840 1.154862
v -0.406512 0.482436 1.154354
v -0.423450 0.478932 1.167157
v -0.441746 0.408875 1.168849
v -0.428925 0.396613 1.156427
v -0.412606 0.422292 1.155576
v -0.428426 0.429837 1.168155
v -0.483630 0.384231 1.170294
v -0.480234 0.366423 1.158196
v -0.452208 0.377378 1.157329
v -0.460753 0.393173 1.169585
v -0.531779 0.389438 1.171354
v -0.539219 0.372802 1.159495
v -0.510191 0.364848 1.158942
v -0.508084 0.382945 1.170902
v -0.567803 0.422507 1.171625
v -0.583348 0.413313 1.159827
v -0.564406 0.389489 1.159800
v -0.552340 0.403059 1.171602
v -0.577941 0.470807 1.171003
v -0.595768 0.472483 1.159065
v -0.594146 0.441887 1.159574
v -0.576617 0.445832 1.171419
v -0.558320 0.515889 1.169726
v -0.571732 0.527710 1.157501
v -0.588051 0.502031 1.158352
v -0.571641 0.494927 1.170421
v -0.516437 0.540533 1.168282
v -0.520423 0.557900 1.155732
v -0.548449 0.546945 1.156599
v -0.539314 0.531591 1.168990
v -0.468288 0.535326 1.167222
v -0.461439 0.551521 1.154433
v -0.490467 0.559475 1.154986
v -0.491983 0.541819 1.167673
v -0.459360 0.486376 1.184179
v -0.445831 0.494309 1.176649
v -0.458148 0.509800 1.176667
v -0.468551 0.497936 1.184192
v -0.453334 0.457665 1.184548
v -0.437757 0.455836 1.177144
v -0.438811 0.475730 1.176813
v -0.454121 0.472511 1.184301
v -0.453385 0.419927 1.178161
v -0.442774 0.436624 1.177608
v -0.457078 0.443328 1.184895
v -0.464996 0.430868 1.185308
v -0.489893 0.416219 1.186166
v -0.486747 0.400297 1.179312
v -0.468524 0.407420 1.178748
v -0.476294 0.421534 1.185745
v -0.518514 0.419314 1.186796
v -0.525099 0.404444 1.180156
v -0.506225 0.399273 1.179796
v -0.504429 0.415454 1.186528
v -0.539927 0.438971 1.186957
v -0.553793 0.430785 1.180372
v -0.541477 0.415294 1.180354
v -0.530735 0.427411 1.186944
v -0.545953 0.467682 1.186588
v -0.561868 0.469258 1.179877
v -0.560814 0.449365 1.180208
v -0.545166 0.452836 1.186835
v -0.534291 0.494479 1.185829
v -0.546240 0.505168 1.178860
v -0.556851 0.488471 1.179413
v -0.542209 0.482019 1.186241
v -0.512878 0.524797 1.177709
v -0.531101 0.517675 1.178273
v -0.522993 0.503813 1.185391
v -0.509394 0.509128 1.184970
v -0.480773 0.506033 1.184340
v -0.474526 0.520650 1.176865
v -0.493400 0.525822 1.177224
v -0.494858 0.509893 1.184608
v -0.498401 0.464626 0.695753
v -0.489182 0.478807 0.697513
v -0.482877 0.470877 0.697504
v -0.494685 0.454793 0.695840
v -0.479053 0.460758 0.697593
v -0.478514 0.450575 0.697763
v -0.497341 0.444625 0.696086
v -0.481247 0.440111 0.698015
v -0.486678 0.431564 0.698298
v -0.505353 0.438006 0.696396
v -0.494923 0.424752 0.698618
v -0.504251 0.421106 0.698907
v -0.515661 0.437464 0.696653
v -0.514860 0.420548 0.699171
v -0.524521 0.423196 0.699355
v -0.524329 0.443206 0.696758
v -0.533441 0.429105 0.699463
v -0.539746 0.437035 0.699472
v -0.528045 0.453039 0.696671
v -0.543569 0.447154 0.699382
v -0.544109 0.457337 0.699213
v -0.525389 0.463207 0.696425
v -0.541376 0.467801 0.698960
v -0.535945 0.476348 0.698677
v -0.517377 0.469826 0.696115
v -0.527700 0.483159 0.698358
v -0.518372 0.486805 0.698069
v -0.507068 0.470368 0.695858
v -0.507763 0.487363 0.697805
v -0.498102 0.484716 0.697621
v -0.487866 0.469711 1.192308
v -0.490437 0.472944 1.192311
v -0.493961 0.467354 1.192868
v -0.486084 0.461424 1.192413
v -0.486303 0.465576 1.192344
v -0.492384 0.463180 1.192905
v -0.489415 0.453662 1.192632
v -0.487200 0.457147 1.192517
v -0.493511 0.458864 1.193009
v -0.496588 0.449392 1.192880
v -0.492785 0.450879 1.192763
v -0.496912 0.456055 1.193141
v -0.504862 0.450244 1.193063
v -0.500923 0.449164 1.192988
v -0.501287 0.455825 1.193250
v -0.511078 0.455892 1.193111
v -0.508508 0.452659 1.193107
v -0.504966 0.458262 1.193295
v -0.512861 0.464179 1.193005
v -0.512641 0.460027 1.193075
v -0.506543 0.462436 1.193258
v -0.509530 0.471940 1.192787
v -0.511744 0.468455 1.192902
v -0.505416 0.466751 1.193153
v -0.502357 0.476211 1.192539
v -0.506160 0.474724 1.192656
v -0.502015 0.469561 1.193022
v -0.494082 0.475359 1.192356
v -0.498021 0.476439 1.192431
v -0.497640 0.469791 1.192913
v -0.477775 0.460452 1.191408
v -0.466947 0.459226 1.189196
v -0.467501 0.469675 1.189023
v -0.478142 0.467386 1.191293
v -0.480609 0.473914 1.191235
v -0.471188 0.479433 1.188936
v -0.477657 0.487569 1.188946
v -0.484902 0.479313 1.191241
v -0.490656 0.483125 1.191311
v -0.486259 0.493267 1.189050
v -0.496171 0.495984 1.189239
v -0.497234 0.484928 1.191436
v -0.506402 0.495446 1.189493
v -0.515972 0.491705 1.189790
v -0.510429 0.482085 1.191803
v -0.504078 0.484568 1.191607
v -0.515748 0.477691 1.192009
v -0.523924 0.485136 1.190098
v -0.529496 0.476366 1.190388
v -0.519446 0.471871 1.192202
v -0.521209 0.465121 1.192365
v -0.532132 0.466276 1.190632
v -0.531578 0.455828 1.190805
v -0.520842 0.458187 1.192480
v -0.518375 0.451660 1.192538
v -0.527890 0.446070 1.190892
v -0.521422 0.437934 1.190882
v -0.514082 0.446260 1.192532
v -0.508328 0.442448 1.192462
v -0.512820 0.432235 1.190778
v -0.502907 0.429519 1.190589
v -0.501750 0.440646 1.192337
v -0.494907 0.441006 1.192167
v -0.492677 0.430057 1.190335
v -0.483106 0.433798 1.190038
v -0.488555 0.443488 1.191970
v -0.483236 0.447882 1.191764
v -0.475155 0.440367 1.189730
v -0.469582 0.449136 1.189440
v -0.479538 0.453702 1.191571
vn 0.1742 0.1396 -0.9748
vn 0.1413 0.1707 -0.9751
vn 0.1741 0.2007 -0.9641
vn 0.2083 0.1667 -0.9638
vn 0.1136 0.1891 -0.9754
vn 0.1384 0.2263 -0.9642
vn 0.1643 0.2653 -0.9501
vn 0.2071 0.2335 -0.9500
vn 0.2445 0.1954 -0.9498
vn 0.1941 0.3098 -0.9308
vn 0.2439 0.2723 -0.9308
vn 0.2300 0.3636 -0.9027
vn 0.2880 0.3197 -0.9027
vn 0.3368 0.2688 -0.9024
vn 0.2862 0.2286 -0.9305
vn 0.3770 0.2111 -0.9018
vn 0.3207 0.1787 -0.9302
vn 0.4082 0.1463 -0.9011
vn 0.3475 0.1231 -0.9296
vn 0.2971 0.1038 -0.9492
vn 0.2745 0.1516 -0.9496
vn 0.2530 0.0870 -0.9635
vn 0.2350 0.1267 -0.9637
vn 0.2109 0.0710 -0.9749
vn 0.1984 0.1014 -0.9749
vn 0.2303 -0.0040 -0.9731
vn 0.2222 0.0402 -0.9742
vn 0.2666 0.0457 -0.9627
vn 0.2739 -0.0015 -0.9618
vn 0.3127 0.0536 -0.9483
vn 0.3201 0.0012 -0.9474
vn 0.3654 0.0641 -0.9286
vn 0.4288 0.0775 -0.9001
vn 0.4381 0.0083 -0.8989
vn 0.3734 0.0044 -0.9276
vn 0.4362 -0.0615 -0.8977
vn 0.3717 -0.0559 -0.9267
vn 0.4230 -0.1321 -0.8965
vn 0.3603 -0.1164 -0.9256
vn 0.3081 -0.1033 -0.9457
vn 0.3183 -0.0516 -0.9466
vn 0.2626 -0.0917 -0.9605
vn 0.2716 -0.0492 -0.9612
vn 0.2189 -0.0806 -0.9724
vn 0.2270 -0.0488 -0.9727
vn 0.1897 -0.1526 -0.9699
vn 0.2097 -0.1122 -0.9713
vn 0.2488 -0.1330 -0.9594
vn 0.2265 -0.1756 -0.9581
vn 0.2907 -0.1530 -0.9445
vn 0.2654 -0.1998 -0.9432
vn 0.3395 -0.1746 -0.9243
vn 0.3988 -0.1998 -0.8950
vn 0.3650 -0.2615 -0.8935
vn 0.3104 -0.2277 -0.9229
vn 0.3217 -0.3172 -0.8921
vn 0.2729 -0.2757 -0.9217
vn 0.2687 -0.3670 -0.8906
vn 0.2273 -0.3183 -0.9203
vn 0.1931 -0.2778 -0.9410
vn 0.2323 -0.2417 -0.9421
vn 0.1632 -0.2423 -0.9564
vn 0.1960 -0.2130 -0.9572
vn 0.1346 -0.2082 -0.9688
vn 0.1603 -0.1871 -0.9692
vn 0.0678 -0.2498 -0.9659
vn 0.1083 -0.2285 -0.9675
vn 0.1273 -0.2679 -0.9550
vn 0.0837 -0.2895 -0.9535
vn 0.1491 -0.3081 -0.9396
vn 0.1006 -0.3315 -0.9381
vn 0.1757 -0.3536 -0.9188
vn 0.2084 -0.4081 -0.8888
vn 0.1440 -0.4385 -0.8871
vn 0.1201 -0.3799 -0.9172
vn 0.0754 -0.4586 -0.8854
vn 0.0610 -0.3971 -0.9157
vn 0.0026 -0.4682 -0.8836
vn -0.0015 -0.4051 -0.9142
vn -0.0047 -0.3528 -0.9357
vn 0.0486 -0.3463 -0.9369
vn -0.0075 -0.3070 -0.9517
vn 0.0366 -0.3022 -0.9525
vn -0.0102 -0.2631 -0.9647
vn 0.0233 -0.2607 -0.9651
vn -0.0891 -0.2581 -0.9620
vn -0.0437 -0.2643 -0.9635
vn -0.0519 -0.3069 -0.9503
vn -0.1001 -0.2992 -0.9489
vn -0.0585 -0.3519 -0.9342
vn -0.1117 -0.3427 -0.9328
vn -0.0644 -0.4037 -0.9126
vn -0.0708 -0.4663 -0.8818
vn -0.1411 -0.4535 -0.8800
vn -0.1250 -0.3928 -0.9111
vn -0.2084 -0.4300 -0.8785
vn -0.1830 -0.3724 -0.9098
vn -0.2726 -0.3954 -0.8771
vn -0.2382 -0.3428 -0.9087
vn -0.2094 -0.2989 -0.9310
vn -0.1624 -0.3245 -0.9318
vn -0.1842 -0.2605 -0.9477
vn -0.1457 -0.2822 -0.9482
vn -0.1600 -0.2238 -0.9614
vn -0.1316 -0.2412 -0.9615
vn -0.2206 -0.1742 -0.9597
vn -0.1876 -0.2054 -0.9605
vn -0.2199 -0.2348 -0.9468
vn -0.2541 -0.2009 -0.9461
vn -0.2522 -0.2672 -0.9301
vn -0.2895 -0.2291 -0.9294
vn -0.2880 -0.3052 -0.9077
vn -0.3305 -0.3515 -0.8759
vn -0.3794 -0.3006 -0.8750
vn -0.3302 -0.2614 -0.9070
vn -0.4195 -0.2429 -0.8746
vn -0.3648 -0.2116 -0.9067
vn -0.4508 -0.1780 -0.8747
vn -0.3915 -0.1559 -0.9069
vn -0.3421 -0.1374 -0.9296
vn -0.3195 -0.1852 -0.9293
vn -0.2988 -0.1212 -0.9466
vn -0.2807 -0.1609 -0.9462
vn -0.2572 -0.1056 -0.9606
vn -0.2448 -0.1360 -0.9600
vn -0.2765 -0.0306 -0.9605
vn -0.2686 -0.0748 -0.9603
vn -0.3123 -0.0799 -0.9466
vn -0.3196 -0.0327 -0.9470
vn -0.3577 -0.0872 -0.9298
vn -0.3651 -0.0348 -0.9303
vn -0.4094 -0.0969 -0.9072
vn -0.4714 -0.1093 -0.8751
vn -0.4806 -0.0400 -0.8760
vn -0.4174 -0.0372 -0.9080
vn -0.4787 0.0298 -0.8775
vn -0.4157 0.0230 -0.9092
vn -0.4655 0.1003 -0.8793
vn -0.4042 0.0835 -0.9108
vn -0.3531 0.0696 -0.9330
vn -0.3633 0.0180 -0.9315
vn -0.3083 0.0575 -0.9496
vn -0.3173 0.0150 -0.9482
vn -0.2653 0.0460 -0.9631
vn -0.2733 0.0142 -0.9618
vn -0.2361 0.1180 -0.9645
vn -0.2561 0.0775 -0.9635
vn -0.2945 0.0989 -0.9505
vn -0.2722 0.1414 -0.9518
vn -0.3357 0.1194 -0.9344
vn -0.3104 0.1662 -0.9360
vn -0.3835 0.1417 -0.9126
vn -0.4413 0.1680 -0.8815
vn -0.4075 0.2296 -0.8839
vn -0.3544 0.1948 -0.9146
vn -0.3643 0.2854 -0.8865
vn -0.3170 0.2428 -0.9168
vn -0.3114 0.3351 -0.8893
vn -0.2714 0.2854 -0.9192
vn -0.2382 0.2441 -0.9400
vn -0.2774 0.2081 -0.9380
vn -0.2090 0.2081 -0.9555
vn -0.2418 0.1788 -0.9537
vn -0.1810 0.1736 -0.9680
vn -0.2066 0.1524 -0.9665
vn -0.1142 0.2152 -0.9699
vn -0.1547 0.1939 -0.9687
vn -0.1731 0.2337 -0.9568
vn -0.1295 0.2553 -0.9581
vn -0.1942 0.2745 -0.9418
vn -0.1456 0.2978 -0.9434
vn -0.2197 0.3207 -0.9214
vn -0.2511 0.3761 -0.8919
vn -0.1866 0.4066 -0.8943
vn -0.1642 0.3469 -0.9234
vn -0.1181 0.4267 -0.8966
vn -0.1051 0.3641 -0.9254
vn -0.0453 0.4363 -0.8987
vn -0.0427 0.3722 -0.9272
vn -0.0404 0.3191 -0.9469
vn -0.0937 0.3126 -0.9453
vn -0.0383 0.2727 -0.9613
vn -0.0824 0.2680 -0.9599
vn -0.0362 0.2284 -0.9729
vn -0.0697 0.2261 -0.9716
vn 0.0427 0.2235 -0.9738
vn -0.0027 0.2296 -0.9733
vn 0.0061 0.2727 -0.9621
vn 0.0543 0.2650 -0.9627
vn 0.0134 0.3182 -0.9479
vn 0.0666 0.3090 -0.9487
vn 0.0203 0.3707 -0.9285
vn 0.0281 0.4344 -0.9003
vn 0.0984 0.4216 -0.9014
vn 0.0809 0.3598 -0.9295
vn 0.1657 0.3981 -0.9023
vn 0.1389 0.3395 -0.9303
vn 0.1174 0.2909 -0.9495
vn 0.1000 0.2480 -0.9636
vn 0.0852 0.2065 -0.9747
vn 0.3349 0.3703 -0.8665
vn 0.3909 0.3118 -0.8660
vn 0.2684 0.4208 -0.8665
vn 0.3049 0.4753 -0.8253
vn 0.3796 0.4185 -0.8251
vn 0.4424 0.3527 -0.8245
vn 0.3398 0.5271 -0.7789
vn 0.4220 0.4642 -0.7787
vn 0.3728 0.5760 -0.7274
vn 0.4623 0.5075 -0.7272
vn 0.5375 0.4282 -0.7264
vn 0.4913 0.3915 -0.7780
vn 0.5993 0.3386 -0.7254
vn 0.5481 0.3092 -0.7772
vn 0.6473 0.2382 -0.7241
vn 0.5923 0.2169 -0.7760
vn 0.5341 0.1945 -0.8227
vn 0.4941 0.2782 -0.8237
vn 0.4728 0.1710 -0.8644
vn 0.4370 0.2454 -0.8653
vn 0.4964 0.0920 -0.8632
vn 0.5070 0.0125 -0.8619
vn 0.5606 0.1059 -0.8213
vn 0.5724 0.0167 -0.8198
vn 0.6215 0.1192 -0.7743
vn 0.6789 0.1318 -0.7223
vn 0.6929 0.0247 -0.7206
vn 0.6345 0.0208 -0.7727
vn 0.6902 -0.0832 -0.7188
vn 0.6319 -0.0784 -0.7710
vn 0.6701 -0.1923 -0.7169
vn 0.6133 -0.1787 -0.7693
vn 0.5531 -0.1642 -0.8168
vn 0.5701 -0.0732 -0.8183
vn 0.4898 -0.1486 -0.8591
vn 0.5049 -0.0676 -0.8605
vn 0.4620 -0.2264 -0.8575
vn 0.4232 -0.2972 -0.8559
vn 0.5221 -0.2515 -0.8149
vn 0.4787 -0.3311 -0.8132
vn 0.5791 -0.2751 -0.7674
vn 0.6329 -0.2972 -0.7149
vn 0.5811 -0.3928 -0.7128
vn 0.5313 -0.3629 -0.7655
vn 0.5146 -0.4796 -0.7108
vn 0.4701 -0.4426 -0.7636
vn 0.4329 -0.5572 -0.7086
vn 0.3950 -0.5137 -0.7616
vn 0.3549 -0.4675 -0.8096
vn 0.4231 -0.4031 -0.8114
vn 0.3128 -0.4186 -0.8526
vn 0.3737 -0.3613 -0.8543
vn 0.2436 -0.4658 -0.8507
vn 0.1696 -0.5009 -0.8487
vn 0.2772 -0.5207 -0.8075
vn 0.1940 -0.5602 -0.8053
vn 0.3092 -0.5725 -0.7593
vn 0.3396 -0.6213 -0.7061
vn 0.2397 -0.6690 -0.7035
vn 0.2175 -0.6162 -0.7570
vn 0.1333 -0.7006 -0.7010
vn 0.1198 -0.6451 -0.7546
vn 0.0202 -0.7155 -0.6984
vn 0.0159 -0.6588 -0.7521
vn 0.0115 -0.5986 -0.8010
vn 0.1056 -0.5863 -0.8032
vn 0.0071 -0.5351 -0.8448
vn 0.0908 -0.5241 -0.8468
vn -0.0773 -0.5329 -0.8426
vn -0.1580 -0.5182 -0.8406
vn -0.0833 -0.5962 -0.7985
vn -0.1740 -0.5795 -0.7962
vn -0.0888 -0.6561 -0.7494
vn -0.0938 -0.7126 -0.6953
vn -0.2029 -0.6923 -0.6925
vn -0.1890 -0.6376 -0.7468
vn -0.3073 -0.6554 -0.6900
vn -0.2848 -0.6038 -0.7445
vn -0.4067 -0.6014 -0.6877
vn -0.3762 -0.5543 -0.7424
vn -0.3437 -0.5042 -0.7922
vn -0.2608 -0.5489 -0.7941
vn -0.3092 -0.4513 -0.8371
vn -0.2353 -0.4910 -0.8388
vn -0.3756 -0.4008 -0.8356
vn -0.4317 -0.3422 -0.8346
vn -0.4183 -0.4474 -0.7905
vn -0.4811 -0.3816 -0.7893
vn -0.4584 -0.4914 -0.7405
vn -0.4961 -0.5327 -0.6856
vn -0.5713 -0.4534 -0.6841
vn -0.5277 -0.4187 -0.7391
vn -0.6330 -0.3638 -0.6834
vn -0.5844 -0.3363 -0.7385
vn -0.6809 -0.2633 -0.6834
vn -0.6286 -0.2440 -0.7385
vn -0.5728 -0.2234 -0.7887
vn -0.5327 -0.3070 -0.7887
vn -0.5135 -0.2014 -0.8341
vn -0.4777 -0.2759 -0.8341
vn -0.5371 -0.1224 -0.8346
vn -0.5477 -0.0429 -0.8356
vn -0.5992 -0.1347 -0.7892
vn -0.6110 -0.0455 -0.7903
vn -0.6577 -0.1463 -0.7389
vn -0.7125 -0.1569 -0.6839
vn -0.7266 -0.0499 -0.6853
vn -0.6707 -0.0479 -0.7402
vn -0.7239 0.0580 -0.6875
vn -0.6681 0.0514 -0.7423
vn -0.7038 0.1671 -0.6905
vn -0.6496 0.1516 -0.7450
vn -0.5918 0.1353 -0.7947
vn -0.6087 0.0444 -0.7922
vn -0.5305 0.1182 -0.8394
vn -0.5455 0.0372 -0.8373
vn -0.5027 0.1960 -0.8420
vn -0.4640 0.2668 -0.8447
vn -0.5607 0.2227 -0.7975
vn -0.5173 0.3022 -0.8007
vn -0.6154 0.2480 -0.7482
vn -0.6667 0.2720 -0.6939
vn -0.6148 0.3676 -0.6978
vn -0.5676 0.3358 -0.7517
vn -0.5484 0.4543 -0.7020
vn -0.5065 0.4154 -0.7556
vn -0.4668 0.5319 -0.7065
vn -0.4314 0.4865 -0.7597
vn -0.3937 0.4386 -0.8079
vn -0.4618 0.3742 -0.8042
vn -0.3537 0.3881 -0.8511
vn -0.4144 0.3309 -0.8478
vn -0.2845 0.4354 -0.8541
vn -0.2104 0.4704 -0.8570
vn -0.3160 0.4917 -0.8114
vn -0.2329 0.5312 -0.8146
vn -0.3457 0.5453 -0.7636
vn -0.3736 0.5960 -0.7108
vn -0.2737 0.6436 -0.7147
vn -0.2540 0.5890 -0.7672
vn -0.1674 0.6752 -0.7184
vn -0.1563 0.6178 -0.7706
vn -0.0543 0.6901 -0.7217
vn -0.0525 0.6315 -0.7736
vn -0.0504 0.5697 -0.8203
vn -0.1444 0.5573 -0.8177
vn -0.0480 0.5046 -0.8620
vn -0.1317 0.4936 -0.8597
vn 0.0364 0.5024 -0.8638
vn 0.1172 0.4876 -0.8652
vn 0.0444 0.5672 -0.8224
vn 0.1352 0.5505 -0.8238
vn 0.0522 0.6288 -0.7758
vn 0.0598 0.6871 -0.7241
vn 0.1689 0.6669 -0.7258
vn 0.1524 0.6103 -0.7774
vn 0.2733 0.6300 -0.7269
vn 0.2483 0.5766 -0.7784
vn 0.2221 0.5200 -0.8248
vn 0.1945 0.4605 -0.8661
vn 0.4997 0.5476 -0.6711
vn 0.5805 0.4623 -0.6704
vn 0.4036 0.6215 -0.6714
vn 0.4318 0.6630 -0.6116
vn 0.5338 0.5842 -0.6114
vn 0.6197 0.4934 -0.6104
vn 0.4574 0.7004 -0.5479
vn 0.5648 0.6173 -0.5477
vn 0.4804 0.7339 -0.4802
vn 0.5925 0.6468 -0.4801
vn 0.6866 0.5465 -0.4796
vn 0.6550 0.5214 -0.5468
vn 0.7638 0.4334 -0.4784
vn 0.7289 0.4133 -0.5459
vn 0.8235 0.3070 -0.4770
vn 0.7863 0.2923 -0.5443
vn 0.7445 0.2760 -0.6079
vn 0.6899 0.3907 -0.6094
vn 0.6981 0.2579 -0.6679
vn 0.6467 0.3658 -0.6693
vn 0.7320 0.1436 -0.6660
vn 0.7471 0.0286 -0.6640
vn 0.7804 0.1544 -0.6060
vn 0.7964 0.0322 -0.6039
vn 0.8240 0.1643 -0.5422
vn 0.8628 0.1732 -0.4749
vn 0.8804 0.0388 -0.4726
vn 0.8409 0.0356 -0.5400
vn 0.8772 -0.0967 -0.4704
vn 0.8376 -0.0942 -0.5380
vn 0.8522 -0.2339 -0.4680
vn 0.8138 -0.2255 -0.5356
vn 0.7706 -0.2157 -0.5997
vn 0.7934 -0.0911 -0.6019
vn 0.7227 -0.2047 -0.6602
vn 0.7442 -0.0874 -0.6622
vn 0.6829 -0.3174 -0.6579
vn 0.6272 -0.4203 -0.6557
vn 0.7284 -0.3356 -0.5973
vn 0.6693 -0.4451 -0.5949
vn 0.7695 -0.3518 -0.5331
vn 0.8061 -0.3659 -0.4651
vn 0.7414 -0.4865 -0.4623
vn 0.7074 -0.4671 -0.5305
vn 0.6584 -0.5962 -0.4594
vn 0.6278 -0.5720 -0.5279
vn 0.5561 -0.6946 -0.4565
vn 0.5298 -0.6660 -0.5252
vn 0.5006 -0.6336 -0.5900
vn 0.5937 -0.5445 -0.5926
vn 0.4682 -0.5973 -0.6511
vn 0.5559 -0.5137 -0.6535
vn 0.3680 -0.6664 -0.6484
vn 0.2606 -0.7178 -0.6457
vn 0.3940 -0.7072 -0.5871
vn 0.2798 -0.7619 -0.5841
vn 0.4176 -0.7437 -0.5220
vn 0.4389 -0.7759 -0.4531
vn 0.3131 -0.8365 -0.4497
vn 0.2973 -0.8016 -0.5187
vn 0.1788 -0.8768 -0.4465
vn 0.1689 -0.8400 -0.5157
vn 0.0361 -0.8958 -0.4430
vn 0.0324 -0.8582 -0.5123
vn 0.0285 -0.8155 -0.5781
vn 0.1580 -0.7983 -0.5812
vn 0.0245 -0.7680 -0.6400
vn 0.1461 -0.7518 -0.6429
vn -0.0982 -0.7647 -0.6369
vn -0.2156 -0.7428 -0.6338
vn -0.1021 -0.8120 -0.5746
vn -0.2270 -0.7886 -0.5715
vn -0.1053 -0.8544 -0.5088
vn -0.1079 -0.8919 -0.4392
vn -0.2455 -0.8659 -0.4359
vn -0.2370 -0.8296 -0.5056
vn -0.3771 -0.8188 -0.4328
vn -0.3628 -0.7847 -0.5026
vn -0.5022 -0.7502 -0.4301
vn -0.4825 -0.7192 -0.4999
vn -0.4600 -0.6841 -0.5661
vn -0.3463 -0.7461 -0.5687
vn -0.4348 -0.6448 -0.6287
vn -0.3278 -0.7030 -0.6311
vn -0.5308 -0.5708 -0.6264
vn -0.6115 -0.4854 -0.6248
vn -0.5620 -0.6053 -0.5637
vn -0.6477 -0.5143 -0.5621
vn -0.5898 -0.6360 -0.4976
vn -0.6142 -0.6631 -0.4279
vn -0.7083 -0.5627 -0.4262
vn -0.6800 -0.5401 -0.4958
vn -0.7853 -0.4496 -0.4256
vn -0.7538 -0.4319 -0.4952
vn -0.8452 -0.3232 -0.4257
vn -0.8113 -0.3109 -0.4952
vn -0.7725 -0.2969 -0.5613
vn -0.7180 -0.4117 -0.5613
vn -0.7291 -0.2810 -0.6241
vn -0.6777 -0.3890 -0.6240
vn -0.7629 -0.1667 -0.6246
vn -0.7780 -0.0516 -0.6262
vn -0.8083 -0.1753 -0.5620
vn -0.8244 -0.0531 -0.5636
vn -0.8489 -0.1829 -0.4959
vn -0.8845 -0.1894 -0.4265
vn -0.9019 -0.0549 -0.4283
vn -0.8657 -0.0542 -0.4976
vn -0.8987 0.0806 -0.4311
vn -0.8626 0.0756 -0.5002
vn -0.8739 0.2177 -0.4346
vn -0.8386 0.2069 -0.5039
vn -0.7986 0.1948 -0.5694
vn -0.8213 0.0702 -0.5661
vn -0.7536 0.1815 -0.6318
vn -0.7751 0.0643 -0.6285
vn -0.7139 0.2943 -0.6354
vn -0.6583 0.3971 -0.6395
vn -0.7565 0.3147 -0.5733
vn -0.6974 0.4241 -0.5777
vn -0.7944 0.3332 -0.5078
vn -0.8278 0.3497 -0.4387
vn -0.7631 0.4703 -0.4433
vn -0.7324 0.4485 -0.5123
vn -0.6801 0.5799 -0.4486
vn -0.6529 0.5533 -0.5173
vn -0.5779 0.6783 -0.4539
vn -0.5549 0.6472 -0.5227
vn -0.5287 0.6125 -0.5876
vn -0.6218 0.5234 -0.5826
vn -0.4994 0.5740 -0.6489
vn -0.5870 0.4905 -0.6441
vn -0.3992 0.6431 -0.6535
vn -0.2918 0.6944 -0.6578
vn -0.4222 0.6861 -0.5925
vn -0.3080 0.7408 -0.5969
vn -0.4428 0.7249 -0.5277
vn -0.4607 0.7596 -0.4590
vn -0.3349 0.8201 -0.4639
vn -0.3224 0.7828 -0.5323
vn -0.2008 0.8604 -0.4685
vn -0.1941 0.8212 -0.5366
vn -0.0580 0.8795 -0.4723
vn -0.0576 0.8393 -0.5406
vn -0.0568 0.7944 -0.6048
vn -0.1863 0.7771 -0.6011
vn -0.0557 0.7446 -0.6652
vn -0.1774 0.7285 -0.6617
vn 0.0670 0.7413 -0.6678
vn 0.1844 0.7195 -0.6696
vn 0.0738 0.7909 -0.6075
vn 0.1987 0.7675 -0.6095
vn 0.0801 0.8356 -0.5435
vn 0.0860 0.8755 -0.4755
vn 0.2237 0.8495 -0.4778
vn 0.2118 0.8109 -0.5456
vn 0.3552 0.8025 -0.4794
vn 0.3376 0.7660 -0.5471
vn 0.3181 0.7250 -0.6109
vn 0.2967 0.6797 -0.6708
vn 0.6165 0.6723 -0.4097
vn 0.7139 0.5682 -0.4092
vn 0.5003 0.7628 -0.4097
vn 0.5171 0.7868 -0.3369
vn 0.6366 0.6936 -0.3372
vn 0.7368 0.5863 -0.3368
vn 0.5308 0.8060 -0.2620
vn 0.6528 0.7106 -0.2624
vn 0.5410 0.8204 -0.1851
vn 0.6653 0.7232 -0.1854
vn 0.7691 0.6116 -0.1854
vn 0.7552 0.6008 -0.2622
vn 0.8541 0.4862 -0.1849
vn 0.8390 0.4772 -0.2614
vn 0.9201 0.3460 -0.1837
vn 0.9039 0.3393 -0.2605
vn 0.8826 0.3306 -0.3344
vn 0.8187 0.4654 -0.3363
vn 0.8558 0.3198 -0.4066
vn 0.7938 0.4509 -0.4081
vn 0.8964 0.1811 -0.4046
vn 0.9146 0.0418 -0.4023
vn 0.9243 0.1879 -0.3323
vn 0.9429 0.0445 -0.3302
vn 0.9466 0.1934 -0.2580
vn 0.9631 0.1980 -0.1821
vn 0.9825 0.0491 -0.1798
vn 0.9656 0.0469 -0.2558
vn 0.9790 -0.1010 -0.1772
vn 0.9621 -0.1008 -0.2533
vn 0.9518 -0.2528 -0.1737
vn 0.9352 -0.2503 -0.2503
vn 0.9131 -0.2463 -0.3248
vn 0.9395 -0.1001 -0.3277
vn 0.8855 -0.2409 -0.3973
vn 0.9111 -0.0987 -0.4001
vn 0.8377 -0.3777 -0.3945
vn 0.7708 -0.5028 -0.3913
vn 0.8640 -0.3872 -0.3218
vn 0.7952 -0.5159 -0.3185
vn 0.8852 -0.3943 -0.2468
vn 0.9010 -0.3990 -0.1700
vn 0.8296 -0.5329 -0.1668
vn 0.8149 -0.5260 -0.2435
vn 0.7381 -0.6548 -0.1629
vn 0.7246 -0.6460 -0.2402
vn 0.6252 -0.7642 -0.1584
vn 0.6133 -0.7537 -0.2363
vn 0.5980 -0.7385 -0.3114
vn 0.7070 -0.6332 -0.3150
vn 0.5789 -0.7188 -0.3850
vn 0.6848 -0.6166 -0.3884
vn 0.4574 -0.8034 -0.3813
vn 0.3269 -0.8662 -0.3779
vn 0.4730 -0.8256 -0.3076
vn 0.3385 -0.8904 -0.3043
vn 0.4856 -0.8428 -0.2322
vn 0.4953 -0.8549 -0.1544
vn 0.3559 -0.9224 -0.1498
vn 0.3483 -0.9093 -0.2278
vn 0.2069 -0.9674 -0.1460
vn 0.2017 -0.9534 -0.2242
vn 0.0485 -0.9887 -0.1420
vn 0.0458 -0.9744 -0.2200
vn 0.0428 -0.9542 -0.2962
vn 0.1953 -0.9337 -0.3002
vn 0.0396 -0.9279 -0.3706
vn 0.1877 -0.9081 -0.3742
vn -0.1098 -0.9237 -0.3669
vn -0.2526 -0.8967 -0.3635
vn -0.1111 -0.9498 -0.2924
vn -0.2581 -0.9219 -0.2891
vn -0.1115 -0.9699 -0.2164
vn -0.1115 -0.9842 -0.1377
vn -0.2642 -0.9550 -0.1347
vn -0.2619 -0.9413 -0.2130
vn -0.4101 -0.9025 -0.1315
vn -0.4055 -0.8897 -0.2097
vn -0.5487 -0.8260 -0.1292
vn -0.5419 -0.8144 -0.2076
vn -0.5320 -0.7979 -0.2835
vn -0.3985 -0.8715 -0.2859
vn -0.5187 -0.7765 -0.3578
vn -0.3890 -0.8478 -0.3603
vn -0.6348 -0.6860 -0.3555
vn -0.7322 -0.5818 -0.3540
vn -0.6514 -0.7046 -0.2814
vn -0.7516 -0.5973 -0.2797
vn -0.6641 -0.7189 -0.2052
vn -0.6725 -0.7290 -0.1278
vn -0.7764 -0.6173 -0.1268
vn -0.7663 -0.6092 -0.2044
vn -0.8615 -0.4918 -0.1266
vn -0.8501 -0.4856 -0.2037
vn -0.9274 -0.3517 -0.1273
vn -0.9151 -0.3476 -0.2043
vn -0.8973 -0.3415 -0.2797
vn -0.8336 -0.4765 -0.2795
vn -0.8739 -0.3334 -0.3537
vn -0.8120 -0.4645 -0.3533
vn -0.9145 -0.1947 -0.3545
vn -0.9327 -0.0554 -0.3564
vn -0.9388 -0.1989 -0.2813
vn -0.9576 -0.0555 -0.2827
vn -0.9576 -0.2018 -0.2058
vn -0.9706 -0.2035 -0.1286
vn -0.9899 -0.0546 -0.1307
vn -0.9767 -0.0552 -0.2073
vn -0.9864 0.0954 -0.1336
vn -0.9732 0.0925 -0.2107
vn -0.9592 0.2472 -0.1369
vn -0.9463 0.2420 -0.2144
vn -0.9277 0.2354 -0.2898
vn -0.9542 0.0891 -0.2856
vn -0.9037 0.2273 -0.3629
vn -0.9294 0.0851 -0.3591
vn -0.8560 0.3641 -0.3670
vn -0.7890 0.4891 -0.3717
vn -0.8788 0.3762 -0.2937
vn -0.8100 0.5049 -0.2982
vn -0.8963 0.3860 -0.2182
vn -0.9085 0.3935 -0.1410
vn -0.8372 0.5272 -0.1455
vn -0.8261 0.5176 -0.2228
vn -0.7457 0.6491 -0.1504
vn -0.7360 0.6375 -0.2277
vn -0.6326 0.7586 -0.1559
vn -0.6247 0.7453 -0.2332
vn -0.6128 0.7274 -0.3089
vn -0.7218 0.6221 -0.3033
vn -0.5972 0.7050 -0.3824
vn -0.7031 0.6029 -0.3770
vn -0.4758 0.7896 -0.3875
vn -0.3453 0.8525 -0.3925
vn -0.4879 0.8145 -0.3139
vn -0.3536 0.8794 -0.3187
vn -0.4969 0.8344 -0.2384
vn -0.5029 0.8492 -0.1610
vn -0.3634 0.9168 -0.1658
vn -0.3597 0.9009 -0.2431
vn -0.2145 0.9617 -0.1704
vn -0.2130 0.9450 -0.2483
vn -0.0560 0.9830 -0.1747
vn -0.0571 0.9660 -0.2522
vn -0.0577 0.9429 -0.3279
vn -0.2103 0.9226 -0.3234
vn -0.0581 0.9142 -0.4011
vn -0.2062 0.8944 -0.3970
vn 0.0914 0.9100 -0.4044
vn 0.2342 0.8830 -0.4069
vn 0.0961 0.9386 -0.3313
vn 0.2432 0.9108 -0.3337
vn 0.1003 0.9615 -0.2557
vn 0.1038 0.9785 -0.1784
vn 0.2566 0.9494 -0.1812
vn 0.2507 0.9330 -0.2583
vn 0.4025 0.8969 -0.1835
vn 0.3943 0.8813 -0.2604
vn 0.3836 0.8603 -0.3358
vn 0.3706 0.8341 -0.4086
vn 0.6734 0.7314 -0.1075
vn 0.7780 0.6189 -0.1079
vn 0.5483 0.8295 -0.1065
vn 0.5520 0.8334 -0.0282
vn 0.6774 0.7350 -0.0294
vn 0.7823 0.6222 -0.0299
vn 0.5519 0.8324 0.0506
vn 0.6771 0.7342 0.0489
vn 0.5486 0.8260 0.1295
vn 0.6725 0.7290 0.1278
vn 0.7765 0.6173 0.1265
vn 0.7818 0.6217 0.0484
vn 0.8615 0.4918 0.1266
vn 0.8676 0.4949 0.0484
vn 0.9275 0.3516 0.1268
vn 0.9341 0.3535 0.0492
vn 0.9351 0.3532 -0.0287
vn 0.8684 0.4950 -0.0297
vn 0.9305 0.3506 -0.1062
vn 0.8638 0.4921 -0.1075
vn 0.9739 0.2012 -0.1047
vn 0.9934 0.0510 -0.1024
vn 0.9788 0.2032 -0.0271
vn 0.9983 0.0525 -0.0249
vn 0.9777 0.2040 0.0507
vn 0.9706 0.2035 0.1286
vn 0.9900 0.0546 0.1302
vn 0.9972 0.0537 0.0529
vn 0.9865 -0.0953 0.1333
vn 0.9937 -0.0977 0.0557
vn 0.9592 -0.2472 0.1369
vn 0.9662 -0.2510 0.0592
vn 0.9672 -0.2532 -0.0186
vn 0.9948 -0.0994 -0.0220
vn 0.9624 -0.2538 -0.0964
vn 0.9899 -0.1005 -0.0997
vn 0.9112 -0.4014 -0.0927
vn 0.8393 -0.5364 -0.0887
vn 0.9159 -0.4012 -0.0148
vn 0.8437 -0.5367 -0.0106
vn 0.9149 -0.3986 0.0632
vn 0.9085 -0.3935 0.1410
vn 0.8371 -0.5273 0.1458
vn 0.8430 -0.5336 0.0676
vn 0.7457 -0.6491 0.1504
vn 0.7507 -0.6567 0.0722
vn 0.6327 -0.7586 0.1555
vn 0.6367 -0.7673 0.0772
vn 0.6367 -0.7711 -0.0014
vn 0.7513 -0.6599 -0.0062
vn 0.6329 -0.7701 -0.0801
vn 0.7471 -0.6593 -0.0844
vn 0.5020 -0.8616 -0.0755
vn 0.3611 -0.9298 -0.0711
vn 0.5054 -0.8629 0.0033
vn 0.3642 -0.9313 0.0079
vn 0.5057 -0.8588 0.0822
vn 0.5030 -0.8493 0.1606
vn 0.3634 -0.9168 0.1658
vn 0.3649 -0.9270 0.0869
vn 0.2146 -0.9618 0.1701
vn 0.2148 -0.9724 0.0912
vn 0.0560 -0.9830 0.1747
vn 0.0547 -0.9939 0.0957
vn 0.0529 -0.9985 0.0166
vn 0.2134 -0.9769 0.0124
vn 0.0509 -0.9967 -0.0626
vn 0.2110 -0.9752 -0.0665
vn -0.1107 -0.9921 -0.0585
vn -0.2648 -0.9627 -0.0555
vn -0.1089 -0.9938 0.0204
vn -0.2637 -0.9643 0.0236
vn -0.1069 -0.9893 0.0992
vn -0.1038 -0.9785 0.1784
vn -0.2566 -0.9494 0.1812
vn -0.2612 -0.9599 0.1022
vn -0.4025 -0.8969 0.1835
vn -0.4082 -0.9068 0.1049
vn -0.5411 -0.8204 0.1851
vn -0.5481 -0.8296 0.1067
vn -0.5517 -0.8336 0.0281
vn -0.4114 -0.9111 0.0262
vn -0.5521 -0.8323 -0.0504
vn -0.4120 -0.9097 -0.0528
vn -0.6771 -0.7342 -0.0489
vn -0.7818 -0.6217 -0.0484
vn -0.6771 -0.7353 0.0294
vn -0.7823 -0.6222 0.0299
vn -0.6732 -0.7316 0.1077
vn -0.6650 -0.7234 0.1858
vn -0.7689 -0.6117 0.1858
vn -0.7780 -0.6189 0.1079
vn -0.8540 -0.4862 0.1852
vn -0.8638 -0.4921 0.1075
vn -0.9200 -0.3461 0.1840
vn -0.9304 -0.3507 0.1064
vn -0.9351 -0.3532 0.0287
vn -0.8684 -0.4950 0.0297
vn -0.9341 -0.3535 -0.0492
vn -0.8676 -0.4949 -0.0484
vn -0.9777 -0.2038 -0.0504
vn -0.9972 -0.0537 -0.0528
vn -0.9788 -0.2032 0.0271
vn -0.9983 -0.0525 0.0249
vn -0.9740 -0.2010 0.1044
vn -0.9631 -0.1980 0.1821
vn -0.9825 -0.0491 0.1795
vn -0.9934 -0.0510 0.1024
vn -0.9790 0.1010 0.1772
vn -0.9899 0.1005 0.0997
vn -0.9518 0.2528 0.1737
vn -0.9624 0.2538 0.0964
vn -0.9672 0.2532 0.0186
vn -0.9948 0.0994 0.0220
vn -0.9662 0.2510 -0.0592
vn -0.9937 0.0977 -0.0557
vn -0.9149 0.3986 -0.0632
vn -0.8430 0.5336 -0.0676
vn -0.9159 0.4012 0.0148
vn -0.8437 0.5367 0.0106
vn -0.9112 0.4014 0.0927
vn -0.9009 0.3991 0.1705
vn -0.8296 0.5329 0.1668
vn -0.8394 0.5362 0.0885
vn -0.7382 0.6547 0.1626
vn -0.7469 0.6595 0.0846
vn -0.6250 0.7643 0.1587
vn -0.6329 0.7701 0.0801
vn -0.6367 0.7711 0.0014
vn -0.7511 0.6602 0.0062
vn -0.6367 0.7673 -0.0772
vn -0.7507 0.6567 -0.0722
vn -0.5057 0.8588 -0.0822
vn -0.3649 0.9270 -0.0869
vn -0.5054 0.8629 -0.0033
vn -0.3642 0.9313 -0.0079
vn -0.5019 0.8616 0.0755
vn -0.4954 0.8549 0.1540
vn -0.3559 0.9224 0.1498
vn -0.3613 0.9298 0.0708
vn -0.2069 0.9674 0.1460
vn -0.2108 0.9752 0.0668
vn -0.0485 0.9887 0.1419
vn -0.0509 0.9967 0.0626
vn -0.0529 0.9985 -0.0166
vn -0.2134 0.9769 -0.0124
vn -0.0547 0.9939 -0.0957
vn -0.2146 0.9724 -0.0915
vn 0.1067 0.9893 -0.0995
vn 0.2612 0.9599 -0.1022
vn 0.1089 0.9938 -0.0204
vn 0.2637 0.9643 -0.0236
vn 0.1105 0.9921 0.0588
vn 0.1114 0.9841 0.1381
vn 0.2642 0.9550 0.1347
vn 0.2648 0.9627 0.0555
vn 0.4101 0.9025 0.1315
vn 0.4121 0.9096 0.0525
vn 0.4114 0.9111 -0.0262
vn 0.4082 0.9068 -0.1049
vn 0.6640 0.7190 0.2053
vn 0.7663 0.6092 0.2044
vn 0.5420 0.8144 0.2071
vn 0.5319 0.7979 0.2835
vn 0.6514 0.7046 0.2814
vn 0.7516 0.5973 0.2798
vn 0.5188 0.7766 0.3575
vn 0.6348 0.6860 0.3554
vn 0.5021 0.7502 0.4302
vn 0.6143 0.6631 0.4278
vn 0.7083 0.5627 0.4263
vn 0.7323 0.5818 0.3539
vn 0.7853 0.4496 0.4256
vn 0.8120 0.4645 0.3535
vn 0.8452 0.3232 0.4258
vn 0.8740 0.3334 0.3535
vn 0.8973 0.3415 0.2797
vn 0.8337 0.4765 0.2793
vn 0.9150 0.3477 0.2046
vn 0.8502 0.4856 0.2035
vn 0.9576 0.2018 0.2055
vn 0.9767 0.0552 0.2073
vn 0.9389 0.1988 0.2810
vn 0.9576 0.0555 0.2827
vn 0.9146 0.1947 0.3544
vn 0.8845 0.1894 0.4265
vn 0.9020 0.0549 0.4282
vn 0.9327 0.0554 0.3563
vn 0.8988 -0.0806 0.4309
vn 0.9294 -0.0851 0.3592
vn 0.8739 -0.2177 0.4347
vn 0.9037 -0.2273 0.3629
vn 0.9279 -0.2354 0.2892
vn 0.9542 -0.0891 0.2857
vn 0.9464 -0.2420 0.2141
vn 0.9732 -0.0925 0.2104
vn 0.8962 -0.3860 0.2186
vn 0.8261 -0.5176 0.2228
vn 0.8788 -0.3762 0.2935
vn 0.8100 -0.5049 0.2982
vn 0.8560 -0.3641 0.3670
vn 0.8278 -0.3497 0.4387
vn 0.7631 -0.4703 0.4433
vn 0.7891 -0.4891 0.3716
vn 0.6801 -0.5799 0.4486
vn 0.7032 -0.6029 0.3768
vn 0.5778 -0.6782 0.4540
vn 0.5972 -0.7050 0.3824
vn 0.6128 -0.7274 0.3087
vn 0.7217 -0.6221 0.3034
vn 0.6245 -0.7453 0.2335
vn 0.7359 -0.6375 0.2279
vn 0.4969 -0.8344 0.2384
vn 0.3596 -0.9008 0.2433
vn 0.4879 -0.8145 0.3140
vn 0.3536 -0.8793 0.3190
vn 0.4758 -0.7895 0.3877
vn 0.4607 -0.7596 0.4590
vn 0.3349 -0.8202 0.4638
vn 0.3453 -0.8525 0.3925
vn 0.2008 -0.8604 0.4683
vn 0.2062 -0.8943 0.3971
vn 0.0580 -0.8795 0.4724
vn 0.0581 -0.9142 0.4011
vn 0.0578 -0.9429 0.3279
vn 0.2103 -0.9225 0.3237
vn 0.0571 -0.9660 0.2522
vn 0.2131 -0.9450 0.2479
vn -0.1003 -0.9616 0.2556
vn -0.2506 -0.9329 0.2588
vn -0.0961 -0.9387 0.3312
vn -0.2432 -0.9107 0.3339
vn -0.0914 -0.9100 0.4044
vn -0.0860 -0.8755 0.4756
vn -0.2237 -0.8495 0.4778
vn -0.2342 -0.8830 0.4069
vn -0.3552 -0.8025 0.4794
vn -0.3706 -0.8340 0.4087
vn -0.4803 -0.7339 0.4803
vn -0.5004 -0.7628 0.4096
vn -0.5171 -0.7868 0.3370
vn -0.3836 -0.8603 0.3358
vn -0.5308 -0.8060 0.2618
vn -0.3943 -0.8813 0.2606
vn -0.6528 -0.7106 0.2624
vn -0.7551 -0.6008 0.2625
vn -0.6364 -0.6936 0.3376
vn -0.7369 -0.5863 0.3366
vn -0.6166 -0.6723 0.4096
vn -0.5925 -0.6468 0.4801
vn -0.6867 -0.5465 0.4794
vn -0.7140 -0.5682 0.4092
vn -0.7638 -0.4334 0.4784
vn -0.7938 -0.4509 0.4081
vn -0.8236 -0.3070 0.4769
vn -0.8557 -0.3198 0.4068
vn -0.8826 -0.3306 0.3343
vn -0.8189 -0.4655 0.3358
vn -0.9039 -0.3393 0.2605
vn -0.8390 -0.4772 0.2614
vn -0.9465 -0.1935 0.2582
vn -0.9656 -0.0469 0.2558
vn -0.9243 -0.1879 0.3323
vn -0.9427 -0.0445 0.3305
vn -0.8964 -0.1811 0.4046
vn -0.8628 -0.1732 0.4749
vn -0.8804 -0.0388 0.4727
vn -0.9146 -0.0418 0.4023
vn -0.8771 0.0967 0.4704
vn -0.9112 0.0987 0.3999
vn -0.8523 0.2339 0.4679
vn -0.8855 0.2409 0.3974
vn -0.9132 0.2463 0.3247
vn -0.9395 0.1000 0.3276
vn -0.9352 0.2503 0.2503
vn -0.9622 0.1008 0.2531
vn -0.8852 0.3943 0.2469
vn -0.8149 0.5260 0.2435
vn -0.8641 0.3872 0.3216
vn -0.7953 0.5159 0.3184
vn -0.8377 0.3777 0.3944
vn -0.8061 0.3659 0.4651
vn -0.7414 0.4865 0.4623
vn -0.7708 0.5028 0.3913
vn -0.6584 0.5961 0.4595
vn -0.6848 0.6166 0.3884
vn -0.5560 0.6945 0.4567
vn -0.5788 0.7188 0.3851
vn -0.5980 0.7385 0.3115
vn -0.7070 0.6332 0.3150
vn -0.6133 0.7537 0.2363
vn -0.7247 0.6459 0.2399
vn -0.4856 0.8428 0.2322
vn -0.3484 0.9093 0.2277
vn -0.4730 0.8256 0.3076
vn -0.3387 0.8905 0.3037
vn -0.4573 0.8033 0.3815
vn -0.4388 0.7759 0.4532
vn -0.3131 0.8365 0.4497
vn -0.3269 0.8662 0.3779
vn -0.1788 0.8768 0.4464
vn -0.1877 0.9082 0.3741
vn -0.0361 0.8958 0.4431
vn -0.0396 0.9279 0.3707
vn -0.0428 0.9542 0.2962
vn -0.1954 0.9337 0.3000
vn -0.0458 0.9744 0.2200
vn -0.2017 0.9534 0.2242
vn 0.1116 0.9700 0.2160
vn 0.2619 0.9413 0.2130
vn 0.1110 0.9497 0.2929
vn 0.2580 0.9218 0.2894
vn 0.1098 0.9238 0.3667
vn 0.1079 0.8919 0.4392
vn 0.2456 0.8659 0.4358
vn 0.2526 0.8967 0.3634
vn 0.3771 0.8189 0.4328
vn 0.3890 0.8479 0.3602
vn 0.3985 0.8715 0.2859
vn 0.4055 0.8897 0.2100
vn 0.5894 0.6355 0.4987
vn 0.6795 0.5397 0.4971
vn 0.4821 0.7186 0.5011
vn 0.4586 0.6819 0.5698
vn 0.5602 0.6033 0.5676
vn 0.6457 0.5127 0.5659
vn 0.4321 0.6406 0.6347
vn 0.5275 0.5672 0.6325
vn 0.4032 0.5959 0.6945
vn 0.4918 0.5280 0.6924
vn 0.5663 0.4494 0.6909
vn 0.6077 0.4824 0.6309
vn 0.6274 0.3606 0.6901
vn 0.6734 0.3866 0.6301
vn 0.6750 0.2612 0.6901
vn 0.7245 0.2793 0.6301
vn 0.7701 0.2960 0.5651
vn 0.7157 0.4104 0.5651
vn 0.8106 0.3107 0.4964
vn 0.7533 0.4316 0.4963
vn 0.8482 0.1828 0.4972
vn 0.8650 0.0541 0.4988
vn 0.8059 0.1748 0.5657
vn 0.8218 0.0530 0.5674
vn 0.7580 0.1657 0.6308
vn 0.7062 0.1557 0.6907
vn 0.7202 0.0497 0.6920
vn 0.7731 0.0515 0.6321
vn 0.7175 -0.0572 0.6942
vn 0.7702 -0.0637 0.6346
vn 0.6975 -0.1653 0.6972
vn 0.7489 -0.1802 0.6378
vn 0.7960 -0.1940 0.5733
vn 0.8188 -0.0698 0.5699
vn 0.8380 -0.2067 0.5050
vn 0.8618 -0.0755 0.5016
vn 0.7938 -0.3328 0.5090
vn 0.7317 -0.4480 0.5136
vn 0.7541 -0.3135 0.5771
vn 0.6953 -0.4226 0.5814
vn 0.7094 -0.2922 0.6414
vn 0.6608 -0.2692 0.7006
vn 0.6094 -0.3639 0.7044
vn 0.6541 -0.3943 0.6455
vn 0.5436 -0.4498 0.7086
vn 0.5833 -0.4870 0.6501
vn 0.4627 -0.5266 0.7131
vn 0.4963 -0.5700 0.6548
vn 0.5271 -0.6103 0.5913
vn 0.6199 -0.5216 0.5862
vn 0.5545 -0.6467 0.5238
vn 0.6524 -0.5528 0.5185
vn 0.4424 -0.7243 0.5288
vn 0.3222 -0.7820 0.5336
vn 0.4210 -0.6837 0.5962
vn 0.3071 -0.7382 0.6006
vn 0.3967 -0.6385 0.6594
vn 0.3704 -0.5901 0.7173
vn 0.2714 -0.6373 0.7212
vn 0.2901 -0.6895 0.6636
vn 0.1661 -0.6686 0.7249
vn 0.1764 -0.7234 0.6675
vn 0.0541 -0.6833 0.7281
vn 0.0556 -0.7394 0.6710
vn 0.0568 -0.7916 0.6084
vn 0.1858 -0.7743 0.6049
vn 0.0576 -0.8386 0.5417
vn 0.1940 -0.8204 0.5379
vn -0.0800 -0.8348 0.5448
vn -0.2116 -0.8101 0.5468
vn -0.0734 -0.7880 0.6112
vn -0.1979 -0.7648 0.6132
vn -0.0663 -0.7362 0.6735
vn -0.0589 -0.6804 0.7305
vn -0.1670 -0.6604 0.7321
vn -0.1829 -0.7145 0.6753
vn -0.2704 -0.6238 0.7333
vn -0.2944 -0.6749 0.6767
vn -0.3690 -0.5704 0.7338
vn -0.4007 -0.6172 0.6772
vn -0.4303 -0.6607 0.6151
vn -0.3169 -0.7225 0.6145
vn -0.4570 -0.6998 0.5490
vn -0.3373 -0.7653 0.5482
vn -0.5643 -0.6168 0.5488
vn -0.6544 -0.5210 0.5480
vn -0.5319 -0.5822 0.6149
vn -0.6174 -0.4916 0.6141
vn -0.4960 -0.5437 0.6770
vn -0.4577 -0.5025 0.7335
vn -0.5322 -0.4240 0.7328
vn -0.5764 -0.4590 0.6761
vn -0.5934 -0.3352 0.7318
vn -0.6422 -0.3632 0.6750
vn -0.6409 -0.2357 0.7305
vn -0.6933 -0.2560 0.6737
vn -0.7419 -0.2749 0.6116
vn -0.6875 -0.3894 0.6130
vn -0.7856 -0.2920 0.5454
vn -0.7283 -0.4129 0.5469
vn -0.8233 -0.1641 0.5434
vn -0.8401 -0.0355 0.5413
vn -0.7776 -0.1538 0.6096
vn -0.7937 -0.0320 0.6075
vn -0.7269 -0.1424 0.6718
vn -0.6722 -0.1303 0.7288
vn -0.6862 -0.0243 0.7270
vn -0.7419 -0.0282 0.6699
vn -0.6835 0.0826 0.7253
vn -0.7391 0.0870 0.6680
vn -0.6635 0.1907 0.7235
vn -0.7176 0.2035 0.6660
vn -0.7678 0.2151 0.6035
vn -0.7906 0.0909 0.6056
vn -0.8130 0.2253 0.5368
vn -0.8370 0.0941 0.5391
vn -0.7688 0.3515 0.5342
vn -0.7068 0.4668 0.5316
vn -0.7258 0.3346 0.6010
vn -0.6670 0.4437 0.5986
vn -0.6782 0.3155 0.6637
vn -0.6267 0.2947 0.7214
vn -0.5753 0.3894 0.7193
vn -0.6228 0.4177 0.6615
vn -0.5094 0.4753 0.7173
vn -0.5519 0.5104 0.6594
vn -0.4285 0.5522 0.7152
vn -0.4648 0.5935 0.6570
vn -0.4987 0.6315 0.5937
vn -0.5915 0.5427 0.5963
vn -0.5293 0.6654 0.5263
vn -0.6274 0.5716 0.5289
vn -0.4172 0.7431 0.5232
vn -0.2969 0.8009 0.5200
vn -0.3925 0.7049 0.5908
vn -0.2787 0.7595 0.5878
vn -0.3653 0.6622 0.6543
vn -0.3361 0.6157 0.7127
vn -0.2372 0.6629 0.7101
vn -0.2586 0.7131 0.6516
vn -0.1318 0.6942 0.7076
vn -0.1449 0.7470 0.6489
vn -0.0197 0.7090 0.7049
vn -0.0240 0.7630 0.6459
vn -0.0283 0.8129 0.5818
vn -0.1573 0.7957 0.5849
vn -0.0323 0.8575 0.5135
vn -0.1687 0.8393 0.5169
vn 0.1053 0.8537 0.5100
vn 0.2368 0.8290 0.5067
vn 0.1019 0.8093 0.5784
vn 0.2263 0.7860 0.5753
vn 0.0978 0.7597 0.6428
vn 0.0932 0.7060 0.7020
vn 0.2013 0.6860 0.6992
vn 0.2144 0.7379 0.6399
vn 0.3047 0.6494 0.6967
vn 0.3259 0.6984 0.6372
vn 0.3453 0.7437 0.5724
vn 0.3625 0.7841 0.5037
vn 0.4596 0.4927 0.7389
vn 0.5290 0.4197 0.7375
vn 0.3772 0.5557 0.7409
vn 0.3586 0.5272 0.7704
vn 0.4366 0.4675 0.7686
vn 0.5024 0.3985 0.7673
vn 0.3467 0.5089 0.7879
vn 0.4220 0.4515 0.7862
vn 0.3423 0.5022 0.7942
vn 0.4165 0.4456 0.7924
vn 0.4791 0.3798 0.7913
vn 0.4856 0.3851 0.7848
vn 0.5305 0.3058 0.7906
vn 0.5375 0.3097 0.7843
vn 0.5704 0.2226 0.7906
vn 0.5780 0.2253 0.7843
vn 0.5983 0.2328 0.7667
vn 0.5564 0.3204 0.7667
vn 0.6302 0.2447 0.7368
vn 0.5860 0.3372 0.7368
vn 0.6594 0.1466 0.7374
vn 0.6725 0.0479 0.7386
vn 0.6260 0.1400 0.7672
vn 0.6384 0.0466 0.7683
vn 0.6047 0.1358 0.7848
vn 0.5968 0.1343 0.7911
vn 0.6086 0.0454 0.7922
vn 0.6167 0.0458 0.7859
vn 0.6062 -0.0442 0.7940
vn 0.6143 -0.0451 0.7878
vn 0.5893 -0.1347 0.7966
vn 0.5972 -0.1368 0.7903
vn 0.6183 -0.1428 0.7729
vn 0.6359 -0.0476 0.7703
vn 0.6513 -0.1521 0.7434
vn 0.6699 -0.0516 0.7407
vn 0.6170 -0.2488 0.7466
vn 0.5691 -0.3368 0.7501
vn 0.5857 -0.2342 0.7759
vn 0.5403 -0.3175 0.7792
vn 0.5659 -0.2250 0.7932
vn 0.5585 -0.2217 0.7994
vn 0.5152 -0.3009 0.8025
vn 0.5221 -0.3053 0.7964
vn 0.4599 -0.3726 0.8060
vn 0.4660 -0.3781 0.7999
vn 0.3920 -0.4366 0.8098
vn 0.3972 -0.4430 0.8037
vn 0.4109 -0.4604 0.7869
vn 0.4823 -0.3930 0.7829
vn 0.4325 -0.4879 0.7582
vn 0.5078 -0.4166 0.7541
vn 0.3466 -0.5469 0.7621
vn 0.2546 -0.5906 0.7657
vn 0.3296 -0.5162 0.7905
vn 0.2425 -0.5575 0.7940
vn 0.3188 -0.4967 0.8073
vn 0.3147 -0.4895 0.8132
vn 0.2319 -0.5288 0.8164
vn 0.2349 -0.5366 0.8105
vn 0.1438 -0.5548 0.8195
vn 0.1455 -0.5629 0.8136
vn 0.0503 -0.5670 0.8222
vn 0.0506 -0.5754 0.8163
vn 0.0514 -0.5978 0.8000
vn 0.1499 -0.5850 0.7971
vn 0.0525 -0.6333 0.7721
vn 0.1566 -0.6196 0.7691
vn -0.0525 -0.6306 0.7743
vn -0.1530 -0.6121 0.7759
vn -0.0480 -0.5954 0.8020
vn -0.1431 -0.5778 0.8035
vn -0.0452 -0.5729 0.8184
vn -0.0441 -0.5646 0.8242
vn -0.1344 -0.5481 0.8256
vn -0.1368 -0.5561 0.8198
vn -0.2209 -0.5177 0.8266
vn -0.2245 -0.5252 0.8208
vn -0.3034 -0.4732 0.8271
vn -0.3082 -0.4801 0.8213
vn -0.3208 -0.4989 0.8051
vn -0.2340 -0.5458 0.8046
vn -0.3408 -0.5286 0.7775
vn -0.2491 -0.5782 0.7769
vn -0.4233 -0.4655 0.7772
vn -0.4927 -0.3926 0.7766
vn -0.3990 -0.4394 0.8049
vn -0.4648 -0.3704 0.8042
vn -0.3836 -0.4227 0.8211
vn -0.3778 -0.4166 0.8269
vn -0.4404 -0.3511 0.8263
vn -0.4470 -0.3563 0.8205
vn -0.4918 -0.2769 0.8255
vn -0.4991 -0.2810 0.8197
vn -0.5317 -0.1936 0.8245
vn -0.5396 -0.1966 0.8186
vn -0.5608 -0.2048 0.8022
vn -0.5187 -0.2923 0.8034
vn -0.5940 -0.2176 0.7744
vn -0.5498 -0.3101 0.7756
vn -0.6232 -0.1196 0.7729
vn -0.6363 -0.0209 0.7712
vn -0.5884 -0.1120 0.8008
vn -0.6009 -0.0186 0.7991
vn -0.5663 -0.1072 0.8172
vn -0.5581 -0.1054 0.8230
vn -0.5699 -0.0165 0.8215
vn -0.5783 -0.0171 0.8156
vn -0.5676 0.0731 0.8201
vn -0.5759 0.0737 0.8142
vn -0.5506 0.1636 0.8186
vn -0.5587 0.1655 0.8127
vn -0.5807 0.1708 0.7960
vn -0.5984 0.0756 0.7976
vn -0.6151 0.1792 0.7678
vn -0.6337 0.0786 0.7696
vn -0.5808 0.2758 0.7659
vn -0.5328 0.3639 0.7640
vn -0.5482 0.2623 0.7941
vn -0.5027 0.3457 0.7923
vn -0.5275 0.2537 0.8108
vn -0.5197 0.2506 0.8167
vn -0.4765 0.3298 0.8150
vn -0.4836 0.3341 0.8090
vn -0.4211 0.4016 0.8133
vn -0.4275 0.4068 0.8073
vn -0.3532 0.4656 0.8115
vn -0.3586 0.4718 0.8055
vn -0.3732 0.4887 0.7886
vn -0.4446 0.4212 0.7906
vn -0.3961 0.5151 0.7601
vn -0.4715 0.4437 0.7621
vn -0.3101 0.5740 0.7579
vn -0.2181 0.6178 0.7554
vn -0.2918 0.5444 0.7865
vn -0.2048 0.5859 0.7841
vn -0.2802 0.5255 0.8033
vn -0.2759 0.5185 0.8093
vn -0.1931 0.5578 0.8072
vn -0.1962 0.5654 0.8011
vn -0.1049 0.5838 0.8051
vn -0.1069 0.5918 0.7990
vn -0.0114 0.5961 0.8028
vn -0.0119 0.6042 0.7968
vn -0.0135 0.6260 0.7797
vn -0.1120 0.6132 0.7820
vn -0.0161 0.6605 0.7506
vn -0.1202 0.6469 0.7531
vn 0.0889 0.6579 0.7478
vn 0.1894 0.6393 0.7453
vn 0.0858 0.6236 0.7770
vn 0.1809 0.6061 0.7746
vn 0.0838 0.6018 0.7942
vn 0.0830 0.5937 0.8004
vn 0.1733 0.5771 0.7981
vn 0.1754 0.5849 0.7919
vn 0.2598 0.5467 0.7960
vn 0.2631 0.5541 0.7898
vn 0.2718 0.5740 0.7724
vn 0.2855 0.6053 0.7430
vn 0.4126 0.3271 0.8501
vn 0.4566 0.2639 0.8497
vn 0.4929 0.2845 0.8223
vn 0.4453 0.3531 0.8228
vn 0.4907 0.1929 0.8497
vn 0.5299 0.2075 0.8223
vn 0.5557 0.2170 0.8026
vn 0.5168 0.2980 0.8026
vn 0.4669 0.3702 0.8031
vn 0.5680 0.2216 0.7926
vn 0.5282 0.3045 0.7927
vn 0.4771 0.3784 0.7932
vn 0.4149 0.4436 0.7944
vn 0.3409 0.5000 0.7961
vn 0.3337 0.4890 0.8059
vn 0.4060 0.4339 0.8043
vn 0.3187 0.4659 0.8255
vn 0.3874 0.4136 0.8239
vn 0.2959 0.4310 0.8525
vn 0.3593 0.3829 0.8511
vn 0.5233 0.0419 0.8511
vn 0.5213 -0.0345 0.8527
vn 0.5630 -0.0392 0.8255
vn 0.5651 0.0437 0.8238
vn 0.5069 -0.1117 0.8548
vn 0.5474 -0.1229 0.8278
vn 0.5741 -0.1304 0.8084
vn 0.5905 -0.0423 0.8060
vn 0.5927 0.0448 0.8042
vn 0.5868 -0.1339 0.7986
vn 0.6035 -0.0438 0.7961
vn 0.6060 0.0453 0.7942
vn 0.5942 0.1337 0.7931
vn 0.5813 0.1312 0.8031
vn 0.5543 0.1258 0.8228
vn 0.5132 0.1176 0.8502
vn 0.4434 -0.2533 0.8598
vn 0.3962 -0.3143 0.8627
vn 0.4275 -0.3428 0.8365
vn 0.4787 -0.2765 0.8333
vn 0.3382 -0.3688 0.8658
vn 0.3647 -0.4020 0.8399
vn 0.3821 -0.4239 0.8211
vn 0.4482 -0.3617 0.8175
vn 0.5020 -0.2920 0.8141
vn 0.3904 -0.4344 0.8117
vn 0.4580 -0.3707 0.8079
vn 0.5129 -0.2993 0.8046
vn 0.5560 -0.2205 0.8014
vn 0.5440 -0.2149 0.8111
vn 0.5187 -0.2033 0.8304
vn 0.4804 -0.1858 0.8571
vn 0.2018 -0.4471 0.8714
vn 0.1267 -0.4692 0.8740
vn 0.1352 -0.5111 0.8488
vn 0.2166 -0.4871 0.8461
vn 0.0470 -0.4796 0.8762
vn 0.0487 -0.5224 0.8513
vn 0.0497 -0.5507 0.8332
vn 0.1407 -0.5388 0.8306
vn 0.2264 -0.5136 0.8276
vn 0.0502 -0.5643 0.8240
vn 0.1434 -0.5521 0.8213
vn 0.2310 -0.5262 0.8184
vn 0.3134 -0.4871 0.8152
vn 0.3069 -0.4754 0.8245
vn 0.2932 -0.4509 0.8431
vn 0.2723 -0.4138 0.8687
vn -0.1103 -0.4635 0.8792
vn -0.1840 -0.4378 0.8800
vn -0.2021 -0.4769 0.8554
vn -0.1221 -0.5049 0.8545
vn -0.2543 -0.3999 0.8805
vn -0.2784 -0.4358 0.8559
vn -0.2943 -0.4595 0.8380
vn -0.2141 -0.5028 0.8375
vn -0.1300 -0.5324 0.8365
vn -0.3019 -0.4708 0.8289
vn -0.2198 -0.5152 0.8284
vn -0.1337 -0.5454 0.8274
vn -0.0438 -0.5620 0.8260
vn -0.0421 -0.5484 0.8351
vn -0.0386 -0.5203 0.8531
vn -0.0333 -0.4776 0.8779
vn -0.3713 -0.2962 0.8800
vn -0.4152 -0.2329 0.8794
vn -0.4527 -0.2544 0.8546
vn -0.4051 -0.3230 0.8553
vn -0.4493 -0.1620 0.8786
vn -0.4897 -0.1775 0.8537
vn -0.5164 -0.1877 0.8355
vn -0.4776 -0.2687 0.8365
vn -0.4276 -0.3408 0.8373
vn -0.5292 -0.1926 0.8263
vn -0.4895 -0.2755 0.8274
vn -0.4382 -0.3493 0.8282
vn -0.3760 -0.4146 0.8287
vn -0.3667 -0.4045 0.8378
vn -0.3472 -0.3836 0.8558
vn -0.3177 -0.3518 0.8805
vn -0.4819 -0.0110 0.8762
vn -0.4799 0.0654 0.8749
vn -0.5229 0.0692 0.8496
vn -0.5250 -0.0137 0.8510
vn -0.4654 0.1426 0.8735
vn -0.5072 0.1529 0.8482
vn -0.5348 0.1597 0.8297
vn -0.5513 0.0716 0.8312
vn -0.5535 -0.0155 0.8327
vn -0.5481 0.1629 0.8204
vn -0.5649 0.0728 0.8219
vn -0.5672 -0.0164 0.8234
vn -0.5555 -0.1048 0.8249
vn -0.5420 -0.1019 0.8342
vn -0.5141 -0.0959 0.8523
vn -0.4718 -0.0867 0.8774
vn -0.4020 0.2842 0.8704
vn -0.3547 0.3453 0.8689
vn -0.3873 0.3729 0.8432
vn -0.4385 0.3066 0.8448
vn -0.2967 0.3998 0.8673
vn -0.3244 0.4321 0.8415
vn -0.3428 0.4534 0.8228
vn -0.4088 0.3911 0.8246
vn -0.4627 0.3213 0.8263
vn -0.3515 0.4635 0.8134
vn -0.4191 0.3997 0.8152
vn -0.4743 0.3284 0.8169
vn -0.5172 0.2495 0.8187
vn -0.5048 0.2443 0.8280
vn -0.4786 0.2334 0.8465
vn -0.4390 0.2168 0.8719
vn -0.1602 0.4782 0.8635
vn -0.0852 0.5003 0.8617
vn -0.0948 0.5412 0.8355
vn -0.1763 0.5172 0.8375
vn -0.0055 0.5107 0.8598
vn -0.0083 0.5526 0.8334
vn -0.0102 0.5802 0.8144
vn -0.1013 0.5684 0.8165
vn -0.1870 0.5431 0.8186
vn -0.0112 0.5935 0.8048
vn -0.1044 0.5812 0.8070
vn -0.1921 0.5554 0.8091
vn -0.2744 0.5162 0.8113
vn -0.2675 0.5049 0.8207
vn -0.2528 0.4809 0.8395
vn -0.2308 0.4448 0.8654
vn 0.1519 0.4946 0.8557
vn 0.2255 0.4688 0.8540
vn 0.2424 0.5070 0.8271
vn 0.1625 0.5351 0.8290
vn 0.2535 0.5322 0.8078
vn 0.1694 0.5618 0.8097
vn 0.2588 0.5443 0.7980
vn 0.1727 0.5746 0.8000
vn 0.0828 0.5911 0.8023
vn 0.0815 0.5780 0.8120
vn 0.0789 0.5503 0.8312
vn 0.0749 0.5087 0.8577
vn 0.2600 0.2055 0.9435
vn 0.2866 0.1674 0.9433
vn 0.3350 0.1949 0.9218
vn 0.3034 0.2401 0.9221
vn 0.3074 0.1245 0.9434
vn 0.3596 0.1440 0.9219
vn 0.4046 0.1608 0.9002
vn 0.3767 0.2186 0.9002
vn 0.3410 0.2700 0.9005
vn 0.4473 0.1767 0.8768
vn 0.4162 0.2410 0.8767
vn 0.3765 0.2983 0.8771
vn 0.3280 0.3488 0.8779
vn 0.2706 0.3923 0.8792
vn 0.2457 0.3544 0.9022
vn 0.2974 0.3153 0.9012
vn 0.2195 0.3144 0.9236
vn 0.2650 0.2800 0.9227
vn 0.1892 0.2681 0.9446
vn 0.2276 0.2392 0.9439
vn 0.3272 0.0331 0.9444
vn 0.3259 -0.0133 0.9453
vn 0.3816 -0.0192 0.9241
vn 0.3830 0.0357 0.9230
vn 0.3171 -0.0599 0.9465
vn 0.3711 -0.0745 0.9256
vn 0.4178 -0.0872 0.9044
vn 0.4296 -0.0244 0.9027
vn 0.4312 0.0379 0.9015
vn 0.4618 -0.0993 0.8814
vn 0.4750 -0.0294 0.8795
vn 0.4768 0.0399 0.8781
vn 0.4677 0.1085 0.8772
vn 0.4230 0.0995 0.9006
vn 0.3758 0.0900 0.9223
vn 0.3211 0.0790 0.9438
vn 0.2803 -0.2963 0.9130
vn 0.3090 -0.3321 0.8912
vn 0.3615 -0.2828 0.8884
vn 0.3274 -0.2521 0.9106
vn 0.4044 -0.2276 0.8858
vn 0.3660 -0.2024 0.9083
vn 0.4379 -0.1665 0.8835
vn 0.3962 -0.1476 0.9062
vn 0.3521 -0.1277 0.9272
vn 0.3010 -0.1047 0.9478
vn 0.2786 -0.1455 0.9493
vn 0.3255 -0.1760 0.9290
vn 0.2499 -0.1824 0.9509
vn 0.2915 -0.2197 0.9310
vn 0.2148 -0.2152 0.9527
vn 0.2499 -0.2587 0.9331
vn 0.1322 -0.2624 0.9559
vn 0.0868 -0.2756 0.9573
vn 0.0983 -0.3304 0.9387
vn 0.1520 -0.3146 0.9370
vn 0.0387 -0.2819 0.9587
vn 0.0412 -0.3378 0.9403
vn 0.0433 -0.3863 0.9214
vn 0.1081 -0.3778 0.9195
vn 0.1691 -0.3599 0.9175
vn 0.0452 -0.4324 0.9005
vn 0.1174 -0.4230 0.8985
vn 0.1853 -0.4030 0.8962
vn 0.2492 -0.3728 0.8938
vn 0.2265 -0.3329 0.9154
vn 0.2026 -0.2908 0.9351
vn 0.1748 -0.2423 0.9543
vn -0.0563 -0.2723 0.9606
vn -0.1009 -0.2568 0.9612
vn -0.1243 -0.3080 0.9432
vn -0.0715 -0.3264 0.9425
vn -0.1435 -0.2340 0.9616
vn -0.1748 -0.2810 0.9437
vn -0.2020 -0.3217 0.9250
vn -0.1447 -0.3524 0.9246
vn -0.0847 -0.3733 0.9238
vn -0.2279 -0.3604 0.9045
vn -0.1641 -0.3946 0.9041
vn -0.0973 -0.4179 0.9033
vn -0.0276 -0.4306 0.9021
vn -0.0221 -0.3847 0.9228
vn -0.0164 -0.3364 0.9416
vn -0.0098 -0.2807 0.9597
vn -0.2143 -0.1714 0.9616
vn -0.2410 -0.1333 0.9613
vn -0.2903 -0.1615 0.9432
vn -0.2587 -0.2067 0.9436
vn -0.2617 -0.0904 0.9609
vn -0.3149 -0.1106 0.9427
vn -0.3609 -0.1282 0.9238
vn -0.3330 -0.1859 0.9244
vn -0.2972 -0.2373 0.9249
vn -0.4046 -0.1449 0.9029
vn -0.3736 -0.2092 0.9037
vn -0.3338 -0.2664 0.9042
vn -0.2853 -0.3168 0.9046
vn -0.2536 -0.2826 0.9251
vn -0.2203 -0.2466 0.9437
vn -0.1819 -0.2051 0.9617
vn -0.2816 0.0010 0.9595
vn -0.2803 0.0473 0.9587
vn -0.3369 0.0525 0.9401
vn -0.3383 -0.0023 0.9410
vn -0.2716 0.0940 0.9578
vn -0.3265 0.1079 0.9390
vn -0.3741 0.1199 0.9196
vn -0.3859 0.0570 0.9208
vn -0.3875 -0.0052 0.9218
vn -0.4192 0.1312 0.8984
vn -0.4324 0.0612 0.8996
vn -0.4342 -0.0080 0.9008
vn -0.4251 -0.0767 0.9019
vn -0.3793 -0.0669 0.9228
vn -0.3311 -0.0567 0.9419
vn -0.2755 -0.0449 0.9603
vn -0.2329 0.1796 0.9558
vn -0.2042 0.2164 0.9547
vn -0.2468 0.2531 0.9354
vn -0.2808 0.2094 0.9366
vn -0.1691 0.2493 0.9535
vn -0.2052 0.2921 0.9341
vn -0.2365 0.3290 0.9142
vn -0.2837 0.2848 0.9156
vn -0.3223 0.2351 0.9170
vn -0.2662 0.3640 0.8925
vn -0.3188 0.3147 0.8940
vn -0.3616 0.2594 0.8955
vn -0.3952 0.1983 0.8969
vn -0.3524 0.1802 0.9183
vn -0.3074 0.1611 0.9378
vn -0.2554 0.1389 0.9568
vn 0.0006 0.4191 0.9080
vn -0.0024 0.4644 0.8856
vn -0.0746 0.4550 0.8874
vn -0.0643 0.4106 0.9096
vn -0.1426 0.4350 0.8891
vn -0.1253 0.3927 0.9111
vn -0.2064 0.4048 0.8908
vn -0.1827 0.3656 0.9127
vn -0.1578 0.3242 0.9327
vn -0.1292 0.2764 0.9523
vn -0.0865 0.2965 0.9511
vn -0.1073 0.3481 0.9313
vn -0.0411 0.3098 0.9499
vn -0.0535 0.3638 0.9299
vn 0.0070 0.3161 0.9487
vn 0.0036 0.3713 0.9285
vn 0.1020 0.3064 0.9464
vn 0.1466 0.2909 0.9455
vn 0.1691 0.3414 0.9246
vn 0.1163 0.3598 0.9257
vn 0.1885 0.3851 0.9034
vn 0.1285 0.4060 0.9048
vn 0.2068 0.4265 0.8805
vn 0.1401 0.4498 0.8821
vn 0.0704 0.4626 0.8838
vn 0.0659 0.4174 0.9063
vn 0.0611 0.3699 0.9271
vn 0.0555 0.3149 0.9475
vn 0.0921 0.0260 -0.9954
vn 0.0283 0.0019 -0.9996
vn 0.0333 0.0276 -0.9991
vn 0.0943 0.0375 -0.9948
vn -0.0239 -0.0179 -0.9996
vn 0.0064 0.0282 -0.9996
vn 0.0438 0.0843 -0.9955
vn 0.0557 0.0840 -0.9949
vn 0.0949 0.0765 -0.9925
vn 0.0836 0.1440 -0.9860
vn 0.1019 0.1371 -0.9853
vn 0.1372 0.1101 -0.9844
vn 0.1567 0.0707 -0.9851
vn 0.1597 0.0516 -0.9858
vn 0.0961 -0.0491 -0.9942
vn 0.0301 -0.0320 -0.9990
vn 0.0495 -0.0140 -0.9987
vn 0.1046 -0.0410 -0.9937
vn 0.1014 0.0189 -0.9947
vn 0.1285 -0.0097 -0.9917
vn 0.1704 0.0355 -0.9847
vn 0.1827 -0.0067 -0.9832
vn 0.1750 -0.0499 -0.9833
vn 0.1660 -0.0671 -0.9838
vn 0.0543 -0.1122 -0.9922
vn 0.0111 -0.0604 -0.9981
vn 0.0378 -0.0570 -0.9977
vn 0.0660 -0.1105 -0.9917
vn 0.0995 -0.0603 -0.9932
vn 0.1040 -0.0988 -0.9897
vn 0.1651 -0.0864 -0.9825
vn 0.1497 -0.1275 -0.9805
vn 0.1176 -0.1582 -0.9804
vn 0.1000 -0.1670 -0.9809
vn -0.0173 -0.1392 -0.9901
vn -0.0210 -0.0724 -0.9972
vn 0.0025 -0.0853 -0.9964
vn -0.0068 -0.1448 -0.9894
vn 0.0504 -0.1233 -0.9911
vn 0.0310 -0.1574 -0.9871
vn 0.0877 -0.1820 -0.9794
vn 0.0506 -0.2066 -0.9771
vn 0.0062 -0.2129 -0.9771
vn -0.0133 -0.2098 -0.9776
vn -0.0914 -0.1199 -0.9886
vn -0.0543 -0.0639 -0.9965
vn -0.0430 -0.0877 -0.9952
vn -0.0863 -0.1305 -0.9877
vn -0.0271 -0.1459 -0.9889
vn -0.0632 -0.1621 -0.9847
vn -0.0324 -0.2149 -0.9761
vn -0.0771 -0.2133 -0.9739
vn -0.1166 -0.1928 -0.9743
vn -0.1305 -0.1791 -0.9751
vn -0.1396 -0.0615 -0.9883
vn -0.0761 -0.0376 -0.9964
vn -0.0811 -0.0632 -0.9947
vn -0.1418 -0.0730 -0.9872
vn -0.1032 -0.1195 -0.9875
vn -0.1421 -0.1118 -0.9835
vn -0.1488 -0.1721 -0.9738
vn -0.1840 -0.1451 -0.9722
vn -0.2036 -0.1058 -0.9733
vn -0.2067 -0.0867 -0.9746
vn -0.1435 0.0136 -0.9896
vn -0.0779 -0.0037 -0.9970
vn -0.0973 -0.0217 -0.9950
vn -0.1521 0.0056 -0.9884
vn -0.1489 -0.0543 -0.9874
vn -0.1758 -0.0257 -0.9841
vn -0.2173 -0.0705 -0.9736
vn -0.2296 -0.0283 -0.9729
vn -0.2219 0.0148 -0.9750
vn -0.2130 0.0320 -0.9765
vn -0.1018 0.0767 -0.9918
vn -0.0589 0.0247 -0.9980
vn -0.0856 0.0213 -0.9961
vn -0.1135 0.0751 -0.9907
vn -0.1470 0.0248 -0.9888
vn -0.1515 0.0635 -0.9864
vn -0.2120 0.0513 -0.9759
vn -0.1966 0.0925 -0.9761
vn -0.1645 0.1230 -0.9787
vn -0.1470 0.1319 -0.9803
vn -0.0302 0.1036 -0.9942
vn -0.0268 0.0368 -0.9990
vn -0.0503 0.0496 -0.9975
vn -0.0407 0.1093 -0.9932
vn -0.0978 0.0878 -0.9913
vn -0.0783 0.1219 -0.9894
vn -0.1346 0.1470 -0.9799
vn -0.0975 0.1716 -0.9803
vn -0.0532 0.1778 -0.9826
vn -0.0337 0.1747 -0.9840
vn -0.0047 0.0520 -0.9986
vn 0.0388 0.0950 -0.9947
vn -0.0203 0.1104 -0.9937
vn 0.0159 0.1270 -0.9918
vn -0.0146 0.1798 -0.9836
vn 0.0302 0.1783 -0.9835
vn 0.0697 0.1577 -0.9850
vn 0.0742 0.0369 0.9966
vn 0.0970 0.0454 0.9943
vn 0.0952 0.0540 0.9940
vn 0.0739 0.0435 0.9963
vn 0.1158 0.0525 0.9919
vn 0.1108 0.0649 0.9917
vn 0.1014 0.0795 0.9917
vn 0.0878 0.0687 0.9938
vn 0.0735 0.0572 0.9956
vn 0.0887 0.0914 0.9918
vn 0.0747 0.0787 0.9941
vn 0.0776 0.0989 0.9921
vn 0.0666 0.0822 0.9944
vn 0.0533 0.0622 0.9966
vn 0.0599 0.0605 0.9964
vn 0.0406 0.0432 0.9982
vn 0.0531 0.0410 0.9977
vn 0.0239 0.0179 0.9996
vn 0.0527 0.0288 0.9982
vn 0.0760 0.0043 0.9971
vn 0.0995 -0.0019 0.9950
vn 0.1031 0.0060 0.9947
vn 0.0797 0.0097 0.9968
vn 0.1189 -0.0071 0.9929
vn 0.1222 0.0058 0.9925
vn 0.1236 0.0230 0.9921
vn 0.1060 0.0221 0.9941
vn 0.0876 0.0212 0.9959
vn 0.1204 0.0401 0.9919
vn 0.1015 0.0379 0.9941
vn 0.0786 0.0317 0.9964
vn 0.0613 0.0198 0.9979
vn 0.0536 0.0101 0.9985
vn 0.0578 -0.0232 0.9981
vn 0.0732 -0.0418 0.9964
vn 0.0809 -0.0374 0.9960
vn 0.0642 -0.0208 0.9977
vn 0.0858 -0.0572 0.9947
vn 0.0962 -0.0486 0.9942
vn 0.1076 -0.0354 0.9936
vn 0.0929 -0.0260 0.9953
vn 0.0774 -0.0162 0.9969
vn 0.1152 -0.0198 0.9931
vn 0.0986 -0.0106 0.9951
vn 0.0764 -0.0025 0.9971
vn 0.0554 -0.0021 0.9985
vn 0.0432 -0.0055 0.9991
vn 0.0267 -0.0349 0.9990
vn 0.0280 -0.0589 0.9979
vn 0.0368 -0.0598 0.9975
vn 0.0333 -0.0367 0.9988
vn 0.0290 -0.0787 0.9965
vn 0.0425 -0.0777 0.9961
vn 0.0596 -0.0737 0.9955
vn 0.0533 -0.0575 0.9969
vn 0.0467 -0.0406 0.9981
vn 0.0751 -0.0654 0.9950
vn 0.0672 -0.0483 0.9966
vn 0.0541 -0.0289 0.9981
vn 0.0374 -0.0164 0.9992
vn 0.0255 -0.0121 0.9996
vn -0.0054 -0.0265 0.9996
vn -0.0188 -0.0466 0.9987
vn -0.0122 -0.0525 0.9985
vn -0.0012 -0.0318 0.9995
vn -0.0299 -0.0632 0.9976
vn -0.0184 -0.0703 0.9974
vn -0.0021 -0.0770 0.9970
vn 0.0025 -0.0602 0.9982
vn 0.0073 -0.0427 0.9991
vn 0.0154 -0.0792 0.9967
vn 0.0192 -0.0607 0.9980
vn 0.0203 -0.0374 0.9991
vn 0.0142 -0.0177 0.9997
vn 0.0072 -0.0075 0.9999
vn -0.0264 -0.0012 0.9997
vn -0.0493 -0.0098 0.9987
vn -0.0475 -0.0183 0.9987
vn -0.0261 -0.0079 0.9996
vn -0.0681 -0.0169 0.9975
vn -0.0631 -0.0292 0.9976
vn -0.0539 -0.0439 0.9976
vn -0.0401 -0.0330 0.9987
vn -0.0257 -0.0216 0.9994
vn -0.0411 -0.0558 0.9976
vn -0.0269 -0.0430 0.9987
vn -0.0120 -0.0248 0.9996
vn -0.0052 -0.0053 1.0000
vn -0.0048 0.0070 1.0000
vn -0.0281 0.0315 0.9991
vn -0.0517 0.0376 0.9980
vn -0.0554 0.0296 0.9980
vn -0.0319 0.0259 0.9992
vn -0.0713 0.0427 0.9965
vn -0.0745 0.0298 0.9968
vn -0.0759 0.0126 0.9970
vn -0.0583 0.0135 0.9982
vn -0.0398 0.0145 0.9991
vn -0.0727 -0.0045 0.9973
vn -0.0537 -0.0022 0.9986
vn -0.0307 0.0041 0.9995
vn -0.0135 0.0159 0.9998
vn -0.0058 0.0257 0.9997
vn -0.0100 0.0589 0.9982
vn -0.0254 0.0774 0.9967
vn -0.0331 0.0731 0.9968
vn -0.0164 0.0565 0.9983
vn -0.0381 0.0928 0.9950
vn -0.0485 0.0843 0.9953
vn -0.0599 0.0711 0.9957
vn -0.0451 0.0617 0.9971
vn -0.0296 0.0518 0.9982
vn -0.0676 0.0554 0.9962
vn -0.0508 0.0463 0.9976
vn -0.0286 0.0381 0.9989
vn -0.0075 0.0379 0.9993
vn 0.0047 0.0413 0.9991
vn 0.0211 0.0706 0.9973
vn 0.0198 0.0945 0.9953
vn 0.0109 0.0954 0.9954
vn 0.0145 0.0724 0.9973
vn 0.0187 0.1143 0.9933
vn 0.0052 0.1134 0.9935
vn -0.0120 0.1092 0.9939
vn -0.0057 0.0931 0.9956
vn 0.0010 0.0763 0.9971
vn -0.0275 0.1010 0.9945
vn -0.0194 0.0840 0.9963
vn -0.0063 0.0646 0.9979
vn 0.0105 0.0522 0.9986
vn 0.0223 0.0479 0.9986
vn 0.0600 0.0882 0.9943
vn 0.0491 0.0675 0.9965
vn 0.0661 0.1059 0.9922
vn 0.0498 0.1125 0.9924
vn 0.0452 0.0958 0.9944
vn 0.0405 0.0784 0.9961
vn 0.0323 0.1147 0.9929
vn 0.0285 0.0964 0.9949
vn 0.0275 0.0731 0.9969
vn 0.0337 0.0534 0.9980
vn 0.1545 0.0036 0.9880
vn 0.1556 0.0247 0.9875
vn 0.1502 -0.0153 0.9885
vn 0.1986 -0.0282 0.9797
vn 0.2041 -0.0008 0.9789
vn 0.2052 0.0271 0.9783
vn 0.2562 -0.0435 0.9656
vn 0.2632 -0.0066 0.9647
vn 0.2643 0.0300 0.9640
vn 0.2594 0.0664 0.9635
vn 0.2484 0.1024 0.9632
vn 0.1929 0.0815 0.9778
vn 0.2011 0.0549 0.9780
vn 0.1460 0.0639 0.9872
vn 0.1522 0.0455 0.9873
vn 0.1381 0.0816 0.9870
vn 0.1265 0.0994 0.9870
vn 0.1809 0.1068 0.9777
vn 0.1650 0.1300 0.9777
vn 0.2321 0.1363 0.9631
vn 0.2110 0.1666 0.9632
vn 0.1852 0.1932 0.9635
vn 0.1549 0.2160 0.9640
vn 0.1225 0.1669 0.9783
vn 0.1452 0.1501 0.9779
vn 0.0952 0.1255 0.9875
vn 0.1112 0.1143 0.9872
vn 0.0781 0.1354 0.9877
vn 0.0580 0.1430 0.9880
vn 0.0976 0.1805 0.9787
vn 0.0708 0.1901 0.9792
vn 0.1212 0.2340 0.9646
vn 0.0859 0.2464 0.9654
vn 0.0491 0.2530 0.9662
vn 0.0107 0.2539 0.9672
vn 0.0141 0.1953 0.9806
vn 0.0425 0.1949 0.9799
vn 0.0170 0.1461 0.9891
vn 0.0367 0.1462 0.9886
vn -0.0273 0.2490 0.9681
vn -0.0141 0.1919 0.9813
vn -0.0633 0.2385 0.9691
vn -0.0416 0.1842 0.9820
vn -0.0971 0.2225 0.9701
vn -0.1286 0.2011 0.9711
vn -0.0906 0.1557 0.9836
vn -0.0673 0.1718 0.9828
vn -0.0587 0.1175 0.9913
vn -0.0428 0.1290 0.9907
vn -0.0236 0.1387 0.9901
vn -0.0028 0.1442 0.9895
vn -0.0734 0.1046 0.9918
vn -0.0871 0.0882 0.9923
vn -0.1114 0.1367 0.9843
vn -0.1290 0.1146 0.9850
vn -0.1564 0.1752 0.9720
vn -0.1792 0.1461 0.9729
vn -0.1971 0.1137 0.9738
vn -0.2097 0.0783 0.9746
vn -0.1515 0.0634 0.9864
vn -0.1424 0.0898 0.9857
vn -0.1028 0.0508 0.9934
vn -0.0968 0.0693 0.9929
vn -0.1070 0.0319 0.9937
vn -0.1082 0.0108 0.9941
vn -0.1570 0.0360 0.9869
vn -0.1581 0.0080 0.9874
vn -0.2167 0.0414 0.9754
vn -0.2178 0.0047 0.9760
vn -0.2129 -0.0317 0.9766
vn -0.2020 -0.0676 0.9771
vn -0.1457 -0.0463 0.9882
vn -0.1541 -0.0197 0.9879
vn -0.0985 -0.0284 0.9947
vn -0.1047 -0.0101 0.9945
vn -0.0907 -0.0461 0.9948
vn -0.0790 -0.0639 0.9948
vn -0.1338 -0.0716 0.9884
vn -0.1179 -0.0948 0.9885
vn -0.1856 -0.1016 0.9774
vn -0.1645 -0.1319 0.9775
vn -0.1388 -0.1585 0.9776
vn -0.1084 -0.1813 0.9774
vn -0.0754 -0.1317 0.9884
vn -0.0981 -0.1149 0.9885
vn -0.0477 -0.0901 0.9948
vn -0.0638 -0.0788 0.9949
vn -0.0306 -0.0999 0.9945
vn -0.0105 -0.1075 0.9941
vn -0.0505 -0.1453 0.9881
vn -0.0236 -0.1549 0.9876
vn -0.0747 -0.1993 0.9771
vn -0.0394 -0.2116 0.9766
vn -0.0025 -0.2183 0.9759
vn 0.0358 -0.2191 0.9750
vn 0.0330 -0.1601 0.9866
vn 0.0045 -0.1597 0.9872
vn 0.0306 -0.1106 0.9934
vn 0.0108 -0.1107 0.9938
vn 0.0502 -0.1086 0.9928
vn 0.0711 -0.1032 0.9921
vn 0.0612 -0.1567 0.9857
vn 0.0888 -0.1490 0.9848
vn 0.0738 -0.2142 0.9740
vn 0.1098 -0.2038 0.9728
vn 0.1436 -0.1878 0.9717
vn 0.1751 -0.1664 0.9704
vn 0.1377 -0.1205 0.9831
vn 0.1144 -0.1366 0.9840
vn 0.1062 -0.0820 0.9910
vn 0.0902 -0.0935 0.9915
vn 0.1210 -0.0691 0.9902
vn 0.1346 -0.0527 0.9895
vn 0.1585 -0.1015 0.9821
vn 0.1761 -0.0794 0.9812
vn 0.2029 -0.1405 0.9691
vn 0.2257 -0.1113 0.9678
vn 0.2435 -0.0790 0.9667
vn 0.1894 -0.0546 0.9804
vn 0.1442 -0.0338 0.9890
vt 0.104297 0.058594
vt 0.086458 0.056771
vt 0.106771 0.077083
vt 0.108594 0.078125
vt 0.050000 0.050000
vt 0.157031 0.076042
vt 0.193945 0.100260
vt 0.129818 0.100521
vt 0.113867 0.100781
vt 0.206250 0.125000
vt 0.137500 0.125000
vt 0.206250 0.150000
vt 0.137500 0.150000
vt 0.115625 0.150000
vt 0.115625 0.125000
vt 0.125000 0.150000
vt 0.125000 0.125000
vt 0.150000 0.150000
vt 0.150000 0.125000
vt 0.150065 0.100260
vt 0.125130 0.100521
vt 0.150260 0.076042
vt 0.125521 0.077083
vt 0.150000 0.050000
vt 0.125521 0.056771
vt 0.202344 0.058594
vt 0.178646 0.056771
vt 0.175521 0.077083
vt 0.200781 0.078125
vt 0.175130 0.100521
vt 0.200195 0.100781
vt 0.175000 0.125000
vt 0.175000 0.150000
vt 0.200000 0.150000
vt 0.200000 0.125000
vt 0.225000 0.150000
vt 0.225000 0.125000
vt 0.250000 0.150000
vt 0.250000 0.125000
vt 0.250065 0.100260
vt 0.225130 0.100521
vt 0.250260 0.076042
vt 0.225521 0.077083
vt 0.250000 0.050000
vt 0.225521 0.056771
vt 0.302344 0.058594
vt 0.278646 0.056771
vt 0.275521 0.077083
vt 0.300781 0.078125
vt 0.275130 0.100521
vt 0.300195 0.100781
vt 0.275000 0.125000
vt 0.275000 0.150000
vt 0.300000 0.150000
vt 0.300000 0.125000
vt 0.325000 0.150000
vt 0.325000 0.125000
vt 0.350000 0.150000
vt 0.350000 0.125000
vt 0.350065 0.100260
vt 0.325130 0.100521
vt 0.350260 0.076042
vt 0.325521 0.077083
vt 0.350000 0.050000
vt 0.325521 0.056771
vt 0.402344 0.058594
vt 0.378646 0.056771
vt 0.375521 0.077083
vt 0.400781 0.078125
vt 0.375130 0.100521
vt 0.400195 0.100781
vt 0.375000 0.125000
vt 0.375000 0.150000
vt 0.400000 0.150000
vt 0.400000 0.125000
vt 0.425000 0.150000
vt 0.425000 0.125000
vt 0.450000 0.150000
vt 0.450000 0.125000
vt 0.450065 0.100260
vt 0.425130 0.100521
vt 0.450260 0.076042
vt 0.425521 0.077083
vt 0.450000 0.050000
vt 0.425521 0.056771
vt 0.502344 0.058594
vt 0.478646 0.056771
vt 0.475521 0.077083
vt 0.500781 0.078125
vt 0.475130 0.100521
vt 0.500195 0.100781
vt 0.475000 0.125000
vt 0.475000 0.150000
vt 0.500000 0.150000
vt 0.500000 0.125000
vt 0.525000 0.150000
vt 0.525000 0.125000
vt 0.550000 0.150000
vt 0.550000 0.125000
vt 0.550065 0.100260
vt 0.525130 0.100521
vt 0.550260 0.076042
vt 0.525521 0.077083
vt 0.550000 0.050000
vt 0.525521 0.056771
vt 0.602344 0.058594
vt 0.578646 0.056771
vt 0.575521 0.077083
vt 0.600781 0.078125
vt 0.575130 0.100521
vt 0.600195 0.100781
vt 0.575000 0.125000
vt 0.575000 0.150000
vt 0.600000 0.150000
vt 0.600000 0.125000
vt 0.625000 0.150000
vt 0.625000 0.125000
vt 0.650000 0.150000
vt 0.650000 0.125000
vt 0.650065 0.100260
vt 0.625130 0.100521
vt 0.650261 0.076042
vt 0.625521 0.077083
vt 0.650000 0.050000
vt 0.625521 0.056771
vt 0.702344 0.058594
vt 0.678646 0.056771
vt 0.675521 0.077083
vt 0.700781 0.078125
vt 0.675130 0.100521
vt 0.700195 0.100781
vt 0.675000 0.125000
vt 0.675000 0.150000
vt 0.700000 0.150000
vt 0.700000 0.125000
vt 0.725000 0.150000
vt 0.725000 0.125000
vt 0.750000 0.150000
vt 0.750000 0.125000
vt 0.750065 0.100260
vt 0.725130 0.100521
vt 0.750261 0.076042
vt 0.725521 0.077083
vt 0.750000 0.050000
vt 0.725521 0.056771
vt 0.802344 0.058594
vt 0.778646 0.056771
vt 0.775521 0.077083
vt 0.800781 0.078125
vt 0.775130 0.100521
vt 0.800195 0.100781
vt 0.775000 0.125000
vt 0.775000 0.150000
vt 0.800000 0.150000
vt 0.800000 0.125000
vt 0.825000 0.150000
vt 0.825000 0.125000
vt 0.850000 0.150000
vt 0.850000 0.125000
vt 0.850065 0.100260
vt 0.825130 0.100521
vt 0.850261 0.076042
vt 0.825521 0.077083
vt 0.850000 0.050000
vt 0.825521 0.056771
vt 0.900391 0.058594
vt 0.878646 0.056771
vt 0.875521 0.077083
vt 0.892969 0.078125
vt 0.875130 0.100521
vt 0.886524 0.100781
vt 0.875000 0.125000
vt 0.875000 0.150000
vt 0.884375 0.150000
vt 0.884375 0.125000
vt 0.862500 0.150000
vt 0.862500 0.125000
vt 0.793750 0.150000
vt 0.793750 0.125000
vt 0.804883 0.100260
vt 0.870443 0.100521
vt 0.838281 0.076042
vt 0.894271 0.077083
vt 0.950000 0.050000
vt 0.917708 0.056771
vt 0.455469 0.058594
vt 0.663542 0.056771
vt 0.683854 0.077083
vt 0.485156 0.078125
vt 0.667839 0.100521
vt 0.496289 0.100781
vt 0.662500 0.125000
vt 0.662500 0.150000
vt 0.500000 0.150000
vt 0.337500 0.150000
vt 0.337500 0.125000
vt 0.327214 0.100521
vt 0.296354 0.077083
vt 0.257292 0.056771
vt 0.137500 0.175000
vt 0.115625 0.175000
vt 0.206250 0.175000
vt 0.206250 0.200000
vt 0.137500 0.200000
vt 0.115625 0.200000
vt 0.206250 0.225000
vt 0.137500 0.225000
vt 0.206250 0.250000
vt 0.137500 0.250000
vt 0.115625 0.250000
vt 0.115625 0.225000
vt 0.125000 0.250000
vt 0.125000 0.225000
vt 0.150000 0.250000
vt 0.150000 0.225000
vt 0.150000 0.200000
vt 0.125000 0.200000
vt 0.150000 0.175000
vt 0.125000 0.175000
vt 0.175000 0.175000
vt 0.200000 0.175000
vt 0.175000 0.200000
vt 0.200000 0.200000
vt 0.175000 0.225000
vt 0.175000 0.250000
vt 0.200000 0.250000
vt 0.200000 0.225000
vt 0.225000 0.250000
vt 0.225000 0.225000
vt 0.250000 0.250000
vt 0.250000 0.225000
vt 0.250000 0.200000
vt 0.225000 0.200000
vt 0.250000 0.175000
vt 0.225000 0.175000
vt 0.275000 0.175000
vt 0.300000 0.175000
vt 0.275000 0.200000
vt 0.300000 0.200000
vt 0.275000 0.225000
vt 0.275000 0.250000
vt 0.300000 0.250000
vt 0.300000 0.225000
vt 0.325000 0.250000
vt 0.325000 0.225000
vt 0.350000 0.250000
vt 0.350000 0.225000
vt 0.350000 0.200000
vt 0.325000 0.200000
vt 0.350000 0.175000
vt 0.325000 0.175000
vt 0.375000 0.175000
vt 0.400000 0.175000
vt 0.375000 0.200000
vt 0.400000 0.200000
vt 0.375000 0.225000
vt 0.375000 0.250000
vt 0.400000 0.250000
vt 0.400000 0.225000
vt 0.425000 0.250000
vt 0.425000 0.225000
vt 0.450000 0.250000
vt 0.450000 0.225000
vt 0.450000 0.200000
vt 0.425000 0.200000
vt 0.450000 0.175000
vt 0.425000 0.175000
vt 0.475000 0.175000
vt 0.500000 0.175000
vt 0.475000 0.200000
vt 0.500000 0.200000
vt 0.475000 0.225000
vt 0.475000 0.250000
vt 0.500000 0.250000
vt 0.500000 0.225000
vt 0.525000 0.250000
vt 0.525000 0.225000
vt 0.550000 0.250000
vt 0.550000 0.225000
vt 0.550000 0.200000
vt 0.525000 0.200000
vt 0.550000 0.175000
vt 0.525000 0.175000
vt 0.575000 0.175000
vt 0.600000 0.175000
vt 0.575000 0.200000
vt 0.600000 0.200000
vt 0.575000 0.225000
vt 0.575000 0.250000
vt 0.600000 0.250000
vt 0.600000 0.225000
vt 0.625000 0.250000
vt 0.625000 0.225000
vt 0.650000 0.250000
vt 0.650000 0.225000
vt 0.650000 0.200000
vt 0.625000 0.200000
vt 0.650000 0.175000
vt 0.625000 0.175000
vt 0.675000 0.175000
vt 0.700000 0.175000
vt 0.675000 0.200000
vt 0.700000 0.200000
vt 0.675000 0.225000
vt 0.675000 0.250000
vt 0.700000 0.250000
vt 0.700000 0.225000
vt 0.725000 0.250000
vt 0.725000 0.225000
vt 0.750000 0.250000
vt 0.750000 0.225000
vt 0.750000 0.200000
vt 0.725000 0.200000
vt 0.750000 0.175000
vt 0.725000 0.175000
vt 0.775000 0.175000
vt 0.800000 0.175000
vt 0.775000 0.200000
vt 0.800000 0.200000
vt 0.775000 0.225000
vt 0.775000 0.250000
vt 0.800000 0.250000
vt 0.800000 0.225000
vt 0.825000 0.250000
vt 0.825000 0.225000
vt 0.850000 0.250000
vt 0.850000 0.225000
vt 0.850000 0.200000
vt 0.825000 0.200000
vt 0.850000 0.175000
vt 0.825000 0.175000
vt 0.875000 0.175000
vt 0.884375 0.175000
vt 0.875000 0.200000
vt 0.884375 0.200000
vt 0.875000 0.225000
vt 0.875000 0.250000
vt 0.884375 0.250000
vt 0.884375 0.225000
vt 0.862500 0.250000
vt 0.862500 0.225000
vt 0.793750 0.250000
vt 0.793750 0.225000
vt 0.793750 0.200000
vt 0.862500 0.200000
vt 0.793750 0.175000
vt 0.862500 0.175000
vt 0.662500 0.175000
vt 0.662500 0.200000
vt 0.500000 0.200000
vt 0.662500 0.225000
vt 0.662500 0.250000
vt 0.500000 0.250000
vt 0.337500 0.250000
vt 0.337500 0.225000
vt 0.337500 0.200000
vt 0.337500 0.175000
vt 0.137500 0.275000
vt 0.115625 0.275000
vt 0.206250 0.275000
vt 0.206250 0.300000
vt 0.137500 0.300000
vt 0.115625 0.300000
vt 0.206250 0.325000
vt 0.137500 0.325000
vt 0.206250 0.350000
vt 0.137500 0.350000
vt 0.115625 0.350000
vt 0.115625 0.325000
vt 0.125000 0.350000
vt 0.125000 0.325000
vt 0.150000 0.350000
vt 0.150000 0.325000
vt 0.150000 0.300000
vt 0.125000 0.300000
vt 0.150000 0.275000
vt 0.125000 0.275000
vt 0.175000 0.275000
vt 0.200000 0.275000
vt 0.175000 0.300000
vt 0.200000 0.300000
vt 0.175000 0.325000
vt 0.175000 0.350000
vt 0.200000 0.350000
vt 0.200000 0.325000
vt 0.225000 0.350000
vt 0.225000 0.325000
vt 0.250000 0.350000
vt 0.250000 0.325000
vt 0.250000 0.300000
vt 0.225000 0.300000
vt 0.250000 0.275000
vt 0.225000 0.275000
vt 0.275000 0.275000
vt 0.300000 0.275000
vt 0.275000 0.300000
vt 0.300000 0.300000
vt 0.275000 0.325000
vt 0.275000 0.350000
vt 0.300000 0.350000
vt 0.300000 0.325000
vt 0.325000 0.350000
vt 0.325000 0.325000
vt 0.350000 0.350000
vt 0.350000 0.325000
vt 0.350000 0.300000
vt 0.325000 0.300000
vt 0.350000 0.275000
vt 0.325000 0.275000
vt 0.375000 0.275000
vt 0.400000 0.275000
vt 0.375000 0.300000
vt 0.400000 0.300000
vt 0.375000 0.325000
vt 0.375000 0.350000
vt 0.400000 0.350000
vt 0.400000 0.325000
vt 0.425000 0.350000
vt 0.425000 0.325000
vt 0.450000 0.350000
vt 0.450000 0.325000
vt 0.450000 0.300000
vt 0.425000 0.300000
vt 0.450000 0.275000
vt 0.425000 0.275000
vt 0.475000 0.275000
vt 0.500000 0.275000
vt 0.475000 0.300000
vt 0.500000 0.300000
vt 0.475000 0.325000
vt 0.475000 0.350000
vt 0.500000 0.350000
vt 0.500000 0.325000
vt 0.525000 0.350000
vt 0.525000 0.325000
vt 0.550000 0.350000
vt 0.550000 0.325000
vt 0.550000 0.300000
vt 0.525000 0.300000
vt 0.550000 0.275000
vt 0.525000 0.275000
vt 0.575000 0.275000
vt 0.600000 0.275000
vt 0.575000 0.300000
vt 0.600000 0.300000
vt 0.575000 0.325000
vt 0.575000 0.350000
vt 0.600000 0.350000
vt 0.600000 0.325000
vt 0.625000 0.350000
vt 0.625000 0.325000
vt 0.650000 0.350000
vt 0.650000 0.325000
vt 0.650000 0.300000
vt 0.625000 0.300000
vt 0.650000 0.275000
vt 0.625000 0.275000
vt 0.675000 0.275000
vt 0.700000 0.275000
vt 0.675000 0.300000
vt 0.700000 0.300000
vt 0.675000 0.325000
vt 0.675000 0.350000
vt 0.700000 0.350000
vt 0.700000 0.325000
vt 0.725000 0.350000
vt 0.725000 0.325000
vt 0.750000 0.350000
vt 0.750000 0.325000
vt 0.750000 0.300000
vt 0.725000 0.300000
vt 0.750000 0.275000
vt 0.725000 0.275000
vt 0.775000 0.275000
vt 0.800000 0.275000
vt 0.775000 0.300000
vt 0.800000 0.300000
vt 0.775000 0.325000
vt 0.775000 0.350000
vt 0.800000 0.350000
vt 0.800000 0.325000
vt 0.825000 0.350000
vt 0.825000 0.325000
vt 0.850000 0.350000
vt 0.850000 0.325000
vt 0.850000 0.300000
vt 0.825000 0.300000
vt 0.850000 0.275000
vt 0.825000 0.275000
vt 0.875000 0.275000
vt 0.884375 0.275000
vt 0.875000 0.300000
vt 0.884375 0.300000
vt 0.875000 0.325000
vt 0.875000 0.350000
vt 0.884375 0.350000
vt 0.884375 0.325000
vt 0.862500 0.350000
vt 0.862500 0.325000
vt 0.793750 0.350000
vt 0.793750 0.325000
vt 0.793750 0.300000
vt 0.862500 0.300000
vt 0.793750 0.275000
vt 0.862500 0.275000
vt 0.662500 0.275000
vt 0.662500 0.300000
vt 0.500000 0.300000
vt 0.662500 0.325000
vt 0.662500 0.350000
vt 0.500000 0.350000
vt 0.337500 0.350000
vt 0.337500 0.325000
vt 0.337500 0.300000
vt 0.337500 0.275000
vt 0.137500 0.375000
vt 0.115625 0.375000
vt 0.206250 0.375000
vt 0.206250 0.400000
vt 0.137500 0.400000
vt 0.115625 0.400000
vt 0.206250 0.425000
vt 0.137500 0.425000
vt 0.206250 0.450000
vt 0.137500 0.450000
vt 0.115625 0.450000
vt 0.115625 0.425000
vt 0.125000 0.450000
vt 0.125000 0.425000
vt 0.150000 0.450000
vt 0.150000 0.425000
vt 0.150000 0.400000
vt 0.125000 0.400000
vt 0.150000 0.375000
vt 0.125000 0.375000
vt 0.175000 0.375000
vt 0.200000 0.375000
vt 0.175000 0.400000
vt 0.200000 0.400000
vt 0.175000 0.425000
vt 0.175000 0.450000
vt 0.200000 0.450000
vt 0.200000 0.425000
vt 0.225000 0.450000
vt 0.225000 0.425000
vt 0.250000 0.450000
vt 0.250000 0.425000
vt 0.250000 0.400000
vt 0.225000 0.400000
vt 0.250000 0.375000
vt 0.225000 0.375000
vt 0.275000 0.375000
vt 0.300000 0.375000
vt 0.275000 0.400000
vt 0.300000 0.400000
vt 0.275000 0.425000
vt 0.275000 0.450000
vt 0.300000 0.450000
vt 0.300000 0.425000
vt 0.325000 0.450000
vt 0.325000 0.425000
vt 0.350000 0.450000
vt 0.350000 0.425000
vt 0.350000 0.400000
vt 0.325000 0.400000
vt 0.350000 0.375000
vt 0.325000 0.375000
vt 0.375000 0.375000
vt 0.400000 0.375000
vt 0.375000 0.400000
vt 0.400000 0.400000
vt 0.375000 0.425000
vt 0.375000 0.450000
vt 0.400000 0.450000
vt 0.400000 0.425000
vt 0.425000 0.450000
vt 0.425000 0.425000
vt 0.450000 0.450000
vt 0.450000 0.425000
vt 0.450000 0.400000
vt 0.425000 0.400000
vt 0.450000 0.375000
vt 0.425000 0.375000
vt 0.475000 0.375000
vt 0.500000 0.375000
vt 0.475000 0.400000
vt 0.500000 0.400000
vt 0.475000 0.425000
vt 0.475000 0.450000
vt 0.500000 0.450000
vt 0.500000 0.425000
vt 0.525000 0.450000
vt 0.525000 0.425000
vt 0.550000 0.450000
vt 0.550000 0.425000
vt 0.550000 0.400000
vt 0.525000 0.400000
vt 0.550000 0.375000
vt 0.525000 0.375000
vt 0.575000 0.375000
vt 0.600000 0.375000
vt 0.575000 0.400000
vt 0.600000 0.400000
vt 0.575000 0.425000
vt 0.575000 0.450000
vt 0.600000 0.450000
vt 0.600000 0.425000
vt 0.625000 0.450000
vt 0.625000 0.425000
vt 0.650000 0.450000
vt 0.650000 0.425000
vt 0.650000 0.400000
vt 0.625000 0.400000
vt 0.650000 0.375000
vt 0.625000 0.375000
vt 0.675000 0.375000
vt 0.700000 0.375000
vt 0.675000 0.400000
vt 0.700000 0.400000
vt 0.675000 0.425000
vt 0.675000 0.450000
vt 0.700000 0.450000
vt 0.700000 0.425000
vt 0.725000 0.450000
vt 0.725000 0.425000
vt 0.750000 0.450000
vt 0.750000 0.425000
vt 0.750000 0.400000
vt 0.725000 0.400000
vt 0.750000 0.375000
vt 0.725000 0.375000
vt 0.775000 0.375000
vt 0.800000 0.375000
vt 0.775000 0.400000
vt 0.800000 0.400000
vt 0.775000 0.425000
vt 0.775000 0.450000
vt 0.800000 0.450000
vt 0.800000 0.425000
vt 0.825000 0.450000
vt 0.825000 0.425000
vt 0.850000 0.450000
vt 0.850000 0.425000
vt 0.850000 0.400000
vt 0.825000 0.400000
vt 0.850000 0.375000
vt 0.825000 0.375000
vt 0.875000 0.375000
vt 0.884375 0.375000
vt 0.875000 0.400000
vt 0.884375 0.400000
vt 0.875000 0.425000
vt 0.875000 0.450000
vt 0.884375 0.450000
vt 0.884375 0.425000
vt 0.862500 0.450000
vt 0.862500 0.425000
vt 0.793750 0.450000
vt 0.793750 0.425000
vt 0.793750 0.400000
vt 0.862500 0.400000
vt 0.793750 0.375000
vt 0.862500 0.375000
vt 0.662500 0.375000
vt 0.662500 0.400000
vt 0.500000 0.400000
vt 0.662500 0.425000
vt 0.662500 0.450000
vt 0.500000 0.450000
vt 0.337500 0.450000
vt 0.337500 0.425000
vt 0.337500 0.400000
vt 0.337500 0.375000
vt 0.137500 0.475000
vt 0.115625 0.475000
vt 0.206250 0.475000
vt 0.206250 0.500000
vt 0.137500 0.500000
vt 0.115625 0.500000
vt 0.206250 0.525000
vt 0.137500 0.525000
vt 0.206250 0.550000
vt 0.137500 0.550000
vt 0.115625 0.550000
vt 0.115625 0.525000
vt 0.125000 0.550000
vt 0.125000 0.525000
vt 0.150000 0.550000
vt 0.150000 0.525000
vt 0.150000 0.500000
vt 0.125000 0.500000
vt 0.150000 0.475000
vt 0.125000 0.475000
vt 0.175000 0.475000
vt 0.200000 0.475000
vt 0.175000 0.500000
vt 0.200000 0.500000
vt 0.175000 0.525000
vt 0.175000 0.550000
vt 0.200000 0.550000
vt 0.200000 0.525000
vt 0.225000 0.550000
vt 0.225000 0.525000
vt 0.250000 0.550000
vt 0.250000 0.525000
vt 0.250000 0.500000
vt 0.225000 0.500000
vt 0.250000 0.475000
vt 0.225000 0.475000
vt 0.275000 0.475000
vt 0.300000 0.475000
vt 0.275000 0.500000
vt 0.300000 0.500000
vt 0.275000 0.525000
vt 0.275000 0.550000
vt 0.300000 0.550000
vt 0.300000 0.525000
vt 0.325000 0.550000
vt 0.325000 0.525000
vt 0.350000 0.550000
vt 0.350000 0.525000
vt 0.350000 0.500000
vt 0.325000 0.500000
vt 0.350000 0.475000
vt 0.325000 0.475000
vt 0.375000 0.475000
vt 0.400000 0.475000
vt 0.375000 0.500000
vt 0.400000 0.500000
vt 0.375000 0.525000
vt 0.375000 0.550000
vt 0.400000 0.550000
vt 0.400000 0.525000
vt 0.425000 0.550000
vt 0.425000 0.525000
vt 0.450000 0.550000
vt 0.450000 0.525000
vt 0.450000 0.500000
vt 0.425000 0.500000
vt 0.450000 0.475000
vt 0.425000 0.475000
vt 0.475000 0.475000
vt 0.500000 0.475000
vt 0.475000 0.500000
vt 0.500000 0.500000
vt 0.475000 0.525000
vt 0.475000 0.550000
vt 0.500000 0.550000
vt 0.500000 0.525000
vt 0.525000 0.550000
vt 0.525000 0.525000
vt 0.550000 0.550000
vt 0.550000 0.525000
vt 0.550000 0.500000
vt 0.525000 0.500000
vt 0.550000 0.475000
vt 0.525000 0.475000
vt 0.575000 0.475000
vt 0.600000 0.475000
vt 0.575000 0.500000
vt 0.600000 0.500000
vt 0.575000 0.525000
vt 0.575000 0.550000
vt 0.600000 0.550000
vt 0.600000 0.525000
vt 0.625000 0.550000
vt 0.625000 0.525000
vt 0.650000 0.550000
vt 0.650000 0.525000
vt 0.650000 0.500000
vt 0.625000 0.500000
vt 0.650000 0.475000
vt 0.625000 0.475000
vt 0.675000 0.475000
vt 0.700000 0.475000
vt 0.675000 0.500000
vt 0.700000 0.500000
vt 0.675000 0.525000
vt 0.675000 0.550000
vt 0.700000 0.550000
vt 0.700000 0.525000
vt 0.725000 0.550000
vt 0.725000 0.525000
vt 0.750000 0.550000
vt 0.750000 0.525000
vt 0.750000 0.500000
vt 0.725000 0.500000
vt 0.750000 0.475000
vt 0.725000 0.475000
vt 0.775000 0.475000
vt 0.800000 0.475000
vt 0.775000 0.500000
vt 0.800000 0.500000
vt 0.775000 0.525000
vt 0.775000 0.550000
vt 0.800000 0.550000
vt 0.800000 0.525000
vt 0.825000 0.550000
vt 0.825000 0.525000
vt 0.850000 0.550000
vt 0.850000 0.525000
vt 0.850000 0.500000
vt 0.825000 0.500000
vt 0.850000 0.475000
vt 0.825000 0.475000
vt 0.875000 0.475000
vt 0.884375 0.475000
vt 0.875000 0.500000
vt 0.884375 0.500000
vt 0.875000 0.525000
vt 0.875000 0.550000
vt 0.884375 0.550000
vt 0.884375 0.525000
vt 0.862500 0.550000
vt 0.862500 0.525000
vt 0.793750 0.550000
vt 0.793750 0.525000
vt 0.793750 0.500000
vt 0.862500 0.500000
vt 0.793750 0.475000
vt 0.862500 0.475000
vt 0.662500 0.475000
vt 0.662500 0.500000
vt 0.500000 0.500000
vt 0.662500 0.525000
vt 0.662500 0.550000
vt 0.500000 0.550000
vt 0.337500 0.550000
vt 0.337500 0.525000
vt 0.337500 0.500000
vt 0.337500 0.475000
vt 0.137500 0.575000
vt 0.115625 0.575000
vt 0.206250 0.575000
vt 0.206250 0.600000
vt 0.137500 0.600000
vt 0.115625 0.600000
vt 0.206250 0.625000
vt 0.137500 0.625000
vt 0.206250 0.650000
vt 0.137500 0.650000
vt 0.115625 0.650000
vt 0.115625 0.625000
vt 0.125000 0.650000
vt 0.125000 0.625000
vt 0.150000 0.650000
vt 0.150000 0.625000
vt 0.150000 0.600000
vt 0.125000 0.600000
vt 0.150000 0.575000
vt 0.125000 0.575000
vt 0.175000 0.575000
vt 0.200000 0.575000
vt 0.175000 0.600000
vt 0.200000 0.600000
vt 0.175000 0.625000
vt 0.175000 0.650000
vt 0.200000 0.650000
vt 0.200000 0.625000
vt 0.225000 0.650000
vt 0.225000 0.625000
vt 0.250000 0.650000
vt 0.250000 0.625000
vt 0.250000 0.600000
vt 0.225000 0.600000
vt 0.250000 0.575000
vt 0.225000 0.575000
vt 0.275000 0.575000
vt 0.300000 0.575000
vt 0.275000 0.600000
vt 0.300000 0.600000
vt 0.275000 0.625000
vt 0.275000 0.650000
vt 0.300000 0.650000
vt 0.300000 0.625000
vt 0.325000 0.650000
vt 0.325000 0.625000
vt 0.350000 0.650000
vt 0.350000 0.625000
vt 0.350000 0.600000
vt 0.325000 0.600000
vt 0.350000 0.575000
vt 0.325000 0.575000
vt 0.375000 0.575000
vt 0.400000 0.575000
vt 0.375000 0.600000
vt 0.400000 0.600000
vt 0.375000 0.625000
vt 0.375000 0.650000
vt 0.400000 0.650000
vt 0.400000 0.625000
vt 0.425000 0.650000
vt 0.425000 0.625000
vt 0.450000 0.650000
vt 0.450000 0.625000
vt 0.450000 0.600000
vt 0.425000 0.600000
vt 0.450000 0.575000
vt 0.425000 0.575000
vt 0.475000 0.575000
vt 0.500000 0.575000
vt 0.475000 0.600000
vt 0.500000 0.600000
vt 0.475000 0.625000
vt 0.475000 0.650000
vt 0.500000 0.650000
vt 0.500000 0.625000
vt 0.525000 0.650000
vt 0.525000 0.625000
vt 0.550000 0.650000
vt 0.550000 0.625000
vt 0.550000 0.600000
vt 0.525000 0.600000
vt 0.550000 0.575000
vt 0.525000 0.575000
vt 0.575000 0.575000
vt 0.600000 0.575000
vt 0.575000 0.600000
vt 0.600000 0.600000
vt 0.575000 0.625000
vt 0.575000 0.650000
vt 0.600000 0.650000
vt 0.600000 0.625000
vt 0.625000 0.650000
vt 0.625000 0.625000
vt 0.650000 0.650000
vt 0.650000 0.625000
vt 0.650000 0.600000
vt 0.625000 0.600000
vt 0.650000 0.575000
vt 0.625000 0.575000
vt 0.675000 0.575000
vt 0.700000 0.575000
vt 0.675000 0.600000
vt 0.700000 0.600000
vt 0.675000 0.625000
vt 0.675000 0.650000
vt 0.700000 0.650000
vt 0.700000 0.625000
vt 0.725000 0.650000
vt 0.725000 0.625000
vt 0.750000 0.650000
vt 0.750000 0.625000
vt 0.750000 0.600000
vt 0.725000 0.600000
vt 0.750000 0.575000
vt 0.725000 0.575000
vt 0.775000 0.575000
vt 0.800000 0.575000
vt 0.775000 0.600000
vt 0.800000 0.600000
vt 0.775000 0.625000
vt 0.775000 0.650000
vt 0.800000 0.650000
vt 0.800000 0.625000
vt 0.825000 0.650000
vt 0.825000 0.625000
vt 0.850000 0.650000
vt 0.850000 0.625000
vt 0.850000 0.600000
vt 0.825000 0.600000
vt 0.850000 0.575000
vt 0.825000 0.575000
vt 0.875000 0.575000
vt 0.884375 0.575000
vt 0.875000 0.600000
vt 0.884375 0.600000
vt 0.875000 0.625000
vt 0.875000 0.650000
vt 0.884375 0.650000
vt 0.884375 0.625000
vt 0.862500 0.650000
vt 0.862500 0.625000
vt 0.793750 0.650000
vt 0.793750 0.625000
vt 0.793750 0.600000
vt 0.862500 0.600000
vt 0.793750 0.575000
vt 0.862500 0.575000
vt 0.662500 0.575000
vt 0.662500 0.600000
vt 0.500000 0.600000
vt 0.662500 0.625000
vt 0.662500 0.650000
vt 0.500000 0.650000
vt 0.337500 0.650000
vt 0.337500 0.625000
vt 0.337500 0.600000
vt 0.337500 0.575000
vt 0.137500 0.675000
vt 0.115625 0.675000
vt 0.206250 0.675000
vt 0.206250 0.700000
vt 0.137500 0.700000
vt 0.115625 0.700000
vt 0.206250 0.725000
vt 0.137500 0.725000
vt 0.206250 0.750000
vt 0.137500 0.750000
vt 0.115625 0.750000
vt 0.115625 0.725000
vt 0.125000 0.750000
vt 0.125000 0.725000
vt 0.150000 0.750000
vt 0.150000 0.725000
vt 0.150000 0.700000
vt 0.125000 0.700000
vt 0.150000 0.675000
vt 0.125000 0.675000
vt 0.175000 0.675000
vt 0.200000 0.675000
vt 0.175000 0.700000
vt 0.200000 0.700000
vt 0.175000 0.725000
vt 0.175000 0.750000
vt 0.200000 0.750000
vt 0.200000 0.725000
vt 0.225000 0.750000
vt 0.225000 0.725000
vt 0.250000 0.750000
vt 0.250000 0.725000
vt 0.250000 0.700000
vt 0.225000 0.700000
vt 0.250000 0.675000
vt 0.225000 0.675000
vt 0.275000 0.675000
vt 0.300000 0.675000
vt 0.275000 0.700000
vt 0.300000 0.700000
vt 0.275000 0.725000
vt 0.275000 0.750000
vt 0.300000 0.750000
vt 0.300000 0.725000
vt 0.325000 0.750000
vt 0.325000 0.725000
vt 0.350000 0.750000
vt 0.350000 0.725000
vt 0.350000 0.700000
vt 0.325000 0.700000
vt 0.350000 0.675000
vt 0.325000 0.675000
vt 0.375000 0.675000
vt 0.400000 0.675000
vt 0.375000 0.700000
vt 0.400000 0.700000
vt 0.375000 0.725000
vt 0.375000 0.750000
vt 0.400000 0.750000
vt 0.400000 0.725000
vt 0.425000 0.750000
vt 0.425000 0.725000
vt 0.450000 0.750000
vt 0.450000 0.725000
vt 0.450000 0.700000
vt 0.425000 0.700000
vt 0.450000 0.675000
vt 0.425000 0.675000
vt 0.475000 0.675000
vt 0.500000 0.675000
vt 0.475000 0.700000
vt 0.500000 0.700000
vt 0.475000 0.725000
vt 0.475000 0.750000
vt 0.500000 0.750000
vt 0.500000 0.725000
vt 0.525000 0.750000
vt 0.525000 0.725000
vt 0.550000 0.750000
vt 0.550000 0.725000
vt 0.550000 0.700000
vt 0.525000 0.700000
vt 0.550000 0.675000
vt 0.525000 0.675000
vt 0.575000 0.675000
vt 0.600000 0.675000
vt 0.575000 0.700000
vt 0.600000 0.700000
vt 0.575000 0.725000
vt 0.575000 0.750000
vt 0.600000 0.750000
vt 0.600000 0.725000
vt 0.625000 0.750000
vt 0.625000 0.725000
vt 0.650000 0.750000
vt 0.650000 0.725000
vt 0.650000 0.700000
vt 0.625000 0.700000
vt 0.650000 0.675000
vt 0.625000 0.675000
vt 0.675000 0.675000
vt 0.700000 0.675000
vt 0.675000 0.700000
vt 0.700000 0.700000
vt 0.675000 0.725000
vt 0.675000 0.750000
vt 0.700000 0.750000
vt 0.700000 0.725000
vt 0.725000 0.750000
vt 0.725000 0.725000
vt 0.750000 0.750000
vt 0.750000 0.725000
vt 0.750000 0.700000
vt 0.725000 0.700000
vt 0.750000 0.675000
vt 0.725000 0.675000
vt 0.775000 0.675000
vt 0.800000 0.675000
vt 0.775000 0.700000
vt 0.800000 0.700000
vt 0.775000 0.725000
vt 0.775000 0.750000
vt 0.800000 0.750000
vt 0.800000 0.725000
vt 0.825000 0.750000
vt 0.825000 0.725000
vt 0.850000 0.750000
vt 0.850000 0.725000
vt 0.850000 0.700000
vt 0.825000 0.700000
vt 0.850000 0.675000
vt 0.825000 0.675000
vt 0.875000 0.675000
vt 0.884375 0.675000
vt 0.875000 0.700000
vt 0.884375 0.700000
vt 0.875000 0.725000
vt 0.875000 0.750000
vt 0.884375 0.750000
vt 0.884375 0.725000
vt 0.862500 0.750000
vt 0.862500 0.725000
vt 0.793750 0.750000
vt 0.793750 0.725000
vt 0.793750 0.700000
vt 0.862500 0.700000
vt 0.793750 0.675000
vt 0.862500 0.675000
vt 0.662500 0.675000
vt 0.662500 0.700000
vt 0.500000 0.700000
vt 0.662500 0.725000
vt 0.662500 0.750000
vt 0.500000 0.750000
vt 0.337500 0.750000
vt 0.337500 0.725000
vt 0.337500 0.700000
vt 0.337500 0.675000
vt 0.137500 0.775000
vt 0.115625 0.775000
vt 0.206250 0.775000
vt 0.206250 0.799219
vt 0.137500 0.799219
vt 0.115625 0.799219
vt 0.206250 0.821875
vt 0.137500 0.821875
vt 0.206250 0.842188
vt 0.137500 0.842188
vt 0.115625 0.842188
vt 0.115625 0.821875
vt 0.125000 0.842188
vt 0.125000 0.821875
vt 0.150000 0.842188
vt 0.150000 0.821875
vt 0.150000 0.799219
vt 0.125000 0.799219
vt 0.150000 0.775000
vt 0.125000 0.775000
vt 0.175000 0.775000
vt 0.200000 0.775000
vt 0.175000 0.799219
vt 0.200000 0.799219
vt 0.175000 0.821875
vt 0.175000 0.842188
vt 0.200000 0.842188
vt 0.200000 0.821875
vt 0.225000 0.842188
vt 0.225000 0.821875
vt 0.250000 0.842188
vt 0.250000 0.821875
vt 0.250000 0.799219
vt 0.225000 0.799219
vt 0.250000 0.775000
vt 0.225000 0.775000
vt 0.275000 0.775000
vt 0.300000 0.775000
vt 0.275000 0.799219
vt 0.300000 0.799219
vt 0.275000 0.821875
vt 0.275000 0.842188
vt 0.300000 0.842188
vt 0.300000 0.821875
vt 0.325000 0.842188
vt 0.325000 0.821875
vt 0.350000 0.842188
vt 0.350000 0.821875
vt 0.350000 0.799219
vt 0.325000 0.799219
vt 0.350000 0.775000
vt 0.325000 0.775000
vt 0.375000 0.775000
vt 0.400000 0.775000
vt 0.375000 0.799219
vt 0.400000 0.799219
vt 0.375000 0.821875
vt 0.375000 0.842188
vt 0.400000 0.842188
vt 0.400000 0.821875
vt 0.425000 0.842188
vt 0.425000 0.821875
vt 0.450000 0.842188
vt 0.450000 0.821875
vt 0.450000 0.799219
vt 0.425000 0.799219
vt 0.450000 0.775000
vt 0.425000 0.775000
vt 0.475000 0.775000
vt 0.500000 0.775000
vt 0.475000 0.799219
vt 0.500000 0.799219
vt 0.475000 0.821875
vt 0.475000 0.842188
vt 0.500000 0.842188
vt 0.500000 0.821875
vt 0.525000 0.842188
vt 0.525000 0.821875
vt 0.550000 0.842188
vt 0.550000 0.821875
vt 0.550000 0.799219
vt 0.525000 0.799219
vt 0.550000 0.775000
vt 0.525000 0.775000
vt 0.575000 0.775000
vt 0.600000 0.775000
vt 0.575000 0.799219
vt 0.600000 0.799219
vt 0.575000 0.821875
vt 0.575000 0.842188
vt 0.600000 0.842188
vt 0.600000 0.821875
vt 0.625000 0.842188
vt 0.625000 0.821875
vt 0.650000 0.842188
vt 0.650000 0.821875
vt 0.650000 0.799219
vt 0.625000 0.799219
vt 0.650000 0.775000
vt 0.625000 0.775000
vt 0.675000 0.775000
vt 0.700000 0.775000
vt 0.675000 0.799219
vt 0.700000 0.799219
vt 0.675000 0.821875
vt 0.675000 0.842188
vt 0.700000 0.842188
vt 0.700000 0.821875
vt 0.725000 0.842188
vt 0.725000 0.821875
vt 0.750000 0.842188
vt 0.750000 0.821875
vt 0.750000 0.799219
vt 0.725000 0.799219
vt 0.750000 0.775000
vt 0.725000 0.775000
vt 0.775000 0.775000
vt 0.800000 0.775000
vt 0.775000 0.799219
vt 0.800000 0.799219
vt 0.775000 0.821875
vt 0.775000 0.842188
vt 0.800000 0.842188
vt 0.800000 0.821875
vt 0.825000 0.842188
vt 0.825000 0.821875
vt 0.850000 0.842188
vt 0.850000 0.821875
vt 0.850000 0.799219
vt 0.825000 0.799219
vt 0.850000 0.775000
vt 0.825000 0.775000
vt 0.875000 0.775000
vt 0.884375 0.775000
vt 0.875000 0.799219
vt 0.884375 0.799219
vt 0.875000 0.821875
vt 0.875000 0.842188
vt 0.884375 0.842188
vt 0.884375 0.821875
vt 0.862500 0.842188
vt 0.862500 0.821875
vt 0.793750 0.842188
vt 0.793750 0.821875
vt 0.793750 0.799219
vt 0.862500 0.799219
vt 0.793750 0.775000
vt 0.862500 0.775000
vt 0.662500 0.775000
vt 0.662500 0.799219
vt 0.500000 0.799219
vt 0.662500 0.821875
vt 0.662500 0.842188
vt 0.337500 0.842188
vt 0.337500 0.821875
vt 0.337500 0.799219
vt 0.337500 0.775000
vt 0.115625 0.899674
vt 0.125000 0.899674
vt 0.125000 0.887370
vt 0.115625 0.887370
vt 0.150000 0.899674
vt 0.150000 0.887370
vt 0.150000 0.874186
vt 0.125000 0.874186
vt 0.115625 0.874186
vt 0.150000 0.859375
vt 0.125000 0.859375
vt 0.115625 0.859375
vt 0.137500 0.859375
vt 0.206250 0.859375
vt 0.206250 0.874186
vt 0.137500 0.874186
vt 0.206250 0.887370
vt 0.137500 0.887370
vt 0.206250 0.899674
vt 0.137500 0.899674
vt 0.200000 0.899674
vt 0.225000 0.899674
vt 0.225000 0.887370
vt 0.200000 0.887370
vt 0.250000 0.899674
vt 0.250000 0.887370
vt 0.250000 0.874186
vt 0.225000 0.874186
vt 0.200000 0.874186
vt 0.250000 0.859375
vt 0.225000 0.859375
vt 0.200000 0.859375
vt 0.175000 0.859375
vt 0.175000 0.874186
vt 0.175000 0.887370
vt 0.175000 0.899674
vt 0.300000 0.899674
vt 0.325000 0.899674
vt 0.325000 0.887370
vt 0.300000 0.887370
vt 0.350000 0.899674
vt 0.350000 0.887370
vt 0.350000 0.874186
vt 0.325000 0.874186
vt 0.300000 0.874186
vt 0.350000 0.859375
vt 0.325000 0.859375
vt 0.300000 0.859375
vt 0.275000 0.859375
vt 0.275000 0.874186
vt 0.275000 0.887370
vt 0.275000 0.899674
vt 0.400000 0.899674
vt 0.425000 0.899674
vt 0.425000 0.887370
vt 0.400000 0.887370
vt 0.450000 0.899674
vt 0.450000 0.887370
vt 0.450000 0.874186
vt 0.425000 0.874186
vt 0.400000 0.874186
vt 0.450000 0.859375
vt 0.425000 0.859375
vt 0.400000 0.859375
vt 0.375000 0.859375
vt 0.375000 0.874186
vt 0.375000 0.887370
vt 0.375000 0.899674
vt 0.500000 0.899674
vt 0.525000 0.899674
vt 0.525000 0.887370
vt 0.500000 0.887370
vt 0.550000 0.899674
vt 0.550000 0.887370
vt 0.550000 0.874186
vt 0.525000 0.874186
vt 0.500000 0.874186
vt 0.550000 0.859375
vt 0.525000 0.859375
vt 0.500000 0.859375
vt 0.475000 0.859375
vt 0.475000 0.874186
vt 0.475000 0.887370
vt 0.475000 0.899674
vt 0.600000 0.899674
vt 0.625000 0.899674
vt 0.625000 0.887370
vt 0.600000 0.887370
vt 0.650000 0.899674
vt 0.650000 0.887370
vt 0.650000 0.874186
vt 0.625000 0.874186
vt 0.600000 0.874186
vt 0.650000 0.859375
vt 0.625000 0.859375
vt 0.600000 0.859375
vt 0.575000 0.859375
vt 0.575000 0.874186
vt 0.575000 0.887370
vt 0.575000 0.899674
vt 0.700000 0.899674
vt 0.725000 0.899674
vt 0.725000 0.887370
vt 0.700000 0.887370
vt 0.750000 0.899674
vt 0.750000 0.887370
vt 0.750000 0.874186
vt 0.725000 0.874186
vt 0.700000 0.874186
vt 0.750000 0.859375
vt 0.725000 0.859375
vt 0.700000 0.859375
vt 0.675000 0.859375
vt 0.675000 0.874186
vt 0.675000 0.887370
vt 0.675000 0.899674
vt 0.800000 0.899674
vt 0.825000 0.899674
vt 0.825000 0.887370
vt 0.800000 0.887370
vt 0.850000 0.899674
vt 0.850000 0.887370
vt 0.850000 0.874186
vt 0.825000 0.874186
vt 0.800000 0.874186
vt 0.850000 0.859375
vt 0.825000 0.859375
vt 0.800000 0.859375
vt 0.775000 0.859375
vt 0.775000 0.874186
vt 0.775000 0.887370
vt 0.775000 0.899674
vt 0.884375 0.899674
vt 0.862500 0.899674
vt 0.862500 0.887370
vt 0.884375 0.887370
vt 0.793750 0.899674
vt 0.793750 0.887370
vt 0.793750 0.874186
vt 0.862500 0.874186
vt 0.884375 0.874186
vt 0.793750 0.859375
vt 0.862500 0.859375
vt 0.884375 0.859375
vt 0.875000 0.859375
vt 0.875000 0.874186
vt 0.875000 0.887370
vt 0.875000 0.899674
vt 0.337500 0.899674
vt 0.337500 0.887370
vt 0.337500 0.874186
vt 0.500000 0.874186
vt 0.337500 0.859375
vt 0.500000 0.859375
vt 0.662500 0.859375
vt 0.662500 0.874186
vt 0.662500 0.887370
vt 0.662500 0.899674
vt 0.115625 0.940752
vt 0.125000 0.940752
vt 0.125000 0.933070
vt 0.115625 0.933070
vt 0.150000 0.940752
vt 0.150000 0.933070
vt 0.150000 0.923208
vt 0.125000 0.923208
vt 0.115625 0.923208
vt 0.150000 0.911848
vt 0.125000 0.911848
vt 0.115625 0.911848
vt 0.137500 0.911848
vt 0.206250 0.911848
vt 0.206250 0.923208
vt 0.137500 0.923208
vt 0.206250 0.933070
vt 0.137500 0.933070
vt 0.206250 0.940752
vt 0.137500 0.940752
vt 0.200000 0.940752
vt 0.225000 0.940752
vt 0.225000 0.933070
vt 0.200000 0.933070
vt 0.250000 0.940752
vt 0.250000 0.933070
vt 0.250000 0.923208
vt 0.225000 0.923208
vt 0.200000 0.923208
vt 0.250000 0.911848
vt 0.225000 0.911848
vt 0.200000 0.911848
vt 0.175000 0.911848
vt 0.175000 0.923208
vt 0.175000 0.933070
vt 0.175000 0.940752
vt 0.350000 0.923208
vt 0.350000 0.911848
vt 0.325000 0.911848
vt 0.325000 0.923208
vt 0.300000 0.911848
vt 0.300000 0.923208
vt 0.275000 0.911848
vt 0.275000 0.923208
vt 0.275000 0.933070
vt 0.275000 0.940752
vt 0.300000 0.940752
vt 0.300000 0.933070
vt 0.325000 0.940752
vt 0.325000 0.933070
vt 0.350000 0.940752
vt 0.350000 0.933070
vt 0.400000 0.940752
vt 0.425000 0.940752
vt 0.425000 0.933070
vt 0.400000 0.933070
vt 0.450000 0.940752
vt 0.450000 0.933070
vt 0.450000 0.923208
vt 0.425000 0.923208
vt 0.400000 0.923208
vt 0.450000 0.911848
vt 0.425000 0.911848
vt 0.400000 0.911848
vt 0.375000 0.911848
vt 0.375000 0.923208
vt 0.375000 0.933070
vt 0.375000 0.940752
vt 0.500000 0.940752
vt 0.525000 0.940752
vt 0.525000 0.933070
vt 0.500000 0.933070
vt 0.550000 0.940752
vt 0.550000 0.933070
vt 0.550000 0.923208
vt 0.525000 0.923208
vt 0.500000 0.923208
vt 0.550000 0.911848
vt 0.525000 0.911848
vt 0.500000 0.911848
vt 0.475000 0.911848
vt 0.475000 0.923208
vt 0.475000 0.933070
vt 0.475000 0.940752
vt 0.600000 0.940752
vt 0.625000 0.940752
vt 0.625000 0.933070
vt 0.600000 0.933070
vt 0.650000 0.940752
vt 0.650000 0.933070
vt 0.650000 0.923208
vt 0.625000 0.923208
vt 0.600000 0.923208
vt 0.650000 0.911848
vt 0.625000 0.911848
vt 0.600000 0.911848
vt 0.575000 0.911848
vt 0.575000 0.923208
vt 0.575000 0.933070
vt 0.575000 0.940752
vt 0.700000 0.940752
vt 0.725000 0.940752
vt 0.725000 0.933070
vt 0.700000 0.933070
vt 0.750000 0.940752
vt 0.750000 0.933070
vt 0.750000 0.923208
vt 0.725000 0.923208
vt 0.700000 0.923208
vt 0.750000 0.911848
vt 0.725000 0.911848
vt 0.700000 0.911848
vt 0.675000 0.911848
vt 0.675000 0.923208
vt 0.675000 0.933070
vt 0.675000 0.940752
vt 0.800000 0.940752
vt 0.825000 0.940752
vt 0.825000 0.933070
vt 0.800000 0.933070
vt 0.850000 0.940752
vt 0.850000 0.933070
vt 0.850000 0.923208
vt 0.825000 0.923208
vt 0.800000 0.923208
vt 0.850000 0.911848
vt 0.825000 0.911848
vt 0.800000 0.911848
vt 0.775000 0.911848
vt 0.775000 0.923208
vt 0.775000 0.933070
vt 0.775000 0.940752
vt 0.793750 0.923208
vt 0.793750 0.911848
vt 0.862500 0.911848
vt 0.862500 0.923208
vt 0.884375 0.911848
vt 0.884375 0.923208
vt 0.875000 0.911848
vt 0.875000 0.923208
vt 0.875000 0.933070
vt 0.875000 0.940752
vt 0.884375 0.940752
vt 0.884375 0.933070
vt 0.862500 0.940752
vt 0.862500 0.933070
vt 0.793750 0.940752
vt 0.793750 0.933070
vt 0.337500 0.940752
vt 0.337500 0.933070
vt 0.337500 0.923208
vt 0.500000 0.923208
vt 0.337500 0.911848
vt 0.500000 0.911848
vt 0.662500 0.911848
vt 0.662500 0.923208
vt 0.662500 0.933070
vt 0.662500 0.940752
vt 0.137500 0.025000
vt 0.131250 0.012500
vt 0.114583 0.020833
vt 0.121224 0.030208
vt 0.125000 0.000000
vt 0.106250 0.012500
vt 0.087500 0.025000
vt 0.099349 0.030208
vt 0.108681 0.034722
vt 0.068750 0.037500
vt 0.086979 0.041667
vt 0.105469 0.043750
vt 0.124479 0.041667
vt 0.143750 0.037500
vt 0.237500 0.025000
vt 0.231250 0.012500
vt 0.214583 0.020833
vt 0.221224 0.030208
vt 0.225000 0.000000
vt 0.206250 0.012500
vt 0.187500 0.025000
vt 0.199349 0.030208
vt 0.208681 0.034722
vt 0.168750 0.037500
vt 0.186979 0.041667
vt 0.205469 0.043750
vt 0.224479 0.041667
vt 0.243750 0.037500
vt 0.337500 0.025000
vt 0.331250 0.012500
vt 0.314583 0.020833
vt 0.321224 0.030208
vt 0.325000 0.000000
vt 0.306250 0.012500
vt 0.287500 0.025000
vt 0.299349 0.030208
vt 0.308681 0.034722
vt 0.268750 0.037500
vt 0.286979 0.041667
vt 0.305469 0.043750
vt 0.324479 0.041667
vt 0.343750 0.037500
vt 0.437500 0.025000
vt 0.431250 0.012500
vt 0.414583 0.020833
vt 0.421224 0.030208
vt 0.425000 0.000000
vt 0.406250 0.012500
vt 0.387500 0.025000
vt 0.399349 0.030208
vt 0.408681 0.034722
vt 0.368750 0.037500
vt 0.386979 0.041667
vt 0.405469 0.043750
vt 0.424479 0.041667
vt 0.443750 0.037500
vt 0.537500 0.025000
vt 0.531250 0.012500
vt 0.514583 0.020833
vt 0.521224 0.030208
vt 0.525000 0.000000
vt 0.506250 0.012500
vt 0.487500 0.025000
vt 0.499349 0.030208
vt 0.508681 0.034722
vt 0.468750 0.037500
vt 0.486979 0.041667
vt 0.505469 0.043750
vt 0.524479 0.041667
vt 0.543750 0.037500
vt 0.637500 0.025000
vt 0.631250 0.012500
vt 0.614583 0.020833
vt 0.621224 0.030208
vt 0.625000 0.000000
vt 0.606250 0.012500
vt 0.587500 0.025000
vt 0.599349 0.030208
vt 0.608681 0.034722
vt 0.568750 0.037500
vt 0.586979 0.041667
vt 0.605469 0.043750
vt 0.624479 0.041667
vt 0.643750 0.037500
vt 0.737500 0.025000
vt 0.731250 0.012500
vt 0.714583 0.020833
vt 0.721224 0.030208
vt 0.725000 0.000000
vt 0.706250 0.012500
vt 0.687500 0.025000
vt 0.699349 0.030208
vt 0.708681 0.034722
vt 0.668750 0.037500
vt 0.686979 0.041667
vt 0.705469 0.043750
vt 0.724479 0.041667
vt 0.743750 0.037500
vt 0.837500 0.025000
vt 0.831250 0.012500
vt 0.814583 0.020833
vt 0.821224 0.030208
vt 0.825000 0.000000
vt 0.806250 0.012500
vt 0.787500 0.025000
vt 0.799349 0.030208
vt 0.808681 0.034722
vt 0.768750 0.037500
vt 0.786979 0.041667
vt 0.805469 0.043750
vt 0.824479 0.041667
vt 0.843750 0.037500
vt 0.937500 0.025000
vt 0.931250 0.012500
vt 0.914583 0.020833
vt 0.921224 0.030208
vt 0.925000 0.000000
vt 0.906250 0.012500
vt 0.887500 0.025000
vt 0.899349 0.030208
vt 0.908681 0.034722
vt 0.868750 0.037500
vt 0.886979 0.041667
vt 0.905469 0.043750
vt 0.924479 0.041667
vt 0.943750 0.037500
vt 0.037500 0.025000
vt 0.031250 0.012500
vt 0.222917 0.020833
vt 0.206120 0.030208
vt 0.025000 0.000000
vt 0.256250 0.012500
vt 0.487500 0.025000
vt 0.402995 0.030208
vt 0.335070 0.034722
vt 0.718750 0.037500
vt 0.559896 0.041667
vt 0.396094 0.043750
vt 0.222396 0.041667
vt 0.043750 0.037500
vt 0.112500 0.975000
vt 0.131250 0.962500
vt 0.113021 0.961393
vt 0.100651 0.970557
vt 0.150000 0.950000
vt 0.121354 0.953938
vt 0.099609 0.954410
vt 0.094531 0.960840
vt 0.091319 0.967318
vt 0.082292 0.953938
vt 0.075521 0.961393
vt 0.050000 0.950000
vt 0.056250 0.962500
vt 0.062500 0.975000
vt 0.078776 0.970557
vt 0.068750 0.987500
vt 0.085417 0.979167
vt 0.075000 1.000000
vt 0.093750 0.987500
vt 0.212500 0.975000
vt 0.231250 0.962500
vt 0.213021 0.961393
vt 0.200651 0.970557
vt 0.250000 0.950000
vt 0.221354 0.953938
vt 0.197656 0.954410
vt 0.194531 0.960840
vt 0.191319 0.967318
vt 0.174479 0.953938
vt 0.175521 0.961393
vt 0.156250 0.962500
vt 0.162500 0.975000
vt 0.178776 0.970557
vt 0.168750 0.987500
vt 0.185417 0.979167
vt 0.175000 1.000000
vt 0.193750 0.987500
vt 0.312500 0.975000
vt 0.331250 0.962500
vt 0.313021 0.961393
vt 0.300651 0.970557
vt 0.350000 0.950000
vt 0.321354 0.953938
vt 0.297656 0.954410
vt 0.294531 0.960840
vt 0.291319 0.967318
vt 0.274479 0.953938
vt 0.275521 0.961393
vt 0.256250 0.962500
vt 0.262500 0.975000
vt 0.278776 0.970557
vt 0.268750 0.987500
vt 0.285417 0.979167
vt 0.275000 1.000000
vt 0.293750 0.987500
vt 0.412500 0.975000
vt 0.431250 0.962500
vt 0.413021 0.961393
vt 0.400651 0.970557
vt 0.450000 0.950000
vt 0.421354 0.953938
vt 0.397656 0.954410
vt 0.394531 0.960840
vt 0.391319 0.967318
vt 0.374479 0.953938
vt 0.375521 0.961393
vt 0.356250 0.962500
vt 0.362500 0.975000
vt 0.378776 0.970557
vt 0.368750 0.987500
vt 0.385417 0.979167
vt 0.375000 1.000000
vt 0.393750 0.987500
vt 0.512500 0.975000
vt 0.531250 0.962500
vt 0.513021 0.961393
vt 0.500651 0.970557
vt 0.550000 0.950000
vt 0.521354 0.953938
vt 0.497656 0.954410
vt 0.494531 0.960840
vt 0.491319 0.967318
vt 0.474479 0.953938
vt 0.475521 0.961393
vt 0.456250 0.962500
vt 0.462500 0.975000
vt 0.478776 0.970557
vt 0.468750 0.987500
vt 0.485417 0.979167
vt 0.475000 1.000000
vt 0.493750 0.987500
vt 0.612500 0.975000
vt 0.631250 0.962500
vt 0.613021 0.961393
vt 0.600651 0.970557
vt 0.650000 0.950000
vt 0.621354 0.953938
vt 0.597656 0.954410
vt 0.594531 0.960840
vt 0.591320 0.967318
vt 0.574479 0.953938
vt 0.575521 0.961393
vt 0.556250 0.962500
vt 0.562500 0.975000
vt 0.578776 0.970557
vt 0.568750 0.987500
vt 0.585417 0.979167
vt 0.575000 1.000000
vt 0.593750 0.987500
vt 0.712500 0.975000
vt 0.731250 0.962500
vt 0.713021 0.961393
vt 0.700651 0.970557
vt 0.750000 0.950000
vt 0.721354 0.953938
vt 0.697656 0.954410
vt 0.694531 0.960840
vt 0.691320 0.967318
vt 0.674479 0.953938
vt 0.675521 0.961393
vt 0.656250 0.962500
vt 0.662500 0.975000
vt 0.678776 0.970557
vt 0.668750 0.987500
vt 0.685417 0.979167
vt 0.675000 1.000000
vt 0.693750 0.987500
vt 0.812500 0.975000
vt 0.831250 0.962500
vt 0.813021 0.961393
vt 0.800651 0.970557
vt 0.850000 0.950000
vt 0.821354 0.953938
vt 0.797656 0.954410
vt 0.794531 0.960840
vt 0.791320 0.967318
vt 0.774479 0.953938
vt 0.775521 0.961393
vt 0.756250 0.962500
vt 0.762500 0.975000
vt 0.778776 0.970557
vt 0.768750 0.987500
vt 0.785417 0.979167
vt 0.775000 1.000000
vt 0.793750 0.987500
vt 0.912500 0.975000
vt 0.931250 0.962500
vt 0.913021 0.961393
vt 0.900651 0.970557
vt 0.950000 0.950000
vt 0.913542 0.953938
vt 0.895703 0.954410
vt 0.894531 0.960840
vt 0.891320 0.967318
vt 0.874479 0.953938
vt 0.875521 0.961393
vt 0.856250 0.962500
vt 0.862500 0.975000
vt 0.878776 0.970557
vt 0.868750 0.987500
vt 0.885417 0.979167
vt 0.875000 1.000000
vt 0.893750 0.987500
vt 0.512500 0.975000
vt 0.281250 0.962500
vt 0.440104 0.961393
vt 0.597005 0.970557
vt 0.336458 0.953938
vt 0.544531 0.954410
vt 0.603906 0.960840
vt 0.664931 0.967318
vt 0.742708 0.953938
vt 0.777604 0.961393
vt 0.956250 0.962500
vt 0.962500 0.975000
vt 0.793880 0.970557
vt 0.968750 0.987500
vt 0.777083 0.979167
vt 0.975000 1.000000
vt 0.743750 0.987500
vt 0.224479 0.950455
vt 0.199219 0.950943
vt 0.249740 0.949966
vt 0.249935 0.948362
vt 0.224870 0.948484
vt 0.199805 0.948606
vt 0.250000 0.945570
vt 0.225000 0.945570
vt 0.200000 0.945570
vt 0.175000 0.945570
vt 0.150000 0.945570
vt 0.149935 0.948362
vt 0.174870 0.948484
vt 0.149740 0.949966
vt 0.174479 0.950455
vt 0.124479 0.950455
vt 0.107031 0.950943
vt 0.124870 0.948484
vt 0.113477 0.948606
vt 0.125000 0.945570
vt 0.115625 0.945570
vt 0.137500 0.945570
vt 0.206250 0.945570
vt 0.195117 0.948362
vt 0.129557 0.948484
vt 0.161719 0.949966
vt 0.105729 0.950455
vt 0.316146 0.950455
vt 0.514844 0.950943
vt 0.332161 0.948484
vt 0.503711 0.948606
vt 0.337500 0.945570
vt 0.500000 0.945570
vt 0.662500 0.945570
vt 0.793750 0.945570
vt 0.806055 0.948362
vt 0.672787 0.948484
vt 0.842969 0.949966
vt 0.703646 0.950455
vt 0.862500 0.945570
vt 0.870182 0.948484
vt 0.884375 0.945570
vt 0.886133 0.948607
vt 0.875000 0.945570
vt 0.850000 0.945570
vt 0.849935 0.948362
vt 0.874870 0.948484
vt 0.849740 0.949966
vt 0.874479 0.950455
vt 0.891406 0.950943
vt 0.893229 0.950455
vt 0.824479 0.950455
vt 0.799219 0.950943
vt 0.824870 0.948484
vt 0.799805 0.948606
vt 0.825000 0.945570
vt 0.800000 0.945570
vt 0.775000 0.945570
vt 0.750000 0.945570
vt 0.749935 0.948362
vt 0.774870 0.948484
vt 0.749740 0.949966
vt 0.774479 0.950455
vt 0.724479 0.950455
vt 0.699219 0.950943
vt 0.724870 0.948484
vt 0.699805 0.948606
vt 0.725000 0.945570
vt 0.700000 0.945570
vt 0.675000 0.945570
vt 0.650000 0.945570
vt 0.649935 0.948362
vt 0.674870 0.948484
vt 0.649740 0.949966
vt 0.674479 0.950455
vt 0.624479 0.950455
vt 0.599219 0.950943
vt 0.624870 0.948484
vt 0.599805 0.948606
vt 0.625000 0.945570
vt 0.600000 0.945570
vt 0.575000 0.945570
vt 0.550000 0.945570
vt 0.549935 0.948362
vt 0.574870 0.948484
vt 0.549740 0.949966
vt 0.574479 0.950455
vt 0.524479 0.950455
vt 0.499219 0.950943
vt 0.524870 0.948484
vt 0.499805 0.948606
vt 0.525000 0.945570
vt 0.500000 0.945570
vt 0.475000 0.945570
vt 0.450000 0.945570
vt 0.449935 0.948362
vt 0.474870 0.948484
vt 0.449740 0.949966
vt 0.474479 0.950455
vt 0.424479 0.950455
vt 0.399219 0.950943
vt 0.424870 0.948484
vt 0.399805 0.948606
vt 0.425000 0.945570
vt 0.400000 0.945570
vt 0.375000 0.945570
vt 0.350000 0.945570
vt 0.349935 0.948362
vt 0.374870 0.948484
vt 0.349740 0.949966
vt 0.374479 0.950455
vt 0.324479 0.950455
vt 0.299219 0.950943
vt 0.324870 0.948484
vt 0.299805 0.948606
vt 0.325000 0.945570
vt 0.300000 0.945570
vt 0.275000 0.945570
vt 0.274870 0.948484
vt 0.274479 0.950455
s 1
usemtl aiStandard3.001
f 2765/2537/2642 3645/2538/2643 4145/2539/2644 3648/2540/2645
f 3645/2538/2643 2643/2541/2646 3646/2542/2647 4145/2539/2644
f 4145/2539/2644 3646/2542/2647 2875/2543/2648 3647/2544/2649
f 3648/2540/2645 4145/2539/2644 3647/2544/2649 3015/2545/2650
f 2875/2543/2648 3649/2546/2651 4146/2547/2652 3647/2544/2649
f 3649/2546/2651 2653/2548/2653 3650/2549/2654 4146/2547/2652
f 4146/2547/2652 3650/2549/2654 2776/2550/2655 3651/2551/2656
f 3647/2544/2649 4146/2547/2652 3651/2551/2656 3015/2545/2650
f 2776/2550/2655 3652/2552/2657 4147/2553/2658 3651/2551/2656
f 3652/2552/2657 2654/2554/2659 3653/2555/2660 4147/2553/2658
f 4147/2553/2658 3653/2555/2660 2876/2556/2661 3654/2557/2662
f 3651/2551/2656 4147/2553/2658 3654/2557/2662 3015/2545/2650
f 2876/2556/2661 3655/2558/2663 4148/2559/2664 3654/2557/2662
f 3655/2558/2663 2644/2560/2665 3656/2561/2666 4148/2559/2664
f 4148/2559/2664 3656/2561/2666 2765/2537/2642 3648/2540/2645
f 3654/2557/2662 4148/2559/2664 3648/2540/2645 3015/2545/2650
f 2766/2562/2667 3657/2563/2668 4149/2564/2669 3659/2565/2670
f 3657/2563/2668 2644/2560/2665 3655/2558/2663 4149/2564/2669
f 4149/2564/2669 3655/2558/2663 2876/2556/2661 3658/2566/2671
f 3659/2565/2670 4149/2564/2669 3658/2566/2671 3016/2567/2672
f 2876/2556/2661 3653/2555/2660 4150/2568/2673 3658/2566/2671
f 3653/2555/2660 2654/2554/2659 3660/2569/2674 4150/2568/2673
f 4150/2568/2673 3660/2569/2674 2777/2570/2675 3661/2571/2676
f 3658/2566/2671 4150/2568/2673 3661/2571/2676 3016/2567/2672
f 2777/2570/2675 3662/2572/2677 4151/2573/2678 3661/2571/2676
f 3662/2572/2677 2655/2574/2679 3663/2575/2680 4151/2573/2678
f 4151/2573/2678 3663/2575/2680 2877/2576/2681 3664/2577/2682
f 3661/2571/2676 4151/2573/2678 3664/2577/2682 3016/2567/2672
f 2877/2576/2681 3665/2578/2683 4152/2579/2684 3664/2577/2682
f 3665/2578/2683 2645/2580/2685 3666/2581/2686 4152/2579/2684
f 4152/2579/2684 3666/2581/2686 2766/2562/2667 3659/2565/2670
f 3664/2577/2682 4152/2579/2684 3659/2565/2670 3016/2567/2672
f 2767/2582/2687 3667/2583/2688 4153/2584/2689 3669/2585/2690
f 3667/2583/2688 2645/2580/2685 3665/2578/2683 4153/2584/2689
f 4153/2584/2689 3665/2578/2683 2877/2576/2681 3668/2586/2691
f 3669/2585/2690 4153/2584/2689 3668/2586/2691 3017/2587/2692
f 2877/2576/2681 3663/2575/2680 4154/2588/2693 3668/2586/2691
f 3663/2575/2680 2655/2574/2679 3670/2589/2694 4154/2588/2693
f 4154/2588/2693 3670/2589/2694 2778/2590/2695 3671/2591/2696
f 3668/2586/2691 4154/2588/2693 3671/2591/2696 3017/2587/2692
f 2778/2590/2695 3672/2592/2697 4155/2593/2698 3671/2591/2696
f 3672/2592/2697 2656/2594/2699 3673/2595/2700 4155/2593/2698
f 4155/2593/2698 3673/2595/2700 2878/2596/2701 3674/2597/2702
f 3671/2591/2696 4155/2593/2698 3674/2597/2702 3017/2587/2692
f 2878/2596/2701 3675/2598/2703 4156/2599/2704 3674/2597/2702
f 3675/2598/2703 2646/2600/2705 3676/2601/2706 4156/2599/2704
f 4156/2599/2704 3676/2601/2706 2767/2582/2687 3669/2585/2690
f 3674/2597/2702 4156/2599/2704 3669/2585/2690 3017/2587/2692
f 2768/2602/2707 3677/2603/2708 4157/2604/2709 3679/2605/2710
f 3677/2603/2708 2646/2600/2705 3675/2598/2703 4157/2604/2709
f 4157/2604/2709 3675/2598/2703 2878/2596/2701 3678/2606/2711
f 3679/2605/2710 4157/2604/2709 3678/2606/2711 3018/2607/2712
f 2878/2596/2701 3673/2595/2700 4158/2608/2713 3678/2606/2711
f 3673/2595/2700 2656/2594/2699 3680/2609/2714 4158/2608/2713
f 4158/2608/2713 3680/2609/2714 2779/2610/2715 3681/2611/2716
f 3678/2606/2711 4158/2608/2713 3681/2611/2716 3018/2607/2712
f 2779/2610/2715 3682/2612/2717 4159/2613/2718 3681/2611/2716
f 3682/2612/2717 2657/2614/2719 3683/2615/2720 4159/2613/2718
f 4159/2613/2718 3683/2615/2720 2879/2616/2721 3684/2617/2722
f 3681/2611/2716 4159/2613/2718 3684/2617/2722 3018/2607/2712
f 2879/2616/2721 3685/2618/2723 4160/2619/2724 3684/2617/2722
f 3685/2618/2723 2647/2620/2725 3686/2621/2726 4160/2619/2724
f 4160/2619/2724 3686/2621/2726 2768/2602/2707 3679/2605/2710
f 3684/2617/2722 4160/2619/2724 3679/2605/2710 3018/2607/2712
f 2769/2622/2727 3687/2623/2728 4161/2624/2729 3689/2625/2730
f 3687/2623/2728 2647/2620/2725 3685/2618/2723 4161/2624/2729
f 4161/2624/2729 3685/2618/2723 2879/2616/2721 3688/2626/2731
f 3689/2625/2730 4161/2624/2729 3688/2626/2731 3019/2627/2732
f 2879/2616/2721 3683/2615/2720 4162/2628/2733 3688/2626/2731
f 3683/2615/2720 2657/2614/2719 3690/2629/2734 4162/2628/2733
f 4162/2628/2733 3690/2629/2734 2780/2630/2735 3691/2631/2736
f 3688/2626/2731 4162/2628/2733 3691/2631/2736 3019/2627/2732
f 2780/2630/2735 3692/2632/2737 4163/2633/2738 3691/2631/2736
f 3692/2632/2737 2658/2634/2739 3693/2635/2740 4163/2633/2738
f 4163/2633/2738 3693/2635/2740 2880/2636/2741 3694/2637/2742
f 3691/2631/2736 4163/2633/2738 3694/2637/2742 3019/2627/2732
f 2880/2636/2741 3695/2638/2743 4164/2639/2744 3694/2637/2742
f 3695/2638/2743 2648/2640/2745 3696/2641/2746 4164/2639/2744
f 4164/2639/2744 3696/2641/2746 2769/2622/2727 3689/2625/2730
f 3694/2637/2742 4164/2639/2744 3689/2625/2730 3019/2627/2732
f 2770/2642/2747 3697/2643/2748 4165/2644/2749 3699/2645/2750
f 3697/2643/2748 2648/2640/2745 3695/2638/2743 4165/2644/2749
f 4165/2644/2749 3695/2638/2743 2880/2636/2741 3698/2646/2751
f 3699/2645/2750 4165/2644/2749 3698/2646/2751 3020/2647/2752
f 2880/2636/2741 3693/2635/2740 4166/2648/2753 3698/2646/2751
f 3693/2635/2740 2658/2634/2739 3700/2649/2754 4166/2648/2753
f 4166/2648/2753 3700/2649/2754 2781/2650/2755 3701/2651/2756
f 3698/2646/2751 4166/2648/2753 3701/2651/2756 3020/2647/2752
f 2781/2650/2755 3702/2652/2757 4167/2653/2758 3701/2651/2756
f 3702/2652/2757 2659/2654/2759 3703/2655/2760 4167/2653/2758
f 4167/2653/2758 3703/2655/2760 2881/2656/2761 3704/2657/2762
f 3701/2651/2756 4167/2653/2758 3704/2657/2762 3020/2647/2752
f 2881/2656/2761 3705/2658/2763 4168/2659/2764 3704/2657/2762
f 3705/2658/2763 2649/2660/2765 3706/2661/2766 4168/2659/2764
f 4168/2659/2764 3706/2661/2766 2770/2642/2747 3699/2645/2750
f 3704/2657/2762 4168/2659/2764 3699/2645/2750 3020/2647/2752
f 2771/2662/2767 3707/2663/2768 4169/2664/2769 3709/2665/2770
f 3707/2663/2768 2649/2660/2765 3705/2658/2763 4169/2664/2769
f 4169/2664/2769 3705/2658/2763 2881/2656/2761 3708/2666/2771
f 3709/2665/2770 4169/2664/2769 3708/2666/2771 3021/2667/2772
f 2881/2656/2761 3703/2655/2760 4170/2668/2773 3708/2666/2771
f 3703/2655/2760 2659/2654/2759 3710/2669/2774 4170/2668/2773
f 4170/2668/2773 3710/2669/2774 2782/2670/2775 3711/2671/2776
f 3708/2666/2771 4170/2668/2773 3711/2671/2776 3021/2667/2772
f 2782/2670/2775 3712/2672/2777 4171/2673/2778 3711/2671/2776
f 3712/2672/2777 2660/2674/2779 3713/2675/2780 4171/2673/2778
f 4171/2673/2778 3713/2675/2780 2882/2676/2781 3714/2677/2782
f 3711/2671/2776 4171/2673/2778 3714/2677/2782 3021/2667/2772
f 2882/2676/2781 3715/2678/2783 4172/2679/2784 3714/2677/2782
f 3715/2678/2783 2650/2680/2785 3716/2681/2786 4172/2679/2784
f 4172/2679/2784 3716/2681/2786 2771/2662/2767 3709/2665/2770
f 3714/2677/2782 4172/2679/2784 3709/2665/2770 3021/2667/2772
f 2772/2682/2787 3717/2683/2788 4173/2684/2789 3719/2685/2790
f 3717/2683/2788 2650/2680/2785 3715/2678/2783 4173/2684/2789
f 4173/2684/2789 3715/2678/2783 2882/2676/2781 3718/2686/2791
f 3719/2685/2790 4173/2684/2789 3718/2686/2791 3022/2687/2792
f 2882/2676/2781 3713/2675/2780 4174/2688/2793 3718/2686/2791
f 3713/2675/2780 2660/2674/2779 3720/2689/2794 4174/2688/2793
f 4174/2688/2793 3720/2689/2794 2783/2690/2795 3721/2691/2796
f 3718/2686/2791 4174/2688/2793 3721/2691/2796 3022/2687/2792
f 2783/2690/2795 3722/2692/2797 4175/2693/2798 3721/2691/2796
f 3722/2692/2797 2661/2694/2799 3723/2695/2800 4175/2693/2798
f 4175/2693/2798 3723/2695/2800 2883/2696/2801 3724/2697/2802
f 3721/2691/2796 4175/2693/2798 3724/2697/2802 3022/2687/2792
f 2883/2696/2801 3725/2698/2803 4176/2699/2804 3724/2697/2802
f 3725/2698/2803 2651/2700/2805 3726/2701/2806 4176/2699/2804
f 4176/2699/2804 3726/2701/2806 2772/2682/2787 3719/2685/2790
f 3724/2697/2802 4176/2699/2804 3719/2685/2790 3022/2687/2792
f 2773/2702/2807 3727/2703/2808 4177/2704/2809 3729/2705/2810
f 3727/2703/2808 2651/2700/2805 3725/2698/2803 4177/2704/2809
f 4177/2704/2809 3725/2698/2803 2883/2696/2801 3728/2706/2811
f 3729/2705/2810 4177/2704/2809 3728/2706/2811 3023/2707/2812
f 2883/2696/2801 3723/2695/2800 4178/2708/2813 3728/2706/2811
f 3723/2695/2800 2661/2694/2799 3730/2709/2814 4178/2708/2813
f 4178/2708/2813 3730/2709/2814 2784/2710/2815 3731/2711/2816
f 3728/2706/2811 4178/2708/2813 3731/2711/2816 3023/2707/2812
f 2784/2710/2815 3732/2712/2817 4179/2713/2818 3731/2711/2816
f 3732/2712/2817 2662/2714/2819 3733/2715/2820 4179/2713/2818
f 4179/2713/2818 3733/2715/2820 2884/2716/2821 3734/2717/2822
f 3731/2711/2816 4179/2713/2818 3734/2717/2822 3023/2707/2812
f 2884/2716/2821 3735/2718/2823 4180/2719/2824 3734/2717/2822
f 3735/2718/2823 2652/2720/2825 3736/2721/2826 4180/2719/2824
f 4180/2719/2824 3736/2721/2826 2773/2702/2807 3729/2705/2810
f 3734/2717/2822 4180/2719/2824 3729/2705/2810 3023/2707/2812
f 2774/2722/2827 3737/2723/2828 4181/2724/2829 3739/2725/2830
f 3737/2723/2828 2652/2720/2825 3735/2718/2823 4181/2724/2829
f 4181/2724/2829 3735/2718/2823 2884/2716/2821 3738/2726/2831
f 3739/2725/2830 4181/2724/2829 3738/2726/2831 3024/2727/2832
f 2884/2716/2821 3733/2715/2820 4182/2728/2833 3738/2726/2831
f 3733/2715/2820 2662/2714/2819 3740/2729/2834 4182/2728/2833
f 4182/2728/2833 3740/2729/2834 2775/2730/2835 3741/2631/2836
f 3738/2726/2831 4182/2728/2833 3741/2631/2836 3024/2727/2832
f 2775/2730/2835 3742/2731/2837 4183/2732/2838 3741/2631/2836
f 3742/2731/2837 2653/2548/2653 3649/2546/2651 4183/2732/2838
f 4183/2732/2838 3649/2546/2651 2875/2543/2648 3743/2733/2839
f 3741/2631/2836 4183/2732/2838 3743/2733/2839 3024/2727/2832
f 2875/2543/2648 3646/2542/2647 4184/2734/2840 3743/2733/2839
f 3646/2542/2647 2643/2541/2646 3744/2735/2841 4184/2734/2840
f 4184/2734/2840 3744/2735/2841 2774/2722/2827 3739/2725/2830
f 3743/2733/2839 4184/2734/2840 3739/2725/2830 3024/2727/2832
f 2776/2550/2655 3650/2549/2654 4185/2736/2842 3747/2737/2843
f 3650/2549/2654 2653/2548/2653 3745/2738/2844 4185/2736/2842
f 4185/2736/2842 3745/2738/2844 2885/2739/2845 3746/2740/2846
f 3747/2737/2843 4185/2736/2842 3746/2740/2846 3025/2741/2847
f 2885/2739/2845 3748/2742/2848 4186/2743/2849 3746/2740/2846
f 3748/2742/2848 2663/2744/2850 3749/2745/2851 4186/2743/2849
f 4186/2743/2849 3749/2745/2851 2786/2746/2852 3750/2747/2853
f 3746/2740/2846 4186/2743/2849 3750/2747/2853 3025/2741/2847
f 2786/2746/2852 3751/2748/2854 4187/2749/2855 3750/2747/2853
f 3751/2748/2854 2664/2750/2856 3752/2751/2857 4187/2749/2855
f 4187/2749/2855 3752/2751/2857 2886/2752/2858 3753/2753/2859
f 3750/2747/2853 4187/2749/2855 3753/2753/2859 3025/2741/2847
f 2886/2752/2858 3754/2754/2860 4188/2755/2861 3753/2753/2859
f 3754/2754/2860 2654/2554/2659 3652/2552/2657 4188/2755/2861
f 4188/2755/2861 3652/2552/2657 2776/2550/2655 3747/2737/2843
f 3753/2753/2859 4188/2755/2861 3747/2737/2843 3025/2741/2847
f 2777/2570/2675 3660/2569/2674 4189/2756/2862 3756/2757/2863
f 3660/2569/2674 2654/2554/2659 3754/2754/2860 4189/2756/2862
f 4189/2756/2862 3754/2754/2860 2886/2752/2858 3755/2758/2864
f 3756/2757/2863 4189/2756/2862 3755/2758/2864 3026/2759/2865
f 2886/2752/2858 3752/2751/2857 4190/2760/2866 3755/2758/2864
f 3752/2751/2857 2664/2750/2856 3757/2761/2867 4190/2760/2866
f 4190/2760/2866 3757/2761/2867 2787/2762/2868 3758/2763/2869
f 3755/2758/2864 4190/2760/2866 3758/2763/2869 3026/2759/2865
f 2787/2762/2868 3759/2764/2870 4191/2765/2871 3758/2763/2869
f 3759/2764/2870 2665/2766/2872 3760/2767/2873 4191/2765/2871
f 4191/2765/2871 3760/2767/2873 2887/2768/2874 3761/2769/2875
f 3758/2763/2869 4191/2765/2871 3761/2769/2875 3026/2759/2865
f 2887/2768/2874 3762/2770/2876 4192/2771/2877 3761/2769/2875
f 3762/2770/2876 2655/2574/2679 3662/2572/2677 4192/2771/2877
f 4192/2771/2877 3662/2572/2677 2777/2570/2675 3756/2757/2863
f 3761/2769/2875 4192/2771/2877 3756/2757/2863 3026/2759/2865
f 2778/2590/2695 3670/2589/2694 4193/2772/2878 3764/2773/2879
f 3670/2589/2694 2655/2574/2679 3762/2770/2876 4193/2772/2878
f 4193/2772/2878 3762/2770/2876 2887/2768/2874 3763/2774/2880
f 3764/2773/2879 4193/2772/2878 3763/2774/2880 3027/2775/2881
f 2887/2768/2874 3760/2767/2873 4194/2776/2882 3763/2774/2880
f 3760/2767/2873 2665/2766/2872 3765/2777/2883 4194/2776/2882
f 4194/2776/2882 3765/2777/2883 2788/2778/2884 3766/2779/2885
f 3763/2774/2880 4194/2776/2882 3766/2779/2885 3027/2775/2881
f 2788/2778/2884 3767/2780/2886 4195/2781/2887 3766/2779/2885
f 3767/2780/2886 2666/2782/2888 3768/2783/2889 4195/2781/2887
f 4195/2781/2887 3768/2783/2889 2888/2784/2890 3769/2785/2891
f 3766/2779/2885 4195/2781/2887 3769/2785/2891 3027/2775/2881
f 2888/2784/2890 3770/2786/2892 4196/2787/2893 3769/2785/2891
f 3770/2786/2892 2656/2594/2699 3672/2592/2697 4196/2787/2893
f 4196/2787/2893 3672/2592/2697 2778/2590/2695 3764/2773/2879
f 3769/2785/2891 4196/2787/2893 3764/2773/2879 3027/2775/2881
f 2779/2610/2715 3680/2609/2714 4197/2788/2894 3772/2789/2895
f 3680/2609/2714 2656/2594/2699 3770/2786/2892 4197/2788/2894
f 4197/2788/2894 3770/2786/2892 2888/2784/2890 3771/2790/2896
f 3772/2789/2895 4197/2788/2894 3771/2790/2896 3028/2791/2897
f 2888/2784/2890 3768/2783/2889 4198/2792/2898 3771/2790/2896
f 3768/2783/2889 2666/2782/2888 3773/2793/2899 4198/2792/2898
f 4198/2792/2898 3773/2793/2899 2789/2794/2900 3774/2795/2901
f 3771/2790/2896 4198/2792/2898 3774/2795/2901 3028/2791/2897
f 2789/2794/2900 3775/2796/2902 4199/2797/2903 3774/2795/2901
f 3775/2796/2902 2667/2798/2904 3776/2799/2905 4199/2797/2903
f 4199/2797/2903 3776/2799/2905 2889/2800/2906 3777/2801/2907
f 3774/2795/2901 4199/2797/2903 3777/2801/2907 3028/2791/2897
f 2889/2800/2906 3778/2802/2908 4200/2803/2909 3777/2801/2907
f 3778/2802/2908 2657/2614/2719 3682/2612/2717 4200/2803/2909
f 4200/2803/2909 3682/2612/2717 2779/2610/2715 3772/2789/2895
f 3777/2801/2907 4200/2803/2909 3772/2789/2895 3028/2791/2897
f 2780/2630/2735 3690/2629/2734 4201/2804/2910 3780/2805/2911
f 3690/2629/2734 2657/2614/2719 3778/2802/2908 4201/2804/2910
f 4201/2804/2910 3778/2802/2908 2889/2800/2906 3779/2806/2912
f 3780/2805/2911 4201/2804/2910 3779/2806/2912 3029/2807/2913
f 2889/2800/2906 3776/2799/2905 4202/2808/2914 3779/2806/2912
f 3776/2799/2905 2667/2798/2904 3781/2809/2915 4202/2808/2914
f 4202/2808/2914 3781/2809/2915 2790/2810/2916 3782/2811/2917
f 3779/2806/2912 4202/2808/2914 3782/2811/2917 3029/2807/2913
f 2790/2810/2916 3783/2812/2918 4203/2813/2919 3782/2811/2917
f 3783/2812/2918 2668/2814/2920 3784/2815/2921 4203/2813/2919
f 4203/2813/2919 3784/2815/2921 2890/2816/2922 3785/2817/2923
f 3782/2811/2917 4203/2813/2919 3785/2817/2923 3029/2807/2913
f 2890/2816/2922 3786/2818/2924 4204/2819/2925 3785/2817/2923
f 3786/2818/2924 2658/2634/2739 3692/2632/2737 4204/2819/2925
f 4204/2819/2925 3692/2632/2737 2780/2630/2735 3780/2805/2911
f 3785/2817/2923 4204/2819/2925 3780/2805/2911 3029/2807/2913
f 2781/2650/2755 3700/2649/2754 4205/2820/2926 3788/2821/2927
f 3700/2649/2754 2658/2634/2739 3786/2818/2924 4205/2820/2926
f 4205/2820/2926 3786/2818/2924 2890/2816/2922 3787/2822/2928
f 3788/2821/2927 4205/2820/2926 3787/2822/2928 3030/2823/2929
f 2890/2816/2922 3784/2815/2921 4206/2824/2930 3787/2822/2928
f 3784/2815/2921 2668/2814/2920 3789/2825/2931 4206/2824/2930
f 4206/2824/2930 3789/2825/2931 2791/2826/2932 3790/2827/2933
f 3787/2822/2928 4206/2824/2930 3790/2827/2933 3030/2823/2929
f 2791/2826/2932 3791/2828/2934 4207/2829/2935 3790/2827/2933
f 3791/2828/2934 2669/2830/2936 3792/2831/2937 4207/2829/2935
f 4207/2829/2935 3792/2831/2937 2891/2832/2938 3793/2833/2939
f 3790/2827/2933 4207/2829/2935 3793/2833/2939 3030/2823/2929
f 2891/2832/2938 3794/2834/2940 4208/2835/2941 3793/2833/2939
f 3794/2834/2940 2659/2654/2759 3702/2652/2757 4208/2835/2941
f 4208/2835/2941 3702/2652/2757 2781/2650/2755 3788/2821/2927
f 3793/2833/2939 4208/2835/2941 3788/2821/2927 3030/2823/2929
f 2782/2670/2775 3710/2669/2774 4209/2836/2942 3796/2837/2943
f 3710/2669/2774 2659/2654/2759 3794/2834/2940 4209/2836/2942
f 4209/2836/2942 3794/2834/2940 2891/2832/2938 3795/2838/2944
f 3796/2837/2943 4209/2836/2942 3795/2838/2944 3031/2839/2945
f 2891/2832/2938 3792/2831/2937 4210/2840/2946 3795/2838/2944
f 3792/2831/2937 2669/2830/2936 3797/2841/2947 4210/2840/2946
f 4210/2840/2946 3797/2841/2947 2792/2842/2948 3798/2843/2949
f 3795/2838/2944 4210/2840/2946 3798/2843/2949 3031/2839/2945
f 2792/2842/2948 3799/2844/2950 4211/2845/2951 3798/2843/2949
f 3799/2844/2950 2670/2846/2952 3800/2847/2953 4211/2845/2951
f 4211/2845/2951 3800/2847/2953 2892/2848/2954 3801/2849/2955
f 3798/2843/2949 4211/2845/2951 3801/2849/2955 3031/2839/2945
f 2892/2848/2954 3802/2850/2956 4212/2851/2957 3801/2849/2955
f 3802/2850/2956 2660/2674/2779 3712/2672/2777 4212/2851/2957
f 4212/2851/2957 3712/2672/2777 2782/2670/2775 3796/2837/2943
f 3801/2849/2955 4212/2851/2957 3796/2837/2943 3031/2839/2945
f 2783/2690/2795 3720/2689/2794 4213/2852/2958 3804/2853/2959
f 3720/2689/2794 2660/2674/2779 3802/2850/2956 4213/2852/2958
f 4213/2852/2958 3802/2850/2956 2892/2848/2954 3803/2854/2960
f 3804/2853/2959 4213/2852/2958 3803/2854/2960 3032/2855/2961
f 2892/2848/2954 3800/2847/2953 4214/2856/2962 3803/2854/2960
f 3800/2847/2953 2670/2846/2952 3805/2857/2963 4214/2856/2962
f 4214/2856/2962 3805/2857/2963 2793/2858/2964 3806/2859/2965
f 3803/2854/2960 4214/2856/2962 3806/2859/2965 3032/2855/2961
f 2793/2858/2964 3807/2860/2966 4215/2861/2967 3806/2859/2965
f 3807/2860/2966 2671/2862/2968 3808/2863/2969 4215/2861/2967
f 4215/2861/2967 3808/2863/2969 2893/2864/2970 3809/2865/2971
f 3806/2859/2965 4215/2861/2967 3809/2865/2971 3032/2855/2961
f 2893/2864/2970 3810/2866/2972 4216/2867/2973 3809/2865/2971
f 3810/2866/2972 2661/2694/2799 3722/2692/2797 4216/2867/2973
f 4216/2867/2973 3722/2692/2797 2783/2690/2795 3804/2853/2959
f 3809/2865/2971 4216/2867/2973 3804/2853/2959 3032/2855/2961
f 2784/2710/2815 3730/2709/2814 4217/2868/2974 3812/2869/2975
f 3730/2709/2814 2661/2694/2799 3810/2866/2972 4217/2868/2974
f 4217/2868/2974 3810/2866/2972 2893/2864/2970 3811/2870/2976
f 3812/2869/2975 4217/2868/2974 3811/2870/2976 3033/2871/2977
f 2893/2864/2970 3808/2863/2969 4218/2872/2978 3811/2870/2976
f 3808/2863/2969 2671/2862/2968 3813/2873/2979 4218/2872/2978
f 4218/2872/2978 3813/2873/2979 2794/2874/2980 3814/2875/2981
f 3811/2870/2976 4218/2872/2978 3814/2875/2981 3033/2871/2977
f 2794/2874/2980 3815/2876/2982 4219/2877/2983 3814/2875/2981
f 3815/2876/2982 2672/2878/2984 3816/2879/2985 4219/2877/2983
f 4219/2877/2983 3816/2879/2985 2894/2880/2986 3817/2881/2987
f 3814/2875/2981 4219/2877/2983 3817/2881/2987 3033/2871/2977
f 2894/2880/2986 3818/2882/2988 4220/2883/2989 3817/2881/2987
f 3818/2882/2988 2662/2714/2819 3732/2712/2817 4220/2883/2989
f 4220/2883/2989 3732/2712/2817 2784/2710/2815 3812/2869/2975
f 3817/2881/2987 4220/2883/2989 3812/2869/2975 3033/2871/2977
f 2775/2730/2835 3740/2729/2834 4221/2884/2990 3820/2805/2991
f 3740/2729/2834 2662/2714/2819 3818/2882/2988 4221/2884/2990
f 4221/2884/2990 3818/2882/2988 2894/2880/2986 3819/2885/2992
f 3820/2805/2991 4221/2884/2990 3819/2885/2992 3034/2886/2993
f 2894/2880/2986 3816/2879/2985 4222/2887/2994 3819/2885/2992
f 3816/2879/2985 2672/2878/2984 3821/2888/2995 4222/2887/2994
f 4222/2887/2994 3821/2888/2995 2785/2889/2996 3822/2811/2997
f 3819/2885/2992 4222/2887/2994 3822/2811/2997 3034/2886/2993
f 2785/2889/2996 3823/2890/2998 4223/2891/2999 3822/2811/2997
f 3823/2890/2998 2663/2744/2850 3748/2742/2848 4223/2891/2999
f 4223/2891/2999 3748/2742/2848 2885/2739/2845 3824/2892/3000
f 3822/2811/2997 4223/2891/2999 3824/2892/3000 3034/2886/2993
f 2885/2739/2845 3745/2738/2844 4224/2893/3001 3824/2892/3000
f 3745/2738/2844 2653/2548/2653 3742/2731/2837 4224/2893/3001
f 4224/2893/3001 3742/2731/2837 2775/2730/2835 3820/2805/2991
f 3824/2892/3000 4224/2893/3001 3820/2805/2991 3034/2886/2993
f 2786/2746/2852 3749/2745/2851 4225/2894/3002 3827/2895/3003
f 3749/2745/2851 2663/2744/2850 3825/2896/3004 4225/2894/3002
f 4225/2894/3002 3825/2896/3004 2895/2897/3005 3826/2898/3006
f 3827/2895/3003 4225/2894/3002 3826/2898/3006 3035/2899/3007
f 2895/2897/3005 3828/2900/3008 4226/2901/3009 3826/2898/3006
f 3828/2900/3008 2673/2902/3010 3829/2903/3011 4226/2901/3009
f 4226/2901/3009 3829/2903/3011 2796/2904/3012 3830/2905/3013
f 3826/2898/3006 4226/2901/3009 3830/2905/3013 3035/2899/3007
f 2796/2904/3012 3831/2906/3014 4227/2907/3015 3830/2905/3013
f 3831/2906/3014 2674/2908/3016 3832/2909/3017 4227/2907/3015
f 4227/2907/3015 3832/2909/3017 2896/2910/3018 3833/2911/3019
f 3830/2905/3013 4227/2907/3015 3833/2911/3019 3035/2899/3007
f 2896/2910/3018 3834/2912/3020 4228/2913/3021 3833/2911/3019
f 3834/2912/3020 2664/2750/2856 3751/2748/2854 4228/2913/3021
f 4228/2913/3021 3751/2748/2854 2786/2746/2852 3827/2895/3003
f 3833/2911/3019 4228/2913/3021 3827/2895/3003 3035/2899/3007
f 2787/2762/2868 3757/2761/2867 4229/2914/3022 3836/2915/3023
f 3757/2761/2867 2664/2750/2856 3834/2912/3020 4229/2914/3022
f 4229/2914/3022 3834/2912/3020 2896/2910/3018 3835/2916/3024
f 3836/2915/3023 4229/2914/3022 3835/2916/3024 3036/2917/3025
f 2896/2910/3018 3832/2909/3017 4230/2918/3026 3835/2916/3024
f 3832/2909/3017 2674/2908/3016 3837/2919/3027 4230/2918/3026
f 4230/2918/3026 3837/2919/3027 2797/2920/3028 3838/2921/3029
f 3835/2916/3024 4230/2918/3026 3838/2921/3029 3036/2917/3025
f 2797/2920/3028 3839/2922/3030 4231/2923/3031 3838/2921/3029
f 3839/2922/3030 2675/2924/3032 3840/2925/3033 4231/2923/3031
f 4231/2923/3031 3840/2925/3033 2897/2926/3034 3841/2927/3035
f 3838/2921/3029 4231/2923/3031 3841/2927/3035 3036/2917/3025
f 2897/2926/3034 3842/2928/3036 4232/2929/3037 3841/2927/3035
f 3842/2928/3036 2665/2766/2872 3759/2764/2870 4232/2929/3037
f 4232/2929/3037 3759/2764/2870 2787/2762/2868 3836/2915/3023
f 3841/2927/3035 4232/2929/3037 3836/2915/3023 3036/2917/3025
f 2788/2778/2884 3765/2777/2883 4233/2930/3038 3844/2931/3039
f 3765/2777/2883 2665/2766/2872 3842/2928/3036 4233/2930/3038
f 4233/2930/3038 3842/2928/3036 2897/2926/3034 3843/2932/3040
f 3844/2931/3039 4233/2930/3038 3843/2932/3040 3037/2933/3041
f 2897/2926/3034 3840/2925/3033 4234/2934/3042 3843/2932/3040
f 3840/2925/3033 2675/2924/3032 3845/2935/3043 4234/2934/3042
f 4234/2934/3042 3845/2935/3043 2798/2936/3044 3846/2937/3045
f 3843/2932/3040 4234/2934/3042 3846/2937/3045 3037/2933/3041
f 2798/2936/3044 3847/2938/3046 4235/2939/3047 3846/2937/3045
f 3847/2938/3046 2676/2940/3048 3848/2941/3049 4235/2939/3047
f 4235/2939/3047 3848/2941/3049 2898/2942/3050 3849/2943/3051
f 3846/2937/3045 4235/2939/3047 3849/2943/3051 3037/2933/3041
f 2898/2942/3050 3850/2944/3052 4236/2945/3053 3849/2943/3051
f 3850/2944/3052 2666/2782/2888 3767/2780/2886 4236/2945/3053
f 4236/2945/3053 3767/2780/2886 2788/2778/2884 3844/2931/3039
f 3849/2943/3051 4236/2945/3053 3844/2931/3039 3037/2933/3041
f 2789/2794/2900 3773/2793/2899 4237/2946/3054 3852/2947/3055
f 3773/2793/2899 2666/2782/2888 3850/2944/3052 4237/2946/3054
f 4237/2946/3054 3850/2944/3052 2898/2942/3050 3851/2948/3056
f 3852/2947/3055 4237/2946/3054 3851/2948/3056 3038/2949/3057
f 2898/2942/3050 3848/2941/3049 4238/2950/3058 3851/2948/3056
f 3848/2941/3049 2676/2940/3048 3853/2951/3059 4238/2950/3058
f 4238/2950/3058 3853/2951/3059 2799/2952/3060 3854/2953/3061
f 3851/2948/3056 4238/2950/3058 3854/2953/3061 3038/2949/3057
f 2799/2952/3060 3855/2954/3062 4239/2955/3063 3854/2953/3061
f 3855/2954/3062 2677/2956/3064 3856/2957/3065 4239/2955/3063
f 4239/2955/3063 3856/2957/3065 2899/2958/3066 3857/2959/3067
f 3854/2953/3061 4239/2955/3063 3857/2959/3067 3038/2949/3057
f 2899/2958/3066 3858/2960/3068 4240/2961/3069 3857/2959/3067
f 3858/2960/3068 2667/2798/2904 3775/2796/2902 4240/2961/3069
f 4240/2961/3069 3775/2796/2902 2789/2794/2900 3852/2947/3055
f 3857/2959/3067 4240/2961/3069 3852/2947/3055 3038/2949/3057
f 2790/2810/2916 3781/2809/2915 4241/2962/3070 3860/2963/3071
f 3781/2809/2915 2667/2798/2904 3858/2960/3068 4241/2962/3070
f 4241/2962/3070 3858/2960/3068 2899/2958/3066 3859/2964/3072
f 3860/2963/3071 4241/2962/3070 3859/2964/3072 3039/2965/3073
f 2899/2958/3066 3856/2957/3065 4242/2966/3074 3859/2964/3072
f 3856/2957/3065 2677/2956/3064 3861/2967/3075 4242/2966/3074
f 4242/2966/3074 3861/2967/3075 2800/2968/3076 3862/2969/3077
f 3859/2964/3072 4242/2966/3074 3862/2969/3077 3039/2965/3073
f 2800/2968/3076 3863/2970/3078 4243/2971/3079 3862/2969/3077
f 3863/2970/3078 2678/2972/3080 3864/2973/3081 4243/2971/3079
f 4243/2971/3079 3864/2973/3081 2900/2974/3082 3865/2975/3083
f 3862/2969/3077 4243/2971/3079 3865/2975/3083 3039/2965/3073
f 2900/2974/3082 3866/2976/3084 4244/2977/3085 3865/2975/3083
f 3866/2976/3084 2668/2814/2920 3783/2812/2918 4244/2977/3085
f 4244/2977/3085 3783/2812/2918 2790/2810/2916 3860/2963/3071
f 3865/2975/3083 4244/2977/3085 3860/2963/3071 3039/2965/3073
f 2791/2826/2932 3789/2825/2931 4245/2978/3086 3868/2979/3087
f 3789/2825/2931 2668/2814/2920 3866/2976/3084 4245/2978/3086
f 4245/2978/3086 3866/2976/3084 2900/2974/3082 3867/2980/3088
f 3868/2979/3087 4245/2978/3086 3867/2980/3088 3040/2981/3089
f 2900/2974/3082 3864/2973/3081 4246/2982/3090 3867/2980/3088
f 3864/2973/3081 2678/2972/3080 3869/2983/3091 4246/2982/3090
f 4246/2982/3090 3869/2983/3091 2801/2984/3092 3870/2985/3093
f 3867/2980/3088 4246/2982/3090 3870/2985/3093 3040/2981/3089
f 2801/2984/3092 3871/2986/3094 4247/2987/3095 3870/2985/3093
f 3871/2986/3094 2679/2988/3096 3872/2989/3097 4247/2987/3095
f 4247/2987/3095 3872/2989/3097 2901/2990/3098 3873/2991/3099
f 3870/2985/3093 4247/2987/3095 3873/2991/3099 3040/2981/3089
f 2901/2990/3098 3874/2992/3100 4248/2993/3101 3873/2991/3099
f 3874/2992/3100 2669/2830/2936 3791/2828/2934 4248/2993/3101
f 4248/2993/3101 3791/2828/2934 2791/2826/2932 3868/2979/3087
f 3873/2991/3099 4248/2993/3101 3868/2979/3087 3040/2981/3089
f 2792/2842/2948 3797/2841/2947 4249/2994/3102 3876/2995/3103
f 3797/2841/2947 2669/2830/2936 3874/2992/3100 4249/2994/3102
f 4249/2994/3102 3874/2992/3100 2901/2990/3098 3875/2996/3104
f 3876/2995/3103 4249/2994/3102 3875/2996/3104 3041/2997/3105
f 2901/2990/3098 3872/2989/3097 4250/2998/3106 3875/2996/3104
f 3872/2989/3097 2679/2988/3096 3877/2999/3107 4250/2998/3106
f 4250/2998/3106 3877/2999/3107 2802/3000/3108 3878/3001/3109
f 3875/2996/3104 4250/2998/3106 3878/3001/3109 3041/2997/3105
f 2802/3000/3108 3879/3002/3110 4251/3003/3111 3878/3001/3109
f 3879/3002/3110 2680/3004/3112 3880/3005/3113 4251/3003/3111
f 4251/3003/3111 3880/3005/3113 2902/3006/3114 3881/3007/3115
f 3878/3001/3109 4251/3003/3111 3881/3007/3115 3041/2997/3105
f 2902/3006/3114 3882/3008/3116 4252/3009/3117 3881/3007/3115
f 3882/3008/3116 2670/2846/2952 3799/2844/2950 4252/3009/3117
f 4252/3009/3117 3799/2844/2950 2792/2842/2948 3876/2995/3103
f 3881/3007/3115 4252/3009/3117 3876/2995/3103 3041/2997/3105
f 2793/2858/2964 3805/2857/2963 4253/3010/3118 3884/3011/3119
f 3805/2857/2963 2670/2846/2952 3882/3008/3116 4253/3010/3118
f 4253/3010/3118 3882/3008/3116 2902/3006/3114 3883/3012/3120
f 3884/3011/3119 4253/3010/3118 3883/3012/3120 3042/3013/3121
f 2902/3006/3114 3880/3005/3113 4254/3014/3122 3883/3012/3120
f 3880/3005/3113 2680/3004/3112 3885/3015/3123 4254/3014/3122
f 4254/3014/3122 3885/3015/3123 2803/3016/3124 3886/3017/3125
f 3883/3012/3120 4254/3014/3122 3886/3017/3125 3042/3013/3121
f 2803/3016/3124 3887/3018/3126 4255/3019/3127 3886/3017/3125
f 3887/3018/3126 2681/3020/3128 3888/3021/3129 4255/3019/3127
f 4255/3019/3127 3888/3021/3129 2903/3022/3130 3889/3023/3131
f 3886/3017/3125 4255/3019/3127 3889/3023/3131 3042/3013/3121
f 2903/3022/3130 3890/3024/3132 4256/3025/3133 3889/3023/3131
f 3890/3024/3132 2671/2862/2968 3807/2860/2966 4256/3025/3133
f 4256/3025/3133 3807/2860/2966 2793/2858/2964 3884/3011/3119
f 3889/3023/3131 4256/3025/3133 3884/3011/3119 3042/3013/3121
f 2794/2874/2980 3813/2873/2979 4257/3026/3134 3892/3027/3135
f 3813/2873/2979 2671/2862/2968 3890/3024/3132 4257/3026/3134
f 4257/3026/3134 3890/3024/3132 2903/3022/3130 3891/3028/3136
f 3892/3027/3135 4257/3026/3134 3891/3028/3136 3043/3029/3137
f 2903/3022/3130 3888/3021/3129 4258/3030/3138 3891/3028/3136
f 3888/3021/3129 2681/3020/3128 3893/3031/3139 4258/3030/3138
f 4258/3030/3138 3893/3031/3139 2804/3032/3140 3894/3033/3141
f 3891/3028/3136 4258/3030/3138 3894/3033/3141 3043/3029/3137
f 2804/3032/3140 3895/3034/3142 4259/3035/3143 3894/3033/3141
f 3895/3034/3142 2682/3036/3144 3896/3037/3145 4259/3035/3143
f 4259/3035/3143 3896/3037/3145 2904/3038/3146 3897/3039/3147
f 3894/3033/3141 4259/3035/3143 3897/3039/3147 3043/3029/3137
f 2904/3038/3146 3898/3040/3148 4260/3041/3149 3897/3039/3147
f 3898/3040/3148 2672/2878/2984 3815/2876/2982 4260/3041/3149
f 4260/3041/3149 3815/2876/2982 2794/2874/2980 3892/3027/3135
f 3897/3039/3147 4260/3041/3149 3892/3027/3135 3043/3029/3137
f 2785/2889/2996 3821/2888/2995 4261/3042/3150 3900/2963/3151
f 3821/2888/2995 2672/2878/2984 3898/3040/3148 4261/3042/3150
f 4261/3042/3150 3898/3040/3148 2904/3038/3146 3899/3043/3152
f 3900/2963/3151 4261/3042/3150 3899/3043/3152 3044/3044/3153
f 2904/3038/3146 3896/3037/3145 4262/3045/3154 3899/3043/3152
f 3896/3037/3145 2682/3036/3144 3901/3046/3155 4262/3045/3154
f 4262/3045/3154 3901/3046/3155 2795/3047/3156 3902/2969/3157
f 3899/3043/3152 4262/3045/3154 3902/2969/3157 3044/3044/3153
f 2795/3047/3156 3903/3048/3158 4263/3049/3159 3902/2969/3157
f 3903/3048/3158 2673/2902/3010 3828/2900/3008 4263/3049/3159
f 4263/3049/3159 3828/2900/3008 2895/2897/3005 3904/3050/3160
f 3902/2969/3157 4263/3049/3159 3904/3050/3160 3044/3044/3153
f 2895/2897/3005 3825/2896/3004 4264/3051/3161 3904/3050/3160
f 3825/2896/3004 2663/2744/2850 3823/2890/2998 4264/3051/3161
f 4264/3051/3161 3823/2890/2998 2785/2889/2996 3900/2963/3151
f 3904/3050/3160 4264/3051/3161 3900/2963/3151 3044/3044/3153
f 2796/2904/3012 3829/2903/3011 4265/3052/3162 3907/3053/3163
f 3829/2903/3011 2673/2902/3010 3905/3054/3164 4265/3052/3162
f 4265/3052/3162 3905/3054/3164 2905/3055/3165 3906/3056/3166
f 3907/3053/3163 4265/3052/3162 3906/3056/3166 3045/3057/3167
f 2905/3055/3165 3908/3058/3168 4266/3059/3169 3906/3056/3166
f 3908/3058/3168 2683/3060/3170 3909/3061/3171 4266/3059/3169
f 4266/3059/3169 3909/3061/3171 2806/3062/3172 3910/3063/3173
f 3906/3056/3166 4266/3059/3169 3910/3063/3173 3045/3057/3167
f 2806/3062/3172 3911/3064/3174 4267/3065/3175 3910/3063/3173
f 3911/3064/3174 2684/3066/3176 3912/3067/3177 4267/3065/3175
f 4267/3065/3175 3912/3067/3177 2906/3068/3178 3913/3069/3179
f 3910/3063/3173 4267/3065/3175 3913/3069/3179 3045/3057/3167
f 2906/3068/3178 3914/3070/3180 4268/3071/3181 3913/3069/3179
f 3914/3070/3180 2674/2908/3016 3831/2906/3014 4268/3071/3181
f 4268/3071/3181 3831/2906/3014 2796/2904/3012 3907/3053/3163
f 3913/3069/3179 4268/3071/3181 3907/3053/3163 3045/3057/3167
f 2797/2920/3028 3837/2919/3027 4269/3072/3182 3916/3073/3183
f 3837/2919/3027 2674/2908/3016 3914/3070/3180 4269/3072/3182
f 4269/3072/3182 3914/3070/3180 2906/3068/3178 3915/3074/3184
f 3916/3073/3183 4269/3072/3182 3915/3074/3184 3046/3075/3185
f 2906/3068/3178 3912/3067/3177 4270/3076/3186 3915/3074/3184
f 3912/3067/3177 2684/3066/3176 3917/3077/3187 4270/3076/3186
f 4270/3076/3186 3917/3077/3187 2807/3078/3188 3918/3079/3189
f 3915/3074/3184 4270/3076/3186 3918/3079/3189 3046/3075/3185
f 2807/3078/3188 3919/3080/3190 4271/3081/3191 3918/3079/3189
f 3919/3080/3190 2685/3082/3192 3920/3083/3193 4271/3081/3191
f 4271/3081/3191 3920/3083/3193 2907/3084/3194 3921/3085/3195
f 3918/3079/3189 4271/3081/3191 3921/3085/3195 3046/3075/3185
f 2907/3084/3194 3922/3086/3196 4272/3087/3197 3921/3085/3195
f 3922/3086/3196 2675/2924/3032 3839/2922/3030 4272/3087/3197
f 4272/3087/3197 3839/2922/3030 2797/2920/3028 3916/3073/3183
f 3921/3085/3195 4272/3087/3197 3916/3073/3183 3046/3075/3185
f 2798/2936/3044 3845/2935/3043 4273/3088/3198 3924/3089/3199
f 3845/2935/3043 2675/2924/3032 3922/3086/3196 4273/3088/3198
f 4273/3088/3198 3922/3086/3196 2907/3084/3194 3923/3090/3200
f 3924/3089/3199 4273/3088/3198 3923/3090/3200 3047/3091/3201
f 2907/3084/3194 3920/3083/3193 4274/3092/3202 3923/3090/3200
f 3920/3083/3193 2685/3082/3192 3925/3093/3203 4274/3092/3202
f 4274/3092/3202 3925/3093/3203 2808/3094/3204 3926/3095/3205
f 3923/3090/3200 4274/3092/3202 3926/3095/3205 3047/3091/3201
f 2808/3094/3204 3927/3096/3206 4275/3097/3207 3926/3095/3205
f 3927/3096/3206 2686/3098/3208 3928/3099/3209 4275/3097/3207
f 4275/3097/3207 3928/3099/3209 2908/3100/3210 3929/3101/3211
f 3926/3095/3205 4275/3097/3207 3929/3101/3211 3047/3091/3201
f 2908/3100/3210 3930/3102/3212 4276/3103/3213 3929/3101/3211
f 3930/3102/3212 2676/2940/3048 3847/2938/3046 4276/3103/3213
f 4276/3103/3213 3847/2938/3046 2798/2936/3044 3924/3089/3199
f 3929/3101/3211 4276/3103/3213 3924/3089/3199 3047/3091/3201
f 2799/2952/3060 3853/2951/3059 4277/3104/3214 3932/3105/3215
f 3853/2951/3059 2676/2940/3048 3930/3102/3212 4277/3104/3214
f 4277/3104/3214 3930/3102/3212 2908/3100/3210 3931/3106/3216
f 3932/3105/3215 4277/3104/3214 3931/3106/3216 3048/3107/3217
f 2908/3100/3210 3928/3099/3209 4278/3108/3218 3931/3106/3216
f 3928/3099/3209 2686/3098/3208 3933/3109/3219 4278/3108/3218
f 4278/3108/3218 3933/3109/3219 2809/3110/3220 3934/3111/3221
f 3931/3106/3216 4278/3108/3218 3934/3111/3221 3048/3107/3217
f 2809/3110/3220 3935/3112/3222 4279/3113/3223 3934/3111/3221
f 3935/3112/3222 2687/3114/3224 3936/3115/3225 4279/3113/3223
f 4279/3113/3223 3936/3115/3225 2909/3116/3226 3937/3117/3227
f 3934/3111/3221 4279/3113/3223 3937/3117/3227 3048/3107/3217
f 2909/3116/3226 3938/3118/3228 4280/3119/3229 3937/3117/3227
f 3938/3118/3228 2677/2956/3064 3855/2954/3062 4280/3119/3229
f 4280/3119/3229 3855/2954/3062 2799/2952/3060 3932/3105/3215
f 3937/3117/3227 4280/3119/3229 3932/3105/3215 3048/3107/3217
f 2800/2968/3076 3861/2967/3075 4281/3120/3230 3940/3121/3231
f 3861/2967/3075 2677/2956/3064 3938/3118/3228 4281/3120/3230
f 4281/3120/3230 3938/3118/3228 2909/3116/3226 3939/3122/3232
f 3940/3121/3231 4281/3120/3230 3939/3122/3232 3049/3123/3233
f 2909/3116/3226 3936/3115/3225 4282/3124/3234 3939/3122/3232
f 3936/3115/3225 2687/3114/3224 3941/3125/3235 4282/3124/3234
f 4282/3124/3234 3941/3125/3235 2810/3126/3236 3942/3127/3237
f 3939/3122/3232 4282/3124/3234 3942/3127/3237 3049/3123/3233
f 2810/3126/3236 3943/3128/3238 4283/3129/3239 3942/3127/3237
f 3943/3128/3238 2688/3130/3240 3944/3131/3241 4283/3129/3239
f 4283/3129/3239 3944/3131/3241 2910/3132/3242 3945/3133/3243
f 3942/3127/3237 4283/3129/3239 3945/3133/3243 3049/3123/3233
f 2910/3132/3242 3946/3134/3244 4284/3135/3245 3945/3133/3243
f 3946/3134/3244 2678/2972/3080 3863/2970/3078 4284/3135/3245
f 4284/3135/3245 3863/2970/3078 2800/2968/3076 3940/3121/3231
f 3945/3133/3243 4284/3135/3245 3940/3121/3231 3049/3123/3233
f 2801/2984/3092 3869/2983/3091 4285/3136/3246 3948/3137/3247
f 3869/2983/3091 2678/2972/3080 3946/3134/3244 4285/3136/3246
f 4285/3136/3246 3946/3134/3244 2910/3132/3242 3947/3138/3248
f 3948/3137/3247 4285/3136/3246 3947/3138/3248 3050/3139/3249
f 2910/3132/3242 3944/3131/3241 4286/3140/3250 3947/3138/3248
f 3944/3131/3241 2688/3130/3240 3949/3141/3251 4286/3140/3250
f 4286/3140/3250 3949/3141/3251 2811/3142/3252 3950/3143/3253
f 3947/3138/3248 4286/3140/3250 3950/3143/3253 3050/3139/3249
f 2811/3142/3252 3951/3144/3254 4287/3145/3255 3950/3143/3253
f 3951/3144/3254 2689/3146/3256 3952/3147/3257 4287/3145/3255
f 4287/3145/3255 3952/3147/3257 2911/3148/3258 3953/3149/3259
f 3950/3143/3253 4287/3145/3255 3953/3149/3259 3050/3139/3249
f 2911/3148/3258 3954/3150/3260 4288/3151/3261 3953/3149/3259
f 3954/3150/3260 2679/2988/3096 3871/2986/3094 4288/3151/3261
f 4288/3151/3261 3871/2986/3094 2801/2984/3092 3948/3137/3247
f 3953/3149/3259 4288/3151/3261 3948/3137/3247 3050/3139/3249
f 2802/3000/3108 3877/2999/3107 4289/3152/3262 3956/3153/3263
f 3877/2999/3107 2679/2988/3096 3954/3150/3260 4289/3152/3262
f 4289/3152/3262 3954/3150/3260 2911/3148/3258 3955/3154/3264
f 3956/3153/3263 4289/3152/3262 3955/3154/3264 3051/3155/3265
f 2911/3148/3258 3952/3147/3257 4290/3156/3266 3955/3154/3264
f 3952/3147/3257 2689/3146/3256 3957/3157/3267 4290/3156/3266
f 4290/3156/3266 3957/3157/3267 2812/3158/3268 3958/3159/3269
f 3955/3154/3264 4290/3156/3266 3958/3159/3269 3051/3155/3265
f 2812/3158/3268 3959/3160/3270 4291/3161/3271 3958/3159/3269
f 3959/3160/3270 2690/3162/3272 3960/3163/3273 4291/3161/3271
f 4291/3161/3271 3960/3163/3273 2912/3164/3274 3961/3165/3275
f 3958/3159/3269 4291/3161/3271 3961/3165/3275 3051/3155/3265
f 2912/3164/3274 3962/3166/3276 4292/3167/3277 3961/3165/3275
f 3962/3166/3276 2680/3004/3112 3879/3002/3110 4292/3167/3277
f 4292/3167/3277 3879/3002/3110 2802/3000/3108 3956/3153/3263
f 3961/3165/3275 4292/3167/3277 3956/3153/3263 3051/3155/3265
f 2803/3016/3124 3885/3015/3123 4293/3168/3278 3964/3169/3279
f 3885/3015/3123 2680/3004/3112 3962/3166/3276 4293/3168/3278
f 4293/3168/3278 3962/3166/3276 2912/3164/3274 3963/3170/3280
f 3964/3169/3279 4293/3168/3278 3963/3170/3280 3052/3171/3281
f 2912/3164/3274 3960/3163/3273 4294/3172/3282 3963/3170/3280
f 3960/3163/3273 2690/3162/3272 3965/3173/3283 4294/3172/3282
f 4294/3172/3282 3965/3173/3283 2813/3174/3284 3966/3175/3285
f 3963/3170/3280 4294/3172/3282 3966/3175/3285 3052/3171/3281
f 2813/3174/3284 3967/3176/3286 4295/3177/3287 3966/3175/3285
f 3967/3176/3286 2691/3178/3288 3968/3179/3289 4295/3177/3287
f 4295/3177/3287 3968/3179/3289 2913/3180/3290 3969/3181/3291
f 3966/3175/3285 4295/3177/3287 3969/3181/3291 3052/3171/3281
f 2913/3180/3290 3970/3182/3292 4296/3183/3293 3969/3181/3291
f 3970/3182/3292 2681/3020/3128 3887/3018/3126 4296/3183/3293
f 4296/3183/3293 3887/3018/3126 2803/3016/3124 3964/3169/3279
f 3969/3181/3291 4296/3183/3293 3964/3169/3279 3052/3171/3281
f 2804/3032/3140 3893/3031/3139 4297/3184/3294 3972/3185/3295
f 3893/3031/3139 2681/3020/3128 3970/3182/3292 4297/3184/3294
f 4297/3184/3294 3970/3182/3292 2913/3180/3290 3971/3186/3296
f 3972/3185/3295 4297/3184/3294 3971/3186/3296 3053/3187/3297
f 2913/3180/3290 3968/3179/3289 4298/3188/3298 3971/3186/3296
f 3968/3179/3289 2691/3178/3288 3973/3189/3299 4298/3188/3298
f 4298/3188/3298 3973/3189/3299 2814/3190/3300 3974/3191/3301
f 3971/3186/3296 4298/3188/3298 3974/3191/3301 3053/3187/3297
f 2814/3190/3300 3975/3192/3302 4299/3193/3303 3974/3191/3301
f 3975/3192/3302 2692/3194/3304 3976/3195/3305 4299/3193/3303
f 4299/3193/3303 3976/3195/3305 2914/3196/3306 3977/3197/3307
f 3974/3191/3301 4299/3193/3303 3977/3197/3307 3053/3187/3297
f 2914/3196/3306 3978/3198/3308 4300/3199/3309 3977/3197/3307
f 3978/3198/3308 2682/3036/3144 3895/3034/3142 4300/3199/3309
f 4300/3199/3309 3895/3034/3142 2804/3032/3140 3972/3185/3295
f 3977/3197/3307 4300/3199/3309 3972/3185/3295 3053/3187/3297
f 2795/3047/3156 3901/3046/3155 4301/3200/3310 3980/3121/3311
f 3901/3046/3155 2682/3036/3144 3978/3198/3308 4301/3200/3310
f 4301/3200/3310 3978/3198/3308 2914/3196/3306 3979/3201/3312
f 3980/3121/3311 4301/3200/3310 3979/3201/3312 3054/3202/3313
f 2914/3196/3306 3976/3195/3305 4302/3203/3314 3979/3201/3312
f 3976/3195/3305 2692/3194/3304 3981/3204/3315 4302/3203/3314
f 4302/3203/3314 3981/3204/3315 2805/3205/3316 3982/3127/3317
f 3979/3201/3312 4302/3203/3314 3982/3127/3317 3054/3202/3313
f 2805/3205/3316 3983/3206/3318 4303/3207/3319 3982/3127/3317
f 3983/3206/3318 2683/3060/3170 3908/3058/3168 4303/3207/3319
f 4303/3207/3319 3908/3058/3168 2905/3055/3165 3984/3208/3320
f 3982/3127/3317 4303/3207/3319 3984/3208/3320 3054/3202/3313
f 2905/3055/3165 3905/3054/3164 4304/3209/3321 3984/3208/3320
f 3905/3054/3164 2673/2902/3010 3903/3048/3158 4304/3209/3321
f 4304/3209/3321 3903/3048/3158 2795/3047/3156 3980/3121/3311
f 3984/3208/3320 4304/3209/3321 3980/3121/3311 3054/3202/3313
f 2806/3062/3172 3909/3061/3171 4305/3210/3322 3987/3211/3323
f 3909/3061/3171 2683/3060/3170 3985/3212/3324 4305/3210/3322
f 4305/3210/3322 3985/3212/3324 2915/3213/3325 3986/3214/3326
f 3987/3211/3323 4305/3210/3322 3986/3214/3326 3055/3215/3327
f 2915/3213/3325 3988/3216/3328 4306/3217/3329 3986/3214/3326
f 3988/3216/3328 2693/3218/3330 3989/3219/3331 4306/3217/3329
f 4306/3217/3329 3989/3219/3331 2816/3220/3332 3990/3221/3333
f 3986/3214/3326 4306/3217/3329 3990/3221/3333 3055/3215/3327
f 2816/3220/3332 3991/3222/3334 4307/3223/3335 3990/3221/3333
f 3991/3222/3334 2694/3224/3336 3992/3225/3337 4307/3223/3335
f 4307/3223/3335 3992/3225/3337 2916/3226/3338 3993/3227/3339
f 3990/3221/3333 4307/3223/3335 3993/3227/3339 3055/3215/3327
f 2916/3226/3338 3994/3228/3340 4308/3229/3341 3993/3227/3339
f 3994/3228/3340 2684/3066/3176 3911/3064/3174 4308/3229/3341
f 4308/3229/3341 3911/3064/3174 2806/3062/3172 3987/3211/3323
f 3993/3227/3339 4308/3229/3341 3987/3211/3323 3055/3215/3327
f 2807/3078/3188 3917/3077/3187 4309/3230/3342 3996/3231/3343
f 3917/3077/3187 2684/3066/3176 3994/3228/3340 4309/3230/3342
f 4309/3230/3342 3994/3228/3340 2916/3226/3338 3995/3232/3344
f 3996/3231/3343 4309/3230/3342 3995/3232/3344 3056/3233/3345
f 2916/3226/3338 3992/3225/3337 4310/3234/3346 3995/3232/3344
f 3992/3225/3337 2694/3224/3336 3997/3235/3347 4310/3234/3346
f 4310/3234/3346 3997/3235/3347 2817/3236/3348 3998/3237/3349
f 3995/3232/3344 4310/3234/3346 3998/3237/3349 3056/3233/3345
f 2817/3236/3348 3999/3238/3350 4311/3239/3351 3998/3237/3349
f 3999/3238/3350 2695/3240/3352 4000/3241/3353 4311/3239/3351
f 4311/3239/3351 4000/3241/3353 2917/3242/3354 4001/3243/3355
f 3998/3237/3349 4311/3239/3351 4001/3243/3355 3056/3233/3345
f 2917/3242/3354 4002/3244/3356 4312/3245/3357 4001/3243/3355
f 4002/3244/3356 2685/3082/3192 3919/3080/3190 4312/3245/3357
f 4312/3245/3357 3919/3080/3190 2807/3078/3188 3996/3231/3343
f 4001/3243/3355 4312/3245/3357 3996/3231/3343 3056/3233/3345
f 2808/3094/3204 3925/3093/3203 4313/3246/3358 4004/3247/3359
f 3925/3093/3203 2685/3082/3192 4002/3244/3356 4313/3246/3358
f 4313/3246/3358 4002/3244/3356 2917/3242/3354 4003/3248/3360
f 4004/3247/3359 4313/3246/3358 4003/3248/3360 3057/3249/3361
f 2917/3242/3354 4000/3241/3353 4314/3250/3362 4003/3248/3360
f 4000/3241/3353 2695/3240/3352 4005/3251/3363 4314/3250/3362
f 4314/3250/3362 4005/3251/3363 2818/3252/3364 4006/3253/3365
f 4003/3248/3360 4314/3250/3362 4006/3253/3365 3057/3249/3361
f 2818/3252/3364 4007/3254/3366 4315/3255/3367 4006/3253/3365
f 4007/3254/3366 2696/3256/3368 4008/3257/3369 4315/3255/3367
f 4315/3255/3367 4008/3257/3369 2918/3258/3370 4009/3259/3371
f 4006/3253/3365 4315/3255/3367 4009/3259/3371 3057/3249/3361
f 2918/3258/3370 4010/3260/3372 4316/3261/3373 4009/3259/3371
f 4010/3260/3372 2686/3098/3208 3927/3096/3206 4316/3261/3373
f 4316/3261/3373 3927/3096/3206 2808/3094/3204 4004/3247/3359
f 4009/3259/3371 4316/3261/3373 4004/3247/3359 3057/3249/3361
f 2809/3110/3220 3933/3109/3219 4317/3262/3374 4012/3263/3375
f 3933/3109/3219 2686/3098/3208 4010/3260/3372 4317/3262/3374
f 4317/3262/3374 4010/3260/3372 2918/3258/3370 4011/3264/3376
f 4012/3263/3375 4317/3262/3374 4011/3264/3376 3058/3265/3377
f 2918/3258/3370 4008/3257/3369 4318/3266/3378 4011/3264/3376
f 4008/3257/3369 2696/3256/3368 4013/3267/3379 4318/3266/3378
f 4318/3266/3378 4013/3267/3379 2819/3268/3380 4014/3269/3381
f 4011/3264/3376 4318/3266/3378 4014/3269/3381 3058/3265/3377
f 2819/3268/3380 4015/3270/3382 4319/3271/3383 4014/3269/3381
f 4015/3270/3382 2697/3272/3384 4016/3273/3385 4319/3271/3383
f 4319/3271/3383 4016/3273/3385 2919/3274/3386 4017/3275/3387
f 4014/3269/3381 4319/3271/3383 4017/3275/3387 3058/3265/3377
f 2919/3274/3386 4018/3276/3388 4320/3277/3389 4017/3275/3387
f 4018/3276/3388 2687/3114/3224 3935/3112/3222 4320/3277/3389
f 4320/3277/3389 3935/3112/3222 2809/3110/3220 4012/3263/3375
f 4017/3275/3387 4320/3277/3389 4012/3263/3375 3058/3265/3377
f 2810/3126/3236 3941/3125/3235 4321/3278/3390 4020/3279/3391
f 3941/3125/3235 2687/3114/3224 4018/3276/3388 4321/3278/3390
f 4321/3278/3390 4018/3276/3388 2919/3274/3386 4019/3280/3392
f 4020/3279/3391 4321/3278/3390 4019/3280/3392 3059/3281/3393
f 2919/3274/3386 4016/3273/3385 4322/3282/3394 4019/3280/3392
f 4016/3273/3385 2697/3272/3384 4021/3283/3395 4322/3282/3394
f 4322/3282/3394 4021/3283/3395 2820/3284/3396 4022/3285/3397
f 4019/3280/3392 4322/3282/3394 4022/3285/3397 3059/3281/3393
f 2820/3284/3396 4023/3286/3398 4323/3287/3399 4022/3285/3397
f 4023/3286/3398 2698/3288/3400 4024/3289/3401 4323/3287/3399
f 4323/3287/3399 4024/3289/3401 2920/3290/3402 4025/3291/3403
f 4022/3285/3397 4323/3287/3399 4025/3291/3403 3059/3281/3393
f 2920/3290/3402 4026/3292/3404 4324/3293/3405 4025/3291/3403
f 4026/3292/3404 2688/3130/3240 3943/3128/3238 4324/3293/3405
f 4324/3293/3405 3943/3128/3238 2810/3126/3236 4020/3279/3391
f 4025/3291/3403 4324/3293/3405 4020/3279/3391 3059/3281/3393
f 2811/3142/3252 3949/3141/3251 4325/3294/3406 4028/3295/3407
f 3949/3141/3251 2688/3130/3240 4026/3292/3404 4325/3294/3406
f 4325/3294/3406 4026/3292/3404 2920/3290/3402 4027/3296/3408
f 4028/3295/3407 4325/3294/3406 4027/3296/3408 3060/3297/3409
f 2920/3290/3402 4024/3289/3401 4326/3298/3410 4027/3296/3408
f 4024/3289/3401 2698/3288/3400 4029/3299/3411 4326/3298/3410
f 4326/3298/3410 4029/3299/3411 2821/3300/3412 4030/3301/3413
f 4027/3296/3408 4326/3298/3410 4030/3301/3413 3060/3297/3409
f 2821/3300/3412 4031/3302/3414 4327/3303/3415 4030/3301/3413
f 4031/3302/3414 2699/3304/3416 4032/3305/3417 4327/3303/3415
f 4327/3303/3415 4032/3305/3417 2921/3306/3418 4033/3307/3419
f 4030/3301/3413 4327/3303/3415 4033/3307/3419 3060/3297/3409
f 2921/3306/3418 4034/3308/3420 4328/3309/3421 4033/3307/3419
f 4034/3308/3420 2689/3146/3256 3951/3144/3254 4328/3309/3421
f 4328/3309/3421 3951/3144/3254 2811/3142/3252 4028/3295/3407
f 4033/3307/3419 4328/3309/3421 4028/3295/3407 3060/3297/3409
f 2812/3158/3268 3957/3157/3267 4329/3310/3422 4036/3311/3423
f 3957/3157/3267 2689/3146/3256 4034/3308/3420 4329/3310/3422
f 4329/3310/3422 4034/3308/3420 2921/3306/3418 4035/3312/3424
f 4036/3311/3423 4329/3310/3422 4035/3312/3424 3061/3313/3425
f 2921/3306/3418 4032/3305/3417 4330/3314/3426 4035/3312/3424
f 4032/3305/3417 2699/3304/3416 4037/3315/3427 4330/3314/3426
f 4330/3314/3426 4037/3315/3427 2822/3316/3428 4038/3317/3429
f 4035/3312/3424 4330/3314/3426 4038/3317/3429 3061/3313/3425
f 2822/3316/3428 4039/3318/3430 4331/3319/3431 4038/3317/3429
f 4039/3318/3430 2700/3320/3432 4040/3321/3433 4331/3319/3431
f 4331/3319/3431 4040/3321/3433 2922/3322/3434 4041/3323/3435
f 4038/3317/3429 4331/3319/3431 4041/3323/3435 3061/3313/3425
f 2922/3322/3434 4042/3324/3436 4332/3325/3437 4041/3323/3435
f 4042/3324/3436 2690/3162/3272 3959/3160/3270 4332/3325/3437
f 4332/3325/3437 3959/3160/3270 2812/3158/3268 4036/3311/3423
f 4041/3323/3435 4332/3325/3437 4036/3311/3423 3061/3313/3425
f 2813/3174/3284 3965/3173/3283 4333/3326/3438 4044/3327/3439
f 3965/3173/3283 2690/3162/3272 4042/3324/3436 4333/3326/3438
f 4333/3326/3438 4042/3324/3436 2922/3322/3434 4043/3328/3440
f 4044/3327/3439 4333/3326/3438 4043/3328/3440 3062/3329/3441
f 2922/3322/3434 4040/3321/3433 4334/3330/3442 4043/3328/3440
f 4040/3321/3433 2700/3320/3432 4045/3331/3443 4334/3330/3442
f 4334/3330/3442 4045/3331/3443 2823/3332/3444 4046/3333/3445
f 4043/3328/3440 4334/3330/3442 4046/3333/3445 3062/3329/3441
f 2823/3332/3444 4047/3334/3446 4335/3335/3447 4046/3333/3445
f 4047/3334/3446 2701/3336/3448 4048/3337/3449 4335/3335/3447
f 4335/3335/3447 4048/3337/3449 2923/3338/3450 4049/3339/3451
f 4046/3333/3445 4335/3335/3447 4049/3339/3451 3062/3329/3441
f 2923/3338/3450 4050/3340/3452 4336/3341/3453 4049/3339/3451
f 4050/3340/3452 2691/3178/3288 3967/3176/3286 4336/3341/3453
f 4336/3341/3453 3967/3176/3286 2813/3174/3284 4044/3327/3439
f 4049/3339/3451 4336/3341/3453 4044/3327/3439 3062/3329/3441
f 2814/3190/3300 3973/3189/3299 4337/3342/3454 4052/3343/3455
f 3973/3189/3299 2691/3178/3288 4050/3340/3452 4337/3342/3454
f 4337/3342/3454 4050/3340/3452 2923/3338/3450 4051/3344/3456
f 4052/3343/3455 4337/3342/3454 4051/3344/3456 3063/3345/3457
f 2923/3338/3450 4048/3337/3449 4338/3346/3458 4051/3344/3456
f 4048/3337/3449 2701/3336/3448 4053/3347/3459 4338/3346/3458
f 4338/3346/3458 4053/3347/3459 2824/3348/3460 4054/3349/3461
f 4051/3344/3456 4338/3346/3458 4054/3349/3461 3063/3345/3457
f 2824/3348/3460 4055/3350/3462 4339/3351/3463 4054/3349/3461
f 4055/3350/3462 2702/3352/3464 4056/3353/3465 4339/3351/3463
f 4339/3351/3463 4056/3353/3465 2924/3354/3466 4057/3355/3467
f 4054/3349/3461 4339/3351/3463 4057/3355/3467 3063/3345/3457
f 2924/3354/3466 4058/3356/3468 4340/3357/3469 4057/3355/3467
f 4058/3356/3468 2692/3194/3304 3975/3192/3302 4340/3357/3469
f 4340/3357/3469 3975/3192/3302 2814/3190/3300 4052/3343/3455
f 4057/3355/3467 4340/3357/3469 4052/3343/3455 3063/3345/3457
f 2805/3205/3316 3981/3204/3315 4341/3358/3470 4060/3279/3471
f 3981/3204/3315 2692/3194/3304 4058/3356/3468 4341/3358/3470
f 4341/3358/3470 4058/3356/3468 2924/3354/3466 4059/3359/3472
f 4060/3279/3471 4341/3358/3470 4059/3359/3472 3064/3360/3473
f 2924/3354/3466 4056/3353/3465 4342/3361/3474 4059/3359/3472
f 4056/3353/3465 2702/3352/3464 4061/3362/3475 4342/3361/3474
f 4342/3361/3474 4061/3362/3475 2815/3363/3476 4062/3285/3477
f 4059/3359/3472 4342/3361/3474 4062/3285/3477 3064/3360/3473
f 2815/3363/3476 4063/3364/3478 4343/3365/3479 4062/3285/3477
f 4063/3364/3478 2693/3218/3330 3988/3216/3328 4343/3365/3479
f 4343/3365/3479 3988/3216/3328 2915/3213/3325 4064/3366/3480
f 4062/3285/3477 4343/3365/3479 4064/3366/3480 3064/3360/3473
f 2915/3213/3325 3985/3212/3324 4344/3367/3481 4064/3366/3480
f 3985/3212/3324 2683/3060/3170 3983/3206/3318 4344/3367/3481
f 4344/3367/3481 3983/3206/3318 2805/3205/3316 4060/3279/3471
f 4064/3366/3480 4344/3367/3481 4060/3279/3471 3064/3360/3473
f 2816/3220/3332 3989/3219/3331 4345/3368/3482 4067/3369/3483
f 3989/3219/3331 2693/3218/3330 4065/3370/3484 4345/3368/3482
f 4345/3368/3482 4065/3370/3484 2925/3371/3485 4066/3372/3486
f 4067/3369/3483 4345/3368/3482 4066/3372/3486 3065/3373/3487
f 2925/3371/3485 4068/3374/3488 4346/3375/3489 4066/3372/3486
f 4068/3374/3488 2703/3376/3490 4069/3377/3491 4346/3375/3489
f 4346/3375/3489 4069/3377/3491 2826/3378/3492 4070/3379/3493
f 4066/3372/3486 4346/3375/3489 4070/3379/3493 3065/3373/3487
f 2826/3378/3492 4071/3380/3494 4347/3381/3495 4070/3379/3493
f 4071/3380/3494 2704/3382/3496 4072/3383/3497 4347/3381/3495
f 4347/3381/3495 4072/3383/3497 2926/3384/3498 4073/3385/3499
f 4070/3379/3493 4347/3381/3495 4073/3385/3499 3065/3373/3487
f 2926/3384/3498 4074/3386/3500 4348/3387/3501 4073/3385/3499
f 4074/3386/3500 2694/3224/3336 3991/3222/3334 4348/3387/3501
f 4348/3387/3501 3991/3222/3334 2816/3220/3332 4067/3369/3483
f 4073/3385/3499 4348/3387/3501 4067/3369/3483 3065/3373/3487
f 2817/3236/3348 3997/3235/3347 4349/3388/3502 4076/3389/3503
f 3997/3235/3347 2694/3224/3336 4074/3386/3500 4349/3388/3502
f 4349/3388/3502 4074/3386/3500 2926/3384/3498 4075/3390/3504
f 4076/3389/3503 4349/3388/3502 4075/3390/3504 3066/3391/3505
f 2926/3384/3498 4072/3383/3497 4350/3392/3506 4075/3390/3504
f 4072/3383/3497 2704/3382/3496 4077/3393/3507 4350/3392/3506
f 4350/3392/3506 4077/3393/3507 2827/3394/3508 4078/3395/3509
f 4075/3390/3504 4350/3392/3506 4078/3395/3509 3066/3391/3505
f 2827/3394/3508 4079/3396/3510 4351/3397/3511 4078/3395/3509
f 4079/3396/3510 2705/3398/3512 4080/3399/3513 4351/3397/3511
f 4351/3397/3511 4080/3399/3513 2927/3400/3514 4081/3401/3515
f 4078/3395/3509 4351/3397/3511 4081/3401/3515 3066/3391/3505
f 2927/3400/3514 4082/3402/3516 4352/3403/3517 4081/3401/3515
f 4082/3402/3516 2695/3240/3352 3999/3238/3350 4352/3403/3517
f 4352/3403/3517 3999/3238/3350 2817/3236/3348 4076/3389/3503
f 4081/3401/3515 4352/3403/3517 4076/3389/3503 3066/3391/3505
f 2818/3252/3364 4005/3251/3363 4353/3404/3518 4084/3405/3519
f 4005/3251/3363 2695/3240/3352 4082/3402/3516 4353/3404/3518
f 4353/3404/3518 4082/3402/3516 2927/3400/3514 4083/3406/3520
f 4084/3405/3519 4353/3404/3518 4083/3406/3520 3067/3407/3521
f 2927/3400/3514 4080/3399/3513 4354/3408/3522 4083/3406/3520
f 4080/3399/3513 2705/3398/3512 4085/3409/3523 4354/3408/3522
f 4354/3408/3522 4085/3409/3523 2828/3410/3524 4086/3411/3525
f 4083/3406/3520 4354/3408/3522 4086/3411/3525 3067/3407/3521
f 2828/3410/3524 4087/3412/3526 4355/3413/3527 4086/3411/3525
f 4087/3412/3526 2706/3414/3528 4088/3415/3529 4355/3413/3527
f 4355/3413/3527 4088/3415/3529 2928/3416/3530 4089/3417/3531
f 4086/3411/3525 4355/3413/3527 4089/3417/3531 3067/3407/3521
f 2928/3416/3530 4090/3418/3532 4356/3419/3533 4089/3417/3531
f 4090/3418/3532 2696/3256/3368 4007/3254/3366 4356/3419/3533
f 4356/3419/3533 4007/3254/3366 2818/3252/3364 4084/3405/3519
f 4089/3417/3531 4356/3419/3533 4084/3405/3519 3067/3407/3521
f 2819/3268/3380 4013/3267/3379 4357/3420/3534 4092/3421/3535
f 4013/3267/3379 2696/3256/3368 4090/3418/3532 4357/3420/3534
f 4357/3420/3534 4090/3418/3532 2928/3416/3530 4091/3422/3536
f 4092/3421/3535 4357/3420/3534 4091/3422/3536 3068/3423/3537
f 2928/3416/3530 4088/3415/3529 4358/3424/3538 4091/3422/3536
f 4088/3415/3529 2706/3414/3528 4093/3425/3539 4358/3424/3538
f 4358/3424/3538 4093/3425/3539 2829/3426/3540 4094/3427/3541
f 4091/3422/3536 4358/3424/3538 4094/3427/3541 3068/3423/3537
f 2829/3426/3540 4095/3428/3542 4359/3429/3543 4094/3427/3541
f 4095/3428/3542 2707/3430/3544 4096/3431/3545 4359/3429/3543
f 4359/3429/3543 4096/3431/3545 2929/3432/3546 4097/3433/3547
f 4094/3427/3541 4359/3429/3543 4097/3433/3547 3068/3423/3537
f 2929/3432/3546 4098/3434/3548 4360/3435/3549 4097/3433/3547
f 4098/3434/3548 2697/3272/3384 4015/3270/3382 4360/3435/3549
f 4360/3435/3549 4015/3270/3382 2819/3268/3380 4092/3421/3535
f 4097/3433/3547 4360/3435/3549 4092/3421/3535 3068/3423/3537
f 2820/3284/3396 4021/3283/3395 4361/3436/3550 4100/3437/3551
f 4021/3283/3395 2697/3272/3384 4098/3434/3548 4361/3436/3550
f 4361/3436/3550 4098/3434/3548 2929/3432/3546 4099/3438/3552
f 4100/3437/3551 4361/3436/3550 4099/3438/3552 3069/3439/3553
f 2929/3432/3546 4096/3431/3545 4362/3440/3554 4099/3438/3552
f 4096/3431/3545 2707/3430/3544 4101/3441/3555 4362/3440/3554
f 4362/3440/3554 4101/3441/3555 2830/3442/3556 4102/3443/3557
f 4099/3438/3552 4362/3440/3554 4102/3443/3557 3069/3439/3553
f 2830/3442/3556 4103/3444/3558 4363/3445/3559 4102/3443/3557
f 4103/3444/3558 2708/3446/3560 4104/3447/3561 4363/3445/3559
f 4363/3445/3559 4104/3447/3561 2930/3448/3562 4105/3449/3563
f 4102/3443/3557 4363/3445/3559 4105/3449/3563 3069/3439/3553
f 2930/3448/3562 4106/3450/3564 4364/3451/3565 4105/3449/3563
f 4106/3450/3564 2698/3288/3400 4023/3286/3398 4364/3451/3565
f 4364/3451/3565 4023/3286/3398 2820/3284/3396 4100/3437/3551
f 4105/3449/3563 4364/3451/3565 4100/3437/3551 3069/3439/3553
f 2821/3300/3412 4029/3299/3411 4365/3452/3566 4108/3453/3567
f 4029/3299/3411 2698/3288/3400 4106/3450/3564 4365/3452/3566
f 4365/3452/3566 4106/3450/3564 2930/3448/3562 4107/3454/3568
f 4108/3453/3567 4365/3452/3566 4107/3454/3568 3070/3455/3569
f 2930/3448/3562 4104/3447/3561 4366/3456/3570 4107/3454/3568
f 4104/3447/3561 2708/3446/3560 4109/3457/3571 4366/3456/3570
f 4366/3456/3570 4109/3457/3571 2831/3458/3572 4110/3459/3573
f 4107/3454/3568 4366/3456/3570 4110/3459/3573 3070/3455/3569
f 2831/3458/3572 4111/3460/3574 4367/3461/3575 4110/3459/3573
f 4111/3460/3574 2709/3462/3576 4112/3463/3577 4367/3461/3575
f 4367/3461/3575 4112/3463/3577 2931/3464/3578 4113/3465/3579
f 4110/3459/3573 4367/3461/3575 4113/3465/3579 3070/3455/3569
f 2931/3464/3578 4114/3466/3580 4368/3467/3581 4113/3465/3579
f 4114/3466/3580 2699/3304/3416 4031/3302/3414 4368/3467/3581
f 4368/3467/3581 4031/3302/3414 2821/3300/3412 4108/3453/3567
f 4113/3465/3579 4368/3467/3581 4108/3453/3567 3070/3455/3569
f 2822/3316/3428 4037/3315/3427 4369/3468/3582 4116/3469/3583
f 4037/3315/3427 2699/3304/3416 4114/3466/3580 4369/3468/3582
f 4369/3468/3582 4114/3466/3580 2931/3464/3578 4115/3470/3584
f 4116/3469/3583 4369/3468/3582 4115/3470/3584 3071/3471/3585
f 2931/3464/3578 4112/3463/3577 4370/3472/3586 4115/3470/3584
f 4112/3463/3577 2709/3462/3576 4117/3473/3587 4370/3472/3586
f 4370/3472/3586 4117/3473/3587 2832/3474/3588 4118/3475/3589
f 4115/3470/3584 4370/3472/3586 4118/3475/3589 3071/3471/3585
f 2832/3474/3588 4119/3476/3590 4371/3477/3591 4118/3475/3589
f 4119/3476/3590 2710/3478/3592 4120/3479/3593 4371/3477/3591
f 4371/3477/3591 4120/3479/3593 2932/3480/3594 4121/3481/3595
f 4118/3475/3589 4371/3477/3591 4121/3481/3595 3071/3471/3585
f 2932/3480/3594 4122/3482/3596 4372/3483/3597 4121/3481/3595
f 4122/3482/3596 2700/3320/3432 4039/3318/3430 4372/3483/3597
f 4372/3483/3597 4039/3318/3430 2822/3316/3428 4116/3469/3583
f 4121/3481/3595 4372/3483/3597 4116/3469/3583 3071/3471/3585
f 2823/3332/3444 4045/3331/3443 4373/3484/3598 4124/3485/3599
f 4045/3331/3443 2700/3320/3432 4122/3482/3596 4373/3484/3598
f 4373/3484/3598 4122/3482/3596 2932/3480/3594 4123/3486/3600
f 4124/3485/3599 4373/3484/3598 4123/3486/3600 3072/3487/3601
f 2932/3480/3594 4120/3479/3593 4374/3488/3602 4123/3486/3600
f 4120/3479/3593 2710/3478/3592 4125/3489/3603 4374/3488/3602
f 4374/3488/3602 4125/3489/3603 2833/3490/3604 4126/3491/3605
f 4123/3486/3600 4374/3488/3602 4126/3491/3605 3072/3487/3601
f 2833/3490/3604 4127/3492/3606 4375/3493/3607 4126/3491/3605
f 4127/3492/3606 2711/3494/3608 4128/3495/3609 4375/3493/3607
f 4375/3493/3607 4128/3495/3609 2933/3496/3610 4129/3497/3611
f 4126/3491/3605 4375/3493/3607 4129/3497/3611 3072/3487/3601
f 2933/3496/3610 4130/3498/3612 4376/3499/3613 4129/3497/3611
f 4130/3498/3612 2701/3336/3448 4047/3334/3446 4376/3499/3613
f 4376/3499/3613 4047/3334/3446 2823/3332/3444 4124/3485/3599
f 4129/3497/3611 4376/3499/3613 4124/3485/3599 3072/3487/3601
f 2824/3348/3460 4053/3347/3459 4377/3500/3614 4132/3501/3615
f 4053/3347/3459 2701/3336/3448 4130/3498/3612 4377/3500/3614
f 4377/3500/3614 4130/3498/3612 2933/3496/3610 4131/3502/3616
f 4132/3501/3615 4377/3500/3614 4131/3502/3616 3073/3503/3617
f 2933/3496/3610 4128/3495/3609 4378/3504/3618 4131/3502/3616
f 4128/3495/3609 2711/3494/3608 4133/3505/3619 4378/3504/3618
f 4378/3504/3618 4133/3505/3619 2834/3506/3620 4134/3507/3621
f 4131/3502/3616 4378/3504/3618 4134/3507/3621 3073/3503/3617
f 2834/3506/3620 4135/3508/3622 4379/3509/3623 4134/3507/3621
f 4135/3508/3622 2712/3510/3624 4136/3511/3625 4379/3509/3623
f 4379/3509/3623 4136/3511/3625 2934/3512/3626 4137/3513/3627
f 4134/3507/3621 4379/3509/3623 4137/3513/3627 3073/3503/3617
f 2934/3512/3626 4138/3514/3628 4380/3515/3629 4137/3513/3627
f 4138/3514/3628 2702/3352/3464 4055/3350/3462 4380/3515/3629
f 4380/3515/3629 4055/3350/3462 2824/3348/3460 4132/3501/3615
f 4137/3513/3627 4380/3515/3629 4132/3501/3615 3073/3503/3617
f 2815/3363/3476 4061/3362/3475 4381/3516/3630 4140/3437/3631
f 4061/3362/3475 2702/3352/3464 4138/3514/3628 4381/3516/3630
f 4381/3516/3630 4138/3514/3628 2934/3512/3626 4139/3517/3632
f 4140/3437/3631 4381/3516/3630 4139/3517/3632 3074/3518/3633
f 2934/3512/3626 4136/3511/3625 4382/3519/3634 4139/3517/3632
f 4136/3511/3625 2712/3510/3624 4141/3520/3635 4382/3519/3634
f 4382/3519/3634 4141/3520/3635 2825/3521/3636 4142/3443/3637
f 4139/3517/3632 4382/3519/3634 4142/3443/3637 3074/3518/3633
f 2825/3521/3636 4143/3522/3638 4383/3523/3639 4142/3443/3637
f 4143/3522/3638 2703/3376/3490 4068/3374/3488 4383/3523/3639
f 4383/3523/3639 4068/3374/3488 2925/3371/3485 4144/3524/3640
f 4142/3443/3637 4383/3523/3639 4144/3524/3640 3074/3518/3633
f 2925/3371/3485 4065/3370/3484 4384/3525/3641 4144/3524/3640
f 4065/3370/3484 2693/3218/3330 4063/3364/3478 4384/3525/3641
f 4384/3525/3641 4063/3364/3478 2815/3363/3476 4140/3437/3631
f 4144/3524/3640 4384/3525/3641 4140/3437/3631 3074/3518/3633
f 2826/3378/3492 4069/3377/3491 4385/3526/3642 3147/3527/3643
f 4069/3377/3491 2703/3376/3490 3145/3528/3644 4385/3526/3642
f 4385/3526/3642 3145/3528/3644 2935/3529/3645 3146/3530/3646
f 3147/3527/3643 4385/3526/3642 3146/3530/3646 3075/3531/3647
f 2935/3529/3645 3148/3532/3648 4386/3533/3649 3146/3530/3646
f 3148/3532/3648 2713/3534/3650 3149/3535/3651 4386/3533/3649
f 4386/3533/3649 3149/3535/3651 2836/3536/3652 3150/3537/3653
f 3146/3530/3646 4386/3533/3649 3150/3537/3653 3075/3531/3647
f 2836/3536/3652 3151/3538/3654 4387/3539/3655 3150/3537/3653
f 3151/3538/3654 2714/3540/3656 3152/3541/3657 4387/3539/3655
f 4387/3539/3655 3152/3541/3657 2936/3542/3658 3153/3543/3659
f 3150/3537/3653 4387/3539/3655 3153/3543/3659 3075/3531/3647
f 2936/3542/3658 3154/3544/3660 4388/3545/3661 3153/3543/3659
f 3154/3544/3660 2704/3382/3496 4071/3380/3494 4388/3545/3661
f 4388/3545/3661 4071/3380/3494 2826/3378/3492 3147/3527/3643
f 3153/3543/3659 4388/3545/3661 3147/3527/3643 3075/3531/3647
f 2827/3394/3508 4077/3393/3507 4389/3546/3662 3156/3547/3663
f 4077/3393/3507 2704/3382/3496 3154/3544/3660 4389/3546/3662
f 4389/3546/3662 3154/3544/3660 2936/3542/3658 3155/3548/3664
f 3156/3547/3663 4389/3546/3662 3155/3548/3664 3076/3549/3665
f 2936/3542/3658 3152/3541/3657 4390/3550/3666 3155/3548/3664
f 3152/3541/3657 2714/3540/3656 3157/3551/3667 4390/3550/3666
f 4390/3550/3666 3157/3551/3667 2837/3552/3668 3158/3553/3669
f 3155/3548/3664 4390/3550/3666 3158/3553/3669 3076/3549/3665
f 2837/3552/3668 3159/3554/3670 4391/3555/3671 3158/3553/3669
f 3159/3554/3670 2715/3556/3672 3160/3557/3673 4391/3555/3671
f 4391/3555/3671 3160/3557/3673 2937/3558/3674 3161/3559/3675
f 3158/3553/3669 4391/3555/3671 3161/3559/3675 3076/3549/3665
f 2937/3558/3674 3162/3560/3676 4392/3561/3677 3161/3559/3675
f 3162/3560/3676 2705/3398/3512 4079/3396/3510 4392/3561/3677
f 4392/3561/3677 4079/3396/3510 2827/3394/3508 3156/3547/3663
f 3161/3559/3675 4392/3561/3677 3156/3547/3663 3076/3549/3665
f 2828/3410/3524 4085/3409/3523 4393/3562/3678 3164/3563/3679
f 4085/3409/3523 2705/3398/3512 3162/3560/3676 4393/3562/3678
f 4393/3562/3678 3162/3560/3676 2937/3558/3674 3163/3564/3680
f 3164/3563/3679 4393/3562/3678 3163/3564/3680 3077/3565/3681
f 2937/3558/3674 3160/3557/3673 4394/3566/3682 3163/3564/3680
f 3160/3557/3673 2715/3556/3672 3165/3567/3683 4394/3566/3682
f 4394/3566/3682 3165/3567/3683 2838/3568/3684 3166/3569/3685
f 3163/3564/3680 4394/3566/3682 3166/3569/3685 3077/3565/3681
f 2838/3568/3684 3167/3570/3686 4395/3571/3687 3166/3569/3685
f 3167/3570/3686 2716/3572/3688 3168/3573/3689 4395/3571/3687
f 4395/3571/3687 3168/3573/3689 2938/3574/3690 3169/3575/3691
f 3166/3569/3685 4395/3571/3687 3169/3575/3691 3077/3565/3681
f 2938/3574/3690 3170/3576/3692 4396/3577/3693 3169/3575/3691
f 3170/3576/3692 2706/3414/3528 4087/3412/3526 4396/3577/3693
f 4396/3577/3693 4087/3412/3526 2828/3410/3524 3164/3563/3679
f 3169/3575/3691 4396/3577/3693 3164/3563/3679 3077/3565/3681
f 2829/3426/3540 4093/3425/3539 4397/3578/3694 3172/3579/3695
f 4093/3425/3539 2706/3414/3528 3170/3576/3692 4397/3578/3694
f 4397/3578/3694 3170/3576/3692 2938/3574/3690 3171/3580/3696
f 3172/3579/3695 4397/3578/3694 3171/3580/3696 3078/3581/3697
f 2938/3574/3690 3168/3573/3689 4398/3582/3698 3171/3580/3696
f 3168/3573/3689 2716/3572/3688 3173/3583/3699 4398/3582/3698
f 4398/3582/3698 3173/3583/3699 2839/3584/3700 3174/3585/3701
f 3171/3580/3696 4398/3582/3698 3174/3585/3701 3078/3581/3697
f 2839/3584/3700 3175/3586/3702 4399/3587/3703 3174/3585/3701
f 3175/3586/3702 2717/3588/3704 3176/3589/3705 4399/3587/3703
f 4399/3587/3703 3176/3589/3705 2939/3590/3706 3177/3591/3707
f 3174/3585/3701 4399/3587/3703 3177/3591/3707 3078/3581/3697
f 2939/3590/3706 3178/3592/3708 4400/3593/3709 3177/3591/3707
f 3178/3592/3708 2707/3430/3544 4095/3428/3542 4400/3593/3709
f 4400/3593/3709 4095/3428/3542 2829/3426/3540 3172/3579/3695
f 3177/3591/3707 4400/3593/3709 3172/3579/3695 3078/3581/3697
f 2830/3442/3556 4101/3441/3555 4401/3594/3710 3180/3595/3711
f 4101/3441/3555 2707/3430/3544 3178/3592/3708 4401/3594/3710
f 4401/3594/3710 3178/3592/3708 2939/3590/3706 3179/3596/3712
f 3180/3595/3711 4401/3594/3710 3179/3596/3712 3079/3597/3713
f 2939/3590/3706 3176/3589/3705 4402/3598/3714 3179/3596/3712
f 3176/3589/3705 2717/3588/3704 3181/3599/3715 4402/3598/3714
f 4402/3598/3714 3181/3599/3715 2840/3600/3716 3182/3601/3717
f 3179/3596/3712 4402/3598/3714 3182/3601/3717 3079/3597/3713
f 2840/3600/3716 3183/3602/3718 4403/3603/3719 3182/3601/3717
f 3183/3602/3718 2718/3604/3720 3184/3605/3721 4403/3603/3719
f 4403/3603/3719 3184/3605/3721 2940/3606/3722 3185/3607/3723
f 3182/3601/3717 4403/3603/3719 3185/3607/3723 3079/3597/3713
f 2940/3606/3722 3186/3608/3724 4404/3609/3725 3185/3607/3723
f 3186/3608/3724 2708/3446/3560 4103/3444/3558 4404/3609/3725
f 4404/3609/3725 4103/3444/3558 2830/3442/3556 3180/3595/3711
f 3185/3607/3723 4404/3609/3725 3180/3595/3711 3079/3597/3713
f 2831/3458/3572 4109/3457/3571 4405/3610/3726 3188/3611/3727
f 4109/3457/3571 2708/3446/3560 3186/3608/3724 4405/3610/3726
f 4405/3610/3726 3186/3608/3724 2940/3606/3722 3187/3612/3728
f 3188/3611/3727 4405/3610/3726 3187/3612/3728 3080/3613/3729
f 2940/3606/3722 3184/3605/3721 4406/3614/3730 3187/3612/3728
f 3184/3605/3721 2718/3604/3720 3189/3615/3731 4406/3614/3730
f 4406/3614/3730 3189/3615/3731 2841/3616/3732 3190/3617/3733
f 3187/3612/3728 4406/3614/3730 3190/3617/3733 3080/3613/3729
f 2841/3616/3732 3191/3618/3734 4407/3619/3735 3190/3617/3733
f 3191/3618/3734 2719/3620/3736 3192/3621/3737 4407/3619/3735
f 4407/3619/3735 3192/3621/3737 2941/3622/3738 3193/3623/3739
f 3190/3617/3733 4407/3619/3735 3193/3623/3739 3080/3613/3729
f 2941/3622/3738 3194/3624/3740 4408/3625/3741 3193/3623/3739
f 3194/3624/3740 2709/3462/3576 4111/3460/3574 4408/3625/3741
f 4408/3625/3741 4111/3460/3574 2831/3458/3572 3188/3611/3727
f 3193/3623/3739 4408/3625/3741 3188/3611/3727 3080/3613/3729
f 2832/3474/3588 4117/3473/3587 4409/3626/3742 3196/3627/3743
f 4117/3473/3587 2709/3462/3576 3194/3624/3740 4409/3626/3742
f 4409/3626/3742 3194/3624/3740 2941/3622/3738 3195/3628/3744
f 3196/3627/3743 4409/3626/3742 3195/3628/3744 3081/3629/3745
f 2941/3622/3738 3192/3621/3737 4410/3630/3746 3195/3628/3744
f 3192/3621/3737 2719/3620/3736 3197/3631/3747 4410/3630/3746
f 4410/3630/3746 3197/3631/3747 2842/3632/3748 3198/3633/3749
f 3195/3628/3744 4410/3630/3746 3198/3633/3749 3081/3629/3745
f 2842/3632/3748 3199/3634/3750 4411/3635/3751 3198/3633/3749
f 3199/3634/3750 2720/3636/3752 3200/3637/3753 4411/3635/3751
f 4411/3635/3751 3200/3637/3753 2942/3638/3754 3201/3639/3755
f 3198/3633/3749 4411/3635/3751 3201/3639/3755 3081/3629/3745
f 2942/3638/3754 3202/3640/3756 4412/3641/3757 3201/3639/3755
f 3202/3640/3756 2710/3478/3592 4119/3476/3590 4412/3641/3757
f 4412/3641/3757 4119/3476/3590 2832/3474/3588 3196/3627/3743
f 3201/3639/3755 4412/3641/3757 3196/3627/3743 3081/3629/3745
f 2833/3490/3604 4125/3489/3603 4413/3642/3758 3204/3643/3759
f 4125/3489/3603 2710/3478/3592 3202/3640/3756 4413/3642/3758
f 4413/3642/3758 3202/3640/3756 2942/3638/3754 3203/3644/3760
f 3204/3643/3759 4413/3642/3758 3203/3644/3760 3082/3645/3761
f 2942/3638/3754 3200/3637/3753 4414/3646/3762 3203/3644/3760
f 3200/3637/3753 2720/3636/3752 3205/3647/3763 4414/3646/3762
f 4414/3646/3762 3205/3647/3763 2843/3648/3764 3206/3649/3765
f 3203/3644/3760 4414/3646/3762 3206/3649/3765 3082/3645/3761
f 2843/3648/3764 3207/3650/3766 4415/3651/3767 3206/3649/3765
f 3207/3650/3766 2721/3652/3768 3208/3653/3769 4415/3651/3767
f 4415/3651/3767 3208/3653/3769 2943/3654/3770 3209/3655/3771
f 3206/3649/3765 4415/3651/3767 3209/3655/3771 3082/3645/3761
f 2943/3654/3770 3210/3656/3772 4416/3657/3773 3209/3655/3771
f 3210/3656/3772 2711/3494/3608 4127/3492/3606 4416/3657/3773
f 4416/3657/3773 4127/3492/3606 2833/3490/3604 3204/3643/3759
f 3209/3655/3771 4416/3657/3773 3204/3643/3759 3082/3645/3761
f 2834/3506/3620 4133/3505/3619 4417/3658/3774 3212/3659/3775
f 4133/3505/3619 2711/3494/3608 3210/3656/3772 4417/3658/3774
f 4417/3658/3774 3210/3656/3772 2943/3654/3770 3211/3660/3776
f 3212/3659/3775 4417/3658/3774 3211/3660/3776 3083/3661/3777
f 2943/3654/3770 3208/3653/3769 4418/3662/3778 3211/3660/3776
f 3208/3653/3769 2721/3652/3768 3213/3663/3779 4418/3662/3778
f 4418/3662/3778 3213/3663/3779 2844/3664/3780 3214/3665/3781
f 3211/3660/3776 4418/3662/3778 3214/3665/3781 3083/3661/3777
f 2844/3664/3780 3215/3666/3782 4419/3667/3783 3214/3665/3781
f 3215/3666/3782 2722/3668/3784 3216/3669/3785 4419/3667/3783
f 4419/3667/3783 3216/3669/3785 2944/3670/3786 3217/3671/3787
f 3214/3665/3781 4419/3667/3783 3217/3671/3787 3083/3661/3777
f 2944/3670/3786 3218/3672/3788 4420/3673/3789 3217/3671/3787
f 3218/3672/3788 2712/3510/3624 4135/3508/3622 4420/3673/3789
f 4420/3673/3789 4135/3508/3622 2834/3506/3620 3212/3659/3775
f 3217/3671/3787 4420/3673/3789 3212/3659/3775 3083/3661/3777
f 2825/3521/3636 4141/3520/3635 4421/3674/3790 3220/3595/3791
f 4141/3520/3635 2712/3510/3624 3218/3672/3788 4421/3674/3790
f 4421/3674/3790 3218/3672/3788 2944/3670/3786 3219/3675/3792
f 3220/3595/3791 4421/3674/3790 3219/3675/3792 3084/3676/3793
f 2944/3670/3786 3216/3669/3785 4422/3677/3794 3219/3675/3792
f 3216/3669/3785 2722/3668/3784 3221/3678/3795 4422/3677/3794
f 4422/3677/3794 3221/3678/3795 2835/3679/3796 3222/3601/3797
f 3219/3675/3792 4422/3677/3794 3222/3601/3797 3084/3676/3793
f 2835/3679/3796 3223/3680/3798 4423/3681/3799 3222/3601/3797
f 3223/3680/3798 2713/3534/3650 3148/3532/3648 4423/3681/3799
f 4423/3681/3799 3148/3532/3648 2935/3529/3645 3224/3682/3800
f 3222/3601/3797 4423/3681/3799 3224/3682/3800 3084/3676/3793
f 2935/3529/3645 3145/3528/3644 4424/3683/3801 3224/3682/3800
f 3145/3528/3644 2703/3376/3490 4143/3522/3638 4424/3683/3801
f 4424/3683/3801 4143/3522/3638 2825/3521/3636 3220/3595/3791
f 3224/3682/3800 4424/3683/3801 3220/3595/3791 3084/3676/3793
f 2836/3536/3652 3149/3535/3651 4425/3684/3802 3227/3685/3803
f 3149/3535/3651 2713/3534/3650 3225/3686/3804 4425/3684/3802
f 4425/3684/3802 3225/3686/3804 2990/3687/3805 3226/3688/3806
f 3227/3685/3803 4425/3684/3802 3226/3688/3806 3085/3689/3807
f 2990/3687/3805 3228/3690/3808 4426/3691/3809 3226/3688/3806
f 3228/3690/3808 2723/3692/3810 3229/3693/3811 4426/3691/3809
f 4426/3691/3809 3229/3693/3811 2845/3694/3812 3230/3695/3813
f 3226/3688/3806 4426/3691/3809 3230/3695/3813 3085/3689/3807
f 2845/3694/3812 3231/3696/3814 4427/3697/3815 3230/3695/3813
f 3231/3696/3814 2724/3698/3816 3232/3699/3817 4427/3697/3815
f 4427/3697/3815 3232/3699/3817 2989/3700/3818 3233/3701/3819
f 3230/3695/3813 4427/3697/3815 3233/3701/3819 3085/3689/3807
f 2989/3700/3818 3234/3702/3820 4428/3703/3821 3233/3701/3819
f 3234/3702/3820 2714/3540/3656 3151/3538/3654 4428/3703/3821
f 4428/3703/3821 3151/3538/3654 2836/3536/3652 3227/3685/3803
f 3233/3701/3819 4428/3703/3821 3227/3685/3803 3085/3689/3807
f 2837/3552/3668 3157/3551/3667 4429/3704/3822 3236/3705/3823
f 3157/3551/3667 2714/3540/3656 3234/3702/3820 4429/3704/3822
f 4429/3704/3822 3234/3702/3820 2989/3700/3818 3235/3706/3824
f 3236/3705/3823 4429/3704/3822 3235/3706/3824 3086/3707/3825
f 2989/3700/3818 3232/3699/3817 4430/3708/3826 3235/3706/3824
f 3232/3699/3817 2724/3698/3816 3237/3709/3827 4430/3708/3826
f 4430/3708/3826 3237/3709/3827 2846/3710/3828 3238/3711/3829
f 3235/3706/3824 4430/3708/3826 3238/3711/3829 3086/3707/3825
f 2846/3710/3828 3239/3712/3830 4431/3713/3831 3238/3711/3829
f 3239/3712/3830 2725/3714/3832 3240/3715/3833 4431/3713/3831
f 4431/3713/3831 3240/3715/3833 2988/3716/3834 3241/3717/3835
f 3238/3711/3829 4431/3713/3831 3241/3717/3835 3086/3707/3825
f 2988/3716/3834 3242/3718/3836 4432/3719/3837 3241/3717/3835
f 3242/3718/3836 2715/3556/3672 3159/3554/3670 4432/3719/3837
f 4432/3719/3837 3159/3554/3670 2837/3552/3668 3236/3705/3823
f 3241/3717/3835 4432/3719/3837 3236/3705/3823 3086/3707/3825
f 2838/3568/3684 3165/3567/3683 4433/3720/3838 3244/3721/3839
f 3165/3567/3683 2715/3556/3672 3242/3718/3836 4433/3720/3838
f 4433/3720/3838 3242/3718/3836 2988/3716/3834 3243/3722/3840
f 3244/3721/3839 4433/3720/3838 3243/3722/3840 3087/3723/3841
f 2988/3716/3834 3240/3715/3833 4434/3724/3842 3243/3722/3840
f 3240/3715/3833 2725/3714/3832 3245/3725/3843 4434/3724/3842
f 4434/3724/3842 3245/3725/3843 2847/3726/3844 3246/3727/3845
f 3243/3722/3840 4434/3724/3842 3246/3727/3845 3087/3723/3841
f 2847/3726/3844 3247/3728/3846 4435/3729/3847 3246/3727/3845
f 3247/3728/3846 2726/3730/3848 3248/3731/3849 4435/3729/3847
f 4435/3729/3847 3248/3731/3849 2987/3732/3850 3249/3733/3851
f 3246/3727/3845 4435/3729/3847 3249/3733/3851 3087/3723/3841
f 2987/3732/3850 3250/3734/3852 4436/3735/3853 3249/3733/3851
f 3250/3734/3852 2716/3572/3688 3167/3570/3686 4436/3735/3853
f 4436/3735/3853 3167/3570/3686 2838/3568/3684 3244/3721/3839
f 3249/3733/3851 4436/3735/3853 3244/3721/3839 3087/3723/3841
f 2839/3584/3700 3173/3583/3699 4437/3736/3854 3252/3737/3855
f 3173/3583/3699 2716/3572/3688 3250/3734/3852 4437/3736/3854
f 4437/3736/3854 3250/3734/3852 2987/3732/3850 3251/3738/3856
f 3252/3737/3855 4437/3736/3854 3251/3738/3856 3088/3739/3857
f 2987/3732/3850 3248/3731/3849 4438/3740/3858 3251/3738/3856
f 3248/3731/3849 2726/3730/3848 3253/3741/3859 4438/3740/3858
f 4438/3740/3858 3253/3741/3859 2848/3742/3860 3254/3743/3861
f 3251/3738/3856 4438/3740/3858 3254/3743/3861 3088/3739/3857
f 2848/3742/3860 3255/3744/3862 4439/3745/3863 3254/3743/3861
f 3255/3744/3862 2727/3746/3864 3256/3747/3865 4439/3745/3863
f 4439/3745/3863 3256/3747/3865 2986/3748/3866 3257/3749/3867
f 3254/3743/3861 4439/3745/3863 3257/3749/3867 3088/3739/3857
f 2986/3748/3866 3258/3750/3868 4440/3751/3869 3257/3749/3867
f 3258/3750/3868 2717/3588/3704 3175/3586/3702 4440/3751/3869
f 4440/3751/3869 3175/3586/3702 2839/3584/3700 3252/3737/3855
f 3257/3749/3867 4440/3751/3869 3252/3737/3855 3088/3739/3857
f 2840/3600/3716 3181/3599/3715 4441/3752/3870 3260/3753/3871
f 3181/3599/3715 2717/3588/3704 3258/3750/3868 4441/3752/3870
f 4441/3752/3870 3258/3750/3868 2986/3748/3866 3259/3754/3872
f 3260/3753/3871 4441/3752/3870 3259/3754/3872 3089/3755/3873
f 2986/3748/3866 3256/3747/3865 4442/3756/3874 3259/3754/3872
f 3256/3747/3865 2727/3746/3864 3261/3757/3875 4442/3756/3874
f 4442/3756/3874 3261/3757/3875 2849/3758/3876 3262/3759/3877
f 3259/3754/3872 4442/3756/3874 3262/3759/3877 3089/3755/3873
f 2849/3758/3876 3263/3760/3878 4443/3761/3879 3262/3759/3877
f 3263/3760/3878 2728/3762/3880 3264/3763/3881 4443/3761/3879
f 4443/3761/3879 3264/3763/3881 2945/3764/3882 3265/3765/3883
f 3262/3759/3877 4443/3761/3879 3265/3765/3883 3089/3755/3873
f 2945/3764/3882 3266/3766/3884 4444/3767/3885 3265/3765/3883
f 3266/3766/3884 2718/3604/3720 3183/3602/3718 4444/3767/3885
f 4444/3767/3885 3183/3602/3718 2840/3600/3716 3260/3753/3871
f 3265/3765/3883 4444/3767/3885 3260/3753/3871 3089/3755/3873
f 2841/3616/3732 3189/3615/3731 4445/3768/3886 3268/3769/3887
f 3189/3615/3731 2718/3604/3720 3266/3766/3884 4445/3768/3886
f 4445/3768/3886 3266/3766/3884 2945/3764/3882 3267/3770/3888
f 3268/3769/3887 4445/3768/3886 3267/3770/3888 3090/3771/3889
f 2945/3764/3882 3264/3763/3881 4446/3772/3890 3267/3770/3888
f 3264/3763/3881 2728/3762/3880 3269/3773/3891 4446/3772/3890
f 4446/3772/3890 3269/3773/3891 2850/3774/3892 3270/3775/3893
f 3267/3770/3888 4446/3772/3890 3270/3775/3893 3090/3771/3889
f 2850/3774/3892 3271/3776/3894 4447/3777/3895 3270/3775/3893
f 3271/3776/3894 2729/3778/3896 3272/3779/3897 4447/3777/3895
f 4447/3777/3895 3272/3779/3897 2994/3780/3898 3273/3781/3899
f 3270/3775/3893 4447/3777/3895 3273/3781/3899 3090/3771/3889
f 2994/3780/3898 3274/3782/3900 4448/3783/3901 3273/3781/3899
f 3274/3782/3900 2719/3620/3736 3191/3618/3734 4448/3783/3901
f 4448/3783/3901 3191/3618/3734 2841/3616/3732 3268/3769/3887
f 3273/3781/3899 4448/3783/3901 3268/3769/3887 3090/3771/3889
f 2842/3632/3748 3197/3631/3747 4449/3784/3902 3276/3785/3903
f 3197/3631/3747 2719/3620/3736 3274/3782/3900 4449/3784/3902
f 4449/3784/3902 3274/3782/3900 2994/3780/3898 3275/3786/3904
f 3276/3785/3903 4449/3784/3902 3275/3786/3904 3091/3787/3905
f 2994/3780/3898 3272/3779/3897 4450/3788/3906 3275/3786/3904
f 3272/3779/3897 2729/3778/3896 3277/3789/3907 4450/3788/3906
f 4450/3788/3906 3277/3789/3907 2851/3790/3908 3278/3791/3909
f 3275/3786/3904 4450/3788/3906 3278/3791/3909 3091/3787/3905
f 2851/3790/3908 3279/3792/3910 4451/3793/3911 3278/3791/3909
f 3279/3792/3910 2730/3794/3912 3280/3795/3913 4451/3793/3911
f 4451/3793/3911 3280/3795/3913 2993/3796/3914 3281/3797/3915
f 3278/3791/3909 4451/3793/3911 3281/3797/3915 3091/3787/3905
f 2993/3796/3914 3282/3798/3916 4452/3799/3917 3281/3797/3915
f 3282/3798/3916 2720/3636/3752 3199/3634/3750 4452/3799/3917
f 4452/3799/3917 3199/3634/3750 2842/3632/3748 3276/3785/3903
f 3281/3797/3915 4452/3799/3917 3276/3785/3903 3091/3787/3905
f 2843/3648/3764 3205/3647/3763 4453/3800/3918 3284/3801/3919
f 3205/3647/3763 2720/3636/3752 3282/3798/3916 4453/3800/3918
f 4453/3800/3918 3282/3798/3916 2993/3796/3914 3283/3802/3920
f 3284/3801/3919 4453/3800/3918 3283/3802/3920 3092/3803/3921
f 2993/3796/3914 3280/3795/3913 4454/3804/3922 3283/3802/3920
f 3280/3795/3913 2730/3794/3912 3285/3805/3923 4454/3804/3922
f 4454/3804/3922 3285/3805/3923 2852/3806/3924 3286/3807/3925
f 3283/3802/3920 4454/3804/3922 3286/3807/3925 3092/3803/3921
f 2852/3806/3924 3287/3808/3926 4455/3809/3927 3286/3807/3925
f 3287/3808/3926 2731/3810/3928 3288/3811/3929 4455/3809/3927
f 4455/3809/3927 3288/3811/3929 2992/3812/3930 3289/3813/3931
f 3286/3807/3925 4455/3809/3927 3289/3813/3931 3092/3803/3921
f 2992/3812/3930 3290/3814/3932 4456/3815/3933 3289/3813/3931
f 3290/3814/3932 2721/3652/3768 3207/3650/3766 4456/3815/3933
f 4456/3815/3933 3207/3650/3766 2843/3648/3764 3284/3801/3919
f 3289/3813/3931 4456/3815/3933 3284/3801/3919 3092/3803/3921
f 2844/3664/3780 3213/3663/3779 4457/3816/3934 3292/3817/3935
f 3213/3663/3779 2721/3652/3768 3290/3814/3932 4457/3816/3934
f 4457/3816/3934 3290/3814/3932 2992/3812/3930 3291/3818/3936
f 3292/3817/3935 4457/3816/3934 3291/3818/3936 3093/3819/3937
f 2992/3812/3930 3288/3811/3929 4458/3820/3938 3291/3818/3936
f 3288/3811/3929 2731/3810/3928 3293/3821/3939 4458/3820/3938
f 4458/3820/3938 3293/3821/3939 2853/3822/3940 3294/3823/3941
f 3291/3818/3936 4458/3820/3938 3294/3823/3941 3093/3819/3937
f 2853/3822/3940 3295/3824/3942 4459/3825/3943 3294/3823/3941
f 3295/3824/3942 2732/3826/3944 3296/3827/3945 4459/3825/3943
f 4459/3825/3943 3296/3827/3945 2991/3828/3946 3297/3829/3947
f 3294/3823/3941 4459/3825/3943 3297/3829/3947 3093/3819/3937
f 2991/3828/3946 3298/3830/3948 4460/3831/3949 3297/3829/3947
f 3298/3830/3948 2722/3668/3784 3215/3666/3782 4460/3831/3949
f 4460/3831/3949 3215/3666/3782 2844/3664/3780 3292/3817/3935
f 3297/3829/3947 4460/3831/3949 3292/3817/3935 3093/3819/3937
f 2835/3679/3796 3221/3678/3795 4461/3832/3950 3300/3753/3951
f 3221/3678/3795 2722/3668/3784 3298/3830/3948 4461/3832/3950
f 4461/3832/3950 3298/3830/3948 2991/3828/3946 3299/3833/3952
f 3300/3753/3951 4461/3832/3950 3299/3833/3952 3094/3834/3953
f 2991/3828/3946 3296/3827/3945 4462/3835/3954 3299/3833/3952
f 3296/3827/3945 2732/3826/3944 3301/3836/3955 4462/3835/3954
f 4462/3835/3954 3301/3836/3955 2854/3758/3956 3302/3759/3957
f 3299/3833/3952 4462/3835/3954 3302/3759/3957 3094/3834/3953
f 2854/3758/3956 3303/3837/3958 4463/3838/3959 3302/3759/3957
f 3303/3837/3958 2723/3692/3810 3228/3690/3808 4463/3838/3959
f 4463/3838/3959 3228/3690/3808 2990/3687/3805 3304/3839/3960
f 3302/3759/3957 4463/3838/3959 3304/3839/3960 3094/3834/3953
f 2990/3687/3805 3225/3686/3804 4464/3840/3961 3304/3839/3960
f 3225/3686/3804 2713/3534/3650 3223/3680/3798 4464/3840/3961
f 4464/3840/3961 3223/3680/3798 2835/3679/3796 3300/3753/3951
f 3304/3839/3960 4464/3840/3961 3300/3753/3951 3094/3834/3953
f 2856/3841/3962 3305/3842/3963 4465/3843/3964 3308/3844/3965
f 3305/3842/3963 2734/3845/3966 3306/3846/3967 4465/3843/3964
f 4465/3843/3964 3306/3846/3967 2947/3847/3968 3307/3848/3969
f 3308/3844/3965 4465/3843/3964 3307/3848/3969 3095/3849/3970
f 2947/3847/3968 3309/3850/3971 4466/3851/3972 3307/3848/3969
f 3309/3850/3971 2724/3698/3816 3231/3696/3814 4466/3851/3972
f 4466/3851/3972 3231/3696/3814 2845/3694/3812 3310/3852/3973
f 3307/3848/3969 4466/3851/3972 3310/3852/3973 3095/3849/3970
f 2845/3694/3812 3229/3693/3811 4467/3853/3974 3310/3852/3973
f 3229/3693/3811 2723/3692/3810 3311/3854/3975 4467/3853/3974
f 4467/3853/3974 3311/3854/3975 2946/3855/3976 3312/3856/3977
f 3310/3852/3973 4467/3853/3974 3312/3856/3977 3095/3849/3970
f 2946/3855/3976 3313/3857/3978 4468/3858/3979 3312/3856/3977
f 3313/3857/3978 2733/3859/3980 3314/3860/3981 4468/3858/3979
f 4468/3858/3979 3314/3860/3981 2856/3841/3962 3308/3844/3965
f 3312/3856/3977 4468/3858/3979 3308/3844/3965 3095/3849/3970
f 2857/3861/3982 3315/3862/3983 4469/3863/3984 3318/3864/3985
f 3315/3862/3983 2735/3865/3986 3316/3866/3987 4469/3863/3984
f 4469/3863/3984 3316/3866/3987 2948/3867/3988 3317/3868/3989
f 3318/3864/3985 4469/3863/3984 3317/3868/3989 3096/3869/3990
f 2948/3867/3988 3319/3870/3991 4470/3871/3992 3317/3868/3989
f 3319/3870/3991 2725/3714/3832 3239/3712/3830 4470/3871/3992
f 4470/3871/3992 3239/3712/3830 2846/3710/3828 3320/3872/3993
f 3317/3868/3989 4470/3871/3992 3320/3872/3993 3096/3869/3990
f 2846/3710/3828 3237/3709/3827 4471/3873/3994 3320/3872/3993
f 3237/3709/3827 2724/3698/3816 3309/3850/3971 4471/3873/3994
f 4471/3873/3994 3309/3850/3971 2947/3847/3968 3321/3874/3995
f 3320/3872/3993 4471/3873/3994 3321/3874/3995 3096/3869/3990
f 2947/3847/3968 3306/3846/3967 4472/3875/3996 3321/3874/3995
f 3306/3846/3967 2734/3845/3966 3322/3876/3997 4472/3875/3996
f 4472/3875/3996 3322/3876/3997 2857/3861/3982 3318/3864/3985
f 3321/3874/3995 4472/3875/3996 3318/3864/3985 3096/3869/3990
f 2858/3877/3998 3323/3878/3999 4473/3879/4000 3326/3880/4001
f 3323/3878/3999 2736/3881/4002 3324/3882/4003 4473/3879/4000
f 4473/3879/4000 3324/3882/4003 2949/3883/4004 3325/3884/4005
f 3326/3880/4001 4473/3879/4000 3325/3884/4005 3097/3885/4006
f 2949/3883/4004 3327/3886/4007 4474/3887/4008 3325/3884/4005
f 3327/3886/4007 2726/3730/3848 3247/3728/3846 4474/3887/4008
f 4474/3887/4008 3247/3728/3846 2847/3726/3844 3328/3888/4009
f 3325/3884/4005 4474/3887/4008 3328/3888/4009 3097/3885/4006
f 2847/3726/3844 3245/3725/3843 4475/3889/4010 3328/3888/4009
f 3245/3725/3843 2725/3714/3832 3319/3870/3991 4475/3889/4010
f 4475/3889/4010 3319/3870/3991 2948/3867/3988 3329/3890/4011
f 3328/3888/4009 4475/3889/4010 3329/3890/4011 3097/3885/4006
f 2948/3867/3988 3316/3866/3987 4476/3891/4012 3329/3890/4011
f 3316/3866/3987 2735/3865/3986 3330/3892/4013 4476/3891/4012
f 4476/3891/4012 3330/3892/4013 2858/3877/3998 3326/3880/4001
f 3329/3890/4011 4476/3891/4012 3326/3880/4001 3097/3885/4006
f 2859/3893/4014 3331/3894/4015 4477/3895/4016 3334/3896/4017
f 3331/3894/4015 2737/3897/4018 3332/3898/4019 4477/3895/4016
f 4477/3895/4016 3332/3898/4019 2950/3899/4020 3333/3900/4021
f 3334/3896/4017 4477/3895/4016 3333/3900/4021 3098/3901/4022
f 2950/3899/4020 3335/3902/4023 4478/3903/4024 3333/3900/4021
f 3335/3902/4023 2727/3746/3864 3255/3744/3862 4478/3903/4024
f 4478/3903/4024 3255/3744/3862 2848/3742/3860 3336/3904/4025
f 3333/3900/4021 4478/3903/4024 3336/3904/4025 3098/3901/4022
f 2848/3742/3860 3253/3741/3859 4479/3905/4026 3336/3904/4025
f 3253/3741/3859 2726/3730/3848 3327/3886/4007 4479/3905/4026
f 4479/3905/4026 3327/3886/4007 2949/3883/4004 3337/3906/4027
f 3336/3904/4025 4479/3905/4026 3337/3906/4027 3098/3901/4022
f 2949/3883/4004 3324/3882/4003 4480/3907/4028 3337/3906/4027
f 3324/3882/4003 2736/3881/4002 3338/3908/4029 4480/3907/4028
f 4480/3907/4028 3338/3908/4029 2859/3893/4014 3334/3896/4017
f 3337/3906/4027 4480/3907/4028 3334/3896/4017 3098/3901/4022
f 2860/3909/4030 3339/3910/4031 4481/3911/4032 3342/3912/4033
f 3339/3910/4031 2738/3913/4034 3340/3914/4035 4481/3911/4032
f 4481/3911/4032 3340/3914/4035 2951/3915/4036 3341/3916/4037
f 3342/3912/4033 4481/3911/4032 3341/3916/4037 3099/3917/4038
f 2951/3915/4036 3343/3918/4039 4482/3919/4040 3341/3916/4037
f 3343/3918/4039 2728/3762/3880 3263/3760/3878 4482/3919/4040
f 4482/3919/4040 3263/3760/3878 2849/3758/3876 3344/3920/4041
f 3341/3916/4037 4482/3919/4040 3344/3920/4041 3099/3917/4038
f 2849/3758/3876 3261/3757/3875 4483/3921/4042 3344/3920/4041
f 3261/3757/3875 2727/3746/3864 3335/3902/4023 4483/3921/4042
f 4483/3921/4042 3335/3902/4023 2950/3899/4020 3345/3922/4043
f 3344/3920/4041 4483/3921/4042 3345/3922/4043 3099/3917/4038
f 2950/3899/4020 3332/3898/4019 4484/3923/4044 3345/3922/4043
f 3332/3898/4019 2737/3897/4018 3346/3924/4045 4484/3923/4044
f 4484/3923/4044 3346/3924/4045 2860/3909/4030 3342/3912/4033
f 3345/3922/4043 4484/3923/4044 3342/3912/4033 3099/3917/4038
f 2861/3925/4046 3347/3926/4047 4485/3927/4048 3350/3928/4049
f 3347/3926/4047 2739/3929/4050 3348/3930/4051 4485/3927/4048
f 4485/3927/4048 3348/3930/4051 2952/3931/4052 3349/3932/4053
f 3350/3928/4049 4485/3927/4048 3349/3932/4053 3100/3933/4054
f 2952/3931/4052 3351/3934/4055 4486/3935/4056 3349/3932/4053
f 3351/3934/4055 2729/3778/3896 3271/3776/3894 4486/3935/4056
f 4486/3935/4056 3271/3776/3894 2850/3774/3892 3352/3936/4057
f 3349/3932/4053 4486/3935/4056 3352/3936/4057 3100/3933/4054
f 2850/3774/3892 3269/3773/3891 4487/3937/4058 3352/3936/4057
f 3269/3773/3891 2728/3762/3880 3343/3918/4039 4487/3937/4058
f 4487/3937/4058 3343/3918/4039 2951/3915/4036 3353/3938/4059
f 3352/3936/4057 4487/3937/4058 3353/3938/4059 3100/3933/4054
f 2951/3915/4036 3340/3914/4035 4488/3939/4060 3353/3938/4059
f 3340/3914/4035 2738/3913/4034 3354/3940/4061 4488/3939/4060
f 4488/3939/4060 3354/3940/4061 2861/3925/4046 3350/3928/4049
f 3353/3938/4059 4488/3939/4060 3350/3928/4049 3100/3933/4054
f 2862/3941/4062 3355/3942/4063 4489/3943/4064 3358/3944/4065
f 3355/3942/4063 2740/3945/4066 3356/3946/4067 4489/3943/4064
f 4489/3943/4064 3356/3946/4067 2953/3947/4068 3357/3948/4069
f 3358/3944/4065 4489/3943/4064 3357/3948/4069 3101/3949/4070
f 2953/3947/4068 3359/3950/4071 4490/3951/4072 3357/3948/4069
f 3359/3950/4071 2730/3794/3912 3279/3792/3910 4490/3951/4072
f 4490/3951/4072 3279/3792/3910 2851/3790/3908 3360/3952/4073
f 3357/3948/4069 4490/3951/4072 3360/3952/4073 3101/3949/4070
f 2851/3790/3908 3277/3789/3907 4491/3953/4074 3360/3952/4073
f 3277/3789/3907 2729/3778/3896 3351/3934/4055 4491/3953/4074
f 4491/3953/4074 3351/3934/4055 2952/3931/4052 3361/3954/4075
f 3360/3952/4073 4491/3953/4074 3361/3954/4075 3101/3949/4070
f 2952/3931/4052 3348/3930/4051 4492/3955/4076 3361/3954/4075
f 3348/3930/4051 2739/3929/4050 3362/3956/4077 4492/3955/4076
f 4492/3955/4076 3362/3956/4077 2862/3941/4062 3358/3944/4065
f 3361/3954/4075 4492/3955/4076 3358/3944/4065 3101/3949/4070
f 2863/3957/4078 3363/3958/4079 4493/3959/4080 3366/3960/4081
f 3363/3958/4079 2741/3961/4082 3364/3962/4083 4493/3959/4080
f 4493/3959/4080 3364/3962/4083 2954/3963/4084 3365/3964/4085
f 3366/3960/4081 4493/3959/4080 3365/3964/4085 3102/3965/4086
f 2954/3963/4084 3367/3966/4087 4494/3967/4088 3365/3964/4085
f 3367/3966/4087 2731/3810/3928 3287/3808/3926 4494/3967/4088
f 4494/3967/4088 3287/3808/3926 2852/3806/3924 3368/3968/4089
f 3365/3964/4085 4494/3967/4088 3368/3968/4089 3102/3965/4086
f 2852/3806/3924 3285/3805/3923 4495/3969/4090 3368/3968/4089
f 3285/3805/3923 2730/3794/3912 3359/3950/4071 4495/3969/4090
f 4495/3969/4090 3359/3950/4071 2953/3947/4068 3369/3970/4091
f 3368/3968/4089 4495/3969/4090 3369/3970/4091 3102/3965/4086
f 2953/3947/4068 3356/3946/4067 4496/3971/4092 3369/3970/4091
f 3356/3946/4067 2740/3945/4066 3370/3972/4093 4496/3971/4092
f 4496/3971/4092 3370/3972/4093 2863/3957/4078 3366/3960/4081
f 3369/3970/4091 4496/3971/4092 3366/3960/4081 3102/3965/4086
f 2864/3973/4094 3371/3974/4095 4497/3975/4096 3374/3976/4097
f 3371/3974/4095 2742/3977/4098 3372/3978/4099 4497/3975/4096
f 4497/3975/4096 3372/3978/4099 2955/3979/4100 3373/3980/4101
f 3374/3976/4097 4497/3975/4096 3373/3980/4101 3103/3981/4102
f 2955/3979/4100 3375/3982/4103 4498/3983/4104 3373/3980/4101
f 3375/3982/4103 2732/3826/3944 3295/3824/3942 4498/3983/4104
f 4498/3983/4104 3295/3824/3942 2853/3822/3940 3376/3984/4105
f 3373/3980/4101 4498/3983/4104 3376/3984/4105 3103/3981/4102
f 2853/3822/3940 3293/3821/3939 4499/3985/4106 3376/3984/4105
f 3293/3821/3939 2731/3810/3928 3367/3966/4087 4499/3985/4106
f 4499/3985/4106 3367/3966/4087 2954/3963/4084 3377/3986/4107
f 3376/3984/4105 4499/3985/4106 3377/3986/4107 3103/3981/4102
f 2954/3963/4084 3364/3962/4083 4500/3987/4108 3377/3986/4107
f 3364/3962/4083 2741/3961/4082 3378/3988/4109 4500/3987/4108
f 4500/3987/4108 3378/3988/4109 2864/3973/4094 3374/3976/4097
f 3377/3986/4107 4500/3987/4108 3374/3976/4097 3103/3981/4102
f 2855/3909/4110 3379/3989/4111 4501/3990/4112 3381/3912/4113
f 3379/3989/4111 2733/3859/3980 3313/3857/3978 4501/3990/4112
f 4501/3990/4112 3313/3857/3978 2946/3855/3976 3380/3991/4114
f 3381/3912/4113 4501/3990/4112 3380/3991/4114 3104/3992/4115
f 2946/3855/3976 3311/3854/3975 4502/3993/4116 3380/3991/4114
f 3311/3854/3975 2723/3692/3810 3303/3837/3958 4502/3993/4116
f 4502/3993/4116 3303/3837/3958 2854/3758/3956 3382/3994/4117
f 3380/3991/4114 4502/3993/4116 3382/3994/4117 3104/3992/4115
f 2854/3758/3956 3301/3836/3955 4503/3995/4118 3382/3994/4117
f 3301/3836/3955 2732/3826/3944 3375/3982/4103 4503/3995/4118
f 4503/3995/4118 3375/3982/4103 2955/3979/4100 3383/3996/4119
f 3382/3994/4117 4503/3995/4118 3383/3996/4119 3104/3992/4115
f 2955/3979/4100 3372/3978/4099 4504/3997/4120 3383/3996/4119
f 3372/3978/4099 2742/3977/4098 3384/3998/4121 4504/3997/4120
f 4504/3997/4120 3384/3998/4121 2855/3909/4110 3381/3912/4113
f 3383/3996/4119 4504/3997/4120 3381/3912/4113 3104/3992/4115
f 2999/3999/4122 3385/4000/4123 4505/4001/4124 3388/4002/4125
f 3385/4000/4123 2756/4003/4126 3386/4004/4127 4505/4001/4124
f 4505/4001/4124 3386/4004/4127 2957/4005/4128 3387/4006/4129
f 3388/4002/4125 4505/4001/4124 3387/4006/4129 3105/4007/4130
f 2957/4005/4128 3389/4008/4131 4506/4009/4132 3387/4006/4129
f 3389/4008/4131 2734/3845/3966 3305/3842/3963 4506/4009/4132
f 4506/4009/4132 3305/3842/3963 2856/3841/3962 3390/4010/4133
f 3387/4006/4129 4506/4009/4132 3390/4010/4133 3105/4007/4130
f 2856/3841/3962 3314/3860/3981 4507/4011/4134 3390/4010/4133
f 3314/3860/3981 2733/3859/3980 3391/4012/4135 4507/4011/4134
f 4507/4011/4134 3391/4012/4135 2956/4013/4136 3392/4014/4137
f 3390/4010/4133 4507/4011/4134 3392/4014/4137 3105/4007/4130
f 2956/4013/4136 3393/4015/4138 4508/4016/4139 3392/4014/4137
f 3393/4015/4138 2757/4017/4140 3394/4018/4141 4508/4016/4139
f 4508/4016/4139 3394/4018/4141 2999/3999/4122 3388/4002/4125
f 3392/4014/4137 4508/4016/4139 3388/4002/4125 3105/4007/4130
f 2997/4019/4142 3395/4020/4143 4509/4021/4144 3398/4022/4145
f 3395/4020/4143 2755/4023/4146 3396/4024/4147 4509/4021/4144
f 4509/4021/4144 3396/4024/4147 2958/4025/4148 3397/4026/4149
f 3398/4022/4145 4509/4021/4144 3397/4026/4149 3106/4027/4150
f 2958/4025/4148 3399/4028/4151 4510/4029/4152 3397/4026/4149
f 3399/4028/4151 2735/3865/3986 3315/3862/3983 4510/4029/4152
f 4510/4029/4152 3315/3862/3983 2857/3861/3982 3400/4030/4153
f 3397/4026/4149 4510/4029/4152 3400/4030/4153 3106/4027/4150
f 2857/3861/3982 3322/3876/3997 4511/4031/4154 3400/4030/4153
f 3322/3876/3997 2734/3845/3966 3389/4008/4131 4511/4031/4154
f 4511/4031/4154 3389/4008/4131 2957/4005/4128 3401/4032/4155
f 3400/4030/4153 4511/4031/4154 3401/4032/4155 3106/4027/4150
f 2957/4005/4128 3386/4004/4127 4512/4033/4156 3401/4032/4155
f 3386/4004/4127 2756/4003/4126 3402/4034/4157 4512/4033/4156
f 4512/4033/4156 3402/4034/4157 2997/4019/4142 3398/4022/4145
f 3401/4032/4155 4512/4033/4156 3398/4022/4145 3106/4027/4150
f 2959/4035/4158 3403/4036/4159 4513/4037/4160 3405/4038/4161
f 3403/4036/4159 2736/3881/4002 3323/3878/3999 4513/4037/4160
f 4513/4037/4160 3323/3878/3999 2858/3877/3998 3404/4039/4162
f 3405/4038/4161 4513/4037/4160 3404/4039/4162 3107/4040/4163
f 2858/3877/3998 3330/3892/4013 4514/4041/4164 3404/4039/4162
f 3330/3892/4013 2735/3865/3986 3399/4028/4151 4514/4041/4164
f 4514/4041/4164 3399/4028/4151 2958/4025/4148 3406/4042/4165
f 3404/4039/4162 4514/4041/4164 3406/4042/4165 3107/4040/4163
f 2958/4025/4148 3396/4024/4147 4515/4043/4166 3406/4042/4165
f 3396/4024/4147 2755/4023/4146 3407/4044/4167 4515/4043/4166
f 4515/4043/4166 3407/4044/4167 3014/4045/4168 3408/4046/4169
f 3406/4042/4165 4515/4043/4166 3408/4046/4169 3107/4040/4163
f 3014/4045/4168 3409/4047/4170 4516/4048/4171 3408/4046/4169
f 3409/4047/4170 2764/4049/4172 3410/4050/4173 4516/4048/4171
f 4516/4048/4171 3410/4050/4173 2959/4035/4158 3405/4038/4161
f 3408/4046/4169 4516/4048/4171 3405/4038/4161 3107/4040/4163
f 3013/4051/4174 3411/4052/4175 4517/4053/4176 3414/4054/4177
f 3411/4052/4175 2763/4055/4178 3412/4056/4179 4517/4053/4176
f 4517/4053/4176 3412/4056/4179 2960/4057/4180 3413/4058/4181
f 3414/4054/4177 4517/4053/4176 3413/4058/4181 3108/4059/4182
f 2960/4057/4180 3415/4060/4183 4518/4061/4184 3413/4058/4181
f 3415/4060/4183 2737/3897/4018 3331/3894/4015 4518/4061/4184
f 4518/4061/4184 3331/3894/4015 2859/3893/4014 3416/4062/4185
f 3413/4058/4181 4518/4061/4184 3416/4062/4185 3108/4059/4182
f 2859/3893/4014 3338/3908/4029 4519/4063/4186 3416/4062/4185
f 3338/3908/4029 2736/3881/4002 3403/4036/4159 4519/4063/4186
f 4519/4063/4186 3403/4036/4159 2959/4035/4158 3417/4064/4187
f 3416/4062/4185 4519/4063/4186 3417/4064/4187 3108/4059/4182
f 2959/4035/4158 3410/4050/4173 4520/4065/4188 3417/4064/4187
f 3410/4050/4173 2764/4049/4172 3418/4066/4189 4520/4065/4188
f 4520/4065/4188 3418/4066/4189 3013/4051/4174 3414/4054/4177
f 3417/4064/4187 4520/4065/4188 3414/4054/4177 3108/4059/4182
f 3011/4067/4190 3419/4068/4191 4521/4069/4192 3422/4070/4193
f 3419/4068/4191 2762/4071/4194 3420/4072/4195 4521/4069/4192
f 4521/4069/4192 3420/4072/4195 2961/4073/4196 3421/4074/4197
f 3422/4070/4193 4521/4069/4192 3421/4074/4197 3109/4075/4198
f 2961/4073/4196 3423/4076/4199 4522/4077/4200 3421/4074/4197
f 3423/4076/4199 2738/3913/4034 3339/3910/4031 4522/4077/4200
f 4522/4077/4200 3339/3910/4031 2860/3909/4030 3424/4078/4201
f 3421/4074/4197 4522/4077/4200 3424/4078/4201 3109/4075/4198
f 2860/3909/4030 3346/3924/4045 4523/4079/4202 3424/4078/4201
f 3346/3924/4045 2737/3897/4018 3415/4060/4183 4523/4079/4202
f 4523/4079/4202 3415/4060/4183 2960/4057/4180 3425/4080/4203
f 3424/4078/4201 4523/4079/4202 3425/4080/4203 3109/4075/4198
f 2960/4057/4180 3412/4056/4179 4524/4081/4204 3425/4080/4203
f 3412/4056/4179 2763/4055/4178 3426/4082/4205 4524/4081/4204
f 4524/4081/4204 3426/4082/4205 3011/4067/4190 3422/4070/4193
f 3425/4080/4203 4524/4081/4204 3422/4070/4193 3109/4075/4198
f 3009/4083/4206 3427/4084/4207 4525/4085/4208 3430/4086/4209
f 3427/4084/4207 2761/4087/4210 3428/4088/4211 4525/4085/4208
f 4525/4085/4208 3428/4088/4211 2962/4089/4212 3429/4090/4213
f 3430/4086/4209 4525/4085/4208 3429/4090/4213 3110/4091/4214
f 2962/4089/4212 3431/4092/4215 4526/4093/4216 3429/4090/4213
f 3431/4092/4215 2739/3929/4050 3347/3926/4047 4526/4093/4216
f 4526/4093/4216 3347/3926/4047 2861/3925/4046 3432/4094/4217
f 3429/4090/4213 4526/4093/4216 3432/4094/4217 3110/4091/4214
f 2861/3925/4046 3354/3940/4061 4527/4095/4218 3432/4094/4217
f 3354/3940/4061 2738/3913/4034 3423/4076/4199 4527/4095/4218
f 4527/4095/4218 3423/4076/4199 2961/4073/4196 3433/4096/4219
f 3432/4094/4217 4527/4095/4218 3433/4096/4219 3110/4091/4214
f 2961/4073/4196 3420/4072/4195 4528/4097/4220 3433/4096/4219
f 3420/4072/4195 2762/4071/4194 3434/4098/4221 4528/4097/4220
f 4528/4097/4220 3434/4098/4221 3009/4083/4206 3430/4086/4209
f 3433/4096/4219 4528/4097/4220 3430/4086/4209 3110/4091/4214
f 3007/4099/4222 3435/4100/4223 4529/4101/4224 3438/4102/4225
f 3435/4100/4223 2760/4103/4226 3436/4104/4227 4529/4101/4224
f 4529/4101/4224 3436/4104/4227 2963/4105/4228 3437/4106/4229
f 3438/4102/4225 4529/4101/4224 3437/4106/4229 3111/4107/4230
f 2963/4105/4228 3439/4108/4231 4530/4109/4232 3437/4106/4229
f 3439/4108/4231 2740/3945/4066 3355/3942/4063 4530/4109/4232
f 4530/4109/4232 3355/3942/4063 2862/3941/4062 3440/4110/4233
f 3437/4106/4229 4530/4109/4232 3440/4110/4233 3111/4107/4230
f 2862/3941/4062 3362/3956/4077 4531/4111/4234 3440/4110/4233
f 3362/3956/4077 2739/3929/4050 3431/4092/4215 4531/4111/4234
f 4531/4111/4234 3431/4092/4215 2962/4089/4212 3441/4112/4235
f 3440/4110/4233 4531/4111/4234 3441/4112/4235 3111/4107/4230
f 2962/4089/4212 3428/4088/4211 4532/4113/4236 3441/4112/4235
f 3428/4088/4211 2761/4087/4210 3442/4114/4237 4532/4113/4236
f 4532/4113/4236 3442/4114/4237 3007/4099/4222 3438/4102/4225
f 3441/4112/4235 4532/4113/4236 3438/4102/4225 3111/4107/4230
f 3005/4115/4238 3443/4116/4239 4533/4117/4240 3446/4118/4241
f 3443/4116/4239 2759/4119/4242 3444/4120/4243 4533/4117/4240
f 4533/4117/4240 3444/4120/4243 2964/4121/4244 3445/4122/4245
f 3446/4118/4241 4533/4117/4240 3445/4122/4245 3112/4123/4246
f 2964/4121/4244 3447/4124/4247 4534/4125/4248 3445/4122/4245
f 3447/4124/4247 2741/3961/4082 3363/3958/4079 4534/4125/4248
f 4534/4125/4248 3363/3958/4079 2863/3957/4078 3448/4126/4249
f 3445/4122/4245 4534/4125/4248 3448/4126/4249 3112/4123/4246
f 2863/3957/4078 3370/3972/4093 4535/4127/4250 3448/4126/4249
f 3370/3972/4093 2740/3945/4066 3439/4108/4231 4535/4127/4250
f 4535/4127/4250 3439/4108/4231 2963/4105/4228 3449/4128/4251
f 3448/4126/4249 4535/4127/4250 3449/4128/4251 3112/4123/4246
f 2963/4105/4228 3436/4104/4227 4536/4129/4252 3449/4128/4251
f 3436/4104/4227 2760/4103/4226 3450/4130/4253 4536/4129/4252
f 4536/4129/4252 3450/4130/4253 3005/4115/4238 3446/4118/4241
f 3449/4128/4251 4536/4129/4252 3446/4118/4241 3112/4123/4246
f 2965/4131/4254 3451/4132/4255 4537/4133/4256 3453/4134/4257
f 3451/4132/4255 2742/3977/4098 3371/3974/4095 4537/4133/4256
f 4537/4133/4256 3371/3974/4095 2864/3973/4094 3452/4135/4258
f 3453/4134/4257 4537/4133/4256 3452/4135/4258 3113/4136/4259
f 2864/3973/4094 3378/3988/4109 4538/4137/4260 3452/4135/4258
f 3378/3988/4109 2741/3961/4082 3447/4124/4247 4538/4137/4260
f 4538/4137/4260 3447/4124/4247 2964/4121/4244 3454/4138/4261
f 3452/4135/4258 4538/4137/4260 3454/4138/4261 3113/4136/4259
f 2964/4121/4244 3444/4120/4243 4539/4139/4262 3454/4138/4261
f 3444/4120/4243 2759/4119/4242 3455/4140/4263 4539/4139/4262
f 4539/4139/4262 3455/4140/4263 3003/4141/4264 3456/4142/4265
f 3454/4138/4261 4539/4139/4262 3456/4142/4265 3113/4136/4259
f 3003/4141/4264 3457/4143/4266 4540/4144/4267 3456/4142/4265
f 3457/4143/4266 2758/4145/4268 3458/4146/4269 4540/4144/4267
f 4540/4144/4267 3458/4146/4269 2965/4131/4254 3453/4134/4257
f 3456/4142/4265 4540/4144/4267 3453/4134/4257 3113/4136/4259
f 3001/4067/4270 3459/4147/4271 4541/4148/4272 3461/4070/4273
f 3459/4147/4271 2757/4017/4140 3393/4015/4138 4541/4148/4272
f 4541/4148/4272 3393/4015/4138 2956/4013/4136 3460/4149/4274
f 3461/4070/4273 4541/4148/4272 3460/4149/4274 3114/4150/4275
f 2956/4013/4136 3391/4012/4135 4542/4151/4276 3460/4149/4274
f 3391/4012/4135 2733/3859/3980 3379/3989/4111 4542/4151/4276
f 4542/4151/4276 3379/3989/4111 2855/3909/4110 3462/4152/4277
f 3460/4149/4274 4542/4151/4276 3462/4152/4277 3114/4150/4275
f 2855/3909/4110 3384/3998/4121 4543/4153/4278 3462/4152/4277
f 3384/3998/4121 2742/3977/4098 3451/4132/4255 4543/4153/4278
f 4543/4153/4278 3451/4132/4255 2965/4131/4254 3463/4154/4279
f 3462/4152/4277 4543/4153/4278 3463/4154/4279 3114/4150/4275
f 2965/4131/4254 3458/4146/4269 4544/4155/4280 3463/4154/4279
f 3458/4146/4269 2758/4145/4268 3464/4156/4281 4544/4155/4280
f 4544/4155/4280 3464/4156/4281 3001/4067/4270 3461/4070/4273
f 3463/4154/4279 4544/4155/4280 3461/4070/4273 3114/4150/4275
f 2967/4157/4282 3465/4158/4283 4545/4159/4284 3468/4160/4285
f 3465/4158/4283 2753/4161/4286 3466/4162/4287 4545/4159/4284
f 4545/4159/4284 3466/4162/4287 2966/4163/4288 3467/4164/4289
f 3468/4160/4285 4545/4159/4284 3467/4164/4289 3115/4165/4290
f 2966/4163/4288 3469/4166/4291 4546/4167/4292 3467/4164/4289
f 3469/4166/4291 2643/2541/2646 3645/2538/2643 4546/4167/4292
f 4546/4167/4292 3645/2538/2643 2765/2537/2642 3470/4168/4293
f 3467/4164/4289 4546/4167/4292 3470/4168/4293 3115/4165/4290
f 2765/2537/2642 3656/2561/2666 4547/4169/4294 3470/4168/4293
f 3656/2561/2666 2644/2560/2665 3471/4170/4295 4547/4169/4294
f 4547/4169/4294 3471/4170/4295 2967/4157/4282 3468/4160/4285
f 3470/4168/4293 4547/4169/4294 3468/4160/4285 3115/4165/4290
f 2968/4171/4296 3472/4172/4297 4548/4173/4298 3474/4174/4299
f 3472/4172/4297 2753/4175/4286 3465/4176/4283 4548/4173/4298
f 4548/4173/4298 3465/4176/4283 2967/4177/4282 3473/4178/4300
f 3474/4174/4299 4548/4173/4298 3473/4178/4300 3116/4179/4301
f 2967/4177/4282 3471/4180/4295 4549/4181/4302 3473/4178/4300
f 3471/4180/4295 2644/2560/2665 3657/2563/2668 4549/4181/4302
f 4549/4181/4302 3657/2563/2668 2766/2562/2667 3475/4182/4303
f 3473/4178/4300 4549/4181/4302 3475/4182/4303 3116/4179/4301
f 2766/2562/2667 3666/2581/2686 4550/4183/4304 3475/4182/4303
f 3666/2581/2686 2645/2580/2685 3476/4184/4305 4550/4183/4304
f 4550/4183/4304 3476/4184/4305 2968/4171/4296 3474/4174/4299
f 3475/4182/4303 4550/4183/4304 3474/4174/4299 3116/4179/4301
f 2969/4185/4306 3477/4186/4307 4551/4187/4308 3479/4188/4309
f 3477/4186/4307 2753/4189/4286 3472/4190/4297 4551/4187/4308
f 4551/4187/4308 3472/4190/4297 2968/4191/4296 3478/4192/4310
f 3479/4188/4309 4551/4187/4308 3478/4192/4310 3117/4193/4311
f 2968/4191/4296 3476/4194/4305 4552/4195/4312 3478/4192/4310
f 3476/4194/4305 2645/2580/2685 3667/2583/2688 4552/4195/4312
f 4552/4195/4312 3667/2583/2688 2767/2582/2687 3480/4196/4313
f 3478/4192/4310 4552/4195/4312 3480/4196/4313 3117/4193/4311
f 2767/2582/2687 3676/2601/2706 4553/4197/4314 3480/4196/4313
f 3676/2601/2706 2646/2600/2705 3481/4198/4315 4553/4197/4314
f 4553/4197/4314 3481/4198/4315 2969/4185/4306 3479/4188/4309
f 3480/4196/4313 4553/4197/4314 3479/4188/4309 3117/4193/4311
f 2970/4199/4316 3482/4200/4317 4554/4201/4318 3484/4202/4319
f 3482/4200/4317 2753/4203/4286 3477/4204/4307 4554/4201/4318
f 4554/4201/4318 3477/4204/4307 2969/4205/4306 3483/4206/4320
f 3484/4202/4319 4554/4201/4318 3483/4206/4320 3118/4207/4321
f 2969/4205/4306 3481/4208/4315 4555/4209/4322 3483/4206/4320
f 3481/4208/4315 2646/2600/2705 3677/2603/2708 4555/4209/4322
f 4555/4209/4322 3677/2603/2708 2768/2602/2707 3485/4210/4323
f 3483/4206/4320 4555/4209/4322 3485/4210/4323 3118/4207/4321
f 2768/2602/2707 3686/2621/2726 4556/4211/4324 3485/4210/4323
f 3686/2621/2726 2647/2620/2725 3486/4212/4325 4556/4211/4324
f 4556/4211/4324 3486/4212/4325 2970/4199/4316 3484/4202/4319
f 3485/4210/4323 4556/4211/4324 3484/4202/4319 3118/4207/4321
f 2971/4213/4326 3487/4214/4327 4557/4215/4328 3489/4216/4329
f 3487/4214/4327 2753/4217/4286 3482/4218/4317 4557/4215/4328
f 4557/4215/4328 3482/4218/4317 2970/4219/4316 3488/4220/4330
f 3489/4216/4329 4557/4215/4328 3488/4220/4330 3119/4221/4331
f 2970/4219/4316 3486/4222/4325 4558/4223/4332 3488/4220/4330
f 3486/4222/4325 2647/2620/2725 3687/2623/2728 4558/4223/4332
f 4558/4223/4332 3687/2623/2728 2769/2622/2727 3490/4224/4333
f 3488/4220/4330 4558/4223/4332 3490/4224/4333 3119/4221/4331
f 2769/2622/2727 3696/2641/2746 4559/4225/4334 3490/4224/4333
f 3696/2641/2746 2648/2640/2745 3491/4226/4335 4559/4225/4334
f 4559/4225/4334 3491/4226/4335 2971/4213/4326 3489/4216/4329
f 3490/4224/4333 4559/4225/4334 3489/4216/4329 3119/4221/4331
f 2972/4227/4336 3492/4228/4337 4560/4229/4338 3494/4230/4339
f 3492/4228/4337 2753/4231/4286 3487/4232/4327 4560/4229/4338
f 4560/4229/4338 3487/4232/4327 2971/4233/4326 3493/4234/4340
f 3494/4230/4339 4560/4229/4338 3493/4234/4340 3120/4235/4341
f 2971/4233/4326 3491/4236/4335 4561/4237/4342 3493/4234/4340
f 3491/4236/4335 2648/2640/2745 3697/2643/2748 4561/4237/4342
f 4561/4237/4342 3697/2643/2748 2770/2642/2747 3495/4238/4343
f 3493/4234/4340 4561/4237/4342 3495/4238/4343 3120/4235/4341
f 2770/2642/2747 3706/2661/2766 4562/4239/4344 3495/4238/4343
f 3706/2661/2766 2649/2660/2765 3496/4240/4345 4562/4239/4344
f 4562/4239/4344 3496/4240/4345 2972/4227/4336 3494/4230/4339
f 3495/4238/4343 4562/4239/4344 3494/4230/4339 3120/4235/4341
f 2973/4241/4346 3497/4242/4347 4563/4243/4348 3499/4244/4349
f 3497/4242/4347 2753/4245/4286 3492/4246/4337 4563/4243/4348
f 4563/4243/4348 3492/4246/4337 2972/4247/4336 3498/4248/4350
f 3499/4244/4349 4563/4243/4348 3498/4248/4350 3121/4249/4351
f 2972/4247/4336 3496/4250/4345 4564/4251/4352 3498/4248/4350
f 3496/4250/4345 2649/2660/2765 3707/2663/2768 4564/4251/4352
f 4564/4251/4352 3707/2663/2768 2771/2662/2767 3500/4252/4353
f 3498/4248/4350 4564/4251/4352 3500/4252/4353 3121/4249/4351
f 2771/2662/2767 3716/2681/2786 4565/4253/4354 3500/4252/4353
f 3716/2681/2786 2650/2680/2785 3501/4254/4355 4565/4253/4354
f 4565/4253/4354 3501/4254/4355 2973/4241/4346 3499/4244/4349
f 3500/4252/4353 4565/4253/4354 3499/4244/4349 3121/4249/4351
f 2974/4255/4356 3502/4256/4357 4566/4257/4358 3504/4258/4359
f 3502/4256/4357 2753/4259/4286 3497/4260/4347 4566/4257/4358
f 4566/4257/4358 3497/4260/4347 2973/4261/4346 3503/4262/4360
f 3504/4258/4359 4566/4257/4358 3503/4262/4360 3122/4263/4361
f 2973/4261/4346 3501/4264/4355 4567/4265/4362 3503/4262/4360
f 3501/4264/4355 2650/2680/2785 3717/2683/2788 4567/4265/4362
f 4567/4265/4362 3717/2683/2788 2772/2682/2787 3505/4266/4363
f 3503/4262/4360 4567/4265/4362 3505/4266/4363 3122/4263/4361
f 2772/2682/2787 3726/2701/2806 4568/4267/4364 3505/4266/4363
f 3726/2701/2806 2651/2700/2805 3506/4268/4365 4568/4267/4364
f 4568/4267/4364 3506/4268/4365 2974/4255/4356 3504/4258/4359
f 3505/4266/4363 4568/4267/4364 3504/4258/4359 3122/4263/4361
f 2975/4269/4366 3507/4270/4367 4569/4271/4368 3509/4272/4369
f 3507/4270/4367 2753/4273/4286 3502/4274/4357 4569/4271/4368
f 4569/4271/4368 3502/4274/4357 2974/4275/4356 3508/4276/4370
f 3509/4272/4369 4569/4271/4368 3508/4276/4370 3123/4277/4371
f 2974/4275/4356 3506/4278/4365 4570/4279/4372 3508/4276/4370
f 3506/4278/4365 2651/2700/2805 3727/2703/2808 4570/4279/4372
f 4570/4279/4372 3727/2703/2808 2773/2702/2807 3510/4280/4373
f 3508/4276/4370 4570/4279/4372 3510/4280/4373 3123/4277/4371
f 2773/2702/2807 3736/2721/2826 4571/4281/4374 3510/4280/4373
f 3736/2721/2826 2652/2720/2825 3511/4282/4375 4571/4281/4374
f 4571/4281/4374 3511/4282/4375 2975/4269/4366 3509/4272/4369
f 3510/4280/4373 4571/4281/4374 3509/4272/4369 3123/4277/4371
f 2966/4283/4288 3466/4284/4287 4572/4285/4376 3513/4286/4377
f 3466/4284/4287 2753/4287/4286 3507/4288/4367 4572/4285/4376
f 4572/4285/4376 3507/4288/4367 2975/4289/4366 3512/4290/4378
f 3513/4286/4377 4572/4285/4376 3512/4290/4378 3124/4291/4379
f 2975/4289/4366 3511/4292/4375 4573/4293/4380 3512/4290/4378
f 3511/4292/4375 2652/2720/2825 3737/2723/2828 4573/4293/4380
f 4573/4293/4380 3737/2723/2828 2774/2722/2827 3514/4294/4381
f 3512/4290/4378 4573/4293/4380 3514/4294/4381 3124/4291/4379
f 2774/2722/2827 3744/2735/2841 4574/4295/4382 3514/4294/4381
f 3744/2735/2841 2643/2541/2646 3469/4296/4291 4574/4295/4382
f 4574/4295/4382 3469/4296/4291 2966/4283/4288 3513/4286/4377
f 3514/4294/4381 4574/4295/4382 3513/4286/4377 3124/4291/4379
f 2977/4297/4383 3515/4298/4384 4575/4299/4385 3518/4300/4386
f 3515/4298/4384 2744/4301/4387 3516/4302/4388 4575/4299/4385
f 4575/4299/4385 3516/4302/4388 2866/4303/4389 3517/4304/4390
f 3518/4300/4386 4575/4299/4385 3517/4304/4390 3125/4305/4391
f 2866/4303/4389 3519/4306/4392 4576/4307/4393 3517/4304/4390
f 3519/4306/4392 2743/4308/4394 3520/4309/4395 4576/4307/4393
f 4576/4307/4393 3520/4309/4395 2976/4310/4396 3521/4311/4397
f 3517/4304/4390 4576/4307/4393 3521/4311/4397 3125/4305/4391
f 2976/4310/4396 3522/4312/4398 4577/4313/4399 3521/4311/4397
f 3522/4312/4398 2754/4314/4400 3523/4315/4401 4577/4313/4399
f 4577/4313/4399 3523/4315/4401 2977/4297/4383 3518/4300/4386
f 3521/4311/4397 4577/4313/4399 3518/4300/4386 3125/4305/4391
f 2978/4316/4402 3524/4317/4403 4578/4318/4404 3527/4319/4405
f 3524/4317/4403 2745/4320/4406 3525/4321/4407 4578/4318/4404
f 4578/4318/4404 3525/4321/4407 2867/4322/4408 3526/4323/4409
f 3527/4319/4405 4578/4318/4404 3526/4323/4409 3126/4324/4410
f 2867/4322/4408 3528/4325/4411 4579/4326/4412 3526/4323/4409
f 3528/4325/4411 2744/4301/4387 3515/4327/4384 4579/4326/4412
f 4579/4326/4412 3515/4327/4384 2977/4328/4383 3529/4329/4413
f 3526/4323/4409 4579/4326/4412 3529/4329/4413 3126/4324/4410
f 2977/4328/4383 3523/4330/4401 4580/4331/4414 3529/4329/4413
f 3523/4330/4401 2754/4332/4400 3530/4333/4415 4580/4331/4414
f 4580/4331/4414 3530/4333/4415 2978/4316/4402 3527/4319/4405
f 3529/4329/4413 4580/4331/4414 3527/4319/4405 3126/4324/4410
f 2979/4334/4416 3531/4335/4417 4581/4336/4418 3534/4337/4419
f 3531/4335/4417 2746/4338/4420 3532/4339/4421 4581/4336/4418
f 4581/4336/4418 3532/4339/4421 2868/4340/4422 3533/4341/4423
f 3534/4337/4419 4581/4336/4418 3533/4341/4423 3127/4342/4424
f 2868/4340/4422 3535/4343/4425 4582/4344/4426 3533/4341/4423
f 3535/4343/4425 2745/4320/4406 3524/4345/4403 4582/4344/4426
f 4582/4344/4426 3524/4345/4403 2978/4346/4402 3536/4347/4427
f 3533/4341/4423 4582/4344/4426 3536/4347/4427 3127/4342/4424
f 2978/4346/4402 3530/4348/4415 4583/4349/4428 3536/4347/4427
f 3530/4348/4415 2754/4350/4400 3537/4351/4429 4583/4349/4428
f 4583/4349/4428 3537/4351/4429 2979/4334/4416 3534/4337/4419
f 3536/4347/4427 4583/4349/4428 3534/4337/4419 3127/4342/4424
f 2980/4352/4430 3538/4353/4431 4584/4354/4432 3541/4355/4433
f 3538/4353/4431 2747/4356/4434 3539/4357/4435 4584/4354/4432
f 4584/4354/4432 3539/4357/4435 2869/4358/4436 3540/4359/4437
f 3541/4355/4433 4584/4354/4432 3540/4359/4437 3128/4360/4438
f 2869/4358/4436 3542/4361/4439 4585/4362/4440 3540/4359/4437
f 3542/4361/4439 2746/4338/4420 3531/4363/4417 4585/4362/4440
f 4585/4362/4440 3531/4363/4417 2979/4364/4416 3543/4365/4441
f 3540/4359/4437 4585/4362/4440 3543/4365/4441 3128/4360/4438
f 2979/4364/4416 3537/4366/4429 4586/4367/4442 3543/4365/4441
f 3537/4366/4429 2754/4368/4400 3544/4369/4443 4586/4367/4442
f 4586/4367/4442 3544/4369/4443 2980/4352/4430 3541/4355/4433
f 3543/4365/4441 4586/4367/4442 3541/4355/4433 3128/4360/4438
f 2981/4370/4444 3545/4371/4445 4587/4372/4446 3548/4373/4447
f 3545/4371/4445 2748/4374/4448 3546/4375/4449 4587/4372/4446
f 4587/4372/4446 3546/4375/4449 2870/4376/4450 3547/4377/4451
f 3548/4373/4447 4587/4372/4446 3547/4377/4451 3129/4378/4452
f 2870/4376/4450 3549/4379/4453 4588/4380/4454 3547/4377/4451
f 3549/4379/4453 2747/4356/4434 3538/4381/4431 4588/4380/4454
f 4588/4380/4454 3538/4381/4431 2980/4382/4430 3550/4383/4455
f 3547/4377/4451 4588/4380/4454 3550/4383/4455 3129/4378/4452
f 2980/4382/4430 3544/4384/4443 4589/4385/4456 3550/4383/4455
f 3544/4384/4443 2754/4386/4400 3551/4387/4457 4589/4385/4456
f 4589/4385/4456 3551/4387/4457 2981/4370/4444 3548/4373/4447
f 3550/4383/4455 4589/4385/4456 3548/4373/4447 3129/4378/4452
f 2982/4388/4458 3552/4389/4459 4590/4390/4460 3555/4391/4461
f 3552/4389/4459 2749/4392/4462 3553/4393/4463 4590/4390/4460
f 4590/4390/4460 3553/4393/4463 2871/4394/4464 3554/4395/4465
f 3555/4391/4461 4590/4390/4460 3554/4395/4465 3130/4396/4466
f 2871/4394/4464 3556/4397/4467 4591/4398/4468 3554/4395/4465
f 3556/4397/4467 2748/4374/4448 3545/4399/4445 4591/4398/4468
f 4591/4398/4468 3545/4399/4445 2981/4400/4444 3557/4401/4469
f 3554/4395/4465 4591/4398/4468 3557/4401/4469 3130/4396/4466
f 2981/4400/4444 3551/4402/4457 4592/4403/4470 3557/4401/4469
f 3551/4402/4457 2754/4404/4400 3558/4405/4471 4592/4403/4470
f 4592/4403/4470 3558/4405/4471 2982/4388/4458 3555/4391/4461
f 3557/4401/4469 4592/4403/4470 3555/4391/4461 3130/4396/4466
f 2983/4406/4472 3559/4407/4473 4593/4408/4474 3562/4409/4475
f 3559/4407/4473 2750/4410/4476 3560/4411/4477 4593/4408/4474
f 4593/4408/4474 3560/4411/4477 2872/4412/4478 3561/4413/4479
f 3562/4409/4475 4593/4408/4474 3561/4413/4479 3131/4414/4480
f 2872/4412/4478 3563/4415/4481 4594/4416/4482 3561/4413/4479
f 3563/4415/4481 2749/4392/4462 3552/4417/4459 4594/4416/4482
f 4594/4416/4482 3552/4417/4459 2982/4418/4458 3564/4419/4483
f 3561/4413/4479 4594/4416/4482 3564/4419/4483 3131/4414/4480
f 2982/4418/4458 3558/4420/4471 4595/4421/4484 3564/4419/4483
f 3558/4420/4471 2754/4422/4400 3565/4423/4485 4595/4421/4484
f 4595/4421/4484 3565/4423/4485 2983/4406/4472 3562/4409/4475
f 3564/4419/4483 4595/4421/4484 3562/4409/4475 3131/4414/4480
f 2984/4424/4486 3566/4425/4487 4596/4426/4488 3569/4427/4489
f 3566/4425/4487 2751/4428/4490 3567/4429/4491 4596/4426/4488
f 4596/4426/4488 3567/4429/4491 2873/4430/4492 3568/4431/4493
f 3569/4427/4489 4596/4426/4488 3568/4431/4493 3132/4432/4494
f 2873/4430/4492 3570/4433/4495 4597/4434/4496 3568/4431/4493
f 3570/4433/4495 2750/4410/4476 3559/4435/4473 4597/4434/4496
f 4597/4434/4496 3559/4435/4473 2983/4436/4472 3571/4437/4497
f 3568/4431/4493 4597/4434/4496 3571/4437/4497 3132/4432/4494
f 2983/4436/4472 3565/4438/4485 4598/4439/4498 3571/4437/4497
f 3565/4438/4485 2754/4440/4400 3572/4441/4499 4598/4439/4498
f 4598/4439/4498 3572/4441/4499 2984/4424/4486 3569/4427/4489
f 3571/4437/4497 4598/4439/4498 3569/4427/4489 3132/4432/4494
f 2985/4442/4500 3573/4443/4501 4599/4444/4502 3576/4445/4503
f 3573/4443/4501 2752/4446/4504 3574/4447/4505 4599/4444/4502
f 4599/4444/4502 3574/4447/4505 2874/4448/4506 3575/4449/4507
f 3576/4445/4503 4599/4444/4502 3575/4449/4507 3133/4450/4508
f 2874/4448/4506 3577/4451/4509 4600/4452/4510 3575/4449/4507
f 3577/4451/4509 2751/4428/4490 3566/4453/4487 4600/4452/4510
f 4600/4452/4510 3566/4453/4487 2984/4454/4486 3578/4455/4511
f 3575/4449/4507 4600/4452/4510 3578/4455/4511 3133/4450/4508
f 2984/4454/4486 3572/4456/4499 4601/4457/4512 3578/4455/4511
f 3572/4456/4499 2754/4458/4400 3579/4459/4513 4601/4457/4512
f 4601/4457/4512 3579/4459/4513 2985/4442/4500 3576/4445/4503
f 3578/4455/4511 4601/4457/4512 3576/4445/4503 3133/4450/4508
f 2976/4460/4396 3520/4461/4395 4602/4462/4514 3582/4463/4515
f 3520/4461/4395 2743/4308/4394 3580/4464/4516 4602/4462/4514
f 4602/4462/4514 3580/4464/4516 2865/4465/4517 3581/4466/4518
f 3582/4463/4515 4602/4462/4514 3581/4466/4518 3134/4467/4519
f 2865/4465/4517 3583/4468/4520 4603/4469/4521 3581/4466/4518
f 3583/4468/4520 2752/4446/4504 3573/4470/4501 4603/4469/4521
f 4603/4469/4521 3573/4470/4501 2985/4471/4500 3584/4472/4522
f 3581/4466/4518 4603/4469/4521 3584/4472/4522 3134/4467/4519
f 2985/4471/4500 3579/4473/4513 4604/4474/4523 3584/4472/4522
f 3579/4473/4513 2754/4475/4400 3522/4476/4398 4604/4474/4523
f 4604/4474/4523 3522/4476/4398 2976/4460/4396 3582/4463/4515
f 3584/4472/4522 4604/4474/4523 3582/4463/4515 3134/4467/4519
f 2867/4322/4408 3525/4321/4407 4605/4477/4524 3587/4478/4525
f 3525/4321/4407 2745/4320/4406 3585/4479/4526 4605/4477/4524
f 4605/4477/4524 3585/4479/4526 2995/4480/4527 3586/4481/4528
f 3587/4478/4525 4605/4477/4524 3586/4481/4528 3135/4482/4529
f 2995/4480/4527 3588/4483/4530 4606/4484/4531 3586/4481/4528
f 3588/4483/4530 2755/4023/4146 3395/4020/4143 4606/4484/4531
f 4606/4484/4531 3395/4020/4143 2997/4019/4142 3589/4485/4532
f 3586/4481/4528 4606/4484/4531 3589/4485/4532 3135/4482/4529
f 2997/4019/4142 3402/4034/4157 4607/4486/4533 3589/4485/4532
f 3402/4034/4157 2756/4003/4126 3590/4487/4534 4607/4486/4533
f 4607/4486/4533 3590/4487/4534 2996/4488/4535 3591/4489/4536
f 3589/4485/4532 4607/4486/4533 3591/4489/4536 3135/4482/4529
f 2996/4488/4535 3592/4490/4537 4608/4491/4538 3591/4489/4536
f 3592/4490/4537 2744/4301/4387 3528/4325/4411 4608/4491/4538
f 4608/4491/4538 3528/4325/4411 2867/4322/4408 3587/4478/4525
f 3591/4489/4536 4608/4491/4538 3587/4478/4525 3135/4482/4529
f 2866/4303/4389 3516/4302/4388 4609/4492/4539 3594/4493/4540
f 3516/4302/4388 2744/4301/4387 3592/4490/4537 4609/4492/4539
f 4609/4492/4539 3592/4490/4537 2996/4488/4535 3593/4494/4541
f 3594/4493/4540 4609/4492/4539 3593/4494/4541 3136/4495/4542
f 2996/4488/4535 3590/4487/4534 4610/4496/4543 3593/4494/4541
f 3590/4487/4534 2756/4003/4126 3385/4000/4123 4610/4496/4543
f 4610/4496/4543 3385/4000/4123 2999/3999/4122 3595/4497/4544
f 3593/4494/4541 4610/4496/4543 3595/4497/4544 3136/4495/4542
f 2999/3999/4122 3394/4018/4141 4611/4498/4545 3595/4497/4544
f 3394/4018/4141 2757/4017/4140 3596/4499/4546 4611/4498/4545
f 4611/4498/4545 3596/4499/4546 2998/4500/4547 3597/4501/4548
f 3595/4497/4544 4611/4498/4545 3597/4501/4548 3136/4495/4542
f 2998/4500/4547 3598/4502/4549 4612/4503/4550 3597/4501/4548
f 3598/4502/4549 2743/4308/4394 3519/4306/4392 4612/4503/4550
f 4612/4503/4550 3519/4306/4392 2866/4303/4389 3594/4493/4540
f 3597/4501/4548 4612/4503/4550 3594/4493/4540 3136/4495/4542
f 2865/4465/4517 3580/4464/4516 4613/4504/4551 3600/4505/4552
f 3580/4464/4516 2743/4308/4394 3598/4502/4549 4613/4504/4551
f 4613/4504/4551 3598/4502/4549 2998/4500/4547 3599/4506/4553
f 3600/4505/4552 4613/4504/4551 3599/4506/4553 3137/4507/4554
f 2998/4500/4547 3596/4499/4546 4614/4508/4555 3599/4506/4553
f 3596/4499/4546 2757/4017/4140 3459/4147/4271 4614/4508/4555
f 4614/4508/4555 3459/4147/4271 3001/4067/4270 3601/4509/4556
f 3599/4506/4553 4614/4508/4555 3601/4509/4556 3137/4507/4554
f 3001/4067/4270 3464/4156/4281 4615/4510/4557 3601/4509/4556
f 3464/4156/4281 2758/4145/4268 3602/4511/4558 4615/4510/4557
f 4615/4510/4557 3602/4511/4558 3000/4512/4559 3603/4513/4560
f 3601/4509/4556 4615/4510/4557 3603/4513/4560 3137/4507/4554
f 3000/4512/4559 3604/4514/4561 4616/4515/4562 3603/4513/4560
f 3604/4514/4561 2752/4446/4504 3583/4468/4520 4616/4515/4562
f 4616/4515/4562 3583/4468/4520 2865/4465/4517 3600/4505/4552
f 3603/4513/4560 4616/4515/4562 3600/4505/4552 3137/4507/4554
f 3000/4512/4559 3602/4511/4558 4617/4516/4563 3606/4517/4564
f 3602/4511/4558 2758/4145/4268 3457/4143/4266 4617/4516/4563
f 4617/4516/4563 3457/4143/4266 3003/4141/4264 3605/4518/4565
f 3606/4517/4564 4617/4516/4563 3605/4518/4565 3138/4519/4566
f 3003/4141/4264 3455/4140/4263 4618/4520/4567 3605/4518/4565
f 3455/4140/4263 2759/4119/4242 3607/4521/4568 4618/4520/4567
f 4618/4520/4567 3607/4521/4568 3002/4522/4569 3608/4523/4570
f 3605/4518/4565 4618/4520/4567 3608/4523/4570 3138/4519/4566
f 3002/4522/4569 3609/4524/4571 4619/4525/4572 3608/4523/4570
f 3609/4524/4571 2751/4428/4490 3577/4451/4509 4619/4525/4572
f 4619/4525/4572 3577/4451/4509 2874/4448/4506 3610/4526/4573
f 3608/4523/4570 4619/4525/4572 3610/4526/4573 3138/4519/4566
f 2874/4448/4506 3574/4447/4505 4620/4527/4574 3610/4526/4573
f 3574/4447/4505 2752/4446/4504 3604/4514/4561 4620/4527/4574
f 4620/4527/4574 3604/4514/4561 3000/4512/4559 3606/4517/4564
f 3610/4526/4573 4620/4527/4574 3606/4517/4564 3138/4519/4566
f 2873/4430/4492 3567/4429/4491 4621/4528/4575 3612/4529/4576
f 3567/4429/4491 2751/4428/4490 3609/4524/4571 4621/4528/4575
f 4621/4528/4575 3609/4524/4571 3002/4522/4569 3611/4530/4577
f 3612/4529/4576 4621/4528/4575 3611/4530/4577 3139/4531/4578
f 3002/4522/4569 3607/4521/4568 4622/4532/4579 3611/4530/4577
f 3607/4521/4568 2759/4119/4242 3443/4116/4239 4622/4532/4579
f 4622/4532/4579 3443/4116/4239 3005/4115/4238 3613/4533/4580
f 3611/4530/4577 4622/4532/4579 3613/4533/4580 3139/4531/4578
f 3005/4115/4238 3450/4130/4253 4623/4534/4581 3613/4533/4580
f 3450/4130/4253 2760/4103/4226 3614/4535/4582 4623/4534/4581
f 4623/4534/4581 3614/4535/4582 3004/4536/4583 3615/4537/4584
f 3613/4533/4580 4623/4534/4581 3615/4537/4584 3139/4531/4578
f 3004/4536/4583 3616/4538/4585 4624/4539/4586 3615/4537/4584
f 3616/4538/4585 2750/4410/4476 3570/4433/4495 4624/4539/4586
f 4624/4539/4586 3570/4433/4495 2873/4430/4492 3612/4529/4576
f 3615/4537/4584 4624/4539/4586 3612/4529/4576 3139/4531/4578
f 2872/4412/4478 3560/4411/4477 4625/4540/4587 3618/4541/4588
f 3560/4411/4477 2750/4410/4476 3616/4538/4585 4625/4540/4587
f 4625/4540/4587 3616/4538/4585 3004/4536/4583 3617/4542/4589
f 3618/4541/4588 4625/4540/4587 3617/4542/4589 3140/4543/4590
f 3004/4536/4583 3614/4535/4582 4626/4544/4591 3617/4542/4589
f 3614/4535/4582 2760/4103/4226 3435/4100/4223 4626/4544/4591
f 4626/4544/4591 3435/4100/4223 3007/4099/4222 3619/4545/4592
f 3617/4542/4589 4626/4544/4591 3619/4545/4592 3140/4543/4590
f 3007/4099/4222 3442/4114/4237 4627/4546/4593 3619/4545/4592
f 3442/4114/4237 2761/4087/4210 3620/4547/4594 4627/4546/4593
f 4627/4546/4593 3620/4547/4594 3006/4548/4595 3621/4549/4596
f 3619/4545/4592 4627/4546/4593 3621/4549/4596 3140/4543/4590
f 3006/4548/4595 3622/4550/4597 4628/4551/4598 3621/4549/4596
f 3622/4550/4597 2749/4392/4462 3563/4415/4481 4628/4551/4598
f 4628/4551/4598 3563/4415/4481 2872/4412/4478 3618/4541/4588
f 3621/4549/4596 4628/4551/4598 3618/4541/4588 3140/4543/4590
f 2871/4394/4464 3553/4393/4463 4629/4552/4599 3624/4553/4600
f 3553/4393/4463 2749/4392/4462 3622/4550/4597 4629/4552/4599
f 4629/4552/4599 3622/4550/4597 3006/4548/4595 3623/4554/4601
f 3624/4553/4600 4629/4552/4599 3623/4554/4601 3141/4555/4602
f 3006/4548/4595 3620/4547/4594 4630/4556/4603 3623/4554/4601
f 3620/4547/4594 2761/4087/4210 3427/4084/4207 4630/4556/4603
f 4630/4556/4603 3427/4084/4207 3009/4083/4206 3625/4557/4604
f 3623/4554/4601 4630/4556/4603 3625/4557/4604 3141/4555/4602
f 3009/4083/4206 3434/4098/4221 4631/4558/4605 3625/4557/4604
f 3434/4098/4221 2762/4071/4194 3626/4559/4606 4631/4558/4605
f 4631/4558/4605 3626/4559/4606 3008/4560/4607 3627/4561/4608
f 3625/4557/4604 4631/4558/4605 3627/4561/4608 3141/4555/4602
f 3008/4560/4607 3628/4562/4609 4632/4563/4610 3627/4561/4608
f 3628/4562/4609 2748/4374/4448 3556/4397/4467 4632/4563/4610
f 4632/4563/4610 3556/4397/4467 2871/4394/4464 3624/4553/4600
f 3627/4561/4608 4632/4563/4610 3624/4553/4600 3141/4555/4602
f 2870/4376/4450 3546/4375/4449 4633/4564/4611 3630/4565/4612
f 3546/4375/4449 2748/4374/4448 3628/4562/4609 4633/4564/4611
f 4633/4564/4611 3628/4562/4609 3008/4560/4607 3629/4566/4613
f 3630/4565/4612 4633/4564/4611 3629/4566/4613 3142/4567/4614
f 3008/4560/4607 3626/4559/4606 4634/4568/4615 3629/4566/4613
f 3626/4559/4606 2762/4071/4194 3419/4068/4191 4634/4568/4615
f 4634/4568/4615 3419/4068/4191 3011/4067/4190 3631/4569/4616
f 3629/4566/4613 4634/4568/4615 3631/4569/4616 3142/4567/4614
f 3011/4067/4190 3426/4082/4205 4635/4570/4617 3631/4569/4616
f 3426/4082/4205 2763/4055/4178 3632/4571/4618 4635/4570/4617
f 4635/4570/4617 3632/4571/4618 3010/4572/4619 3633/4573/4620
f 3631/4569/4616 4635/4570/4617 3633/4573/4620 3142/4567/4614
f 3010/4572/4619 3634/4574/4621 4636/4575/4622 3633/4573/4620
f 3634/4574/4621 2747/4356/4434 3549/4379/4453 4636/4575/4622
f 4636/4575/4622 3549/4379/4453 2870/4376/4450 3630/4565/4612
f 3633/4573/4620 4636/4575/4622 3630/4565/4612 3142/4567/4614
f 2869/4358/4436 3539/4357/4435 4637/4576/4623 3636/4577/4624
f 3539/4357/4435 2747/4356/4434 3634/4574/4621 4637/4576/4623
f 4637/4576/4623 3634/4574/4621 3010/4572/4619 3635/4578/4625
f 3636/4577/4624 4637/4576/4623 3635/4578/4625 3143/4579/4626
f 3010/4572/4619 3632/4571/4618 4638/4580/4627 3635/4578/4625
f 3632/4571/4618 2763/4055/4178 3411/4052/4175 4638/4580/4627
f 4638/4580/4627 3411/4052/4175 3013/4051/4174 3637/4581/4628
f 3635/4578/4625 4638/4580/4627 3637/4581/4628 3143/4579/4626
f 3013/4051/4174 3418/4066/4189 4639/4582/4629 3637/4581/4628
f 3418/4066/4189 2764/4049/4172 3638/4583/4630 4639/4582/4629
f 4639/4582/4629 3638/4583/4630 3012/4584/4631 3639/4585/4632
f 3637/4581/4628 4639/4582/4629 3639/4585/4632 3143/4579/4626
f 3012/4584/4631 3640/4586/4633 4640/4587/4634 3639/4585/4632
f 3640/4586/4633 2746/4338/4420 3542/4361/4439 4640/4587/4634
f 4640/4587/4634 3542/4361/4439 2869/4358/4436 3636/4577/4624
f 3639/4585/4632 4640/4587/4634 3636/4577/4624 3143/4579/4626
f 2868/4340/4422 3532/4339/4421 4641/4588/4635 3642/4589/4636
f 3532/4339/4421 2746/4338/4420 3640/4586/4633 4641/4588/4635
f 4641/4588/4635 3640/4586/4633 3012/4584/4631 3641/4590/4637
f 3642/4589/4636 4641/4588/4635 3641/4590/4637 3144/4591/4638
f 3012/4584/4631 3638/4583/4630 4642/4592/4639 3641/4590/4637
f 3638/4583/4630 2764/4049/4172 3409/4047/4170 4642/4592/4639
f 4642/4592/4639 3409/4047/4170 3014/4045/4168 3643/4593/4640
f 3641/4590/4637 4642/4592/4639 3643/4593/4640 3144/4591/4638
f 3014/4045/4168 3407/4044/4167 4643/4594/4641 3643/4593/4640
f 3407/4044/4167 2755/4023/4146 3588/4483/4530 4643/4594/4641
f 4643/4594/4641 3588/4483/4530 2995/4480/4527 3644/4595/4642
f 3643/4593/4640 4643/4594/4641 3644/4595/4642 3144/4591/4638
f 2995/4480/4527 3585/4479/4526 4644/4596/4643 3644/4595/4642
f 3585/4479/4526 2745/4320/4406 3535/4343/4425 4644/4596/4643
f 4644/4596/4643 3535/4343/4425 2868/4340/4422 3642/4589/4636
f 3644/4595/4642 4644/4596/4643 3642/4589/4636 3144/4591/4638
